Job: id=51494635 array_task=1 node=lrdn4454
Resources: cpus=6 memory=all-node
R script: /work/R/base_sequential_analysis.R
Started: 2026-08-01T16:55:01+02:00
Resource log: /leonardo_work/IscrC_SPECC/logs/resources_51494635_1.txt
[2026-08-01 16:55:04] > options(warn = 1) # stampa i warning quando accadono (non in blocco a fine run)
[2026-08-01 16:55:04] > 
[2026-08-01 16:55:04] > env_true <- function(name, default) {
[2026-08-01 16:55:04] +   tolower(Sys.getenv(name, default)) %in% c("1", "true", "yes", "y")
[2026-08-01 16:55:04] + }
[2026-08-01 16:55:04] > 
[2026-08-01 16:55:04] > # Global worker count for BIOMOD_Modeling and BIOMOD_Projection. By default it
[2026-08-01 16:55:04] > # follows the CPUs allocated by Slurm; BIOMOD_NCPU can override it for tests.
[2026-08-01 16:55:04] > n_cpu <- suppressWarnings(as.integer(Sys.getenv(
[2026-08-01 16:55:04] +   "BIOMOD_NCPU",
[2026-08-01 16:55:04] +   Sys.getenv("SLURM_CPUS_PER_TASK", "5")
[2026-08-01 16:55:04] + )))
[2026-08-01 16:55:04] > if (is.na(n_cpu) || n_cpu < 1L) {
[2026-08-01 16:55:04] +   stop("BIOMOD_NCPU must be a positive integer")
[2026-08-01 16:55:04] + }
[2026-08-01 16:55:04] > allocated_cpus <- suppressWarnings(as.integer(Sys.getenv("SLURM_CPUS_PER_TASK", "")))
[2026-08-01 16:55:04] > if (!is.na(allocated_cpus) && n_cpu > allocated_cpus) {
[2026-08-01 16:55:04] +   stop("BIOMOD_NCPU cannot exceed SLURM_CPUS_PER_TASK (", allocated_cpus, ")")
[2026-08-01 16:55:04] + }
[2026-08-01 16:55:04] > ensemble_n_cpu <- min(n_cpu, 2L)
[2026-08-01 16:55:04] > projection_keep_in_memory <- env_true("PROJ_KEEP_IN_MEMORY", "false")
[2026-08-01 16:55:04] > projection_do_stack <- env_true("PROJ_DO_STACK", "true")
[2026-08-01 16:55:04] > cat(
[2026-08-01 16:55:04] +   "DEBUG: BIOMOD workers =", n_cpu,
[2026-08-01 16:55:04] +   "| ensemble workers =", ensemble_n_cpu,
[2026-08-01 16:55:04] +   "| Slurm CPUs =", ifelse(is.na(allocated_cpus), "unknown", allocated_cpus), "\n",
[2026-08-01 16:55:04] +   "DEBUG: projection keep.in.memory =", projection_keep_in_memory,
[2026-08-01 16:55:04] +   "| do.stack =", projection_do_stack, "\n"
[2026-08-01 16:55:04] + )
[2026-08-01 16:55:04] DEBUG: BIOMOD workers = 6 | ensemble workers = 2 | Slurm CPUs = 6 
[2026-08-01 16:55:04]  DEBUG: projection keep.in.memory = FALSE | do.stack = FALSE 
[2026-08-01 16:55:04] > 
[2026-08-01 16:55:04] > library(biomod2)
[2026-08-01 16:55:09] biomod2 4.3-4-5 loaded.
[2026-08-01 16:55:09]  /!\ Welcome to augmented biomod2 with abundance modeling available! (*o*)
[2026-08-01 16:55:09]  Take a look at the HOME and NEWS section on the website to see all the features!
[2026-08-01 16:55:09] 
[2026-08-01 16:55:09] Loading required package: nnet
[2026-08-01 16:55:09] Loading required package: rpart
[2026-08-01 16:55:09] Loading required package: cito
[2026-08-01 16:55:09] Warning in library(package, lib.loc = lib.loc, character.only = TRUE, logical.return = TRUE,  :
[2026-08-01 16:55:09]   there is no package called ‘cito’
[2026-08-01 16:55:09] Loading required package: mda
[2026-08-01 16:55:09] Loading required package: class
[2026-08-01 16:55:09] Loaded mda 0.5-5
[2026-08-01 16:55:09] 
[2026-08-01 16:55:09] Loading required package: gam
[2026-08-01 16:55:09] Loading required package: splines
[2026-08-01 16:55:09] Loading required package: foreach
[2026-08-01 16:55:09] Loaded gam 1.22-7
[2026-08-01 16:55:09] 
[2026-08-01 16:55:09] Loading required package: mgcv
[2026-08-01 16:55:09] Loading required package: nlme
[2026-08-01 16:55:09] This is mgcv 1.9-4. For overview type '?mgcv'.
[2026-08-01 16:55:09] 
[2026-08-01 16:55:09] Attaching package: ‘mgcv’
[2026-08-01 16:55:09] 
[2026-08-01 16:55:09] The following objects are masked from ‘package:gam’:
[2026-08-01 16:55:09] 
[2026-08-01 16:55:09]     gam, gam.control, gam.fit, s
[2026-08-01 16:55:09] 
[2026-08-01 16:55:09] The following object is masked from ‘package:nnet’:
[2026-08-01 16:55:09] 
[2026-08-01 16:55:09]     multinom
[2026-08-01 16:55:09] 
[2026-08-01 16:55:09] Loading required package: gbm
[2026-08-01 16:55:09] Loaded gbm 2.2.3
[2026-08-01 16:55:09] This version of gbm is no longer under development. Consider transitioning to gbm3, https://github.com/gbm-developers/gbm3
[2026-08-01 16:55:09] Loading required package: earth
[2026-08-01 16:55:09] Loading required package: Formula
[2026-08-01 16:55:09] Loading required package: plotmo
[2026-08-01 16:55:09] Loading required package: plotrix
[2026-08-01 16:55:09] Loading required package: maxnet
[2026-08-01 16:55:09] Loading required package: randomForest
[2026-08-01 16:55:09] randomForest 4.7-1.2
[2026-08-01 16:55:09] Type rfNews() to see new features/changes/bug fixes.
[2026-08-01 16:55:09] Loading required package: xgboost
[2026-08-01 16:55:09] > library(terra)
[2026-08-01 16:55:09] terra 1.9.11
[2026-08-01 16:55:09] 
[2026-08-01 16:55:09] Attaching package: ‘terra’
[2026-08-01 16:55:09] 
[2026-08-01 16:55:09] The following object is masked from ‘package:plotrix’:
[2026-08-01 16:55:09] 
[2026-08-01 16:55:09]     rescale
[2026-08-01 16:55:09] 
[2026-08-01 16:55:09] > library(gbm)
[2026-08-01 16:55:09] > library(mda)
[2026-08-01 16:55:09] > library(randomForest)
[2026-08-01 16:55:09] > 
[2026-08-01 16:55:09] > # biomod2 registers its own doParallel backend from nb.cpu; an external cluster
[2026-08-01 16:55:09] > # is unnecessary and previously hung inside the Singularity container.
[2026-08-01 16:55:09] > 
[2026-08-01 16:55:09] > root <- normalizePath(".")
[2026-08-01 16:55:09] > in_dir <- file.path(root, "data/input")
[2026-08-01 16:55:09] > out_dir <- Sys.getenv("BIOMOD_OUTPUT_DIR", file.path(root, "data/output"))
[2026-08-01 16:55:09] > dir.create(out_dir, showWarnings = FALSE)
[2026-08-01 16:55:09] > 
[2026-08-01 16:55:09] > ####################################
[2026-08-01 16:55:09] > # loading species occurrences data
[2026-08-01 16:55:09] > ####################################
[2026-08-01 16:55:09] > spocc <- read.csv(file.path(in_dir, "full_1km_EUNIS.csv"), head = TRUE)
[2026-08-01 16:55:17] > spocc <- spocc[, -1] # drop id -> cols: sp_name, x, y, pseudo-absences
[2026-08-01 16:55:17] > spocc$sp_name <- sub(" ", ".", spocc$sp_name)
[2026-08-01 16:55:17] > sp.names <- levels(factor(spocc[, 1]))
[2026-08-01 16:55:18] > num_sp <- length(sp.names)
[2026-08-01 16:55:18] > cat("DEBUG: num_sp =", num_sp, "| total rows =", nrow(spocc), "\n")
[2026-08-01 16:55:18] DEBUG: num_sp = 167 | total rows = 2583359 
[2026-08-01 16:55:18] > 
[2026-08-01 16:55:18] > #####################################
[2026-08-01 16:55:18] > # CALIBRATION environmental data
[2026-08-01 16:55:18] > #####################################
[2026-08-01 16:55:18] > cat("DEBUG: loading calibration rasters...\n")
[2026-08-01 16:55:18] DEBUG: loading calibration rasters...
[2026-08-01 16:55:18] > clim_cal <- rast(dir(file.path(in_dir, "climate_vars/baseline"), full.names = T))
[2026-08-01 16:55:18] > tri_cal <- rast(dir(file.path(in_dir, "TRI_vars"), full.names = T))
[2026-08-01 16:55:18] > soil_cal <- rast(dir(file.path(in_dir, "soil_vars"), full.names = T))
[2026-08-01 16:55:18] > cur_cal <- c(clim_cal, tri_cal, soil_cal)
[2026-08-01 16:55:18] > names(cur_cal) <- c("PC1_clim", "PC2_clim", "tri", "PC1_soil", "PC2_soil")
[2026-08-01 16:55:18] > cat("DEBUG: raster dim =", dim(cur_cal)[1], "x", dim(cur_cal)[2], "| ncell =", ncell(cur_cal), "\n")
[2026-08-01 16:55:18] DEBUG: raster dim = 5873 x 10889 | ncell = 63951097 
[2026-08-01 16:55:18] > 
[2026-08-01 16:55:18] > #####################################
[2026-08-01 16:55:18] > # PROJECTION environmental data
[2026-08-01 16:55:18] > #####################################
[2026-08-01 16:55:18] > # Projection and calibration use the same baseline rasters. Reuse their handles
[2026-08-01 16:55:18] > # instead of loading a second copy into the R process.
[2026-08-01 16:55:18] > cur_proj <- cur_cal
[2026-08-01 16:55:18] > tri_proj <- tri_cal
[2026-08-01 16:55:18] > soil_proj <- soil_cal
[2026-08-01 16:55:18] > 
[2026-08-01 16:55:18] > #####################################
[2026-08-01 16:55:18] > # loading FUTURE list (leaf dirs containing tif)
[2026-08-01 16:55:18] > #####################################
[2026-08-01 16:55:18] > lf <- list.dirs(file.path(in_dir, "climate_vars/future"), full.names = T, recursive = T)[-1]
[2026-08-01 16:55:18] > lf <- lf[sapply(lf, function(d) length(list.files(d, pattern = "\\.tif$")) > 0)]
[2026-08-01 16:55:18] > cat("DEBUG: testing with", length(lf), "future scenarios\n")
[2026-08-01 16:55:18] DEBUG: testing with 8 future scenarios
[2026-08-01 16:55:18] > 
[2026-08-01 16:55:18] > # outputs (biomod2 writes species folders into the working dir)
[2026-08-01 16:55:18] > setwd(out_dir)
[2026-08-01 16:55:18] > 
[2026-08-01 16:55:18] > selModels <- c("GLM", "GBM", "ANN", "FDA", "MAXNET")
[2026-08-01 16:55:18] > 
[2026-08-01 16:55:18] > # One Slurm array task processes exactly one species.
[2026-08-01 16:55:18] > task_id <- suppressWarnings(as.integer(Sys.getenv("SLURM_ARRAY_TASK_ID", "1")))
[2026-08-01 16:55:18] > if (is.na(task_id) || task_id < 1L || task_id > num_sp) {
[2026-08-01 16:55:18] +   stop("SLURM_ARRAY_TASK_ID must be between 1 and ", num_sp)
[2026-08-01 16:55:18] + }
[2026-08-01 16:55:18] > species_name <- sp.names[[task_id]]
[2026-08-01 16:55:18] > spocc1 <- spocc[spocc[, 1] == species_name, , drop = FALSE]
[2026-08-01 16:55:18] > cat(
[2026-08-01 16:55:18] +   "DEBUG: array task", task_id,
[2026-08-01 16:55:18] +   "-> species =", species_name,
[2026-08-01 16:55:18] +   "| occurrences =", nrow(spocc1), "\n"
[2026-08-01 16:55:18] + )
[2026-08-01 16:55:18] DEBUG: array task 1 -> species = Achillea.atrata | occurrences = 1475 
[2026-08-01 16:55:18] > 
[2026-08-01 16:55:18] > # The full occurrence table is no longer needed by this isolated species task.
[2026-08-01 16:55:18] > rm(spocc)
[2026-08-01 16:55:18] > gc(verbose = FALSE)
[2026-08-01 16:55:19]           used  (Mb) gc trigger  (Mb) max used  (Mb)
[2026-08-01 16:55:19] Ncells 3150380 168.3    9576217 511.5  5743825 306.8
[2026-08-01 16:55:19] Vcells 6887112  52.6   40573017 309.6 50145794 382.6
[2026-08-01 16:55:19] > 
[2026-08-01 16:55:19] > # Per-species cleanup is safe when different array tasks process distinct species.
[2026-08-01 16:55:19] > species_dir <- file.path(out_dir, species_name)
[2026-08-01 16:55:19] > unlink(species_dir, recursive = TRUE)
[2026-08-01 16:55:19] > 
[2026-08-01 16:55:19] > ###########################################################################
[2026-08-01 16:55:19] > ######################     CALIBRATION ON EUROPE      #####################
[2026-08-01 16:55:19] > ###########################################################################
[2026-08-01 16:55:19] > 
[2026-08-01 16:55:19] > start.time <- Sys.time()
[2026-08-01 16:55:19] > myRespName <- species_name
[2026-08-01 16:55:19] > myRespXY <- spocc1[, 2:3] # coordinates of points
[2026-08-01 16:55:19] > myResp <- rep(1, nrow(spocc1)) # species occurences
[2026-08-01 16:55:19] > 
[2026-08-01 16:55:19] > cat("DEBUG: starting BIOMOD_FormatingData at", format(Sys.time(), "%H:%M:%S"), "\n")
[2026-08-01 16:55:19] DEBUG: starting BIOMOD_FormatingData at 16:55:19 
[2026-08-01 16:55:19] > flush.console()
[2026-08-01 16:55:19] > 
[2026-08-01 16:55:19] > # 1. Formatting Data (5 sets of pseudo-absences, 10000 absences each, random strategy)
[2026-08-01 16:55:19] > # resp è la distribuzione della specie
[2026-08-01 16:55:19] > # expl sono le variabili che vanno a spiegare la distribuzione della specie (spiegano la resp) (caldo, freddo, neve, etc)
[2026-08-01 16:55:19] > 
[2026-08-01 16:55:19] > myBiomodData <- BIOMOD_FormatingData(
[2026-08-01 16:55:19] +   resp.var = myResp, # response variable
[2026-08-01 16:55:19] +   expl.var = cur_cal, # explenatory variable
[2026-08-01 16:55:19] +   resp.xy = myRespXY, # longitude and latitude of species occurrences
[2026-08-01 16:55:19] +   resp.name = myRespName,
[2026-08-01 16:55:19] +   PA.nb.rep = 5, # value used by the original analysis
[2026-08-01 16:55:19] +   PA.nb.absences = 10000, # production value (was toy 10); grows modeling only, projection unchanged
[2026-08-01 16:55:19] +   PA.strategy = "random",
[2026-08-01 16:55:19] +   na.rm = TRUE,
[2026-08-01 16:55:19] +   filter.raster = F # se la response var deve essere filtrata (se troppi punti vanno nella stessa cella), se true si rischia di andare a sovrastimare (overfitting)
[2026-08-01 16:55:19] + )
[2026-08-01 16:55:19] 
[2026-08-01 16:55:19] -=-=-=-=-=-=-=-=-=-=-=-= Achillea.atrata Data Formating -=-=-=-=-=-=-=-=-=-=-=-=
[2026-08-01 16:55:19] 
[2026-08-01 16:55:19] 
[2026-08-01 16:55:19] Checking Pseudo-absence selection arguments...
[2026-08-01 16:55:19] 
[2026-08-01 16:55:19]    > random pseudo absences selection
[2026-08-01 18:11:47]    > Pseudo absences are selected in explanatory variables
[2026-08-01 18:11:47] 
[2026-08-01 18:11:59]  ! Some NAs have been automatically removed from your data
[2026-08-01 18:11:59] -=-=-=-=-=-=-=-=-=-=-=-=-=-=-=-=-=-= Done -=-=-=-=-=-=-=-=-=-=-=-=-=-=-=-=-=-=
[2026-08-01 18:11:59] > 
[2026-08-01 18:11:59] > cat("DEBUG: BIOMOD_FormatingData done at", format(Sys.time(), "%H:%M:%S"), "\n")
[2026-08-01 18:11:59] DEBUG: BIOMOD_FormatingData done at 18:11:59 
[2026-08-01 18:11:59] > end.time <- Sys.time()
[2026-08-01 18:11:59] > time.formating <- end.time - start.time
[2026-08-01 18:11:59] > 
[2026-08-01 18:11:59] > start.time <- Sys.time()
[2026-08-01 18:11:59] > # 2. Defining Models Options (bigboss preset)
[2026-08-01 18:11:59] > opt.b <- bm_ModelingOptions(
[2026-08-01 18:11:59] +   data.type = "binary",
[2026-08-01 18:11:59] +   models = selModels,
[2026-08-01 18:11:59] +   strategy = "bigboss", # statistic method, parametri definiti dal team di biomod2, strategia già definita, parametri ottimali, ps: non sono quelli di default, sono quelli ottimali
[2026-08-01 18:11:59] +   bm.format = myBiomodData
[2026-08-01 18:11:59] + )
[2026-08-01 18:11:59] 
[2026-08-01 18:11:59] -=-=-=-=-=-=-=-=-=-=-=-=-=-= Build Modeling Options -=-=-=-=-=-=-=-=-=-=-=-=-=-=
[2026-08-01 18:11:59] 
[2026-08-01 18:11:59] 	>  GLM options ( datatype: binary , package: stats , function: glm )...
[2026-08-01 18:11:59] 	>  GBM options ( datatype: binary , package: gbm , function: gbm )...
[2026-08-01 18:12:00] 	>  ANN options ( datatype: binary , package: nnet , function: nnet )...
[2026-08-01 18:12:00] 	>  FDA options ( datatype: binary , package: mda , function: fda )...
[2026-08-01 18:12:00] 	>  MAXNET options ( datatype: binary , package: maxnet , function: maxnet )...
[2026-08-01 18:12:00] 
[2026-08-01 18:12:00] -=-=-=-=-=-=-=-=-=-=-=-=-=-=-=-=-=-= Done -=-=-=-=-=-=-=-=-=-=-=-=-=-=-=-=-=-=
[2026-08-01 18:12:00] > 
[2026-08-01 18:12:00] > # 3. Computing the models
[2026-08-01 18:12:00] > myBiomodModelOut <- BIOMOD_Modeling(
[2026-08-01 18:12:00] +   myBiomodData,
[2026-08-01 18:12:00] +   models = selModels,
[2026-08-01 18:12:00] +   CV.strategy = "random",
[2026-08-01 18:12:00] +   CV.nb.rep = 5, # number of repetitions for cross validation, in order to validate the performance of the single model/algorithm
[2026-08-01 18:12:00] +   CV.perc = 0.7, # valuta sul 70% dei dati e anche per calibrarsi (training) e testa querllo che ha imparato sul 30% dei dati, e va a fare un cross validation per vedere quanto è stato performante il modello rispetto al testing
[2026-08-01 18:12:00] +   OPT.strategy = "bigboss",
[2026-08-01 18:12:00] +   metric.eval = c("TSS", "AUCroc", "KAPPA", "POD", "FAR"),
[2026-08-01 18:12:00] +   scale.models = FALSE, # default, chiede se tutte le proiezioni debbano essere scalate in binomiale (TODO check if we can delete this param, as it is default false)
[2026-08-01 18:12:00] +   CV.do.full.models = FALSE, # default a false, chiede se venga fatta calibrazione e valutazione anche sulle pseudo-assenze
[2026-08-01 18:12:00] +   nb.cpu = n_cpu,
[2026-08-01 18:12:00] +   do.progress = T
[2026-08-01 18:12:00] + )
[2026-08-01 18:12:00] 
[2026-08-01 18:12:00] -=-=-=-=-=-=-=-=-=-=-=-=-=-=-= Build Single Models -=-=-=-=-=-=-=-=-=-=-=-=-=-=-=
[2026-08-01 18:12:00] 
[2026-08-01 18:12:00] 
[2026-08-01 18:12:00] Checking Models arguments...
[2026-08-01 18:12:00] 
[2026-08-01 18:12:00] 	> Automatic weights creation to rise a 0.5 prevalence
[2026-08-01 18:12:00] Creating suitable Workdir...
[2026-08-01 18:12:02] 
[2026-08-01 18:12:02] 
[2026-08-01 18:12:02] Checking Cross-Validation arguments...
[2026-08-01 18:12:02] 
[2026-08-01 18:12:02]    > Random cross-validation selection
[2026-08-01 18:12:02] 
[2026-08-01 18:12:02] -=-=-=-=-=-=-=-=-=-=-=-=-=-= Build Modeling Options -=-=-=-=-=-=-=-=-=-=-=-=-=-=
[2026-08-01 18:12:02] 
[2026-08-01 18:12:02] 	>  GLM options ( datatype: binary , package: stats , function: glm )...
[2026-08-01 18:12:02] 	>  GBM options ( datatype: binary , package: gbm , function: gbm )...
[2026-08-01 18:12:02] 	>  ANN options ( datatype: binary , package: nnet , function: nnet )...
[2026-08-01 18:12:02] 	>  FDA options ( datatype: binary , package: mda , function: fda )...
[2026-08-01 18:12:02] 	>  MAXNET options ( datatype: binary , package: maxnet , function: maxnet )...
[2026-08-01 18:12:02] 
[2026-08-01 18:12:02] -=-=-=-=-=-=-=-=-=-=-=-=-=-=-=-=-=-= Done -=-=-=-=-=-=-=-=-=-=-=-=-=-=-=-=-=-=
[2026-08-01 18:12:02] 
[2026-08-01 18:12:02] 
[2026-08-01 18:12:02] 
[2026-08-01 18:12:02] -=-=-=-=-=-=-=-=-=-=-=-= Achillea.atrata Modeling Summary -=-=-=-=-=-=-=-=-=-=-=-=
[2026-08-01 18:12:02] 
[2026-08-01 18:12:02] > 5 environmental variables ( PC1_clim PC2_clim tri PC1_soil PC2_soil )
[2026-08-01 18:12:02] 
[2026-08-01 18:12:02] > Number of PA datasets : 5
[2026-08-01 18:12:02] 
[2026-08-01 18:12:02] > Number of calibration/validation splits : 5
[2026-08-01 18:12:02] 
[2026-08-01 18:12:02] > Algorithms selected : GLM GBM ANN FDA MAXNET
[2026-08-01 18:12:02]  25 models for each algorithm
[2026-08-01 18:12:02] 
[2026-08-01 18:12:02] Total number of model runs: 125 
[2026-08-01 18:12:02] 
[2026-08-01 18:12:02] -=-=-=-=-=-=-=-=-=-=-=-=-=-=-=-=-=-=-=-=-=-=-=-=-=-=-=-=-=-=-=-=-=-=-=-=-=-=-=-=
[2026-08-01 18:12:03] 
[2026-08-01 18:12:03] 
[2026-08-01 18:12:03] -=-=-=--=-=-=- Achillea.atrata_PA1_RUN1_GLM 
[2026-08-01 18:12:03] 
[2026-08-01 18:12:03] 
[2026-08-01 18:12:03] -=-=-=--=-=-=- Achillea.atrata_PA1_RUN1_GBM 
[2026-08-01 18:12:03] CV: 1 
[2026-08-01 18:12:03] Warning: glm.fit: fitted probabilities numerically 0 or 1 occurred
[2026-08-01 18:12:03] 
[2026-08-01 18:12:03] 	Evaluating Model stuff...
[2026-08-01 18:12:03] 
[2026-08-01 18:12:03] -=-=-=--=-=-=- Achillea.atrata_PA1_RUN1_ANN 
[2026-08-01 18:12:03] 
[2026-08-01 18:12:03] 
[2026-08-01 18:12:03] -=-=-=--=-=-=- Achillea.atrata_PA1_RUN1_FDA 
[2026-08-01 18:12:03] 
[2026-08-01 18:12:03] 
[2026-08-01 18:12:03] -=-=-=--=-=-=- Achillea.atrata_PA1_RUN1_MAXNET 
[2026-08-01 18:12:03] 
[2026-08-01 18:12:03] 
[2026-08-01 18:12:03] -=-=-=--=-=-=- Achillea.atrata_PA1_RUN2_GLM 
[2026-08-01 18:12:03] Warning: glm.fit: fitted probabilities numerically 0 or 1 occurred
[2026-08-01 18:12:03] 
[2026-08-01 18:12:03] 	Model scaling...
[2026-08-01 18:12:03] 	Evaluating Model stuff...
[2026-08-01 18:12:03] 	Evaluating Model stuff...
[2026-08-01 18:12:03] 	Model scaling...
[2026-08-01 18:12:04] 	Evaluating Model stuff...
[2026-08-01 18:12:04] 
[2026-08-01 18:12:04] -=-=-=--=-=-=- Achillea.atrata_PA1_RUN2_GBM 
[2026-08-01 18:12:04] CV: 1 
[2026-08-01 18:12:04] 
[2026-08-01 18:12:04] 
[2026-08-01 18:12:04] -=-=-=--=-=-=- Achillea.atrata_PA1_RUN3_GBM 
[2026-08-01 18:12:04] CV: 1 
[2026-08-01 18:12:04] 
[2026-08-01 18:12:04] 
[2026-08-01 18:12:04] -=-=-=--=-=-=- Achillea.atrata_PA1_RUN2_MAXNET 
[2026-08-01 18:12:04] 
[2026-08-01 18:12:04] 
[2026-08-01 18:12:04] -=-=-=--=-=-=- Achillea.atrata_PA1_RUN2_FDA 
[2026-08-01 18:12:04] 
[2026-08-01 18:12:04] 	Model scaling...
[2026-08-01 18:12:05] 	Evaluating Model stuff...
[2026-08-01 18:12:05] 
[2026-08-01 18:12:05] -=-=-=--=-=-=- Achillea.atrata_PA1_RUN3_MAXNET 
[2026-08-01 18:12:07] CV: 2 
[2026-08-01 18:12:08] CV: 2 
[2026-08-01 18:12:08] CV: 2 
[2026-08-01 18:12:12] CV: 3 
[2026-08-01 18:12:13] CV: 3 
[2026-08-01 18:12:13] CV: 3 
[2026-08-01 18:12:15] 
[2026-08-01 18:12:16] 	Evaluating Model stuff...
[2026-08-01 18:12:16] 	Evaluating Model stuff...
[2026-08-01 18:12:16] 
[2026-08-01 18:12:16] -=-=-=--=-=-=- Achillea.atrata_PA1_RUN3_GLM 
[2026-08-01 18:12:16] Warning: glm.fit: fitted probabilities numerically 0 or 1 occurred
[2026-08-01 18:12:16] 
[2026-08-01 18:12:17] 	Evaluating Model stuff...
[2026-08-01 18:12:17] 
[2026-08-01 18:12:17] -=-=-=--=-=-=- Achillea.atrata_PA1_RUN4_GLM 
[2026-08-01 18:12:17] Warning: glm.fit: fitted probabilities numerically 0 or 1 occurred
[2026-08-01 18:12:17] 
[2026-08-01 18:12:17] 	Evaluating Model stuff...
[2026-08-01 18:12:17] 
[2026-08-01 18:12:17] -=-=-=--=-=-=- Achillea.atrata_PA1_RUN4_GBM 
[2026-08-01 18:12:17] CV: 1 
[2026-08-01 18:12:17] 
[2026-08-01 18:12:18] 	Evaluating Model stuff...
[2026-08-01 18:12:18] 
[2026-08-01 18:12:18] -=-=-=--=-=-=- Achillea.atrata_PA1_RUN5_GBM 
[2026-08-01 18:12:18] CV: 1 
[2026-08-01 18:12:18] 
[2026-08-01 18:12:18] 
[2026-08-01 18:12:18] -=-=-=--=-=-=- Achillea.atrata_PA1_RUN5_GLM 
[2026-08-01 18:12:18] Warning: glm.fit: fitted probabilities numerically 0 or 1 occurred
[2026-08-01 18:12:18] 
[2026-08-01 18:12:19] 	Evaluating Model stuff...
[2026-08-01 18:12:19] 
[2026-08-01 18:12:19] -=-=-=--=-=-=- Achillea.atrata_PA2_RUN1_GBM 
[2026-08-01 18:12:19] CV: 1 
[2026-08-01 18:12:21] CV: 2 
[2026-08-01 18:12:22] CV: 2 
[2026-08-01 18:12:23] CV: 2 
[2026-08-01 18:12:23] 
[2026-08-01 18:12:24] 	Evaluating Model stuff...Warning in max(calcStat, na.rm = TRUE) :
[2026-08-01 18:12:24]   no non-missing arguments to max; returning -Inf
[2026-08-01 18:12:25] 
[2026-08-01 18:12:25] 
[2026-08-01 18:12:25] -=-=-=--=-=-=- Achillea.atrata_PA1_RUN2_ANN 
[2026-08-01 18:12:25] 
[2026-08-01 18:12:25] 	Evaluating Model stuff...
[2026-08-01 18:12:25] 	Evaluating Model stuff...
[2026-08-01 18:12:25] 	Model scaling...
[2026-08-01 18:12:26] 	Evaluating Model stuff...
[2026-08-01 18:12:26] 
[2026-08-01 18:12:26] -=-=-=--=-=-=- Achillea.atrata_PA1_RUN3_ANN 
[2026-08-01 18:12:26] 
[2026-08-01 18:12:26] 
[2026-08-01 18:12:26] -=-=-=--=-=-=- Achillea.atrata_PA1_RUN4_ANN 
[2026-08-01 18:12:26] CV: 3 
[2026-08-01 18:12:26] 
[2026-08-01 18:12:26] 	Model scaling...
[2026-08-01 18:12:26] 	Evaluating Model stuff...
[2026-08-01 18:12:26] 
[2026-08-01 18:12:26] -=-=-=--=-=-=- Achillea.atrata_PA1_RUN3_FDA 
[2026-08-01 18:12:26] 
[2026-08-01 18:12:26] 	Model scaling...
[2026-08-01 18:12:26] 	Evaluating Model stuff...
[2026-08-01 18:12:26] 	Model scaling...
[2026-08-01 18:12:27] 	Evaluating Model stuff...CV: 3 
[2026-08-01 18:12:27] 
[2026-08-01 18:12:27] 
[2026-08-01 18:12:27] -=-=-=--=-=-=- Achillea.atrata_PA1_RUN4_FDA 
[2026-08-01 18:12:27] 
[2026-08-01 18:12:27] 
[2026-08-01 18:12:27] -=-=-=--=-=-=- Achillea.atrata_PA1_RUN4_MAXNET 
[2026-08-01 18:12:27] 
[2026-08-01 18:12:27] 	Model scaling...
[2026-08-01 18:12:27] 	Evaluating Model stuff...
[2026-08-01 18:12:27] 
[2026-08-01 18:12:27] -=-=-=--=-=-=- Achillea.atrata_PA1_RUN5_FDA 
[2026-08-01 18:12:27] 
[2026-08-01 18:12:27] 	Model scaling...
[2026-08-01 18:12:28] 	Evaluating Model stuff...CV: 3 
[2026-08-01 18:12:28] 
[2026-08-01 18:12:28] 
[2026-08-01 18:12:28] -=-=-=--=-=-=- Achillea.atrata_PA1_RUN5_MAXNET 
[2026-08-01 18:12:28] 
[2026-08-01 18:12:28] 
[2026-08-01 18:12:28] -=-=-=--=-=-=- Achillea.atrata_PA2_RUN1_MAXNET 
[2026-08-01 18:12:38] 
[2026-08-01 18:12:38] 	Evaluating Model stuff...
[2026-08-01 18:12:38] 	Evaluating Model stuff...Warning in max(calcStat, na.rm = TRUE) :
[2026-08-01 18:12:38]   no non-missing arguments to max; returning -Inf
[2026-08-01 18:12:39] 
[2026-08-01 18:12:39] 
[2026-08-01 18:12:39] -=-=-=--=-=-=- Achillea.atrata_PA1_RUN5_ANN 
[2026-08-01 18:12:39] 
[2026-08-01 18:12:39] 	Evaluating Model stuff...
[2026-08-01 18:12:39] 	Model scaling...
[2026-08-01 18:12:39] 	Evaluating Model stuff...Warning in max(calcStat, na.rm = TRUE) :
[2026-08-01 18:12:39]   no non-missing arguments to max; returning -Inf
[2026-08-01 18:12:39] 
[2026-08-01 18:12:39] 
[2026-08-01 18:12:39] -=-=-=--=-=-=- Achillea.atrata_PA2_RUN1_ANN 
[2026-08-01 18:12:39] Warning in max(calcStat, na.rm = TRUE) :
[2026-08-01 18:12:39]   no non-missing arguments to max; returning -Inf
[2026-08-01 18:12:39] 
[2026-08-01 18:12:39] 
[2026-08-01 18:12:39] -=-=-=--=-=-=- Achillea.atrata_PA2_RUN1_GLM 
[2026-08-01 18:12:39] Warning: glm.fit: fitted probabilities numerically 0 or 1 occurred
[2026-08-01 18:12:39] 
[2026-08-01 18:12:40] 	Evaluating Model stuff...
[2026-08-01 18:12:40] 	Model scaling...
[2026-08-01 18:12:40] 	Evaluating Model stuff...
[2026-08-01 18:12:40] 	Evaluating Model stuff...
[2026-08-01 18:12:40] 
[2026-08-01 18:12:40] -=-=-=--=-=-=- Achillea.atrata_PA2_RUN1_FDA 
[2026-08-01 18:12:40] 
[2026-08-01 18:12:40] 	Model scaling...
[2026-08-01 18:12:40] 	Evaluating Model stuff...
[2026-08-01 18:12:40] 	Evaluating Model stuff...
[2026-08-01 18:12:40] 	Evaluating Model stuff...
[2026-08-01 18:12:40] 
[2026-08-01 18:12:40] -=-=-=--=-=-=- Achillea.atrata_PA2_RUN2_GBM 
[2026-08-01 18:12:40] CV: 1 
[2026-08-01 18:12:40] Warning in max(calcStat, na.rm = TRUE) :
[2026-08-01 18:12:40]   no non-missing arguments to max; returning -Inf
[2026-08-01 18:12:40] 
[2026-08-01 18:12:40] 
[2026-08-01 18:12:40] -=-=-=--=-=-=- Achillea.atrata_PA2_RUN2_FDA 
[2026-08-01 18:12:41] 
[2026-08-01 18:12:41] 	Model scaling...
[2026-08-01 18:12:41] 
[2026-08-01 18:12:41] -=-=-=--=-=-=- Achillea.atrata_PA2_RUN2_ANN 
[2026-08-01 18:12:41] 
[2026-08-01 18:12:41] 	Evaluating Model stuff...Warning in max(calcStat, na.rm = TRUE) :
[2026-08-01 18:12:41]   no non-missing arguments to max; returning -Inf
[2026-08-01 18:12:41] 
[2026-08-01 18:12:41] 
[2026-08-01 18:12:41] -=-=-=--=-=-=- Achillea.atrata_PA2_RUN2_GLM 
[2026-08-01 18:12:41] Warning: glm.fit: fitted probabilities numerically 0 or 1 occurred
[2026-08-01 18:12:41] 
[2026-08-01 18:12:41] 	Evaluating Model stuff...
[2026-08-01 18:12:41] 
[2026-08-01 18:12:41] -=-=-=--=-=-=- Achillea.atrata_PA2_RUN3_GLM 
[2026-08-01 18:12:41] 
[2026-08-01 18:12:41] 	Model scaling...Warning: glm.fit: fitted probabilities numerically 0 or 1 occurred
[2026-08-01 18:12:41] 
[2026-08-01 18:12:41] 	Evaluating Model stuff...
[2026-08-01 18:12:41] 	Evaluating Model stuff...
[2026-08-01 18:12:41] 
[2026-08-01 18:12:41] -=-=-=--=-=-=- Achillea.atrata_PA2_RUN2_MAXNET 
[2026-08-01 18:12:42] 
[2026-08-01 18:12:42] 
[2026-08-01 18:12:42] -=-=-=--=-=-=- Achillea.atrata_PA2_RUN3_MAXNET 
[2026-08-01 18:12:42] 
[2026-08-01 18:12:42] 
[2026-08-01 18:12:42] -=-=-=--=-=-=- Achillea.atrata_PA2_RUN3_GBM 
[2026-08-01 18:12:42] CV: 1 
[2026-08-01 18:12:42] 
[2026-08-01 18:12:42] 
[2026-08-01 18:12:42] -=-=-=--=-=-=- Achillea.atrata_PA2_RUN3_FDA 
[2026-08-01 18:12:42] 
[2026-08-01 18:12:42] 
[2026-08-01 18:12:42] -=-=-=--=-=-=- Achillea.atrata_PA2_RUN4_GBM 
[2026-08-01 18:12:42] CV: 1 
[2026-08-01 18:12:42] 
[2026-08-01 18:12:42] 	Model scaling...
[2026-08-01 18:12:43] 	Evaluating Model stuff...
[2026-08-01 18:12:43] 
[2026-08-01 18:12:43] -=-=-=--=-=-=- Achillea.atrata_PA2_RUN4_MAXNET 
[2026-08-01 18:12:45] CV: 2 
[2026-08-01 18:12:46] CV: 2 
[2026-08-01 18:12:46] CV: 2 
[2026-08-01 18:12:49] CV: 3 
[2026-08-01 18:12:51] CV: 3 
[2026-08-01 18:12:51] CV: 3 
[2026-08-01 18:12:52] 
[2026-08-01 18:12:53] 	Evaluating Model stuff...
[2026-08-01 18:12:53] 	Evaluating Model stuff...
[2026-08-01 18:12:53] 
[2026-08-01 18:12:53] -=-=-=--=-=-=- Achillea.atrata_PA2_RUN4_GLM 
[2026-08-01 18:12:53] Warning: glm.fit: fitted probabilities numerically 0 or 1 occurred
[2026-08-01 18:12:53] 
[2026-08-01 18:12:54] 	Evaluating Model stuff...
[2026-08-01 18:12:54] 
[2026-08-01 18:12:54] -=-=-=--=-=-=- Achillea.atrata_PA2_RUN5_GLM 
[2026-08-01 18:12:54] Warning: glm.fit: fitted probabilities numerically 0 or 1 occurred
[2026-08-01 18:12:54] 
[2026-08-01 18:12:54] 	Evaluating Model stuff...
[2026-08-01 18:12:54] 
[2026-08-01 18:12:54] -=-=-=--=-=-=- Achillea.atrata_PA2_RUN5_GBM 
[2026-08-01 18:12:54] CV: 1 
[2026-08-01 18:12:54] 
[2026-08-01 18:12:55] 	Evaluating Model stuff...
[2026-08-01 18:12:55] 
[2026-08-01 18:12:55] -=-=-=--=-=-=- Achillea.atrata_PA3_RUN1_GBM 
[2026-08-01 18:12:55] CV: 1 
[2026-08-01 18:12:55] 
[2026-08-01 18:12:55] 
[2026-08-01 18:12:55] -=-=-=--=-=-=- Achillea.atrata_PA3_RUN1_GLM 
[2026-08-01 18:12:55] Warning: glm.fit: fitted probabilities numerically 0 or 1 occurred
[2026-08-01 18:12:55] 
[2026-08-01 18:12:56] 	Evaluating Model stuff...
[2026-08-01 18:12:56] 
[2026-08-01 18:12:56] -=-=-=--=-=-=- Achillea.atrata_PA3_RUN2_GBM 
[2026-08-01 18:12:56] CV: 1 
[2026-08-01 18:12:59] CV: 2 
[2026-08-01 18:12:59] CV: 2 
[2026-08-01 18:13:00] CV: 2 
[2026-08-01 18:13:01] 
[2026-08-01 18:13:02] 	Evaluating Model stuff...Warning in max(calcStat, na.rm = TRUE) :
[2026-08-01 18:13:02]   no non-missing arguments to max; returning -Inf
[2026-08-01 18:13:02] 
[2026-08-01 18:13:02] 
[2026-08-01 18:13:02] -=-=-=--=-=-=- Achillea.atrata_PA2_RUN3_ANN 
[2026-08-01 18:13:02] 
[2026-08-01 18:13:02] 	Model scaling...
[2026-08-01 18:13:03] 	Evaluating Model stuff...
[2026-08-01 18:13:03] 	Evaluating Model stuff...
[2026-08-01 18:13:03] 	Evaluating Model stuff...CV: 3 
[2026-08-01 18:13:03] Warning in max(calcStat, na.rm = TRUE) :
[2026-08-01 18:13:03]   no non-missing arguments to max; returning -Inf
[2026-08-01 18:13:03] 
[2026-08-01 18:13:03] 
[2026-08-01 18:13:03] -=-=-=--=-=-=- Achillea.atrata_PA2_RUN4_FDA 
[2026-08-01 18:13:03] 
[2026-08-01 18:13:03] 	Model scaling...
[2026-08-01 18:13:03] 
[2026-08-01 18:13:03] -=-=-=--=-=-=- Achillea.atrata_PA2_RUN4_ANN 
[2026-08-01 18:13:03] 
[2026-08-01 18:13:03] 	Evaluating Model stuff...Warning in max(calcStat, na.rm = TRUE) :
[2026-08-01 18:13:03]   no non-missing arguments to max; returning -Inf
[2026-08-01 18:13:04] 
[2026-08-01 18:13:04] 
[2026-08-01 18:13:04] -=-=-=--=-=-=- Achillea.atrata_PA2_RUN5_ANN 
[2026-08-01 18:13:04] 
[2026-08-01 18:13:04] 	Model scaling...
[2026-08-01 18:13:04] 	Evaluating Model stuff...CV: 3 
[2026-08-01 18:13:04] 
[2026-08-01 18:13:04] 	Model scaling...
[2026-08-01 18:13:04] 	Evaluating Model stuff...
[2026-08-01 18:13:04] 
[2026-08-01 18:13:04] -=-=-=--=-=-=- Achillea.atrata_PA2_RUN5_MAXNET 
[2026-08-01 18:13:05] 
[2026-08-01 18:13:05] 
[2026-08-01 18:13:05] -=-=-=--=-=-=- Achillea.atrata_PA2_RUN5_FDA 
[2026-08-01 18:13:05] 
[2026-08-01 18:13:05] 	Model scaling...
[2026-08-01 18:13:05] 	Evaluating Model stuff...CV: 3 
[2026-08-01 18:13:05] 
[2026-08-01 18:13:05] 
[2026-08-01 18:13:05] -=-=-=--=-=-=- Achillea.atrata_PA3_RUN1_FDA 
[2026-08-01 18:13:05] 
[2026-08-01 18:13:05] 	Model scaling...
[2026-08-01 18:13:06] 	Evaluating Model stuff...
[2026-08-01 18:13:06] 
[2026-08-01 18:13:06] -=-=-=--=-=-=- Achillea.atrata_PA3_RUN1_MAXNET 
[2026-08-01 18:13:06] 
[2026-08-01 18:13:06] 
[2026-08-01 18:13:06] -=-=-=--=-=-=- Achillea.atrata_PA3_RUN2_MAXNET 
[2026-08-01 18:13:15] 
[2026-08-01 18:13:15] 	Evaluating Model stuff...
[2026-08-01 18:13:16] 	Evaluating Model stuff...Warning in max(calcStat, na.rm = TRUE) :
[2026-08-01 18:13:16]   no non-missing arguments to max; returning -Inf
[2026-08-01 18:13:16] 
[2026-08-01 18:13:16] 	Evaluating Model stuff...
[2026-08-01 18:13:16] 
[2026-08-01 18:13:16] -=-=-=--=-=-=- Achillea.atrata_PA3_RUN1_ANN 
[2026-08-01 18:13:16] 
[2026-08-01 18:13:16] 	Model scaling...
[2026-08-01 18:13:16] 	Evaluating Model stuff...
[2026-08-01 18:13:16] 
[2026-08-01 18:13:16] -=-=-=--=-=-=- Achillea.atrata_PA3_RUN2_ANN 
[2026-08-01 18:13:16] Warning in max(calcStat, na.rm = TRUE) :
[2026-08-01 18:13:16]   no non-missing arguments to max; returning -Inf
[2026-08-01 18:13:16] 
[2026-08-01 18:13:16] 
[2026-08-01 18:13:16] -=-=-=--=-=-=- Achillea.atrata_PA3_RUN2_GLM 
[2026-08-01 18:13:16] Warning: glm.fit: fitted probabilities numerically 0 or 1 occurred
[2026-08-01 18:13:16] 
[2026-08-01 18:13:16] 	Evaluating Model stuff...
[2026-08-01 18:13:17] 	Evaluating Model stuff...
[2026-08-01 18:13:17] 	Model scaling...
[2026-08-01 18:13:17] 	Evaluating Model stuff...
[2026-08-01 18:13:17] 
[2026-08-01 18:13:17] -=-=-=--=-=-=- Achillea.atrata_PA3_RUN2_FDA 
[2026-08-01 18:13:17] 
[2026-08-01 18:13:17] 	Model scaling...
[2026-08-01 18:13:17] 	Evaluating Model stuff...
[2026-08-01 18:13:17] 	Evaluating Model stuff...
[2026-08-01 18:13:17] 	Evaluating Model stuff...
[2026-08-01 18:13:17] 
[2026-08-01 18:13:17] -=-=-=--=-=-=- Achillea.atrata_PA3_RUN3_ANN 
[2026-08-01 18:13:17] 
[2026-08-01 18:13:17] 
[2026-08-01 18:13:17] -=-=-=--=-=-=- Achillea.atrata_PA3_RUN3_GBM 
[2026-08-01 18:13:17] CV: 1 
[2026-08-01 18:13:18] 
[2026-08-01 18:13:18] 
[2026-08-01 18:13:18] -=-=-=--=-=-=- Achillea.atrata_PA3_RUN3_FDA 
[2026-08-01 18:13:18] 
[2026-08-01 18:13:18] 	Model scaling...
[2026-08-01 18:13:18] 	Evaluating Model stuff...
[2026-08-01 18:13:18] 	Model scaling...
[2026-08-01 18:13:18] 	Evaluating Model stuff...Warning in max(calcStat, na.rm = TRUE) :
[2026-08-01 18:13:18]   no non-missing arguments to max; returning -Inf
[2026-08-01 18:13:18] 
[2026-08-01 18:13:18] 
[2026-08-01 18:13:18] -=-=-=--=-=-=- Achillea.atrata_PA3_RUN4_GLM 
[2026-08-01 18:13:18] 
[2026-08-01 18:13:18] 
[2026-08-01 18:13:18] -=-=-=--=-=-=- Achillea.atrata_PA3_RUN3_GLM 
[2026-08-01 18:13:18] Warning: glm.fit: fitted probabilities numerically 0 or 1 occurred
[2026-08-01 18:13:18] Warning: glm.fit: fitted probabilities numerically 0 or 1 occurred
[2026-08-01 18:13:18] 
[2026-08-01 18:13:18] 	Evaluating Model stuff...
[2026-08-01 18:13:18] 	Evaluating Model stuff...
[2026-08-01 18:13:18] 
[2026-08-01 18:13:18] -=-=-=--=-=-=- Achillea.atrata_PA3_RUN3_MAXNET 
[2026-08-01 18:13:19] 
[2026-08-01 18:13:19] 
[2026-08-01 18:13:19] -=-=-=--=-=-=- Achillea.atrata_PA3_RUN4_FDA 
[2026-08-01 18:13:19] 
[2026-08-01 18:13:19] 
[2026-08-01 18:13:19] -=-=-=--=-=-=- Achillea.atrata_PA3_RUN4_MAXNET 
[2026-08-01 18:13:19] 
[2026-08-01 18:13:19] 	Model scaling...
[2026-08-01 18:13:19] 	Evaluating Model stuff...
[2026-08-01 18:13:19] 
[2026-08-01 18:13:19] -=-=-=--=-=-=- Achillea.atrata_PA3_RUN5_GBM 
[2026-08-01 18:13:19] CV: 1 
[2026-08-01 18:13:19] 
[2026-08-01 18:13:19] 
[2026-08-01 18:13:19] -=-=-=--=-=-=- Achillea.atrata_PA3_RUN4_GBM 
[2026-08-01 18:13:19] CV: 1 
[2026-08-01 18:13:20] 
[2026-08-01 18:13:20] 
[2026-08-01 18:13:20] -=-=-=--=-=-=- Achillea.atrata_PA3_RUN5_MAXNET 
[2026-08-01 18:13:22] CV: 2 
[2026-08-01 18:13:23] CV: 2 
[2026-08-01 18:13:24] CV: 2 
[2026-08-01 18:13:26] CV: 3 
[2026-08-01 18:13:28] CV: 3 
[2026-08-01 18:13:28] CV: 3 
[2026-08-01 18:13:30] 
[2026-08-01 18:13:30] 	Evaluating Model stuff...
[2026-08-01 18:13:31] 	Evaluating Model stuff...
[2026-08-01 18:13:31] 
[2026-08-01 18:13:31] -=-=-=--=-=-=- Achillea.atrata_PA3_RUN5_GLM 
[2026-08-01 18:13:31] Warning: glm.fit: fitted probabilities numerically 0 or 1 occurred
[2026-08-01 18:13:31] 
[2026-08-01 18:13:31] 	Evaluating Model stuff...
[2026-08-01 18:13:31] 
[2026-08-01 18:13:31] -=-=-=--=-=-=- Achillea.atrata_PA4_RUN1_GLM 
[2026-08-01 18:13:31] Warning: glm.fit: fitted probabilities numerically 0 or 1 occurred
[2026-08-01 18:13:31] 
[2026-08-01 18:13:31] 	Evaluating Model stuff...
[2026-08-01 18:13:32] 	Evaluating Model stuff...
[2026-08-01 18:13:32] 
[2026-08-01 18:13:32] -=-=-=--=-=-=- Achillea.atrata_PA4_RUN1_GBM 
[2026-08-01 18:13:32] CV: 1 
[2026-08-01 18:13:32] 
[2026-08-01 18:13:32] 
[2026-08-01 18:13:32] -=-=-=--=-=-=- Achillea.atrata_PA4_RUN2_GBM 
[2026-08-01 18:13:32] CV: 1 
[2026-08-01 18:13:32] 
[2026-08-01 18:13:32] 
[2026-08-01 18:13:32] -=-=-=--=-=-=- Achillea.atrata_PA4_RUN2_GLM 
[2026-08-01 18:13:32] Warning: glm.fit: fitted probabilities numerically 0 or 1 occurred
[2026-08-01 18:13:32] 
[2026-08-01 18:13:33] 	Evaluating Model stuff...
[2026-08-01 18:13:33] 
[2026-08-01 18:13:33] -=-=-=--=-=-=- Achillea.atrata_PA4_RUN3_GBM 
[2026-08-01 18:13:33] CV: 1 
[2026-08-01 18:13:36] CV: 2 
[2026-08-01 18:13:36] CV: 2 
[2026-08-01 18:13:38] CV: 2 
[2026-08-01 18:13:38] 
[2026-08-01 18:13:39] 	Evaluating Model stuff...
[2026-08-01 18:13:39] 
[2026-08-01 18:13:39] -=-=-=--=-=-=- Achillea.atrata_PA3_RUN4_ANN 
[2026-08-01 18:13:39] 
[2026-08-01 18:13:39] 	Model scaling...
[2026-08-01 18:13:40] 	Evaluating Model stuff...
[2026-08-01 18:13:40] 	Evaluating Model stuff...
[2026-08-01 18:13:40] 	Evaluating Model stuff...
[2026-08-01 18:13:40] 
[2026-08-01 18:13:40] -=-=-=--=-=-=- Achillea.atrata_PA3_RUN5_FDA 
[2026-08-01 18:13:40] 
[2026-08-01 18:13:40] 	Model scaling...
[2026-08-01 18:13:40] 	Evaluating Model stuff...Warning in max(calcStat, na.rm = TRUE) :
[2026-08-01 18:13:40]   no non-missing arguments to max; returning -Inf
[2026-08-01 18:13:40] Warning in max(calcStat, na.rm = TRUE) :
[2026-08-01 18:13:40]   no non-missing arguments to max; returning -Inf
[2026-08-01 18:13:41] CV: 3 
[2026-08-01 18:13:41] 
[2026-08-01 18:13:41] 
[2026-08-01 18:13:41] -=-=-=--=-=-=- Achillea.atrata_PA4_RUN1_ANN 
[2026-08-01 18:13:41] 
[2026-08-01 18:13:41] 
[2026-08-01 18:13:41] -=-=-=--=-=-=- Achillea.atrata_PA3_RUN5_ANN 
[2026-08-01 18:13:41] CV: 3 
[2026-08-01 18:13:41] 
[2026-08-01 18:13:41] 	Model scaling...
[2026-08-01 18:13:41] 	Evaluating Model stuff...
[2026-08-01 18:13:41] 	Model scaling...
[2026-08-01 18:13:41] 	Evaluating Model stuff...
[2026-08-01 18:13:41] 
[2026-08-01 18:13:41] -=-=-=--=-=-=- Achillea.atrata_PA4_RUN1_MAXNET 
[2026-08-01 18:13:42] 
[2026-08-01 18:13:42] 
[2026-08-01 18:13:42] -=-=-=--=-=-=- Achillea.atrata_PA4_RUN2_FDA 
[2026-08-01 18:13:42] 
[2026-08-01 18:13:42] 	Model scaling...
[2026-08-01 18:13:42] 
[2026-08-01 18:13:42] -=-=-=--=-=-=- Achillea.atrata_PA4_RUN1_FDA 
[2026-08-01 18:13:42] 
[2026-08-01 18:13:42] 	Evaluating Model stuff...
[2026-08-01 18:13:42] 	Model scaling...CV: 3 
[2026-08-01 18:13:42] 
[2026-08-01 18:13:43] 	Evaluating Model stuff...
[2026-08-01 18:13:43] 
[2026-08-01 18:13:43] -=-=-=--=-=-=- Achillea.atrata_PA4_RUN3_MAXNET 
[2026-08-01 18:13:43] 
[2026-08-01 18:13:43] 
[2026-08-01 18:13:43] -=-=-=--=-=-=- Achillea.atrata_PA4_RUN2_MAXNET 
[2026-08-01 18:13:52] 
[2026-08-01 18:13:53] 	Evaluating Model stuff...
[2026-08-01 18:13:53] 	Evaluating Model stuff...
[2026-08-01 18:13:53] 	Evaluating Model stuff...Warning in max(calcStat, na.rm = TRUE) :
[2026-08-01 18:13:53]   no non-missing arguments to max; returning -Inf
[2026-08-01 18:13:53] 
[2026-08-01 18:13:53] 
[2026-08-01 18:13:53] -=-=-=--=-=-=- Achillea.atrata_PA4_RUN2_ANN 
[2026-08-01 18:13:53] 
[2026-08-01 18:13:53] 
[2026-08-01 18:13:53] -=-=-=--=-=-=- Achillea.atrata_PA4_RUN3_GLM 
[2026-08-01 18:13:53] Warning: glm.fit: fitted probabilities numerically 0 or 1 occurred
[2026-08-01 18:13:53] 
[2026-08-01 18:13:54] 	Evaluating Model stuff...Warning in max(calcStat, na.rm = TRUE) :
[2026-08-01 18:13:54]   no non-missing arguments to max; returning -Inf
[2026-08-01 18:13:54] 
[2026-08-01 18:13:54] 
[2026-08-01 18:13:54] -=-=-=--=-=-=- Achillea.atrata_PA4_RUN3_ANN 
[2026-08-01 18:13:54] 
[2026-08-01 18:13:54] 	Model scaling...
[2026-08-01 18:13:54] 	Evaluating Model stuff...
[2026-08-01 18:13:54] 	Evaluating Model stuff...
[2026-08-01 18:13:54] 	Model scaling...
[2026-08-01 18:13:55] 	Evaluating Model stuff...
[2026-08-01 18:13:55] 
[2026-08-01 18:13:55] -=-=-=--=-=-=- Achillea.atrata_PA4_RUN4_GBM 
[2026-08-01 18:13:55] CV: 1 
[2026-08-01 18:13:55] Warning in max(calcStat, na.rm = TRUE) :
[2026-08-01 18:13:55]   no non-missing arguments to max; returning -Inf
[2026-08-01 18:13:55] 
[2026-08-01 18:13:55] 
[2026-08-01 18:13:55] -=-=-=--=-=-=- Achillea.atrata_PA4_RUN3_FDA 
[2026-08-01 18:13:55] 
[2026-08-01 18:13:55] 	Model scaling...
[2026-08-01 18:13:55] 	Evaluating Model stuff...
[2026-08-01 18:13:55] 	Evaluating Model stuff...
[2026-08-01 18:13:55] 	Evaluating Model stuff...
[2026-08-01 18:13:55] 
[2026-08-01 18:13:55] -=-=-=--=-=-=- Achillea.atrata_PA4_RUN4_ANN 
[2026-08-01 18:13:55] 
[2026-08-01 18:13:55] 
[2026-08-01 18:13:55] -=-=-=--=-=-=- Achillea.atrata_PA4_RUN4_FDA 
[2026-08-01 18:13:55] 
[2026-08-01 18:13:55] 	Model scaling...
[2026-08-01 18:13:55] 	Evaluating Model stuff...
[2026-08-01 18:13:55] 	Model scaling...
[2026-08-01 18:13:55] 	Evaluating Model stuff...
[2026-08-01 18:13:55] 
[2026-08-01 18:13:55] -=-=-=--=-=-=- Achillea.atrata_PA4_RUN5_GLM 
[2026-08-01 18:13:55] Warning: glm.fit: fitted probabilities numerically 0 or 1 occurred
[2026-08-01 18:13:55] 
[2026-08-01 18:13:56] 	Evaluating Model stuff...
[2026-08-01 18:13:56] 
[2026-08-01 18:13:56] -=-=-=--=-=-=- Achillea.atrata_PA4_RUN4_GLM 
[2026-08-01 18:13:56] Warning: glm.fit: fitted probabilities numerically 0 or 1 occurred
[2026-08-01 18:13:56] 
[2026-08-01 18:13:56] 	Evaluating Model stuff...
[2026-08-01 18:13:56] 
[2026-08-01 18:13:56] -=-=-=--=-=-=- Achillea.atrata_PA4_RUN4_MAXNET 
[2026-08-01 18:13:56] 
[2026-08-01 18:13:56] 
[2026-08-01 18:13:56] -=-=-=--=-=-=- Achillea.atrata_PA4_RUN5_MAXNET 
[2026-08-01 18:13:56] 
[2026-08-01 18:13:56] 
[2026-08-01 18:13:56] -=-=-=--=-=-=- Achillea.atrata_PA4_RUN5_FDA 
[2026-08-01 18:13:56] 
[2026-08-01 18:13:56] 	Model scaling...
[2026-08-01 18:13:56] 	Evaluating Model stuff...
[2026-08-01 18:13:56] 
[2026-08-01 18:13:56] -=-=-=--=-=-=- Achillea.atrata_PA5_RUN1_GBM 
[2026-08-01 18:13:56] CV: 1 
[2026-08-01 18:13:57] 
[2026-08-01 18:13:57] 
[2026-08-01 18:13:57] -=-=-=--=-=-=- Achillea.atrata_PA4_RUN5_GBM 
[2026-08-01 18:13:57] CV: 1 
[2026-08-01 18:13:57] 
[2026-08-01 18:13:57] 
[2026-08-01 18:13:57] -=-=-=--=-=-=- Achillea.atrata_PA5_RUN1_MAXNET 
[2026-08-01 18:13:59] CV: 2 
[2026-08-01 18:14:01] CV: 2 
[2026-08-01 18:14:01] CV: 2 
[2026-08-01 18:14:03] CV: 3 
[2026-08-01 18:14:05] CV: 3 
[2026-08-01 18:14:06] CV: 3 
[2026-08-01 18:14:07] 
[2026-08-01 18:14:07] 	Evaluating Model stuff...
[2026-08-01 18:14:08] 	Evaluating Model stuff...Warning in max(calcStat, na.rm = TRUE) :
[2026-08-01 18:14:08]   no non-missing arguments to max; returning -Inf
[2026-08-01 18:14:08] 
[2026-08-01 18:14:08] 
[2026-08-01 18:14:08] -=-=-=--=-=-=- Achillea.atrata_PA5_RUN1_GLM 
[2026-08-01 18:14:08] Warning: glm.fit: fitted probabilities numerically 0 or 1 occurred
[2026-08-01 18:14:08] 
[2026-08-01 18:14:08] 	Evaluating Model stuff...
[2026-08-01 18:14:08] 
[2026-08-01 18:14:08] -=-=-=--=-=-=- Achillea.atrata_PA5_RUN2_GLM 
[2026-08-01 18:14:08] Warning: glm.fit: fitted probabilities numerically 0 or 1 occurred
[2026-08-01 18:14:08] 
[2026-08-01 18:14:08] 	Evaluating Model stuff...
[2026-08-01 18:14:09] 	Evaluating Model stuff...
[2026-08-01 18:14:09] 
[2026-08-01 18:14:09] -=-=-=--=-=-=- Achillea.atrata_PA5_RUN2_GBM 
[2026-08-01 18:14:09] CV: 1 
[2026-08-01 18:14:09] 
[2026-08-01 18:14:09] 
[2026-08-01 18:14:09] -=-=-=--=-=-=- Achillea.atrata_PA5_RUN3_GBM 
[2026-08-01 18:14:09] CV: 1 
[2026-08-01 18:14:09] 
[2026-08-01 18:14:09] 
[2026-08-01 18:14:09] -=-=-=--=-=-=- Achillea.atrata_PA5_RUN3_GLM 
[2026-08-01 18:14:09] Warning: glm.fit: fitted probabilities numerically 0 or 1 occurred
[2026-08-01 18:14:09] 
[2026-08-01 18:14:10] 	Evaluating Model stuff...
[2026-08-01 18:14:10] 
[2026-08-01 18:14:10] -=-=-=--=-=-=- Achillea.atrata_PA5_RUN4_GBM 
[2026-08-01 18:14:10] CV: 1 
[2026-08-01 18:14:13] CV: 2 
[2026-08-01 18:14:13] CV: 2 
[2026-08-01 18:14:14] CV: 2 
[2026-08-01 18:14:15] 
[2026-08-01 18:14:16] 	Evaluating Model stuff...
[2026-08-01 18:14:16] 
[2026-08-01 18:14:16] -=-=-=--=-=-=- Achillea.atrata_PA4_RUN5_ANN 
[2026-08-01 18:14:16] 
[2026-08-01 18:14:16] 	Model scaling...
[2026-08-01 18:14:17] 	Evaluating Model stuff...
[2026-08-01 18:14:17] 	Evaluating Model stuff...
[2026-08-01 18:14:17] 	Evaluating Model stuff...
[2026-08-01 18:14:17] 
[2026-08-01 18:14:17] -=-=-=--=-=-=- Achillea.atrata_PA5_RUN1_FDA 
[2026-08-01 18:14:17] 
[2026-08-01 18:14:18] 	Model scaling...
[2026-08-01 18:14:18] 	Evaluating Model stuff...CV: 3 
[2026-08-01 18:14:18] CV: 3 
[2026-08-01 18:14:18] 
[2026-08-01 18:14:18] 
[2026-08-01 18:14:18] -=-=-=--=-=-=- Achillea.atrata_PA5_RUN2_ANN 
[2026-08-01 18:14:18] Warning in max(calcStat, na.rm = TRUE) :
[2026-08-01 18:14:18]   no non-missing arguments to max; returning -Inf
[2026-08-01 18:14:18] 
[2026-08-01 18:14:19] 	Model scaling...
[2026-08-01 18:14:19] 	Evaluating Model stuff...
[2026-08-01 18:14:19] 
[2026-08-01 18:14:19] -=-=-=--=-=-=- Achillea.atrata_PA5_RUN2_MAXNET 
[2026-08-01 18:14:19] 
[2026-08-01 18:14:19] 
[2026-08-01 18:14:19] -=-=-=--=-=-=- Achillea.atrata_PA5_RUN1_ANN 
[2026-08-01 18:14:19] 
[2026-08-01 18:14:19] 	Model scaling...CV: 3 
[2026-08-01 18:14:19] 
[2026-08-01 18:14:19] 	Evaluating Model stuff...
[2026-08-01 18:14:19] 
[2026-08-01 18:14:19] -=-=-=--=-=-=- Achillea.atrata_PA5_RUN3_FDA 
[2026-08-01 18:14:20] 
[2026-08-01 18:14:20] 	Model scaling...
[2026-08-01 18:14:20] 	Evaluating Model stuff...
[2026-08-01 18:14:20] 
[2026-08-01 18:14:20] -=-=-=--=-=-=- Achillea.atrata_PA5_RUN2_FDA 
[2026-08-01 18:14:20] 
[2026-08-01 18:14:20] 	Model scaling...
[2026-08-01 18:14:20] 	Evaluating Model stuff...
[2026-08-01 18:14:20] 
[2026-08-01 18:14:20] -=-=-=--=-=-=- Achillea.atrata_PA5_RUN4_MAXNET 
[2026-08-01 18:14:21] 
[2026-08-01 18:14:21] 
[2026-08-01 18:14:21] -=-=-=--=-=-=- Achillea.atrata_PA5_RUN3_MAXNET 
[2026-08-01 18:14:29] 
[2026-08-01 18:14:30] 	Evaluating Model stuff...
[2026-08-01 18:14:30] 	Evaluating Model stuff...
[2026-08-01 18:14:30] 	Evaluating Model stuff...Warning in max(calcStat, na.rm = TRUE) :
[2026-08-01 18:14:30]   no non-missing arguments to max; returning -Inf
[2026-08-01 18:14:30] 
[2026-08-01 18:14:30] 
[2026-08-01 18:14:30] -=-=-=--=-=-=- Achillea.atrata_PA5_RUN3_ANN 
[2026-08-01 18:14:30] 
[2026-08-01 18:14:30] 
[2026-08-01 18:14:30] -=-=-=--=-=-=- Achillea.atrata_PA5_RUN4_GLM 
[2026-08-01 18:14:30] Warning: glm.fit: fitted probabilities numerically 0 or 1 occurred
[2026-08-01 18:14:30] 
[2026-08-01 18:14:30] 	Evaluating Model stuff...Warning in max(calcStat, na.rm = TRUE) :
[2026-08-01 18:14:30]   no non-missing arguments to max; returning -Inf
[2026-08-01 18:14:30] 
[2026-08-01 18:14:31] 	Model scaling...
[2026-08-01 18:14:31] 	Evaluating Model stuff...
[2026-08-01 18:14:31] 
[2026-08-01 18:14:31] -=-=-=--=-=-=- Achillea.atrata_PA5_RUN4_ANN 
[2026-08-01 18:14:31] 
[2026-08-01 18:14:31] 	Evaluating Model stuff...
[2026-08-01 18:14:31] 	Model scaling...
[2026-08-01 18:14:31] 	Evaluating Model stuff...
[2026-08-01 18:14:31] 
[2026-08-01 18:14:31] -=-=-=--=-=-=- Achillea.atrata_PA5_RUN5_GBM 
[2026-08-01 18:14:31] CV: 1 
[2026-08-01 18:14:31] 
[2026-08-01 18:14:31] 
[2026-08-01 18:14:31] -=-=-=--=-=-=- Achillea.atrata_PA5_RUN4_FDA 
[2026-08-01 18:14:31] Warning in max(calcStat, na.rm = TRUE) :
[2026-08-01 18:14:31]   no non-missing arguments to max; returning -Inf
[2026-08-01 18:14:31] 
[2026-08-01 18:14:32] 	Model scaling...
[2026-08-01 18:14:32] 	Evaluating Model stuff...
[2026-08-01 18:14:32] 
[2026-08-01 18:14:32] -=-=-=--=-=-=- Achillea.atrata_PA5_RUN5_ANN 
[2026-08-01 18:14:32] 
[2026-08-01 18:14:32] 	Evaluating Model stuff...
[2026-08-01 18:14:32] 
[2026-08-01 18:14:32] -=-=-=--=-=-=- Achillea.atrata_PA5_RUN5_FDA 
[2026-08-01 18:14:32] 
[2026-08-01 18:14:32] 	Model scaling...
[2026-08-01 18:14:32] 	Evaluating Model stuff...
[2026-08-01 18:14:32] 	Model scaling...
[2026-08-01 18:14:32] 	Evaluating Model stuff...
[2026-08-01 18:14:32] 	Evaluating Model stuff...
[2026-08-01 18:14:32] 
[2026-08-01 18:14:32] -=-=-=--=-=-=- Achillea.atrata_PA5_RUN5_MAXNET 
[2026-08-01 18:14:33] 
[2026-08-01 18:14:33] 
[2026-08-01 18:14:33] -=-=-=--=-=-=- Achillea.atrata_PA5_RUN5_GLM 
[2026-08-01 18:14:33] Warning: glm.fit: fitted probabilities numerically 0 or 1 occurred
[2026-08-01 18:14:33] 
[2026-08-01 18:14:36] 	Evaluating Model stuff...CV: 2 
[2026-08-01 18:14:40] CV: 3 
[2026-08-01 18:14:43] 
[2026-08-01 18:14:52] 	Evaluating Model stuff...
[2026-08-01 18:14:55] 	Evaluating Model stuff...
[2026-08-01 18:14:55] -=-=-=-=-=-=-=-=-=-=-=-=-=-=-=-=-=-= Done -=-=-=-=-=-=-=-=-=-=-=-=-=-=-=-=-=-=
[2026-08-01 18:14:55] > end.time <- Sys.time()
[2026-08-01 18:14:55] > time.modeling <- end.time - start.time
[2026-08-01 18:14:55] > 
[2026-08-01 18:14:55] > # Modeling leaves its global foreach backend registered. Select the intended
[2026-08-01 18:14:55] > # backend explicitly before building the two ensemble algorithms.
[2026-08-01 18:14:55] > doParallel::registerDoParallel(cores = ensemble_n_cpu)
[2026-08-01 18:14:55] > 
[2026-08-01 18:14:55] > start.time <- Sys.time()
[2026-08-01 18:14:55] > # 4. Model ensemble models
[2026-08-01 18:14:55] > myBiomodEM <- BIOMOD_EnsembleModeling(
[2026-08-01 18:14:55] +   bm.mod = myBiomodModelOut,
[2026-08-01 18:14:55] +   models.chosen = "all",
[2026-08-01 18:14:55] +   em.by = "all",
[2026-08-01 18:14:55] +   em.algo = c("EMmean", "EMcv"), # c(...) is for multiple options, chose these 2 algorithms because we do not need the median. it does the mean of all models and then does a standard deviation of them (covariance)
[2026-08-01 18:14:55] +   metric.select = "AUCroc", # standard, most used, various articles say it's the best
[2026-08-01 18:14:55] +   metric.select.thresh = 0.6, # threshold value for exclude the models that are not performing over a certain threshold, in this case 0.6
[2026-08-01 18:14:55] +   metric.eval = c("TSS", "AUCroc", "KAPPA"), # 3 most used
[2026-08-01 18:14:55] +   nb.cpu = ensemble_n_cpu
[2026-08-01 18:14:55] + )
[2026-08-01 18:14:55] 
[2026-08-01 18:14:55] -=-=-=-=-=-=-=-=-=-=-=-=-=-= Build Ensemble Models -=-=-=-=-=-=-=-=-=-=-=-=-=-=
[2026-08-01 18:14:55] 
[2026-08-01 18:14:55]    ! all models available will be included in ensemble.modeling
[2026-08-01 18:14:55]   ! Ensemble Models will be filtered and/or weighted using validation dataset (if possible). Please use `metric.select.dataset` for alternative options.
[2026-08-01 18:14:55]    > Evaluation & Weighting methods summary :
[2026-08-01 18:14:55]       AUCroc over 0.6
[2026-08-01 18:14:57] 
[2026-08-01 18:14:57] 
[2026-08-01 18:15:02]   > mergedData_mergedRun_mergedAlgo ensemble modeling
[2026-08-01 18:15:05]    ! Additional projection required for ensemble models merging several pseudo-absence dataset...
[2026-08-01 18:15:05] -=-=-=-=-=-=-=-=-=-=-=-=-= Do Single Models Projection -=-=-=-=-=-=-=-=-=-=-=-=-=
[2026-08-01 18:15:05] 
[2026-08-01 18:15:05] 	> Projecting Achillea.atrata_PA1_RUN1_GLM ...
[2026-08-01 18:15:05] 	> Projecting Achillea.atrata_PA1_RUN1_GBM ...
[2026-08-01 18:15:05] 	> Projecting Achillea.atrata_PA1_RUN1_ANN ...
[2026-08-01 18:15:06] 	> Projecting Achillea.atrata_PA1_RUN1_MAXNET ...
[2026-08-01 18:15:07] 	> Projecting Achillea.atrata_PA1_RUN2_GBM ...
[2026-08-01 18:15:07] 	> Projecting Achillea.atrata_PA1_RUN1_FDA ...
[2026-08-01 18:15:07] 	> Projecting Achillea.atrata_PA1_RUN2_GLM ...
[2026-08-01 18:15:07] 	> Projecting Achillea.atrata_PA1_RUN2_ANN ...
[2026-08-01 18:15:07] 	> Projecting Achillea.atrata_PA1_RUN2_MAXNET ...
[2026-08-01 18:15:07] 	> Projecting Achillea.atrata_PA1_RUN2_FDA ...
[2026-08-01 18:15:08] 	> Projecting Achillea.atrata_PA1_RUN3_GLM ...
[2026-08-01 18:15:08] 	> Projecting Achillea.atrata_PA1_RUN3_GBM ...
[2026-08-01 18:15:08] 	> Projecting Achillea.atrata_PA1_RUN3_ANN ...
[2026-08-01 18:15:08] 	> Projecting Achillea.atrata_PA1_RUN3_MAXNET ...
[2026-08-01 18:15:09] 	> Projecting Achillea.atrata_PA1_RUN4_GBM ...
[2026-08-01 18:15:09] 	> Projecting Achillea.atrata_PA1_RUN3_FDA ...
[2026-08-01 18:15:09] 	> Projecting Achillea.atrata_PA1_RUN4_GLM ...
[2026-08-01 18:15:10] 	> Projecting Achillea.atrata_PA1_RUN4_ANN ...
[2026-08-01 18:15:10] 	> Projecting Achillea.atrata_PA1_RUN4_FDA ...
[2026-08-01 18:15:10] 	> Projecting Achillea.atrata_PA1_RUN4_MAXNET ...
[2026-08-01 18:15:10] 	> Projecting Achillea.atrata_PA1_RUN5_GLM ...
[2026-08-01 18:15:10] 	> Projecting Achillea.atrata_PA1_RUN5_GBM ...
[2026-08-01 18:15:10] 	> Projecting Achillea.atrata_PA1_RUN5_ANN ...
[2026-08-01 18:15:11] 	> Projecting Achillea.atrata_PA1_RUN5_MAXNET ...
[2026-08-01 18:15:18] 	> Projecting Achillea.atrata_PA1_RUN5_FDA ...
[2026-08-01 18:15:18] -=-=-=-=-=-=-=-=-=-=-=-=-=-=-=-=-=-= Done -=-=-=-=-=-=-=-=-=-=-=-=-=-=-=-=-=-=
[2026-08-01 18:15:21] 
[2026-08-01 18:15:21] -=-=-=-=-=-=-=-=-=-=-=-=-= Do Single Models Projection -=-=-=-=-=-=-=-=-=-=-=-=-=
[2026-08-01 18:15:22] 
[2026-08-01 18:15:22] 	> Projecting Achillea.atrata_PA2_RUN1_GLM ...
[2026-08-01 18:15:22] 	> Projecting Achillea.atrata_PA2_RUN1_GBM ...
[2026-08-01 18:15:22] 	> Projecting Achillea.atrata_PA2_RUN1_ANN ...
[2026-08-01 18:15:22] 	> Projecting Achillea.atrata_PA2_RUN1_MAXNET ...
[2026-08-01 18:15:23] 	> Projecting Achillea.atrata_PA2_RUN2_GBM ...
[2026-08-01 18:15:24] 	> Projecting Achillea.atrata_PA2_RUN1_FDA ...
[2026-08-01 18:15:24] 	> Projecting Achillea.atrata_PA2_RUN2_GLM ...
[2026-08-01 18:15:24] 	> Projecting Achillea.atrata_PA2_RUN2_ANN ...
[2026-08-01 18:15:24] 	> Projecting Achillea.atrata_PA2_RUN2_FDA ...
[2026-08-01 18:15:24] 	> Projecting Achillea.atrata_PA2_RUN2_MAXNET ...
[2026-08-01 18:15:24] 	> Projecting Achillea.atrata_PA2_RUN3_GLM ...
[2026-08-01 18:15:24] 	> Projecting Achillea.atrata_PA2_RUN3_GBM ...
[2026-08-01 18:15:24] 	> Projecting Achillea.atrata_PA2_RUN3_ANN ...
[2026-08-01 18:15:24] 	> Projecting Achillea.atrata_PA2_RUN3_MAXNET ...
[2026-08-01 18:15:26] 	> Projecting Achillea.atrata_PA2_RUN4_GBM ...
[2026-08-01 18:15:26] 	> Projecting Achillea.atrata_PA2_RUN3_FDA ...
[2026-08-01 18:15:26] 	> Projecting Achillea.atrata_PA2_RUN4_GLM ...
[2026-08-01 18:15:26] 	> Projecting Achillea.atrata_PA2_RUN4_ANN ...
[2026-08-01 18:15:26] 	> Projecting Achillea.atrata_PA2_RUN4_FDA ...
[2026-08-01 18:15:26] 	> Projecting Achillea.atrata_PA2_RUN4_MAXNET ...
[2026-08-01 18:15:26] 	> Projecting Achillea.atrata_PA2_RUN5_GLM ...
[2026-08-01 18:15:26] 	> Projecting Achillea.atrata_PA2_RUN5_GBM ...
[2026-08-01 18:15:26] 	> Projecting Achillea.atrata_PA2_RUN5_ANN ...
[2026-08-01 18:15:28] 	> Projecting Achillea.atrata_PA2_RUN5_MAXNET ...
[2026-08-01 18:15:36] 	> Projecting Achillea.atrata_PA2_RUN5_FDA ...
[2026-08-01 18:15:36] -=-=-=-=-=-=-=-=-=-=-=-=-=-=-=-=-=-= Done -=-=-=-=-=-=-=-=-=-=-=-=-=-=-=-=-=-=
[2026-08-01 18:15:40] 
[2026-08-01 18:15:40] -=-=-=-=-=-=-=-=-=-=-=-=-= Do Single Models Projection -=-=-=-=-=-=-=-=-=-=-=-=-=
[2026-08-01 18:15:40] 
[2026-08-01 18:15:40] 	> Projecting Achillea.atrata_PA3_RUN1_GLM ...
[2026-08-01 18:15:41] 	> Projecting Achillea.atrata_PA3_RUN1_GBM ...
[2026-08-01 18:15:41] 	> Projecting Achillea.atrata_PA3_RUN1_ANN ...
[2026-08-01 18:15:41] 	> Projecting Achillea.atrata_PA3_RUN1_MAXNET ...
[2026-08-01 18:15:42] 	> Projecting Achillea.atrata_PA3_RUN2_GBM ...
[2026-08-01 18:15:42] 	> Projecting Achillea.atrata_PA3_RUN1_FDA ...
[2026-08-01 18:15:42] 	> Projecting Achillea.atrata_PA3_RUN2_GLM ...
[2026-08-01 18:15:42] 	> Projecting Achillea.atrata_PA3_RUN2_ANN ...
[2026-08-01 18:15:42] 	> Projecting Achillea.atrata_PA3_RUN2_MAXNET ...
[2026-08-01 18:15:43] 	> Projecting Achillea.atrata_PA3_RUN3_GBM ...
[2026-08-01 18:15:43] 	> Projecting Achillea.atrata_PA3_RUN2_FDA ...
[2026-08-01 18:15:43] 	> Projecting Achillea.atrata_PA3_RUN3_GLM ...
[2026-08-01 18:15:43] 	> Projecting Achillea.atrata_PA3_RUN3_ANN ...
[2026-08-01 18:15:43] 	> Projecting Achillea.atrata_PA3_RUN3_MAXNET ...
[2026-08-01 18:15:44] 	> Projecting Achillea.atrata_PA3_RUN4_GBM ...
[2026-08-01 18:15:44] 	> Projecting Achillea.atrata_PA3_RUN3_FDA ...
[2026-08-01 18:15:44] 	> Projecting Achillea.atrata_PA3_RUN4_GLM ...
[2026-08-01 18:15:44] 	> Projecting Achillea.atrata_PA3_RUN4_ANN ...
[2026-08-01 18:15:45] 	> Projecting Achillea.atrata_PA3_RUN4_MAXNET ...
[2026-08-01 18:15:45] 	> Projecting Achillea.atrata_PA3_RUN5_GBM ...
[2026-08-01 18:15:45] 	> Projecting Achillea.atrata_PA3_RUN4_FDA ...
[2026-08-01 18:15:45] 	> Projecting Achillea.atrata_PA3_RUN5_GLM ...
[2026-08-01 18:15:45] 	> Projecting Achillea.atrata_PA3_RUN5_ANN ...
[2026-08-01 18:15:46] 	> Projecting Achillea.atrata_PA3_RUN5_MAXNET ...
[2026-08-01 18:15:54] 	> Projecting Achillea.atrata_PA3_RUN5_FDA ...
[2026-08-01 18:15:54] -=-=-=-=-=-=-=-=-=-=-=-=-=-=-=-=-=-= Done -=-=-=-=-=-=-=-=-=-=-=-=-=-=-=-=-=-=
[2026-08-01 18:15:58] 
[2026-08-01 18:15:58] -=-=-=-=-=-=-=-=-=-=-=-=-= Do Single Models Projection -=-=-=-=-=-=-=-=-=-=-=-=-=
[2026-08-01 18:15:58] 
[2026-08-01 18:15:58] 	> Projecting Achillea.atrata_PA4_RUN1_GLM ...
[2026-08-01 18:15:58] 	> Projecting Achillea.atrata_PA4_RUN1_GBM ...
[2026-08-01 18:15:58] 	> Projecting Achillea.atrata_PA4_RUN1_ANN ...
[2026-08-01 18:15:58] 	> Projecting Achillea.atrata_PA4_RUN1_MAXNET ...
[2026-08-01 18:16:00] 	> Projecting Achillea.atrata_PA4_RUN2_GBM ...
[2026-08-01 18:16:00] 	> Projecting Achillea.atrata_PA4_RUN1_FDA ...
[2026-08-01 18:16:00] 	> Projecting Achillea.atrata_PA4_RUN2_GLM ...
[2026-08-01 18:16:00] 	> Projecting Achillea.atrata_PA4_RUN2_ANN ...
[2026-08-01 18:16:00] 	> Projecting Achillea.atrata_PA4_RUN2_FDA ...
[2026-08-01 18:16:00] 	> Projecting Achillea.atrata_PA4_RUN2_MAXNET ...
[2026-08-01 18:16:00] 	> Projecting Achillea.atrata_PA4_RUN3_GLM ...
[2026-08-01 18:16:01] 	> Projecting Achillea.atrata_PA4_RUN3_GBM ...
[2026-08-01 18:16:01] 	> Projecting Achillea.atrata_PA4_RUN3_ANN ...
[2026-08-01 18:16:01] 	> Projecting Achillea.atrata_PA4_RUN3_MAXNET ...
[2026-08-01 18:16:02] 	> Projecting Achillea.atrata_PA4_RUN4_GBM ...
[2026-08-01 18:16:02] 	> Projecting Achillea.atrata_PA4_RUN3_FDA ...
[2026-08-01 18:16:02] 	> Projecting Achillea.atrata_PA4_RUN4_GLM ...
[2026-08-01 18:16:03] 	> Projecting Achillea.atrata_PA4_RUN4_ANN ...
[2026-08-01 18:16:03] 	> Projecting Achillea.atrata_PA4_RUN4_FDA ...
[2026-08-01 18:16:03] 	> Projecting Achillea.atrata_PA4_RUN4_MAXNET ...
[2026-08-01 18:16:03] 	> Projecting Achillea.atrata_PA4_RUN5_GLM ...
[2026-08-01 18:16:03] 	> Projecting Achillea.atrata_PA4_RUN5_GBM ...
[2026-08-01 18:16:03] 	> Projecting Achillea.atrata_PA4_RUN5_ANN ...
[2026-08-01 18:16:04] 	> Projecting Achillea.atrata_PA4_RUN5_MAXNET ...
[2026-08-01 18:16:13] 	> Projecting Achillea.atrata_PA4_RUN5_FDA ...
[2026-08-01 18:16:13] -=-=-=-=-=-=-=-=-=-=-=-=-=-=-=-=-=-= Done -=-=-=-=-=-=-=-=-=-=-=-=-=-=-=-=-=-=
[2026-08-01 18:16:17] 
[2026-08-01 18:16:17] -=-=-=-=-=-=-=-=-=-=-=-=-= Do Single Models Projection -=-=-=-=-=-=-=-=-=-=-=-=-=
[2026-08-01 18:16:17] 
[2026-08-01 18:16:17] 	> Projecting Achillea.atrata_PA5_RUN1_GLM ...
[2026-08-01 18:16:17] 	> Projecting Achillea.atrata_PA5_RUN1_GBM ...
[2026-08-01 18:16:18] 	> Projecting Achillea.atrata_PA5_RUN1_ANN ...
[2026-08-01 18:16:18] 	> Projecting Achillea.atrata_PA5_RUN1_MAXNET ...
[2026-08-01 18:16:19] 	> Projecting Achillea.atrata_PA5_RUN2_GBM ...
[2026-08-01 18:16:19] 	> Projecting Achillea.atrata_PA5_RUN1_FDA ...
[2026-08-01 18:16:19] 	> Projecting Achillea.atrata_PA5_RUN2_GLM ...
[2026-08-01 18:16:20] 	> Projecting Achillea.atrata_PA5_RUN2_ANN ...
[2026-08-01 18:16:20] 	> Projecting Achillea.atrata_PA5_RUN2_FDA ...
[2026-08-01 18:16:20] 	> Projecting Achillea.atrata_PA5_RUN2_MAXNET ...
[2026-08-01 18:16:20] 	> Projecting Achillea.atrata_PA5_RUN3_GLM ...
[2026-08-01 18:16:20] 	> Projecting Achillea.atrata_PA5_RUN3_GBM ...
[2026-08-01 18:16:20] 	> Projecting Achillea.atrata_PA5_RUN3_ANN ...
[2026-08-01 18:16:20] 	> Projecting Achillea.atrata_PA5_RUN3_MAXNET ...
[2026-08-01 18:16:21] 	> Projecting Achillea.atrata_PA5_RUN4_GBM ...
[2026-08-01 18:16:22] 	> Projecting Achillea.atrata_PA5_RUN3_FDA ...
[2026-08-01 18:16:22] 	> Projecting Achillea.atrata_PA5_RUN4_GLM ...
[2026-08-01 18:16:22] 	> Projecting Achillea.atrata_PA5_RUN4_ANN ...
[2026-08-01 18:16:22] 	> Projecting Achillea.atrata_PA5_RUN4_MAXNET ...
[2026-08-01 18:16:22] 	> Projecting Achillea.atrata_PA5_RUN4_FDA ...
[2026-08-01 18:16:22] 	> Projecting Achillea.atrata_PA5_RUN5_GLM ...
[2026-08-01 18:16:22] 	> Projecting Achillea.atrata_PA5_RUN5_GBM ...
[2026-08-01 18:16:22] 	> Projecting Achillea.atrata_PA5_RUN5_ANN ...
[2026-08-01 18:16:24] 	> Projecting Achillea.atrata_PA5_RUN5_MAXNET ...
[2026-08-01 18:16:32] 	> Projecting Achillea.atrata_PA5_RUN5_FDA ...
[2026-08-01 18:16:32] -=-=-=-=-=-=-=-=-=-=-=-=-=-=-=-=-=-= Done -=-=-=-=-=-=-=-=-=-=-=-=-=-=-=-=-=-=
[2026-08-01 18:16:41] 
[2026-08-01 18:16:41] 
[2026-08-01 18:16:41] 
[2026-08-01 18:16:41]    > Mean of probabilities by AUCroc ...
[2026-08-01 18:16:41] 
[2026-08-01 18:17:09]    > Coef of variation of probabilities by AUCroc ...
[2026-08-01 18:17:12] 			Evaluating Model stuff...Warning in forecast_0 * observed_0 : NAs produced by integer overflow
[2026-08-01 18:17:12] Warning in forecast_0 * observed_0 : NAs produced by integer overflow
[2026-08-01 18:17:12] Warning in forecast_0 * observed_0 : NAs produced by integer overflow
[2026-08-01 18:17:12] Warning in forecast_0 * observed_0 : NAs produced by integer overflow
[2026-08-01 18:17:12] Warning in forecast_0 * observed_0 : NAs produced by integer overflow
[2026-08-01 18:17:12] Warning in forecast_0 * observed_0 : NAs produced by integer overflow
[2026-08-01 18:17:12] Warning in forecast_0 * observed_0 : NAs produced by integer overflow
[2026-08-01 18:17:12] Warning in forecast_0 * observed_0 : NAs produced by integer overflow
[2026-08-01 18:17:12] Warning in forecast_0 * observed_0 : NAs produced by integer overflow
[2026-08-01 18:17:12] Warning in forecast_0 * observed_0 : NAs produced by integer overflow
[2026-08-01 18:17:12] Warning in forecast_0 * observed_0 : NAs produced by integer overflow
[2026-08-01 18:17:12] Warning in forecast_0 * observed_0 : NAs produced by integer overflow
[2026-08-01 18:17:12] Warning in forecast_0 * observed_0 : NAs produced by integer overflow
[2026-08-01 18:17:12] Warning in forecast_0 * observed_0 : NAs produced by integer overflow
[2026-08-01 18:17:12] Warning in forecast_0 * observed_0 : NAs produced by integer overflow
[2026-08-01 18:17:12] Warning in forecast_0 * observed_0 : NAs produced by integer overflow
[2026-08-01 18:17:12] Warning in forecast_0 * observed_0 : NAs produced by integer overflow
[2026-08-01 18:17:12] Warning in forecast_0 * observed_0 : NAs produced by integer overflow
[2026-08-01 18:17:12] Warning in forecast_0 * observed_0 : NAs produced by integer overflow
[2026-08-01 18:17:12] Warning in forecast_0 * observed_0 : NAs produced by integer overflow
[2026-08-01 18:17:12] Warning in forecast_0 * observed_0 : NAs produced by integer overflow
[2026-08-01 18:17:12] Warning in forecast_0 * observed_0 : NAs produced by integer overflow
[2026-08-01 18:17:12] Warning in forecast_0 * observed_0 : NAs produced by integer overflow
[2026-08-01 18:17:12] Warning in forecast_0 * observed_0 : NAs produced by integer overflow
[2026-08-01 18:17:12] Warning in forecast_0 * observed_0 : NAs produced by integer overflow
[2026-08-01 18:17:12] Warning in forecast_0 * observed_0 : NAs produced by integer overflow
[2026-08-01 18:17:12] Warning in forecast_0 * observed_0 : NAs produced by integer overflow
[2026-08-01 18:17:12] Warning in forecast_0 * observed_0 : NAs produced by integer overflow
[2026-08-01 18:17:12] Warning in forecast_0 * observed_0 : NAs produced by integer overflow
[2026-08-01 18:17:12] Warning in forecast_0 * observed_0 : NAs produced by integer overflow
[2026-08-01 18:17:12] Warning in forecast_0 * observed_0 : NAs produced by integer overflow
[2026-08-01 18:17:12] Warning in forecast_0 * observed_0 : NAs produced by integer overflow
[2026-08-01 18:17:12] Warning in forecast_0 * observed_0 : NAs produced by integer overflow
[2026-08-01 18:17:12] Warning in forecast_0 * observed_0 : NAs produced by integer overflow
[2026-08-01 18:17:12] Warning in forecast_0 * observed_0 : NAs produced by integer overflow
[2026-08-01 18:17:12] Warning in forecast_0 * observed_0 : NAs produced by integer overflow
[2026-08-01 18:17:12] Warning in forecast_0 * observed_0 : NAs produced by integer overflow
[2026-08-01 18:17:12] Warning in forecast_0 * observed_0 : NAs produced by integer overflow
[2026-08-01 18:17:12] Warning in forecast_0 * observed_0 : NAs produced by integer overflow
[2026-08-01 18:17:12] Warning in forecast_0 * observed_0 : NAs produced by integer overflow
[2026-08-01 18:17:12] Warning in forecast_0 * observed_0 : NAs produced by integer overflow
[2026-08-01 18:17:12] Warning in forecast_0 * observed_0 : NAs produced by integer overflow
[2026-08-01 18:17:12] Warning in forecast_0 * observed_0 : NAs produced by integer overflow
[2026-08-01 18:17:12] Warning in forecast_0 * observed_0 : NAs produced by integer overflow
[2026-08-01 18:17:12] Warning in forecast_0 * observed_0 : NAs produced by integer overflow
[2026-08-01 18:17:12] Warning in forecast_0 * observed_0 : NAs produced by integer overflow
[2026-08-01 18:17:12] Warning in forecast_0 * observed_0 : NAs produced by integer overflow
[2026-08-01 18:17:12] Warning in forecast_0 * observed_0 : NAs produced by integer overflow
[2026-08-01 18:17:12] Warning in forecast_0 * observed_0 : NAs produced by integer overflow
[2026-08-01 18:17:12] Warning in forecast_0 * observed_0 : NAs produced by integer overflow
[2026-08-01 18:17:12] Warning in forecast_0 * observed_0 : NAs produced by integer overflow
[2026-08-01 18:17:12] Warning in forecast_0 * observed_0 : NAs produced by integer overflow
[2026-08-01 18:17:12] Warning in forecast_0 * observed_0 : NAs produced by integer overflow
[2026-08-01 18:17:12] Warning in forecast_0 * observed_0 : NAs produced by integer overflow
[2026-08-01 18:17:12] Warning in forecast_0 * observed_0 : NAs produced by integer overflow
[2026-08-01 18:17:12] Warning in forecast_0 * observed_0 : NAs produced by integer overflow
[2026-08-01 18:17:12] Warning in forecast_0 * observed_0 : NAs produced by integer overflow
[2026-08-01 18:17:12] Warning in forecast_0 * observed_0 : NAs produced by integer overflow
[2026-08-01 18:17:12] Warning in forecast_0 * observed_0 : NAs produced by integer overflow
[2026-08-01 18:17:12] Warning in forecast_0 * observed_0 : NAs produced by integer overflow
[2026-08-01 18:17:12] Warning in forecast_0 * observed_0 : NAs produced by integer overflow
[2026-08-01 18:17:12] Warning in forecast_0 * observed_0 : NAs produced by integer overflow
[2026-08-01 18:17:12] Warning in forecast_0 * observed_0 : NAs produced by integer overflow
[2026-08-01 18:17:12] Warning in forecast_0 * observed_0 : NAs produced by integer overflow
[2026-08-01 18:17:12] Warning in forecast_0 * observed_0 : NAs produced by integer overflow
[2026-08-01 18:17:12] Warning in forecast_0 * observed_0 : NAs produced by integer overflow
[2026-08-01 18:17:12] Warning in forecast_0 * observed_0 : NAs produced by integer overflow
[2026-08-01 18:17:12] Warning in forecast_0 * observed_0 : NAs produced by integer overflow
[2026-08-01 18:17:12] Warning in forecast_0 * observed_0 : NAs produced by integer overflow
[2026-08-01 18:17:12] Warning in forecast_0 * observed_0 : NAs produced by integer overflow
[2026-08-01 18:17:12] Warning in forecast_0 * observed_0 : NAs produced by integer overflow
[2026-08-01 18:17:12] Warning in forecast_0 * observed_0 : NAs produced by integer overflow
[2026-08-01 18:17:12] Warning in forecast_0 * observed_0 : NAs produced by integer overflow
[2026-08-01 18:17:12] Warning in forecast_0 * observed_0 : NAs produced by integer overflow
[2026-08-01 18:17:12] Warning in forecast_0 * observed_0 : NAs produced by integer overflow
[2026-08-01 18:17:12] Warning in forecast_0 * observed_0 : NAs produced by integer overflow
[2026-08-01 18:17:12] Warning in forecast_0 * observed_0 : NAs produced by integer overflow
[2026-08-01 18:17:12] Warning in forecast_0 * observed_0 : NAs produced by integer overflow
[2026-08-01 18:17:12] Warning in forecast_0 * observed_0 : NAs produced by integer overflow
[2026-08-01 18:17:12] Warning in forecast_0 * observed_0 : NAs produced by integer overflow
[2026-08-01 18:17:12] Warning in forecast_0 * observed_0 : NAs produced by integer overflow
[2026-08-01 18:17:12] Warning in forecast_0 * observed_0 : NAs produced by integer overflow
[2026-08-01 18:17:12] Warning in forecast_0 * observed_0 : NAs produced by integer overflow
[2026-08-01 18:17:12] Warning in forecast_0 * observed_0 : NAs produced by integer overflow
[2026-08-01 18:17:12] Warning in forecast_0 * observed_0 : NAs produced by integer overflow
[2026-08-01 18:17:12] Warning in forecast_0 * observed_0 : NAs produced by integer overflow
[2026-08-01 18:17:12] Warning in forecast_0 * observed_0 : NAs produced by integer overflow
[2026-08-01 18:17:12] Warning in forecast_0 * observed_0 : NAs produced by integer overflow
[2026-08-01 18:17:12] Warning in forecast_0 * observed_0 : NAs produced by integer overflow
[2026-08-01 18:17:12] Warning in forecast_0 * observed_0 : NAs produced by integer overflow
[2026-08-01 18:17:12] Warning in forecast_0 * observed_0 : NAs produced by integer overflow
[2026-08-01 18:17:12] Warning in forecast_0 * observed_0 : NAs produced by integer overflow
[2026-08-01 18:17:12] Warning in forecast_0 * observed_0 : NAs produced by integer overflow
[2026-08-01 18:17:12] Warning in forecast_0 * observed_0 : NAs produced by integer overflow
[2026-08-01 18:17:12] Warning in forecast_0 * observed_0 : NAs produced by integer overflow
[2026-08-01 18:17:12] Warning in forecast_0 * observed_0 : NAs produced by integer overflow
[2026-08-01 18:17:12] Warning in forecast_0 * observed_0 : NAs produced by integer overflow
[2026-08-01 18:17:12] Warning in forecast_0 * observed_0 : NAs produced by integer overflow
[2026-08-01 18:17:12] Warning in forecast_0 * observed_0 : NAs produced by integer overflow
[2026-08-01 18:17:13] 
[2026-08-01 18:17:13] -=-=-=-=-=-=-=-=-=-=-=-=-=-=-=-=-=-= Done -=-=-=-=-=-=-=-=-=-=-=-=-=-=-=-=-=-=
[2026-08-01 18:17:13] > end.time <- Sys.time()
[2026-08-01 18:17:13] > time.modeling_EM <- end.time - start.time
[2026-08-01 18:17:13] > 
[2026-08-01 18:17:13] > ### Models evaluations
[2026-08-01 18:17:13] > myBiomodModelEval <- get_evaluations(myBiomodModelOut)
[2026-08-01 18:17:13] > myBiomodModelEval_ensamble <- get_evaluations(myBiomodEM)
[2026-08-01 18:17:13] > 
[2026-08-01 18:17:13] > # TODO change output to csv
[2026-08-01 18:17:13] > nome <- paste0("Eval_", species_name, ".txt", sep = "")
[2026-08-01 18:17:13] > write.table(myBiomodModelEval, file = nome, sep = "\t")
[2026-08-01 18:17:13] > 
[2026-08-01 18:17:13] > nome1 <- paste0("Eval_EM_", species_name, ".txt", sep = "")
[2026-08-01 18:17:13] > write.table(myBiomodModelEval_ensamble, file = nome1, sep = "\t")
[2026-08-01 18:17:13] > 
[2026-08-01 18:17:13] > ###########################################################################
[2026-08-01 18:17:13] > ######################      PROJECTION ON ALPS        #####################
[2026-08-01 18:17:13] > ###########################################################################
[2026-08-01 18:17:13] > 
[2026-08-01 18:17:13] > ###########################################################################
[2026-08-01 18:17:13] > ###########################           CURRENT   ###########################
[2026-08-01 18:17:13] > ###########################################################################
[2026-08-01 18:17:13] > 
[2026-08-01 18:17:13] > # 5. Individual models projections on current environmental conditions
[2026-08-01 18:17:13] > start.time <- Sys.time()
[2026-08-01 18:17:13] > myBiomodProj <- BIOMOD_Projection(
[2026-08-01 18:17:13] +   bm.mod = myBiomodModelOut,
[2026-08-01 18:17:13] +   proj.name = "current",
[2026-08-01 18:17:13] +   new.env = cur_proj,
[2026-08-01 18:17:13] +   models.chosen = "all",
[2026-08-01 18:17:13] +   build.clamping.mask = T, # opzione per avere un'idea delle località in cui la predizione è incerta, dove non è sicuro di quello che sta predicendo, predizione potrebbe essere incerta, perchè i dati ambientali potrebbero non essere così fedeli alle variabili attinenti alla presenza vera delal specie (un modo per capire l'incertezza della predizione per ogni cella (km quadrato))
[2026-08-01 18:17:13] +   keep.in.memory = projection_keep_in_memory,
[2026-08-01 18:17:13] +   do.stack = projection_do_stack,
[2026-08-01 18:17:13] +   nb.cpu = n_cpu
[2026-08-01 18:17:13] + )
[2026-08-01 18:17:13] 
[2026-08-01 18:17:13] -=-=-=-=-=-=-=-=-=-=-=-=-= Do Single Models Projection -=-=-=-=-=-=-=-=-=-=-=-=-=
[2026-08-01 18:17:36] 
[2026-08-01 18:17:36] 		! 'overwrite' arg is set as FALSE. Projections that have already been saved will not be redone. 
[2026-08-01 18:17:36]         Please be carfeul if you have changed the models in the meantime. 
[2026-08-01 18:17:36] 	> Building clamping mask
[2026-08-01 18:18:40] 
[2026-08-01 18:18:40] 	> Projecting Achillea.atrata_PA1_RUN1_GLM ...
[2026-08-01 18:18:40] 	> Projecting Achillea.atrata_PA1_RUN1_GBM ...
[2026-08-01 18:18:40] 	> Projecting Achillea.atrata_PA1_RUN1_ANN ...
[2026-08-01 18:18:40] 	> Projecting Achillea.atrata_PA1_RUN1_FDA ...
[2026-08-01 18:18:40] 	> Projecting Achillea.atrata_PA1_RUN1_MAXNET ...
[2026-08-01 18:19:24] 	> Projecting Achillea.atrata_PA1_RUN2_GLM ...
[2026-08-01 18:19:24] 		Writing projection on hard drive...
[2026-08-01 18:19:25] 		Writing projection on hard drive...
[2026-08-01 18:19:25] 		 /work/data/output_disk_sp1_6cpu/Achillea.atrata/proj_current/individual_projections/proj_current_Achillea.atrata_PA1_RUN1_GLM.tif
[2026-08-01 18:19:25] 	> Projecting Achillea.atrata_PA1_RUN2_GBM ...
[2026-08-01 18:19:25] 		 /work/data/output_disk_sp1_6cpu/Achillea.atrata/proj_current/individual_projections/proj_current_Achillea.atrata_PA1_RUN2_GLM.tif
[2026-08-01 18:19:29] 	> Projecting Achillea.atrata_PA1_RUN3_GBM ...
[2026-08-01 18:19:30] 		Writing projection on hard drive...
[2026-08-01 18:19:30] 		 /work/data/output_disk_sp1_6cpu/Achillea.atrata/proj_current/individual_projections/proj_current_Achillea.atrata_PA1_RUN1_MAXNET.tif
[2026-08-01 18:19:43] 	> Projecting Achillea.atrata_PA1_RUN3_GLM ...
[2026-08-01 18:19:44] 		Writing projection on hard drive...
[2026-08-01 18:19:44] 		 /work/data/output_disk_sp1_6cpu/Achillea.atrata/proj_current/individual_projections/proj_current_Achillea.atrata_PA1_RUN1_FDA.tif
[2026-08-01 18:19:57] 	> Projecting Achillea.atrata_PA1_RUN2_MAXNET ...
[2026-08-01 18:19:58] 		Writing projection on hard drive...
[2026-08-01 18:19:58] 		 /work/data/output_disk_sp1_6cpu/Achillea.atrata/proj_current/individual_projections/proj_current_Achillea.atrata_PA1_RUN1_ANN.tif
[2026-08-01 18:20:10] 	> Projecting Achillea.atrata_PA1_RUN2_FDA ...
[2026-08-01 18:20:11] 		Writing projection on hard drive...
[2026-08-01 18:20:11] 		 /work/data/output_disk_sp1_6cpu/Achillea.atrata/proj_current/individual_projections/proj_current_Achillea.atrata_PA1_RUN3_GLM.tif
[2026-08-01 18:20:34] 	> Projecting Achillea.atrata_PA1_RUN4_GBM ...
[2026-08-01 18:20:35] 		Writing projection on hard drive...
[2026-08-01 18:20:35] 		 /work/data/output_disk_sp1_6cpu/Achillea.atrata/proj_current/individual_projections/proj_current_Achillea.atrata_PA1_RUN2_MAXNET.tif
[2026-08-01 18:21:01] 	> Projecting Achillea.atrata_PA1_RUN4_GLM ...
[2026-08-01 18:21:02] 		Writing projection on hard drive...
[2026-08-01 18:21:02] 		 /work/data/output_disk_sp1_6cpu/Achillea.atrata/proj_current/individual_projections/proj_current_Achillea.atrata_PA1_RUN2_FDA.tif
[2026-08-01 18:21:14] 	> Projecting Achillea.atrata_PA1_RUN3_MAXNET ...
[2026-08-01 18:21:15] 		Writing projection on hard drive...
[2026-08-01 18:21:15] 		 /work/data/output_disk_sp1_6cpu/Achillea.atrata/proj_current/individual_projections/proj_current_Achillea.atrata_PA1_RUN4_GLM.tif
[2026-08-01 18:21:49] 	> Projecting Achillea.atrata_PA1_RUN5_GBM ...
[2026-08-01 18:21:50] 		Writing projection on hard drive...
[2026-08-01 18:21:50] 		 /work/data/output_disk_sp1_6cpu/Achillea.atrata/proj_current/individual_projections/proj_current_Achillea.atrata_PA1_RUN3_MAXNET.tif
[2026-08-01 18:22:26] 	> Projecting Achillea.atrata_PA1_RUN5_GLM ...
[2026-08-01 18:22:27] 		Writing projection on hard drive...
[2026-08-01 18:22:27] 		 /work/data/output_disk_sp1_6cpu/Achillea.atrata/proj_current/individual_projections/proj_current_Achillea.atrata_PA1_RUN5_GLM.tif
[2026-08-01 18:32:56] 	> Projecting Achillea.atrata_PA2_RUN1_GBM ...
[2026-08-01 18:32:57] 		Writing projection on hard drive...
[2026-08-01 18:32:57] 		 /work/data/output_disk_sp1_6cpu/Achillea.atrata/proj_current/individual_projections/proj_current_Achillea.atrata_PA1_RUN1_GBM.tif
[2026-08-01 18:33:45] 	> Projecting Achillea.atrata_PA1_RUN2_ANN ...
[2026-08-01 18:33:46] 		Writing projection on hard drive...
[2026-08-01 18:33:46] 		 /work/data/output_disk_sp1_6cpu/Achillea.atrata/proj_current/individual_projections/proj_current_Achillea.atrata_PA1_RUN2_GBM.tif
[2026-08-01 18:33:54] 	> Projecting Achillea.atrata_PA1_RUN3_ANN ...
[2026-08-01 18:33:55] 		Writing projection on hard drive...
[2026-08-01 18:33:55] 		 /work/data/output_disk_sp1_6cpu/Achillea.atrata/proj_current/individual_projections/proj_current_Achillea.atrata_PA1_RUN3_GBM.tif
[2026-08-01 18:34:11] 	> Projecting Achillea.atrata_PA1_RUN4_ANN ...
[2026-08-01 18:34:12] 		Writing projection on hard drive...
[2026-08-01 18:34:12] 		 /work/data/output_disk_sp1_6cpu/Achillea.atrata/proj_current/individual_projections/proj_current_Achillea.atrata_PA1_RUN2_ANN.tif
[2026-08-01 18:34:35] 	> Projecting Achillea.atrata_PA1_RUN3_FDA ...
[2026-08-01 18:34:36] 		Writing projection on hard drive...
[2026-08-01 18:34:36] 		 /work/data/output_disk_sp1_6cpu/Achillea.atrata/proj_current/individual_projections/proj_current_Achillea.atrata_PA1_RUN4_GBM.tif
[2026-08-01 18:34:54] 	> Projecting Achillea.atrata_PA1_RUN5_ANN ...
[2026-08-01 18:34:55] 		Writing projection on hard drive...
[2026-08-01 18:34:55] 		 /work/data/output_disk_sp1_6cpu/Achillea.atrata/proj_current/individual_projections/proj_current_Achillea.atrata_PA1_RUN3_ANN.tif
[2026-08-01 18:35:04] 	> Projecting Achillea.atrata_PA1_RUN4_FDA ...
[2026-08-01 18:35:05] 		Writing projection on hard drive...
[2026-08-01 18:35:05] 		 /work/data/output_disk_sp1_6cpu/Achillea.atrata/proj_current/individual_projections/proj_current_Achillea.atrata_PA1_RUN4_ANN.tif
[2026-08-01 18:35:15] 	> Projecting Achillea.atrata_PA1_RUN5_FDA ...
[2026-08-01 18:35:16] 		Writing projection on hard drive...
[2026-08-01 18:35:16] 		 /work/data/output_disk_sp1_6cpu/Achillea.atrata/proj_current/individual_projections/proj_current_Achillea.atrata_PA1_RUN3_FDA.tif
[2026-08-01 18:35:33] 	> Projecting Achillea.atrata_PA1_RUN4_MAXNET ...
[2026-08-01 18:35:34] 		Writing projection on hard drive...
[2026-08-01 18:35:34] 		 /work/data/output_disk_sp1_6cpu/Achillea.atrata/proj_current/individual_projections/proj_current_Achillea.atrata_PA1_RUN5_ANN.tif
[2026-08-01 18:35:46] 	> Projecting Achillea.atrata_PA2_RUN1_FDA ...
[2026-08-01 18:35:47] 		Writing projection on hard drive...
[2026-08-01 18:35:47] 		 /work/data/output_disk_sp1_6cpu/Achillea.atrata/proj_current/individual_projections/proj_current_Achillea.atrata_PA1_RUN5_GBM.tif
[2026-08-01 18:35:52] 	> Projecting Achillea.atrata_PA2_RUN1_ANN ...
[2026-08-01 18:35:53] 		Writing projection on hard drive...
[2026-08-01 18:35:53] 		 /work/data/output_disk_sp1_6cpu/Achillea.atrata/proj_current/individual_projections/proj_current_Achillea.atrata_PA1_RUN4_FDA.tif
[2026-08-01 18:36:01] 	> Projecting Achillea.atrata_PA1_RUN5_MAXNET ...
[2026-08-01 18:36:02] 		Writing projection on hard drive...
[2026-08-01 18:36:02] 		 /work/data/output_disk_sp1_6cpu/Achillea.atrata/proj_current/individual_projections/proj_current_Achillea.atrata_PA1_RUN4_MAXNET.tif
[2026-08-01 18:36:02] 	> Projecting Achillea.atrata_PA2_RUN1_GLM ...
[2026-08-01 18:36:03] 		Writing projection on hard drive...
[2026-08-01 18:36:03] 		 /work/data/output_disk_sp1_6cpu/Achillea.atrata/proj_current/individual_projections/proj_current_Achillea.atrata_PA1_RUN5_FDA.tif
[2026-08-01 18:36:30] 	> Projecting Achillea.atrata_PA2_RUN1_MAXNET ...
[2026-08-01 18:36:31] 		Writing projection on hard drive...
[2026-08-01 18:36:31] 		 /work/data/output_disk_sp1_6cpu/Achillea.atrata/proj_current/individual_projections/proj_current_Achillea.atrata_PA2_RUN1_FDA.tif
[2026-08-01 18:36:35] 	> Projecting Achillea.atrata_PA2_RUN2_MAXNET ...
[2026-08-01 18:36:36] 		Writing projection on hard drive...
[2026-08-01 18:36:36] 		 /work/data/output_disk_sp1_6cpu/Achillea.atrata/proj_current/individual_projections/proj_current_Achillea.atrata_PA2_RUN1_GLM.tif
[2026-08-01 18:36:44] 	> Projecting Achillea.atrata_PA2_RUN2_GBM ...
[2026-08-01 18:36:45] 		Writing projection on hard drive...
[2026-08-01 18:36:45] 		 /work/data/output_disk_sp1_6cpu/Achillea.atrata/proj_current/individual_projections/proj_current_Achillea.atrata_PA1_RUN5_MAXNET.tif
[2026-08-01 18:36:51] 	> Projecting Achillea.atrata_PA2_RUN2_GLM ...
[2026-08-01 18:36:52] 		Writing projection on hard drive...
[2026-08-01 18:36:52] 		 /work/data/output_disk_sp1_6cpu/Achillea.atrata/proj_current/individual_projections/proj_current_Achillea.atrata_PA2_RUN1_ANN.tif
[2026-08-01 18:36:54] 	> Projecting Achillea.atrata_PA2_RUN2_FDA ...
[2026-08-01 18:36:55] 		Writing projection on hard drive...
[2026-08-01 18:36:55] 		 /work/data/output_disk_sp1_6cpu/Achillea.atrata/proj_current/individual_projections/proj_current_Achillea.atrata_PA2_RUN1_MAXNET.tif
[2026-08-01 18:36:58] 	> Projecting Achillea.atrata_PA2_RUN3_GLM ...
[2026-08-01 18:36:59] 		Writing projection on hard drive...
[2026-08-01 18:36:59] 		 /work/data/output_disk_sp1_6cpu/Achillea.atrata/proj_current/individual_projections/proj_current_Achillea.atrata_PA2_RUN1_GBM.tif
[2026-08-01 18:37:20] 	> Projecting Achillea.atrata_PA2_RUN2_ANN ...
[2026-08-01 18:37:21] 		Writing projection on hard drive...
[2026-08-01 18:37:21] 		 /work/data/output_disk_sp1_6cpu/Achillea.atrata/proj_current/individual_projections/proj_current_Achillea.atrata_PA2_RUN2_MAXNET.tif
[2026-08-01 18:37:27] 	> Projecting Achillea.atrata_PA2_RUN4_GLM ...
[2026-08-01 18:37:28] 		Writing projection on hard drive...
[2026-08-01 18:37:28] 		 /work/data/output_disk_sp1_6cpu/Achillea.atrata/proj_current/individual_projections/proj_current_Achillea.atrata_PA2_RUN2_GLM.tif
[2026-08-01 18:37:36] 	> Projecting Achillea.atrata_PA2_RUN3_GBM ...
[2026-08-01 18:37:37] 		Writing projection on hard drive...
[2026-08-01 18:37:37] 		 /work/data/output_disk_sp1_6cpu/Achillea.atrata/proj_current/individual_projections/proj_current_Achillea.atrata_PA2_RUN3_GLM.tif
[2026-08-01 18:37:39] 	> Projecting Achillea.atrata_PA2_RUN4_GBM ...
[2026-08-01 18:37:40] 		Writing projection on hard drive...
[2026-08-01 18:37:40] 		 /work/data/output_disk_sp1_6cpu/Achillea.atrata/proj_current/individual_projections/proj_current_Achillea.atrata_PA2_RUN2_FDA.tif
[2026-08-01 18:37:57] 	> Projecting Achillea.atrata_PA2_RUN3_MAXNET ...
[2026-08-01 18:37:58] 		Writing projection on hard drive...
[2026-08-01 18:37:58] 		 /work/data/output_disk_sp1_6cpu/Achillea.atrata/proj_current/individual_projections/proj_current_Achillea.atrata_PA2_RUN4_GLM.tif
[2026-08-01 18:38:02] 	> Projecting Achillea.atrata_PA2_RUN5_GBM ...
[2026-08-01 18:38:03] 		Writing projection on hard drive...
[2026-08-01 18:38:03] 		 /work/data/output_disk_sp1_6cpu/Achillea.atrata/proj_current/individual_projections/proj_current_Achillea.atrata_PA2_RUN2_ANN.tif
[2026-08-01 18:38:23] 	> Projecting Achillea.atrata_PA2_RUN3_FDA ...
[2026-08-01 18:38:23] 		Writing projection on hard drive...
[2026-08-01 18:38:23] 		 /work/data/output_disk_sp1_6cpu/Achillea.atrata/proj_current/individual_projections/proj_current_Achillea.atrata_PA2_RUN3_MAXNET.tif
[2026-08-01 18:38:53] 	> Projecting Achillea.atrata_PA2_RUN5_GLM ...
[2026-08-01 18:38:54] 		Writing projection on hard drive...
[2026-08-01 18:38:54] 		 /work/data/output_disk_sp1_6cpu/Achillea.atrata/proj_current/individual_projections/proj_current_Achillea.atrata_PA2_RUN3_FDA.tif
[2026-08-01 18:38:59] 	> Projecting Achillea.atrata_PA2_RUN4_MAXNET ...
[2026-08-01 18:38:59] 		Writing projection on hard drive...
[2026-08-01 18:38:59] 		 /work/data/output_disk_sp1_6cpu/Achillea.atrata/proj_current/individual_projections/proj_current_Achillea.atrata_PA2_RUN5_GLM.tif
[2026-08-01 18:39:37] 	> Projecting Achillea.atrata_PA3_RUN1_GBM ...
[2026-08-01 18:39:38] 		Writing projection on hard drive...
[2026-08-01 18:39:38] 		 /work/data/output_disk_sp1_6cpu/Achillea.atrata/proj_current/individual_projections/proj_current_Achillea.atrata_PA2_RUN4_MAXNET.tif
[2026-08-01 18:40:13] 	> Projecting Achillea.atrata_PA3_RUN1_GLM ...
[2026-08-01 18:40:14] 		Writing projection on hard drive...
[2026-08-01 18:40:14] 		 /work/data/output_disk_sp1_6cpu/Achillea.atrata/proj_current/individual_projections/proj_current_Achillea.atrata_PA3_RUN1_GLM.tif
[2026-08-01 18:51:10] 	> Projecting Achillea.atrata_PA3_RUN2_GBM ...
[2026-08-01 18:51:11] 		Writing projection on hard drive...
[2026-08-01 18:51:11] 		 /work/data/output_disk_sp1_6cpu/Achillea.atrata/proj_current/individual_projections/proj_current_Achillea.atrata_PA2_RUN2_GBM.tif
[2026-08-01 18:51:46] 	> Projecting Achillea.atrata_PA2_RUN3_ANN ...
[2026-08-01 18:51:47] 		Writing projection on hard drive...
[2026-08-01 18:51:47] 		 /work/data/output_disk_sp1_6cpu/Achillea.atrata/proj_current/individual_projections/proj_current_Achillea.atrata_PA2_RUN3_GBM.tif
[2026-08-01 18:51:59] 	> Projecting Achillea.atrata_PA2_RUN4_ANN ...
[2026-08-01 18:52:00] 		Writing projection on hard drive...
[2026-08-01 18:52:00] 		 /work/data/output_disk_sp1_6cpu/Achillea.atrata/proj_current/individual_projections/proj_current_Achillea.atrata_PA2_RUN4_GBM.tif
[2026-08-01 18:52:14] 	> Projecting Achillea.atrata_PA2_RUN5_ANN ...
[2026-08-01 18:52:15] 		Writing projection on hard drive...
[2026-08-01 18:52:15] 		 /work/data/output_disk_sp1_6cpu/Achillea.atrata/proj_current/individual_projections/proj_current_Achillea.atrata_PA2_RUN3_ANN.tif
[2026-08-01 18:52:32] 	> Projecting Achillea.atrata_PA2_RUN4_FDA ...
[2026-08-01 18:52:33] 		Writing projection on hard drive...
[2026-08-01 18:52:33] 		 /work/data/output_disk_sp1_6cpu/Achillea.atrata/proj_current/individual_projections/proj_current_Achillea.atrata_PA2_RUN5_GBM.tif
[2026-08-01 18:52:49] 	> Projecting Achillea.atrata_PA3_RUN1_ANN ...
[2026-08-01 18:52:50] 		Writing projection on hard drive...
[2026-08-01 18:52:50] 		 /work/data/output_disk_sp1_6cpu/Achillea.atrata/proj_current/individual_projections/proj_current_Achillea.atrata_PA2_RUN4_ANN.tif
[2026-08-01 18:52:55] 	> Projecting Achillea.atrata_PA2_RUN5_FDA ...
[2026-08-01 18:52:56] 		Writing projection on hard drive...
[2026-08-01 18:52:56] 		 /work/data/output_disk_sp1_6cpu/Achillea.atrata/proj_current/individual_projections/proj_current_Achillea.atrata_PA2_RUN5_ANN.tif
[2026-08-01 18:53:02] 	> Projecting Achillea.atrata_PA3_RUN1_FDA ...
[2026-08-01 18:53:03] 		Writing projection on hard drive...
[2026-08-01 18:53:03] 		 /work/data/output_disk_sp1_6cpu/Achillea.atrata/proj_current/individual_projections/proj_current_Achillea.atrata_PA2_RUN4_FDA.tif
[2026-08-01 18:53:05] 	> Projecting Achillea.atrata_PA2_RUN5_MAXNET ...
[2026-08-01 18:53:06] 		Writing projection on hard drive...
[2026-08-01 18:53:06] 		 /work/data/output_disk_sp1_6cpu/Achillea.atrata/proj_current/individual_projections/proj_current_Achillea.atrata_PA3_RUN1_GBM.tif
[2026-08-01 18:53:33] 	> Projecting Achillea.atrata_PA3_RUN2_ANN ...
[2026-08-01 18:53:33] 		Writing projection on hard drive...
[2026-08-01 18:53:34] 		Writing projection on hard drive...
[2026-08-01 18:53:34] 		 /work/data/output_disk_sp1_6cpu/Achillea.atrata/proj_current/individual_projections/proj_current_Achillea.atrata_PA3_RUN1_ANN.tif
[2026-08-01 18:53:34] 	> Projecting Achillea.atrata_PA3_RUN2_FDA ...
[2026-08-01 18:53:34] 		 /work/data/output_disk_sp1_6cpu/Achillea.atrata/proj_current/individual_projections/proj_current_Achillea.atrata_PA3_RUN2_GBM.tif
[2026-08-01 18:53:43] 	> Projecting Achillea.atrata_PA3_RUN3_ANN ...
[2026-08-01 18:53:44] 		Writing projection on hard drive...
[2026-08-01 18:53:44] 		 /work/data/output_disk_sp1_6cpu/Achillea.atrata/proj_current/individual_projections/proj_current_Achillea.atrata_PA2_RUN5_FDA.tif
[2026-08-01 18:53:45] 	> Projecting Achillea.atrata_PA3_RUN1_MAXNET ...
[2026-08-01 18:53:46] 		Writing projection on hard drive...
[2026-08-01 18:53:46] 		 /work/data/output_disk_sp1_6cpu/Achillea.atrata/proj_current/individual_projections/proj_current_Achillea.atrata_PA3_RUN1_FDA.tif
[2026-08-01 18:53:47] 	> Projecting Achillea.atrata_PA3_RUN2_MAXNET ...
[2026-08-01 18:53:48] 		Writing projection on hard drive...
[2026-08-01 18:53:48] 		 /work/data/output_disk_sp1_6cpu/Achillea.atrata/proj_current/individual_projections/proj_current_Achillea.atrata_PA2_RUN5_MAXNET.tif
[2026-08-01 18:54:07] 	> Projecting Achillea.atrata_PA3_RUN2_GLM ...
[2026-08-01 18:54:08] 		Writing projection on hard drive...
[2026-08-01 18:54:08] 		 /work/data/output_disk_sp1_6cpu/Achillea.atrata/proj_current/individual_projections/proj_current_Achillea.atrata_PA3_RUN2_ANN.tif
[2026-08-01 18:54:24] 	> Projecting Achillea.atrata_PA3_RUN3_FDA ...
[2026-08-01 18:54:25] 		Writing projection on hard drive...
[2026-08-01 18:54:25] 		 /work/data/output_disk_sp1_6cpu/Achillea.atrata/proj_current/individual_projections/proj_current_Achillea.atrata_PA3_RUN2_GLM.tif
[2026-08-01 18:54:27] 	> Projecting Achillea.atrata_PA3_RUN3_GBM ...
[2026-08-01 18:54:28] 		Writing projection on hard drive...
[2026-08-01 18:54:28] 		 /work/data/output_disk_sp1_6cpu/Achillea.atrata/proj_current/individual_projections/proj_current_Achillea.atrata_PA3_RUN2_MAXNET.tif
[2026-08-01 18:54:29] 	> Projecting Achillea.atrata_PA3_RUN4_GLM ...
[2026-08-01 18:54:30] 		Writing projection on hard drive...
[2026-08-01 18:54:30] 		 /work/data/output_disk_sp1_6cpu/Achillea.atrata/proj_current/individual_projections/proj_current_Achillea.atrata_PA3_RUN2_FDA.tif
[2026-08-01 18:54:33] 	> Projecting Achillea.atrata_PA3_RUN3_MAXNET ...
[2026-08-01 18:54:33] 		Writing projection on hard drive...
[2026-08-01 18:54:33] 		 /work/data/output_disk_sp1_6cpu/Achillea.atrata/proj_current/individual_projections/proj_current_Achillea.atrata_PA3_RUN1_MAXNET.tif
[2026-08-01 18:54:42] 	> Projecting Achillea.atrata_PA3_RUN3_GLM ...
[2026-08-01 18:54:43] 		Writing projection on hard drive...
[2026-08-01 18:54:43] 		 /work/data/output_disk_sp1_6cpu/Achillea.atrata/proj_current/individual_projections/proj_current_Achillea.atrata_PA3_RUN3_ANN.tif
[2026-08-01 18:55:01] 	> Projecting Achillea.atrata_PA3_RUN4_FDA ...
[2026-08-01 18:55:01] 		Writing projection on hard drive...
[2026-08-01 18:55:01] 		 /work/data/output_disk_sp1_6cpu/Achillea.atrata/proj_current/individual_projections/proj_current_Achillea.atrata_PA3_RUN3_FDA.tif
[2026-08-01 18:55:05] 	> Projecting Achillea.atrata_PA3_RUN4_MAXNET ...
[2026-08-01 18:55:06] 		Writing projection on hard drive...
[2026-08-01 18:55:06] 		 /work/data/output_disk_sp1_6cpu/Achillea.atrata/proj_current/individual_projections/proj_current_Achillea.atrata_PA3_RUN4_GLM.tif
[2026-08-01 18:55:12] 	> Projecting Achillea.atrata_PA3_RUN5_GBM ...
[2026-08-01 18:55:13] 		Writing projection on hard drive...
[2026-08-01 18:55:13] 		 /work/data/output_disk_sp1_6cpu/Achillea.atrata/proj_current/individual_projections/proj_current_Achillea.atrata_PA3_RUN3_GLM.tif
[2026-08-01 18:55:14] 	> Projecting Achillea.atrata_PA3_RUN4_GBM ...
[2026-08-01 18:55:15] 		Writing projection on hard drive...
[2026-08-01 18:55:15] 		 /work/data/output_disk_sp1_6cpu/Achillea.atrata/proj_current/individual_projections/proj_current_Achillea.atrata_PA3_RUN3_MAXNET.tif
[2026-08-01 18:55:30] 	> Projecting Achillea.atrata_PA3_RUN5_GLM ...
[2026-08-01 18:55:31] 		Writing projection on hard drive...
[2026-08-01 18:55:31] 		 /work/data/output_disk_sp1_6cpu/Achillea.atrata/proj_current/individual_projections/proj_current_Achillea.atrata_PA3_RUN4_FDA.tif
[2026-08-01 18:55:48] 	> Projecting Achillea.atrata_PA3_RUN5_MAXNET ...
[2026-08-01 18:55:49] 		Writing projection on hard drive...
[2026-08-01 18:55:49] 		 /work/data/output_disk_sp1_6cpu/Achillea.atrata/proj_current/individual_projections/proj_current_Achillea.atrata_PA3_RUN4_MAXNET.tif
[2026-08-01 18:55:58] 	> Projecting Achillea.atrata_PA4_RUN1_GLM ...
[2026-08-01 18:55:58] 		Writing projection on hard drive...
[2026-08-01 18:55:58] 		 /work/data/output_disk_sp1_6cpu/Achillea.atrata/proj_current/individual_projections/proj_current_Achillea.atrata_PA3_RUN5_GLM.tif
[2026-08-01 18:56:13] 	> Projecting Achillea.atrata_PA4_RUN1_GBM ...
[2026-08-01 18:56:14] 		Writing projection on hard drive...
[2026-08-01 18:56:14] 		 /work/data/output_disk_sp1_6cpu/Achillea.atrata/proj_current/individual_projections/proj_current_Achillea.atrata_PA3_RUN5_MAXNET.tif
[2026-08-01 18:56:24] 	> Projecting Achillea.atrata_PA4_RUN2_GLM ...
[2026-08-01 18:56:25] 		Writing projection on hard drive...
[2026-08-01 18:56:25] 		 /work/data/output_disk_sp1_6cpu/Achillea.atrata/proj_current/individual_projections/proj_current_Achillea.atrata_PA4_RUN1_GLM.tif
[2026-08-01 18:56:49] 	> Projecting Achillea.atrata_PA4_RUN2_GBM ...
[2026-08-01 18:56:50] 		Writing projection on hard drive...
[2026-08-01 18:56:50] 		 /work/data/output_disk_sp1_6cpu/Achillea.atrata/proj_current/individual_projections/proj_current_Achillea.atrata_PA4_RUN2_GLM.tif
[2026-08-01 19:08:34] 	> Projecting Achillea.atrata_PA4_RUN3_GBM ...
[2026-08-01 19:08:35] 		Writing projection on hard drive...
[2026-08-01 19:08:35] 		 /work/data/output_disk_sp1_6cpu/Achillea.atrata/proj_current/individual_projections/proj_current_Achillea.atrata_PA3_RUN3_GBM.tif
[2026-08-01 19:08:58] 	> Projecting Achillea.atrata_PA3_RUN4_ANN ...
[2026-08-01 19:08:59] 		Writing projection on hard drive...
[2026-08-01 19:08:59] 		 /work/data/output_disk_sp1_6cpu/Achillea.atrata/proj_current/individual_projections/proj_current_Achillea.atrata_PA3_RUN5_GBM.tif
[2026-08-01 19:09:20] 	> Projecting Achillea.atrata_PA4_RUN1_ANN ...
[2026-08-01 19:09:21] 		Writing projection on hard drive...
[2026-08-01 19:09:21] 		 /work/data/output_disk_sp1_6cpu/Achillea.atrata/proj_current/individual_projections/proj_current_Achillea.atrata_PA3_RUN4_GBM.tif
[2026-08-01 19:09:36] 	> Projecting Achillea.atrata_PA3_RUN5_ANN ...
[2026-08-01 19:09:37] 		Writing projection on hard drive...
[2026-08-01 19:09:37] 		 /work/data/output_disk_sp1_6cpu/Achillea.atrata/proj_current/individual_projections/proj_current_Achillea.atrata_PA3_RUN4_ANN.tif
[2026-08-01 19:09:56] 	> Projecting Achillea.atrata_PA3_RUN5_FDA ...
[2026-08-01 19:09:57] 		Writing projection on hard drive...
[2026-08-01 19:09:57] 		 /work/data/output_disk_sp1_6cpu/Achillea.atrata/proj_current/individual_projections/proj_current_Achillea.atrata_PA4_RUN1_ANN.tif
[2026-08-01 19:10:17] 	> Projecting Achillea.atrata_PA4_RUN2_FDA ...
[2026-08-01 19:10:18] 		Writing projection on hard drive...
[2026-08-01 19:10:18] 		Writing projection on hard drive...
[2026-08-01 19:10:18] 		 /work/data/output_disk_sp1_6cpu/Achillea.atrata/proj_current/individual_projections/proj_current_Achillea.atrata_PA3_RUN5_FDA.tif
[2026-08-01 19:10:19] 	> Projecting Achillea.atrata_PA4_RUN1_MAXNET ...
[2026-08-01 19:10:19] 		 /work/data/output_disk_sp1_6cpu/Achillea.atrata/proj_current/individual_projections/proj_current_Achillea.atrata_PA3_RUN5_ANN.tif
[2026-08-01 19:10:24] 	> Projecting Achillea.atrata_PA4_RUN1_FDA ...
[2026-08-01 19:10:25] 		Writing projection on hard drive...
[2026-08-01 19:10:25] 		 /work/data/output_disk_sp1_6cpu/Achillea.atrata/proj_current/individual_projections/proj_current_Achillea.atrata_PA4_RUN1_GBM.tif
[2026-08-01 19:10:39] 	> Projecting Achillea.atrata_PA4_RUN2_ANN ...
[2026-08-01 19:10:39] 		Writing projection on hard drive...
[2026-08-01 19:10:39] 		 /work/data/output_disk_sp1_6cpu/Achillea.atrata/proj_current/individual_projections/proj_current_Achillea.atrata_PA4_RUN3_GBM.tif
[2026-08-01 19:10:51] 	> Projecting Achillea.atrata_PA4_RUN4_ANN ...
[2026-08-01 19:10:52] 		Writing projection on hard drive...
[2026-08-01 19:10:52] 		Writing projection on hard drive...
[2026-08-01 19:10:52] 		 /work/data/output_disk_sp1_6cpu/Achillea.atrata/proj_current/individual_projections/proj_current_Achillea.atrata_PA4_RUN2_GBM.tif
[2026-08-01 19:10:53] 	> Projecting Achillea.atrata_PA4_RUN3_ANN ...
[2026-08-01 19:10:53] 		 /work/data/output_disk_sp1_6cpu/Achillea.atrata/proj_current/individual_projections/proj_current_Achillea.atrata_PA4_RUN2_FDA.tif
[2026-08-01 19:11:02] 	> Projecting Achillea.atrata_PA4_RUN3_MAXNET ...
[2026-08-01 19:11:03] 		Writing projection on hard drive...
[2026-08-01 19:11:03] 		 /work/data/output_disk_sp1_6cpu/Achillea.atrata/proj_current/individual_projections/proj_current_Achillea.atrata_PA4_RUN1_MAXNET.tif
[2026-08-01 19:11:07] 	> Projecting Achillea.atrata_PA4_RUN3_GLM ...
[2026-08-01 19:11:07] 		Writing projection on hard drive...
[2026-08-01 19:11:07] 		 /work/data/output_disk_sp1_6cpu/Achillea.atrata/proj_current/individual_projections/proj_current_Achillea.atrata_PA4_RUN1_FDA.tif
[2026-08-01 19:11:21] 	> Projecting Achillea.atrata_PA4_RUN2_MAXNET ...
[2026-08-01 19:11:22] 		Writing projection on hard drive...
[2026-08-01 19:11:22] 		 /work/data/output_disk_sp1_6cpu/Achillea.atrata/proj_current/individual_projections/proj_current_Achillea.atrata_PA4_RUN2_ANN.tif
[2026-08-01 19:11:29] 	> Projecting Achillea.atrata_PA4_RUN3_FDA ...
[2026-08-01 19:11:30] 		Writing projection on hard drive...
[2026-08-01 19:11:30] 		 /work/data/output_disk_sp1_6cpu/Achillea.atrata/proj_current/individual_projections/proj_current_Achillea.atrata_PA4_RUN4_ANN.tif
[2026-08-01 19:11:40] 	> Projecting Achillea.atrata_PA4_RUN5_FDA ...
[2026-08-01 19:11:41] 		Writing projection on hard drive...
[2026-08-01 19:11:41] 		 /work/data/output_disk_sp1_6cpu/Achillea.atrata/proj_current/individual_projections/proj_current_Achillea.atrata_PA4_RUN3_MAXNET.tif
[2026-08-01 19:11:43] 	> Projecting Achillea.atrata_PA4_RUN5_GLM ...
[2026-08-01 19:11:43] 		Writing projection on hard drive...
[2026-08-01 19:11:43] 		 /work/data/output_disk_sp1_6cpu/Achillea.atrata/proj_current/individual_projections/proj_current_Achillea.atrata_PA4_RUN3_GLM.tif
[2026-08-01 19:11:49] 	> Projecting Achillea.atrata_PA4_RUN4_GBM ...
[2026-08-01 19:11:49] 		Writing projection on hard drive...
[2026-08-01 19:11:49] 		 /work/data/output_disk_sp1_6cpu/Achillea.atrata/proj_current/individual_projections/proj_current_Achillea.atrata_PA4_RUN3_ANN.tif
[2026-08-01 19:12:02] 	> Projecting Achillea.atrata_PA4_RUN4_FDA ...
[2026-08-01 19:12:03] 		Writing projection on hard drive...
[2026-08-01 19:12:03] 		 /work/data/output_disk_sp1_6cpu/Achillea.atrata/proj_current/individual_projections/proj_current_Achillea.atrata_PA4_RUN2_MAXNET.tif
[2026-08-01 19:12:14] 	> Projecting Achillea.atrata_PA4_RUN4_GLM ...
[2026-08-01 19:12:15] 		Writing projection on hard drive...
[2026-08-01 19:12:15] 		 /work/data/output_disk_sp1_6cpu/Achillea.atrata/proj_current/individual_projections/proj_current_Achillea.atrata_PA4_RUN3_FDA.tif
[2026-08-01 19:12:17] 	> Projecting Achillea.atrata_PA4_RUN4_MAXNET ...
[2026-08-01 19:12:18] 		Writing projection on hard drive...
[2026-08-01 19:12:18] 		Writing projection on hard drive...
[2026-08-01 19:12:18] 		 /work/data/output_disk_sp1_6cpu/Achillea.atrata/proj_current/individual_projections/proj_current_Achillea.atrata_PA4_RUN5_FDA.tif
[2026-08-01 19:12:18] 	> Projecting Achillea.atrata_PA5_RUN1_MAXNET ...
[2026-08-01 19:12:18] 		 /work/data/output_disk_sp1_6cpu/Achillea.atrata/proj_current/individual_projections/proj_current_Achillea.atrata_PA4_RUN5_GLM.tif
[2026-08-01 19:12:35] 	> Projecting Achillea.atrata_PA5_RUN1_GBM ...
[2026-08-01 19:12:36] 		Writing projection on hard drive...
[2026-08-01 19:12:36] 		 /work/data/output_disk_sp1_6cpu/Achillea.atrata/proj_current/individual_projections/proj_current_Achillea.atrata_PA4_RUN4_GLM.tif
[2026-08-01 19:12:44] 	> Projecting Achillea.atrata_PA4_RUN5_GBM ...
[2026-08-01 19:12:45] 		Writing projection on hard drive...
[2026-08-01 19:12:45] 		 /work/data/output_disk_sp1_6cpu/Achillea.atrata/proj_current/individual_projections/proj_current_Achillea.atrata_PA4_RUN4_FDA.tif
[2026-08-01 19:12:57] 	> Projecting Achillea.atrata_PA4_RUN5_MAXNET ...
[2026-08-01 19:12:57] 		Writing projection on hard drive...
[2026-08-01 19:12:57] 		 /work/data/output_disk_sp1_6cpu/Achillea.atrata/proj_current/individual_projections/proj_current_Achillea.atrata_PA5_RUN1_MAXNET.tif
[2026-08-01 19:13:00] 	> Projecting Achillea.atrata_PA5_RUN3_GLM ...
[2026-08-01 19:13:01] 		Writing projection on hard drive...
[2026-08-01 19:13:01] 		 /work/data/output_disk_sp1_6cpu/Achillea.atrata/proj_current/individual_projections/proj_current_Achillea.atrata_PA4_RUN4_MAXNET.tif
[2026-08-01 19:13:32] 	> Projecting Achillea.atrata_PA5_RUN1_GLM ...
[2026-08-01 19:13:33] 		Writing projection on hard drive...
[2026-08-01 19:13:33] 		Writing projection on hard drive...
[2026-08-01 19:13:33] 		 /work/data/output_disk_sp1_6cpu/Achillea.atrata/proj_current/individual_projections/proj_current_Achillea.atrata_PA5_RUN3_GLM.tif
[2026-08-01 19:13:34] 	> Projecting Achillea.atrata_PA5_RUN4_GBM ...
[2026-08-01 19:13:34] 		 /work/data/output_disk_sp1_6cpu/Achillea.atrata/proj_current/individual_projections/proj_current_Achillea.atrata_PA4_RUN5_MAXNET.tif
[2026-08-01 19:13:39] 	> Projecting Achillea.atrata_PA5_RUN2_GLM ...
[2026-08-01 19:13:39] 		Writing projection on hard drive...
[2026-08-01 19:13:39] 		 /work/data/output_disk_sp1_6cpu/Achillea.atrata/proj_current/individual_projections/proj_current_Achillea.atrata_PA5_RUN1_GLM.tif
[2026-08-01 19:14:13] 	> Projecting Achillea.atrata_PA5_RUN2_GBM ...
[2026-08-01 19:14:14] 		Writing projection on hard drive...
[2026-08-01 19:14:14] 		 /work/data/output_disk_sp1_6cpu/Achillea.atrata/proj_current/individual_projections/proj_current_Achillea.atrata_PA5_RUN2_GLM.tif
[2026-08-01 19:25:45] 	> Projecting Achillea.atrata_PA5_RUN3_GBM ...
[2026-08-01 19:25:46] 		Writing projection on hard drive...
[2026-08-01 19:25:46] 		 /work/data/output_disk_sp1_6cpu/Achillea.atrata/proj_current/individual_projections/proj_current_Achillea.atrata_PA4_RUN4_GBM.tif
[2026-08-01 19:26:28] 	> Projecting Achillea.atrata_PA4_RUN5_ANN ...
[2026-08-01 19:26:29] 		Writing projection on hard drive...
[2026-08-01 19:26:29] 		 /work/data/output_disk_sp1_6cpu/Achillea.atrata/proj_current/individual_projections/proj_current_Achillea.atrata_PA5_RUN1_GBM.tif
[2026-08-01 19:26:44] 	> Projecting Achillea.atrata_PA5_RUN2_ANN ...
[2026-08-01 19:26:45] 		Writing projection on hard drive...
[2026-08-01 19:26:45] 		 /work/data/output_disk_sp1_6cpu/Achillea.atrata/proj_current/individual_projections/proj_current_Achillea.atrata_PA4_RUN5_ANN.tif
[2026-08-01 19:26:48] 	> Projecting Achillea.atrata_PA5_RUN1_FDA ...
[2026-08-01 19:26:49] 		Writing projection on hard drive...
[2026-08-01 19:26:49] 		 /work/data/output_disk_sp1_6cpu/Achillea.atrata/proj_current/individual_projections/proj_current_Achillea.atrata_PA4_RUN5_GBM.tif
[2026-08-01 19:27:30] 	> Projecting Achillea.atrata_PA5_RUN1_ANN ...
[2026-08-01 19:27:30] 		Writing projection on hard drive...
[2026-08-01 19:27:30] 		Writing projection on hard drive...
[2026-08-01 19:27:30] 		 /work/data/output_disk_sp1_6cpu/Achillea.atrata/proj_current/individual_projections/proj_current_Achillea.atrata_PA5_RUN1_FDA.tif
[2026-08-01 19:27:31] 	> Projecting Achillea.atrata_PA5_RUN2_MAXNET ...
[2026-08-01 19:27:31] 		 /work/data/output_disk_sp1_6cpu/Achillea.atrata/proj_current/individual_projections/proj_current_Achillea.atrata_PA5_RUN2_ANN.tif
[2026-08-01 19:27:37] 	> Projecting Achillea.atrata_PA5_RUN3_FDA ...
[2026-08-01 19:27:38] 		Writing projection on hard drive...
[2026-08-01 19:27:38] 		 /work/data/output_disk_sp1_6cpu/Achillea.atrata/proj_current/individual_projections/proj_current_Achillea.atrata_PA5_RUN4_GBM.tif
[2026-08-01 19:27:38] 	> Projecting Achillea.atrata_PA5_RUN5_ANN ...
[2026-08-01 19:27:39] 		Writing projection on hard drive...
[2026-08-01 19:27:39] 		 /work/data/output_disk_sp1_6cpu/Achillea.atrata/proj_current/individual_projections/proj_current_Achillea.atrata_PA5_RUN2_GBM.tif
[2026-08-01 19:27:42] 	> Projecting Achillea.atrata_PA5_RUN3_ANN ...
[2026-08-01 19:27:43] 		Writing projection on hard drive...
[2026-08-01 19:27:43] 		 /work/data/output_disk_sp1_6cpu/Achillea.atrata/proj_current/individual_projections/proj_current_Achillea.atrata_PA5_RUN1_ANN.tif
[2026-08-01 19:28:12] 	> Projecting Achillea.atrata_PA5_RUN2_FDA ...
[2026-08-01 19:28:12] 		Writing projection on hard drive...
[2026-08-01 19:28:13] 		Writing projection on hard drive...
[2026-08-01 19:28:13] 		 /work/data/output_disk_sp1_6cpu/Achillea.atrata/proj_current/individual_projections/proj_current_Achillea.atrata_PA5_RUN2_MAXNET.tif
[2026-08-01 19:28:13] 	> Projecting Achillea.atrata_PA5_RUN4_GLM ...
[2026-08-01 19:28:13] 		 /work/data/output_disk_sp1_6cpu/Achillea.atrata/proj_current/individual_projections/proj_current_Achillea.atrata_PA5_RUN3_GBM.tif
[2026-08-01 19:28:15] 	> Projecting Achillea.atrata_PA5_RUN4_ANN ...
[2026-08-01 19:28:16] 		Writing projection on hard drive...
[2026-08-01 19:28:16] 		 /work/data/output_disk_sp1_6cpu/Achillea.atrata/proj_current/individual_projections/proj_current_Achillea.atrata_PA5_RUN3_FDA.tif
[2026-08-01 19:28:31] 	> Projecting Achillea.atrata_PA5_RUN4_MAXNET ...
[2026-08-01 19:28:32] 		Writing projection on hard drive...
[2026-08-01 19:28:32] 		 /work/data/output_disk_sp1_6cpu/Achillea.atrata/proj_current/individual_projections/proj_current_Achillea.atrata_PA5_RUN2_FDA.tif
[2026-08-01 19:28:33] 	> Projecting Achillea.atrata_PA5_RUN3_MAXNET ...
[2026-08-01 19:28:33] 		Writing projection on hard drive...
[2026-08-01 19:28:42] 		 /work/data/output_disk_sp1_6cpu/Achillea.atrata/proj_current/individual_projections/proj_current_Achillea.atrata_PA5_RUN5_ANN.tif
[2026-08-01 19:28:43] 		Writing projection on hard drive...
[2026-08-01 19:28:43] 		 /work/data/output_disk_sp1_6cpu/Achillea.atrata/proj_current/individual_projections/proj_current_Achillea.atrata_PA5_RUN3_ANN.tif
[2026-08-01 19:28:50] 	> Projecting Achillea.atrata_PA5_RUN4_FDA ...
[2026-08-01 19:28:51] 		Writing projection on hard drive...
[2026-08-01 19:28:51] 		 /work/data/output_disk_sp1_6cpu/Achillea.atrata/proj_current/individual_projections/proj_current_Achillea.atrata_PA5_RUN4_GLM.tif
[2026-08-01 19:28:56] 	> Projecting Achillea.atrata_PA5_RUN5_GBM ...
[2026-08-01 19:28:57] 		Writing projection on hard drive...
[2026-08-01 19:29:16] 		 /work/data/output_disk_sp1_6cpu/Achillea.atrata/proj_current/individual_projections/proj_current_Achillea.atrata_PA5_RUN4_MAXNET.tif
[2026-08-01 19:29:17] 		Writing projection on hard drive...
[2026-08-01 19:29:17] 		 /work/data/output_disk_sp1_6cpu/Achillea.atrata/proj_current/individual_projections/proj_current_Achillea.atrata_PA5_RUN3_MAXNET.tif
[2026-08-01 19:29:23] 	> Projecting Achillea.atrata_PA5_RUN5_GLM ...
[2026-08-01 19:29:24] 		Writing projection on hard drive...
[2026-08-01 19:29:24] 		 /work/data/output_disk_sp1_6cpu/Achillea.atrata/proj_current/individual_projections/proj_current_Achillea.atrata_PA5_RUN4_ANN.tif
[2026-08-01 19:29:32] 	> Projecting Achillea.atrata_PA5_RUN5_FDA ...
[2026-08-01 19:29:33] 		Writing projection on hard drive...
[2026-08-01 19:29:33] 		 /work/data/output_disk_sp1_6cpu/Achillea.atrata/proj_current/individual_projections/proj_current_Achillea.atrata_PA5_RUN4_FDA.tif
[2026-08-01 19:29:52] 	> Projecting Achillea.atrata_PA5_RUN5_MAXNET ...
[2026-08-01 19:29:53] 		Writing projection on hard drive...
[2026-08-01 19:30:11] 		 /work/data/output_disk_sp1_6cpu/Achillea.atrata/proj_current/individual_projections/proj_current_Achillea.atrata_PA5_RUN5_GLM.tif
[2026-08-01 19:30:12] 		Writing projection on hard drive...
[2026-08-01 19:30:20] 		 /work/data/output_disk_sp1_6cpu/Achillea.atrata/proj_current/individual_projections/proj_current_Achillea.atrata_PA5_RUN5_MAXNET.tif
[2026-08-01 19:30:20] 		Writing projection on hard drive...
[2026-08-01 19:42:44] 		 /work/data/output_disk_sp1_6cpu/Achillea.atrata/proj_current/individual_projections/proj_current_Achillea.atrata_PA5_RUN5_FDA.tif
[2026-08-01 19:42:45] 		Writing projection on hard drive...
[2026-08-01 19:42:45] 		 /work/data/output_disk_sp1_6cpu/Achillea.atrata/proj_current/individual_projections/proj_current_Achillea.atrata_PA5_RUN5_GBM.tif
[2026-08-01 19:42:45] -=-=-=-=-=-=-=-=-=-=-=-=-=-=-=-=-=-= Done -=-=-=-=-=-=-=-=-=-=-=-=-=-=-=-=-=-=
[2026-08-01 19:42:45] > end.time <- Sys.time()
[2026-08-01 19:42:45] > time.cur_proj <- end.time - start.time
[2026-08-01 19:42:45] > 
[2026-08-01 19:42:45] > # BIOMOD_Projection leaves its global foreach backend registered. Ensemble
[2026-08-01 19:42:45] > # forecasting receives bm.proj, so select its two-worker backend explicitly.
[2026-08-01 19:42:45] > doParallel::registerDoParallel(cores = ensemble_n_cpu)
[2026-08-01 19:42:45] > 
[2026-08-01 19:42:45] > # 6. Project ensemble models (reuse bm.proj to avoid internal re-projection)
[2026-08-01 19:42:45] > start.time <- Sys.time()
[2026-08-01 19:42:45] > myBiomodEMProj <- BIOMOD_EnsembleForecasting(
[2026-08-01 19:42:45] +   # """nuovo raster con altri dati ambientali""" (proiezione della proiezione)
[2026-08-01 19:42:45] +   bm.em = myBiomodEM,
[2026-08-01 19:42:45] +   bm.proj = myBiomodProj, # reuse computed projection; biomod2 wants XOR(bm.proj, new.env)
[2026-08-01 19:42:45] +   proj.name = "CurrentEM",
[2026-08-01 19:42:45] +   models.chosen = "all",
[2026-08-01 19:42:45] +   metric.binary = "all",
[2026-08-01 19:42:45] +   metric.filter = "all",
[2026-08-01 19:42:45] +   nb.cpu = ensemble_n_cpu
[2026-08-01 19:42:45] + )
[2026-08-01 19:42:45] 
[2026-08-01 19:42:45] -=-=-=-=-=-=-=-=-=-=-=-= Do Ensemble Models Projection -=-=-=-=-=-=-=-=-=-=-=-=
[2026-08-01 19:42:45] 
[2026-08-01 19:42:45] Creating suitable Workdir...
[2026-08-01 19:42:46] 
[2026-08-01 19:42:46] 	> Projecting Achillea.atrata_EMmeanByAUCroc_mergedData_mergedRun_mergedAlgo ...
[2026-08-01 19:58:38] 	> Projecting Achillea.atrata_EMcvByAUCroc_mergedData_mergedRun_mergedAlgo ...|---------|---------|---------|---------||---------|---------|---------|---------|===================================================                                          
[2026-08-01 20:06:40] 		Writing projection on hard drive...===============================                                          
[2026-08-01 20:06:42] 		Writing projection on hard drive...
[2026-08-01 20:06:42] 
[2026-08-01 20:06:42] ! Binary/Filtered transformation automatically desactivated for ensemble models with coefficient of variation or confidence intervals
[2026-08-01 20:06:47] 	> Building TSS binaries / filtered
[2026-08-01 20:06:52] 	> Building AUCroc binaries / filtered
[2026-08-01 20:06:57] 	> Building KAPPA binaries / filtered
[2026-08-01 20:06:57] 
[2026-08-01 20:06:57] -=-=-=-=-=-=-=-=-=-=-=-=-=-=-=-=-=-= Done -=-=-=-=-=-=-=-=-=-=-=-=-=-=-=-=-=-=
[2026-08-01 20:06:57] > end.time <- Sys.time()
[2026-08-01 20:06:57] > time.cur_proj_EM <- end.time - start.time
[2026-08-01 20:06:57] > 
[2026-08-01 20:06:57] > ###########################################################################
[2026-08-01 20:06:57] > #######################################   FUTURE     ######################
[2026-08-01 20:06:57] > ###########################################################################
[2026-08-01 20:06:57] > 
[2026-08-01 20:06:57] > ## Number of future projections
[2026-08-01 20:06:57] > # 5 global circulation models (GCM), variazione di gas serra, metano, etc, nell'atmosfera nel futuro, e all'interno di ognuno ci sono due scenari (ottimista SSP370 e pessimista SSP585), TODO check acronyms
[2026-08-01 20:06:57] > # 10 future projections (5 GCM x 2 SSP) -> 10 proiezioni future per ogni specie
[2026-08-01 20:06:57] > # calibrazione solo su current (presente), per avere una base di partenza, e la proiezione serve due volte
[2026-08-01 20:06:57] > # proiezione sul futuro viene fatta partendo dai dati del primo (e unico) biomod modelling e sulle var ambientali future, per vedere come cambiano le predizioni
[2026-08-01 20:06:57] > 
[2026-08-01 20:06:57] > nf <- length(lf)
[2026-08-01 20:06:57] > future_timings <- data.frame(
[2026-08-01 20:06:57] +   scenario = character(),
[2026-08-01 20:06:57] +   projection_secs = numeric(),
[2026-08-01 20:06:57] +   ensemble_secs = numeric(),
[2026-08-01 20:06:57] +   total_secs = numeric()
[2026-08-01 20:06:57] + )
[2026-08-01 20:06:57] > 
[2026-08-01 20:06:57] > start.time <- Sys.time()
[2026-08-01 20:06:57] > for (k in 1:nf) {
[2026-08-01 20:06:57] +   scenario_start <- Sys.time()
[2026-08-01 20:06:57] +   name <- lf[k]
[2026-08-01 20:06:57] +   cat("\n\nDEBUG: Processing future scenario", k, "of", nf, ":", name, "\n")
[2026-08-01 20:06:57] + 
[2026-08-01 20:06:57] +   fut_files <- dir(lf[k], full.names = T)
[2026-08-01 20:06:57] +   fut1 <- rast(fut_files)
[2026-08-01 20:06:57] +   cat("DEBUG: Raster loaded, ncell =", ncell(fut1), ", hasValues =", hasValues(fut1), "\n")
[2026-08-01 20:06:57] + 
[2026-08-01 20:06:57] +   fut_proj <- c(fut1[[1]], fut1[[2]], tri_proj, soil_proj[[1]], soil_proj[[2]])
[2026-08-01 20:06:57] +   names(fut_proj) <- c("PC1_clim", "PC2_clim", "tri", "PC1_soil", "PC2_soil")
[2026-08-01 20:06:57] + 
[2026-08-01 20:06:57] +   # path-depth independent: <gcm>/<ssp> are the last two path components
[2026-08-01 20:06:57] +   nm1 <- strsplit(name, "/")[[1]]
[2026-08-01 20:06:57] +   nm <- paste0(nm1[length(nm1) - 1], "_", nm1[length(nm1)])
[2026-08-01 20:06:57] +   nm2 <- paste0("futureEM_", nm1[length(nm1) - 1], "_", nm1[length(nm1)])
[2026-08-01 20:06:57] + 
[2026-08-01 20:06:57] +   # 5. Individual models projections on future environmental conditions
[2026-08-01 20:06:57] +   projection_start <- Sys.time()
[2026-08-01 20:06:57] +   myBiomodProj_fut <- BIOMOD_Projection(
[2026-08-01 20:06:57] +     bm.mod = myBiomodModelOut,
[2026-08-01 20:06:57] +     proj.name = nm,
[2026-08-01 20:06:57] +     new.env = fut_proj,
[2026-08-01 20:06:57] +     models.chosen = "all",
[2026-08-01 20:06:57] +     build.clamping.mask = T,
[2026-08-01 20:06:57] +     keep.in.memory = projection_keep_in_memory,
[2026-08-01 20:06:57] +     do.stack = projection_do_stack,
[2026-08-01 20:06:57] +     nb.cpu = n_cpu
[2026-08-01 20:06:57] +   )
[2026-08-01 20:06:57] +   projection_end <- Sys.time()
[2026-08-01 20:06:57] + 
[2026-08-01 20:06:57] +   doParallel::registerDoParallel(cores = ensemble_n_cpu)
[2026-08-01 20:06:57] +   ensemble_start <- Sys.time()
[2026-08-01 20:06:57] +   myBiomodEMProj_fut <- BIOMOD_EnsembleForecasting(
[2026-08-01 20:06:57] +     bm.em = myBiomodEM,
[2026-08-01 20:06:57] +     bm.proj = myBiomodProj_fut, # reuse computed projection; biomod2 wants XOR(bm.proj, new.env)
[2026-08-01 20:06:57] +     proj.name = nm2,
[2026-08-01 20:06:57] +     models.chosen = "all",
[2026-08-01 20:06:57] +     metric.binary = "all",
[2026-08-01 20:06:57] +     metric.filter = "all",
[2026-08-01 20:06:57] +     nb.cpu = ensemble_n_cpu
[2026-08-01 20:06:57] +   )
[2026-08-01 20:06:57] +   ensemble_end <- Sys.time()
[2026-08-01 20:06:57] + 
[2026-08-01 20:06:57] +   future_timings <- rbind(
[2026-08-01 20:06:57] +     future_timings,
[2026-08-01 20:06:57] +     data.frame(
[2026-08-01 20:06:57] +       scenario = nm,
[2026-08-01 20:06:57] +       projection_secs = as.numeric(projection_end - projection_start, units = "secs"),
[2026-08-01 20:06:57] +       ensemble_secs = as.numeric(ensemble_end - ensemble_start, units = "secs"),
[2026-08-01 20:06:57] +       total_secs = as.numeric(ensemble_end - scenario_start, units = "secs")
[2026-08-01 20:06:57] +     )
[2026-08-01 20:06:57] +   )
[2026-08-01 20:06:57] + 
[2026-08-01 20:06:57] +   rm(fut1, fut_proj, myBiomodProj_fut, myBiomodEMProj_fut)
[2026-08-01 20:06:57] +   gc(verbose = FALSE)
[2026-08-01 20:06:57] + }
[2026-08-01 20:06:57] 
[2026-08-01 20:06:57] 
[2026-08-01 20:06:57] DEBUG: Processing future scenario 1 of 8 : /work/data/input/climate_vars/future/gfdl.esm4/ssp370 
[2026-08-01 20:06:57] DEBUG: Raster loaded, ncell = 63951097 , hasValues = TRUE 
[2026-08-01 20:06:57] 
[2026-08-01 20:06:57] -=-=-=-=-=-=-=-=-=-=-=-=-= Do Single Models Projection -=-=-=-=-=-=-=-=-=-=-=-=-=
[2026-08-01 20:07:20] 
[2026-08-01 20:07:20] 		! 'overwrite' arg is set as FALSE. Projections that have already been saved will not be redone. 
[2026-08-01 20:07:20]         Please be carfeul if you have changed the models in the meantime. 
[2026-08-01 20:07:20] 	> Building clamping mask
[2026-08-01 20:08:24] 
[2026-08-01 20:08:24] 	> Projecting Achillea.atrata_PA1_RUN1_GLM ...
[2026-08-01 20:08:24] 	> Projecting Achillea.atrata_PA1_RUN1_GBM ...
[2026-08-01 20:08:24] 	> Projecting Achillea.atrata_PA1_RUN1_ANN ...
[2026-08-01 20:08:25] 	> Projecting Achillea.atrata_PA1_RUN1_FDA ...
[2026-08-01 20:08:25] 	> Projecting Achillea.atrata_PA1_RUN1_MAXNET ...
[2026-08-01 20:09:09] 	> Projecting Achillea.atrata_PA1_RUN2_GLM ...
[2026-08-01 20:09:10] 		Writing projection on hard drive...
[2026-08-01 20:09:10] 		Writing projection on hard drive...
[2026-08-01 20:09:10] 		 /work/data/output_disk_sp1_6cpu/Achillea.atrata/proj_gfdl.esm4_ssp370/individual_projections/proj_gfdl.esm4_ssp370_Achillea.atrata_PA1_RUN1_GLM.tif
[2026-08-01 20:09:11] 	> Projecting Achillea.atrata_PA1_RUN2_GBM ...
[2026-08-01 20:09:11] 		 /work/data/output_disk_sp1_6cpu/Achillea.atrata/proj_gfdl.esm4_ssp370/individual_projections/proj_gfdl.esm4_ssp370_Achillea.atrata_PA1_RUN2_GLM.tif
[2026-08-01 20:09:14] 	> Projecting Achillea.atrata_PA1_RUN3_GBM ...
[2026-08-01 20:09:15] 		Writing projection on hard drive...
[2026-08-01 20:09:15] 		 /work/data/output_disk_sp1_6cpu/Achillea.atrata/proj_gfdl.esm4_ssp370/individual_projections/proj_gfdl.esm4_ssp370_Achillea.atrata_PA1_RUN1_MAXNET.tif
[2026-08-01 20:09:31] 	> Projecting Achillea.atrata_PA1_RUN3_GLM ...
[2026-08-01 20:09:32] 		Writing projection on hard drive...
[2026-08-01 20:09:32] 		 /work/data/output_disk_sp1_6cpu/Achillea.atrata/proj_gfdl.esm4_ssp370/individual_projections/proj_gfdl.esm4_ssp370_Achillea.atrata_PA1_RUN1_FDA.tif
[2026-08-01 20:09:42] 	> Projecting Achillea.atrata_PA1_RUN2_MAXNET ...
[2026-08-01 20:09:43] 		Writing projection on hard drive...
[2026-08-01 20:09:43] 		 /work/data/output_disk_sp1_6cpu/Achillea.atrata/proj_gfdl.esm4_ssp370/individual_projections/proj_gfdl.esm4_ssp370_Achillea.atrata_PA1_RUN1_ANN.tif
[2026-08-01 20:09:54] 	> Projecting Achillea.atrata_PA1_RUN2_FDA ...
[2026-08-01 20:09:55] 		Writing projection on hard drive...
[2026-08-01 20:09:55] 		 /work/data/output_disk_sp1_6cpu/Achillea.atrata/proj_gfdl.esm4_ssp370/individual_projections/proj_gfdl.esm4_ssp370_Achillea.atrata_PA1_RUN3_GLM.tif
[2026-08-01 20:10:22] 	> Projecting Achillea.atrata_PA1_RUN4_GBM ...
[2026-08-01 20:10:23] 		Writing projection on hard drive...
[2026-08-01 20:10:23] 		 /work/data/output_disk_sp1_6cpu/Achillea.atrata/proj_gfdl.esm4_ssp370/individual_projections/proj_gfdl.esm4_ssp370_Achillea.atrata_PA1_RUN2_MAXNET.tif
[2026-08-01 20:10:36] 	> Projecting Achillea.atrata_PA1_RUN4_GLM ...
[2026-08-01 20:10:37] 		Writing projection on hard drive...
[2026-08-01 20:10:37] 		 /work/data/output_disk_sp1_6cpu/Achillea.atrata/proj_gfdl.esm4_ssp370/individual_projections/proj_gfdl.esm4_ssp370_Achillea.atrata_PA1_RUN2_FDA.tif
[2026-08-01 20:10:58] 	> Projecting Achillea.atrata_PA1_RUN3_MAXNET ...
[2026-08-01 20:10:59] 		Writing projection on hard drive...
[2026-08-01 20:10:59] 		 /work/data/output_disk_sp1_6cpu/Achillea.atrata/proj_gfdl.esm4_ssp370/individual_projections/proj_gfdl.esm4_ssp370_Achillea.atrata_PA1_RUN4_GLM.tif
[2026-08-01 20:11:26] 	> Projecting Achillea.atrata_PA1_RUN5_GBM ...
[2026-08-01 20:11:27] 		Writing projection on hard drive...
[2026-08-01 20:11:27] 		 /work/data/output_disk_sp1_6cpu/Achillea.atrata/proj_gfdl.esm4_ssp370/individual_projections/proj_gfdl.esm4_ssp370_Achillea.atrata_PA1_RUN3_MAXNET.tif
[2026-08-01 20:12:02] 	> Projecting Achillea.atrata_PA1_RUN5_GLM ...
[2026-08-01 20:12:03] 		Writing projection on hard drive...
[2026-08-01 20:12:03] 		 /work/data/output_disk_sp1_6cpu/Achillea.atrata/proj_gfdl.esm4_ssp370/individual_projections/proj_gfdl.esm4_ssp370_Achillea.atrata_PA1_RUN5_GLM.tif
[2026-08-01 20:22:42] 	> Projecting Achillea.atrata_PA2_RUN1_GBM ...
[2026-08-01 20:22:43] 		Writing projection on hard drive...
[2026-08-01 20:22:43] 		 /work/data/output_disk_sp1_6cpu/Achillea.atrata/proj_gfdl.esm4_ssp370/individual_projections/proj_gfdl.esm4_ssp370_Achillea.atrata_PA1_RUN1_GBM.tif
[2026-08-01 20:23:20] 	> Projecting Achillea.atrata_PA1_RUN2_ANN ...
[2026-08-01 20:23:21] 		Writing projection on hard drive...
[2026-08-01 20:23:21] 		 /work/data/output_disk_sp1_6cpu/Achillea.atrata/proj_gfdl.esm4_ssp370/individual_projections/proj_gfdl.esm4_ssp370_Achillea.atrata_PA1_RUN2_GBM.tif
[2026-08-01 20:23:29] 	> Projecting Achillea.atrata_PA1_RUN3_ANN ...
[2026-08-01 20:23:30] 		Writing projection on hard drive...
[2026-08-01 20:23:30] 		 /work/data/output_disk_sp1_6cpu/Achillea.atrata/proj_gfdl.esm4_ssp370/individual_projections/proj_gfdl.esm4_ssp370_Achillea.atrata_PA1_RUN3_GBM.tif
[2026-08-01 20:23:51] 	> Projecting Achillea.atrata_PA1_RUN4_ANN ...
[2026-08-01 20:23:52] 		Writing projection on hard drive...
[2026-08-01 20:23:52] 		 /work/data/output_disk_sp1_6cpu/Achillea.atrata/proj_gfdl.esm4_ssp370/individual_projections/proj_gfdl.esm4_ssp370_Achillea.atrata_PA1_RUN2_ANN.tif
[2026-08-01 20:24:07] 	> Projecting Achillea.atrata_PA1_RUN3_FDA ...
[2026-08-01 20:24:07] 		Writing projection on hard drive...
[2026-08-01 20:24:07] 		 /work/data/output_disk_sp1_6cpu/Achillea.atrata/proj_gfdl.esm4_ssp370/individual_projections/proj_gfdl.esm4_ssp370_Achillea.atrata_PA1_RUN4_GBM.tif
[2026-08-01 20:24:25] 	> Projecting Achillea.atrata_PA1_RUN5_ANN ...
[2026-08-01 20:24:26] 		Writing projection on hard drive...
[2026-08-01 20:24:26] 		 /work/data/output_disk_sp1_6cpu/Achillea.atrata/proj_gfdl.esm4_ssp370/individual_projections/proj_gfdl.esm4_ssp370_Achillea.atrata_PA1_RUN3_ANN.tif
[2026-08-01 20:24:35] 	> Projecting Achillea.atrata_PA1_RUN4_FDA ...
[2026-08-01 20:24:36] 		Writing projection on hard drive...
[2026-08-01 20:24:36] 		 /work/data/output_disk_sp1_6cpu/Achillea.atrata/proj_gfdl.esm4_ssp370/individual_projections/proj_gfdl.esm4_ssp370_Achillea.atrata_PA1_RUN4_ANN.tif
[2026-08-01 20:24:51] 	> Projecting Achillea.atrata_PA1_RUN5_FDA ...
[2026-08-01 20:24:52] 		Writing projection on hard drive...
[2026-08-01 20:24:52] 		 /work/data/output_disk_sp1_6cpu/Achillea.atrata/proj_gfdl.esm4_ssp370/individual_projections/proj_gfdl.esm4_ssp370_Achillea.atrata_PA1_RUN3_FDA.tif
[2026-08-01 20:25:08] 	> Projecting Achillea.atrata_PA1_RUN4_MAXNET ...
[2026-08-01 20:25:09] 		Writing projection on hard drive...
[2026-08-01 20:25:09] 		 /work/data/output_disk_sp1_6cpu/Achillea.atrata/proj_gfdl.esm4_ssp370/individual_projections/proj_gfdl.esm4_ssp370_Achillea.atrata_PA1_RUN5_ANN.tif
[2026-08-01 20:25:25] 	> Projecting Achillea.atrata_PA2_RUN1_FDA ...
[2026-08-01 20:25:26] 		Writing projection on hard drive...
[2026-08-01 20:25:26] 		 /work/data/output_disk_sp1_6cpu/Achillea.atrata/proj_gfdl.esm4_ssp370/individual_projections/proj_gfdl.esm4_ssp370_Achillea.atrata_PA1_RUN5_GBM.tif
[2026-08-01 20:25:29] 	> Projecting Achillea.atrata_PA2_RUN1_ANN ...
[2026-08-01 20:25:29] 		Writing projection on hard drive...
[2026-08-01 20:25:29] 		 /work/data/output_disk_sp1_6cpu/Achillea.atrata/proj_gfdl.esm4_ssp370/individual_projections/proj_gfdl.esm4_ssp370_Achillea.atrata_PA1_RUN4_FDA.tif
[2026-08-01 20:25:38] 	> Projecting Achillea.atrata_PA1_RUN5_MAXNET ...
[2026-08-01 20:25:39] 		Writing projection on hard drive...
[2026-08-01 20:25:39] 		 /work/data/output_disk_sp1_6cpu/Achillea.atrata/proj_gfdl.esm4_ssp370/individual_projections/proj_gfdl.esm4_ssp370_Achillea.atrata_PA1_RUN5_FDA.tif
[2026-08-01 20:25:43] 	> Projecting Achillea.atrata_PA2_RUN1_MAXNET ...
[2026-08-01 20:25:43] 		Writing projection on hard drive...
[2026-08-01 20:25:43] 		 /work/data/output_disk_sp1_6cpu/Achillea.atrata/proj_gfdl.esm4_ssp370/individual_projections/proj_gfdl.esm4_ssp370_Achillea.atrata_PA1_RUN4_MAXNET.tif
[2026-08-01 20:26:06] 	> Projecting Achillea.atrata_PA2_RUN1_GLM ...
[2026-08-01 20:26:07] 		Writing projection on hard drive...
[2026-08-01 20:26:07] 		 /work/data/output_disk_sp1_6cpu/Achillea.atrata/proj_gfdl.esm4_ssp370/individual_projections/proj_gfdl.esm4_ssp370_Achillea.atrata_PA2_RUN1_FDA.tif
[2026-08-01 20:26:20] 	> Projecting Achillea.atrata_PA2_RUN2_MAXNET ...
[2026-08-01 20:26:21] 		Writing projection on hard drive...
[2026-08-01 20:26:21] 		 /work/data/output_disk_sp1_6cpu/Achillea.atrata/proj_gfdl.esm4_ssp370/individual_projections/proj_gfdl.esm4_ssp370_Achillea.atrata_PA1_RUN5_MAXNET.tif
[2026-08-01 20:26:22] 	> Projecting Achillea.atrata_PA2_RUN2_GLM ...
[2026-08-01 20:26:23] 		Writing projection on hard drive...
[2026-08-01 20:26:23] 		 /work/data/output_disk_sp1_6cpu/Achillea.atrata/proj_gfdl.esm4_ssp370/individual_projections/proj_gfdl.esm4_ssp370_Achillea.atrata_PA2_RUN1_GLM.tif
[2026-08-01 20:26:29] 	> Projecting Achillea.atrata_PA2_RUN2_GBM ...
[2026-08-01 20:26:30] 		Writing projection on hard drive...
[2026-08-01 20:26:30] 		Writing projection on hard drive...
[2026-08-01 20:26:30] 		 /work/data/output_disk_sp1_6cpu/Achillea.atrata/proj_gfdl.esm4_ssp370/individual_projections/proj_gfdl.esm4_ssp370_Achillea.atrata_PA2_RUN1_MAXNET.tif
[2026-08-01 20:26:30] 	> Projecting Achillea.atrata_PA2_RUN3_GLM ...
[2026-08-01 20:26:30] 		 /work/data/output_disk_sp1_6cpu/Achillea.atrata/proj_gfdl.esm4_ssp370/individual_projections/proj_gfdl.esm4_ssp370_Achillea.atrata_PA2_RUN1_ANN.tif
[2026-08-01 20:26:30] 	> Projecting Achillea.atrata_PA2_RUN2_FDA ...
[2026-08-01 20:26:31] 		Writing projection on hard drive...
[2026-08-01 20:26:31] 		 /work/data/output_disk_sp1_6cpu/Achillea.atrata/proj_gfdl.esm4_ssp370/individual_projections/proj_gfdl.esm4_ssp370_Achillea.atrata_PA2_RUN1_GBM.tif
[2026-08-01 20:26:51] 	> Projecting Achillea.atrata_PA2_RUN2_ANN ...
[2026-08-01 20:26:52] 		Writing projection on hard drive...
[2026-08-01 20:26:52] 		 /work/data/output_disk_sp1_6cpu/Achillea.atrata/proj_gfdl.esm4_ssp370/individual_projections/proj_gfdl.esm4_ssp370_Achillea.atrata_PA2_RUN2_MAXNET.tif
[2026-08-01 20:26:59] 	> Projecting Achillea.atrata_PA2_RUN4_GLM ...
[2026-08-01 20:27:00] 		Writing projection on hard drive...
[2026-08-01 20:27:00] 		 /work/data/output_disk_sp1_6cpu/Achillea.atrata/proj_gfdl.esm4_ssp370/individual_projections/proj_gfdl.esm4_ssp370_Achillea.atrata_PA2_RUN2_GLM.tif
[2026-08-01 20:27:08] 	> Projecting Achillea.atrata_PA2_RUN3_GBM ...
[2026-08-01 20:27:08] 		Writing projection on hard drive...
[2026-08-01 20:27:08] 		 /work/data/output_disk_sp1_6cpu/Achillea.atrata/proj_gfdl.esm4_ssp370/individual_projections/proj_gfdl.esm4_ssp370_Achillea.atrata_PA2_RUN3_GLM.tif
[2026-08-01 20:27:26] 	> Projecting Achillea.atrata_PA2_RUN4_GBM ...
[2026-08-01 20:27:26] 		Writing projection on hard drive...
[2026-08-01 20:27:26] 		 /work/data/output_disk_sp1_6cpu/Achillea.atrata/proj_gfdl.esm4_ssp370/individual_projections/proj_gfdl.esm4_ssp370_Achillea.atrata_PA2_RUN2_FDA.tif
[2026-08-01 20:27:29] 	> Projecting Achillea.atrata_PA2_RUN3_MAXNET ...
[2026-08-01 20:27:30] 		Writing projection on hard drive...
[2026-08-01 20:27:30] 		 /work/data/output_disk_sp1_6cpu/Achillea.atrata/proj_gfdl.esm4_ssp370/individual_projections/proj_gfdl.esm4_ssp370_Achillea.atrata_PA2_RUN4_GLM.tif
[2026-08-01 20:27:33] 	> Projecting Achillea.atrata_PA2_RUN5_GBM ...
[2026-08-01 20:27:34] 		Writing projection on hard drive...
[2026-08-01 20:27:34] 		 /work/data/output_disk_sp1_6cpu/Achillea.atrata/proj_gfdl.esm4_ssp370/individual_projections/proj_gfdl.esm4_ssp370_Achillea.atrata_PA2_RUN2_ANN.tif
[2026-08-01 20:28:07] 	> Projecting Achillea.atrata_PA2_RUN3_FDA ...
[2026-08-01 20:28:08] 		Writing projection on hard drive...
[2026-08-01 20:28:08] 		 /work/data/output_disk_sp1_6cpu/Achillea.atrata/proj_gfdl.esm4_ssp370/individual_projections/proj_gfdl.esm4_ssp370_Achillea.atrata_PA2_RUN3_MAXNET.tif
[2026-08-01 20:28:25] 	> Projecting Achillea.atrata_PA2_RUN5_GLM ...
[2026-08-01 20:28:26] 		Writing projection on hard drive...
[2026-08-01 20:28:26] 		 /work/data/output_disk_sp1_6cpu/Achillea.atrata/proj_gfdl.esm4_ssp370/individual_projections/proj_gfdl.esm4_ssp370_Achillea.atrata_PA2_RUN3_FDA.tif
[2026-08-01 20:28:44] 	> Projecting Achillea.atrata_PA2_RUN4_MAXNET ...
[2026-08-01 20:28:44] 		Writing projection on hard drive...
[2026-08-01 20:28:44] 		 /work/data/output_disk_sp1_6cpu/Achillea.atrata/proj_gfdl.esm4_ssp370/individual_projections/proj_gfdl.esm4_ssp370_Achillea.atrata_PA2_RUN5_GLM.tif
[2026-08-01 20:29:11] 	> Projecting Achillea.atrata_PA3_RUN1_GBM ...
[2026-08-01 20:29:12] 		Writing projection on hard drive...
[2026-08-01 20:29:12] 		 /work/data/output_disk_sp1_6cpu/Achillea.atrata/proj_gfdl.esm4_ssp370/individual_projections/proj_gfdl.esm4_ssp370_Achillea.atrata_PA2_RUN4_MAXNET.tif
[2026-08-01 20:29:47] 	> Projecting Achillea.atrata_PA3_RUN1_GLM ...
[2026-08-01 20:29:48] 		Writing projection on hard drive...
[2026-08-01 20:29:48] 		 /work/data/output_disk_sp1_6cpu/Achillea.atrata/proj_gfdl.esm4_ssp370/individual_projections/proj_gfdl.esm4_ssp370_Achillea.atrata_PA3_RUN1_GLM.tif
[2026-08-01 20:41:02] 	> Projecting Achillea.atrata_PA3_RUN2_GBM ...
[2026-08-01 20:41:03] 		Writing projection on hard drive...
[2026-08-01 20:41:03] 		 /work/data/output_disk_sp1_6cpu/Achillea.atrata/proj_gfdl.esm4_ssp370/individual_projections/proj_gfdl.esm4_ssp370_Achillea.atrata_PA2_RUN2_GBM.tif
[2026-08-01 20:41:08] 	> Projecting Achillea.atrata_PA2_RUN3_ANN ...
[2026-08-01 20:41:09] 		Writing projection on hard drive...
[2026-08-01 20:41:09] 		 /work/data/output_disk_sp1_6cpu/Achillea.atrata/proj_gfdl.esm4_ssp370/individual_projections/proj_gfdl.esm4_ssp370_Achillea.atrata_PA2_RUN3_GBM.tif
[2026-08-01 20:41:25] 	> Projecting Achillea.atrata_PA2_RUN4_ANN ...
[2026-08-01 20:41:26] 		Writing projection on hard drive...
[2026-08-01 20:41:26] 		 /work/data/output_disk_sp1_6cpu/Achillea.atrata/proj_gfdl.esm4_ssp370/individual_projections/proj_gfdl.esm4_ssp370_Achillea.atrata_PA2_RUN4_GBM.tif
[2026-08-01 20:41:57] 	> Projecting Achillea.atrata_PA2_RUN5_ANN ...
[2026-08-01 20:41:58] 		Writing projection on hard drive...
[2026-08-01 20:41:58] 		 /work/data/output_disk_sp1_6cpu/Achillea.atrata/proj_gfdl.esm4_ssp370/individual_projections/proj_gfdl.esm4_ssp370_Achillea.atrata_PA2_RUN5_GBM.tif
[2026-08-01 20:42:04] 	> Projecting Achillea.atrata_PA3_RUN1_ANN ...
[2026-08-01 20:42:04] 		Writing projection on hard drive...
[2026-08-01 20:42:04] 		 /work/data/output_disk_sp1_6cpu/Achillea.atrata/proj_gfdl.esm4_ssp370/individual_projections/proj_gfdl.esm4_ssp370_Achillea.atrata_PA2_RUN3_ANN.tif
[2026-08-01 20:42:11] 	> Projecting Achillea.atrata_PA2_RUN4_FDA ...
[2026-08-01 20:42:12] 		Writing projection on hard drive...
[2026-08-01 20:42:12] 		 /work/data/output_disk_sp1_6cpu/Achillea.atrata/proj_gfdl.esm4_ssp370/individual_projections/proj_gfdl.esm4_ssp370_Achillea.atrata_PA2_RUN4_ANN.tif
[2026-08-01 20:42:27] 	> Projecting Achillea.atrata_PA2_RUN5_FDA ...
[2026-08-01 20:42:28] 		Writing projection on hard drive...
[2026-08-01 20:42:28] 		 /work/data/output_disk_sp1_6cpu/Achillea.atrata/proj_gfdl.esm4_ssp370/individual_projections/proj_gfdl.esm4_ssp370_Achillea.atrata_PA2_RUN5_ANN.tif
[2026-08-01 20:42:29] 	> Projecting Achillea.atrata_PA3_RUN1_FDA ...
[2026-08-01 20:42:30] 		Writing projection on hard drive...
[2026-08-01 20:42:30] 		 /work/data/output_disk_sp1_6cpu/Achillea.atrata/proj_gfdl.esm4_ssp370/individual_projections/proj_gfdl.esm4_ssp370_Achillea.atrata_PA3_RUN1_GBM.tif
[2026-08-01 20:42:59] 	> Projecting Achillea.atrata_PA3_RUN2_ANN ...
[2026-08-01 20:42:59] 		Writing projection on hard drive...
[2026-08-01 20:42:59] 		 /work/data/output_disk_sp1_6cpu/Achillea.atrata/proj_gfdl.esm4_ssp370/individual_projections/proj_gfdl.esm4_ssp370_Achillea.atrata_PA3_RUN2_GBM.tif
[2026-08-01 20:43:00] 	> Projecting Achillea.atrata_PA3_RUN3_ANN ...
[2026-08-01 20:43:01] 		Writing projection on hard drive...
[2026-08-01 20:43:01] 		 /work/data/output_disk_sp1_6cpu/Achillea.atrata/proj_gfdl.esm4_ssp370/individual_projections/proj_gfdl.esm4_ssp370_Achillea.atrata_PA3_RUN1_ANN.tif
[2026-08-01 20:43:03] 	> Projecting Achillea.atrata_PA3_RUN2_FDA ...
[2026-08-01 20:43:04] 		Writing projection on hard drive...
[2026-08-01 20:43:04] 		 /work/data/output_disk_sp1_6cpu/Achillea.atrata/proj_gfdl.esm4_ssp370/individual_projections/proj_gfdl.esm4_ssp370_Achillea.atrata_PA2_RUN4_FDA.tif
[2026-08-01 20:43:06] 	> Projecting Achillea.atrata_PA2_RUN5_MAXNET ...
[2026-08-01 20:43:07] 		Writing projection on hard drive...
[2026-08-01 20:43:07] 		 /work/data/output_disk_sp1_6cpu/Achillea.atrata/proj_gfdl.esm4_ssp370/individual_projections/proj_gfdl.esm4_ssp370_Achillea.atrata_PA2_RUN5_FDA.tif
[2026-08-01 20:43:22] 	> Projecting Achillea.atrata_PA3_RUN1_MAXNET ...
[2026-08-01 20:43:23] 		Writing projection on hard drive...
[2026-08-01 20:43:23] 		 /work/data/output_disk_sp1_6cpu/Achillea.atrata/proj_gfdl.esm4_ssp370/individual_projections/proj_gfdl.esm4_ssp370_Achillea.atrata_PA3_RUN1_FDA.tif
[2026-08-01 20:43:29] 	> Projecting Achillea.atrata_PA3_RUN2_MAXNET ...
[2026-08-01 20:43:30] 		Writing projection on hard drive...
[2026-08-01 20:43:30] 		 /work/data/output_disk_sp1_6cpu/Achillea.atrata/proj_gfdl.esm4_ssp370/individual_projections/proj_gfdl.esm4_ssp370_Achillea.atrata_PA3_RUN2_ANN.tif
[2026-08-01 20:43:51] 	> Projecting Achillea.atrata_PA3_RUN3_FDA ...
[2026-08-01 20:43:51] 		Writing projection on hard drive...
[2026-08-01 20:43:51] 		 /work/data/output_disk_sp1_6cpu/Achillea.atrata/proj_gfdl.esm4_ssp370/individual_projections/proj_gfdl.esm4_ssp370_Achillea.atrata_PA2_RUN5_MAXNET.tif
[2026-08-01 20:43:53] 	> Projecting Achillea.atrata_PA3_RUN2_GLM ...
[2026-08-01 20:43:54] 		Writing projection on hard drive...
[2026-08-01 20:43:54] 		 /work/data/output_disk_sp1_6cpu/Achillea.atrata/proj_gfdl.esm4_ssp370/individual_projections/proj_gfdl.esm4_ssp370_Achillea.atrata_PA3_RUN2_FDA.tif
[2026-08-01 20:43:55] 	> Projecting Achillea.atrata_PA3_RUN3_MAXNET ...
[2026-08-01 20:43:55] 		Writing projection on hard drive...
[2026-08-01 20:43:55] 		 /work/data/output_disk_sp1_6cpu/Achillea.atrata/proj_gfdl.esm4_ssp370/individual_projections/proj_gfdl.esm4_ssp370_Achillea.atrata_PA3_RUN1_MAXNET.tif
[2026-08-01 20:44:07] 	> Projecting Achillea.atrata_PA3_RUN3_GLM ...
[2026-08-01 20:44:08] 		Writing projection on hard drive...
[2026-08-01 20:44:08] 		Writing projection on hard drive...
[2026-08-01 20:44:08] 		 /work/data/output_disk_sp1_6cpu/Achillea.atrata/proj_gfdl.esm4_ssp370/individual_projections/proj_gfdl.esm4_ssp370_Achillea.atrata_PA3_RUN3_ANN.tif
[2026-08-01 20:44:09] 	> Projecting Achillea.atrata_PA3_RUN4_FDA ...
[2026-08-01 20:44:09] 		 /work/data/output_disk_sp1_6cpu/Achillea.atrata/proj_gfdl.esm4_ssp370/individual_projections/proj_gfdl.esm4_ssp370_Achillea.atrata_PA3_RUN2_MAXNET.tif
[2026-08-01 20:44:19] 	> Projecting Achillea.atrata_PA3_RUN4_GLM ...
[2026-08-01 20:44:20] 		Writing projection on hard drive...
[2026-08-01 20:44:20] 		 /work/data/output_disk_sp1_6cpu/Achillea.atrata/proj_gfdl.esm4_ssp370/individual_projections/proj_gfdl.esm4_ssp370_Achillea.atrata_PA3_RUN3_FDA.tif
[2026-08-01 20:44:30] 	> Projecting Achillea.atrata_PA3_RUN4_MAXNET ...
[2026-08-01 20:44:30] 		Writing projection on hard drive...
[2026-08-01 20:44:30] 		Writing projection on hard drive...
[2026-08-01 20:44:30] 		 /work/data/output_disk_sp1_6cpu/Achillea.atrata/proj_gfdl.esm4_ssp370/individual_projections/proj_gfdl.esm4_ssp370_Achillea.atrata_PA3_RUN2_GLM.tif
[2026-08-01 20:44:31] 	> Projecting Achillea.atrata_PA3_RUN3_GBM ...
[2026-08-01 20:44:31] 		 /work/data/output_disk_sp1_6cpu/Achillea.atrata/proj_gfdl.esm4_ssp370/individual_projections/proj_gfdl.esm4_ssp370_Achillea.atrata_PA3_RUN3_GLM.tif
[2026-08-01 20:44:37] 	> Projecting Achillea.atrata_PA3_RUN4_GBM ...
[2026-08-01 20:44:37] 		Writing projection on hard drive...
[2026-08-01 20:44:37] 		 /work/data/output_disk_sp1_6cpu/Achillea.atrata/proj_gfdl.esm4_ssp370/individual_projections/proj_gfdl.esm4_ssp370_Achillea.atrata_PA3_RUN3_MAXNET.tif
[2026-08-01 20:44:46] 	> Projecting Achillea.atrata_PA3_RUN5_GLM ...
[2026-08-01 20:44:46] 		Writing projection on hard drive...
[2026-08-01 20:44:46] 		 /work/data/output_disk_sp1_6cpu/Achillea.atrata/proj_gfdl.esm4_ssp370/individual_projections/proj_gfdl.esm4_ssp370_Achillea.atrata_PA3_RUN4_GLM.tif
[2026-08-01 20:44:52] 	> Projecting Achillea.atrata_PA3_RUN5_GBM ...
[2026-08-01 20:44:52] 		Writing projection on hard drive...
[2026-08-01 20:44:52] 		 /work/data/output_disk_sp1_6cpu/Achillea.atrata/proj_gfdl.esm4_ssp370/individual_projections/proj_gfdl.esm4_ssp370_Achillea.atrata_PA3_RUN4_FDA.tif
[2026-08-01 20:45:01] 	> Projecting Achillea.atrata_PA3_RUN5_MAXNET ...
[2026-08-01 20:45:02] 		Writing projection on hard drive...
[2026-08-01 20:45:02] 		 /work/data/output_disk_sp1_6cpu/Achillea.atrata/proj_gfdl.esm4_ssp370/individual_projections/proj_gfdl.esm4_ssp370_Achillea.atrata_PA3_RUN4_MAXNET.tif
[2026-08-01 20:45:16] 	> Projecting Achillea.atrata_PA4_RUN1_GLM ...
[2026-08-01 20:45:17] 		Writing projection on hard drive...
[2026-08-01 20:45:17] 		 /work/data/output_disk_sp1_6cpu/Achillea.atrata/proj_gfdl.esm4_ssp370/individual_projections/proj_gfdl.esm4_ssp370_Achillea.atrata_PA3_RUN5_GLM.tif
[2026-08-01 20:45:34] 	> Projecting Achillea.atrata_PA4_RUN1_GBM ...
[2026-08-01 20:45:34] 		Writing projection on hard drive...
[2026-08-01 20:45:35] 		Writing projection on hard drive...
[2026-08-01 20:45:35] 		 /work/data/output_disk_sp1_6cpu/Achillea.atrata/proj_gfdl.esm4_ssp370/individual_projections/proj_gfdl.esm4_ssp370_Achillea.atrata_PA3_RUN5_MAXNET.tif
[2026-08-01 20:45:35] 	> Projecting Achillea.atrata_PA4_RUN2_GLM ...
[2026-08-01 20:45:35] 		 /work/data/output_disk_sp1_6cpu/Achillea.atrata/proj_gfdl.esm4_ssp370/individual_projections/proj_gfdl.esm4_ssp370_Achillea.atrata_PA4_RUN1_GLM.tif
[2026-08-01 20:46:11] 	> Projecting Achillea.atrata_PA4_RUN2_GBM ...
[2026-08-01 20:46:12] 		Writing projection on hard drive...
[2026-08-01 20:46:12] 		 /work/data/output_disk_sp1_6cpu/Achillea.atrata/proj_gfdl.esm4_ssp370/individual_projections/proj_gfdl.esm4_ssp370_Achillea.atrata_PA4_RUN2_GLM.tif
[2026-08-01 20:58:21] 	> Projecting Achillea.atrata_PA4_RUN3_GBM ...
[2026-08-01 20:58:21] 		Writing projection on hard drive...
[2026-08-01 20:58:21] 		 /work/data/output_disk_sp1_6cpu/Achillea.atrata/proj_gfdl.esm4_ssp370/individual_projections/proj_gfdl.esm4_ssp370_Achillea.atrata_PA3_RUN4_GBM.tif
[2026-08-01 20:58:27] 	> Projecting Achillea.atrata_PA3_RUN5_ANN ...
[2026-08-01 20:58:28] 		Writing projection on hard drive...
[2026-08-01 20:58:28] 		 /work/data/output_disk_sp1_6cpu/Achillea.atrata/proj_gfdl.esm4_ssp370/individual_projections/proj_gfdl.esm4_ssp370_Achillea.atrata_PA3_RUN5_GBM.tif
[2026-08-01 20:58:43] 	> Projecting Achillea.atrata_PA4_RUN1_ANN ...
[2026-08-01 20:58:44] 		Writing projection on hard drive...
[2026-08-01 20:58:44] 		 /work/data/output_disk_sp1_6cpu/Achillea.atrata/proj_gfdl.esm4_ssp370/individual_projections/proj_gfdl.esm4_ssp370_Achillea.atrata_PA3_RUN3_GBM.tif
[2026-08-01 20:59:16] 	> Projecting Achillea.atrata_PA3_RUN4_ANN ...
[2026-08-01 20:59:17] 		Writing projection on hard drive...
[2026-08-01 20:59:17] 		 /work/data/output_disk_sp1_6cpu/Achillea.atrata/proj_gfdl.esm4_ssp370/individual_projections/proj_gfdl.esm4_ssp370_Achillea.atrata_PA3_RUN5_ANN.tif
[2026-08-01 20:59:26] 	> Projecting Achillea.atrata_PA4_RUN1_FDA ...
[2026-08-01 20:59:27] 		Writing projection on hard drive...
[2026-08-01 20:59:27] 		 /work/data/output_disk_sp1_6cpu/Achillea.atrata/proj_gfdl.esm4_ssp370/individual_projections/proj_gfdl.esm4_ssp370_Achillea.atrata_PA4_RUN1_ANN.tif
[2026-08-01 20:59:28] 	> Projecting Achillea.atrata_PA4_RUN2_FDA ...
[2026-08-01 20:59:29] 		Writing projection on hard drive...
[2026-08-01 20:59:29] 		 /work/data/output_disk_sp1_6cpu/Achillea.atrata/proj_gfdl.esm4_ssp370/individual_projections/proj_gfdl.esm4_ssp370_Achillea.atrata_PA4_RUN1_GBM.tif
[2026-08-01 20:59:29] 	> Projecting Achillea.atrata_PA4_RUN2_ANN ...
[2026-08-01 20:59:30] 		Writing projection on hard drive...
[2026-08-01 20:59:30] 		 /work/data/output_disk_sp1_6cpu/Achillea.atrata/proj_gfdl.esm4_ssp370/individual_projections/proj_gfdl.esm4_ssp370_Achillea.atrata_PA4_RUN2_GBM.tif
[2026-08-01 20:59:48] 	> Projecting Achillea.atrata_PA4_RUN3_ANN ...
[2026-08-01 20:59:49] 		Writing projection on hard drive...
[2026-08-01 20:59:49] 		 /work/data/output_disk_sp1_6cpu/Achillea.atrata/proj_gfdl.esm4_ssp370/individual_projections/proj_gfdl.esm4_ssp370_Achillea.atrata_PA4_RUN3_GBM.tif
[2026-08-01 20:59:49] 	> Projecting Achillea.atrata_PA4_RUN4_ANN ...
[2026-08-01 20:59:50] 		Writing projection on hard drive...
[2026-08-01 20:59:50] 		 /work/data/output_disk_sp1_6cpu/Achillea.atrata/proj_gfdl.esm4_ssp370/individual_projections/proj_gfdl.esm4_ssp370_Achillea.atrata_PA3_RUN4_ANN.tif
[2026-08-01 21:00:10] 	> Projecting Achillea.atrata_PA3_RUN5_FDA ...
[2026-08-01 21:00:10] 		Writing projection on hard drive...
[2026-08-01 21:00:10] 		 /work/data/output_disk_sp1_6cpu/Achillea.atrata/proj_gfdl.esm4_ssp370/individual_projections/proj_gfdl.esm4_ssp370_Achillea.atrata_PA4_RUN1_FDA.tif
[2026-08-01 21:00:18] 	> Projecting Achillea.atrata_PA4_RUN2_MAXNET ...
[2026-08-01 21:00:18] 		Writing projection on hard drive...
[2026-08-01 21:00:18] 		 /work/data/output_disk_sp1_6cpu/Achillea.atrata/proj_gfdl.esm4_ssp370/individual_projections/proj_gfdl.esm4_ssp370_Achillea.atrata_PA4_RUN2_FDA.tif
[2026-08-01 21:00:23] 	> Projecting Achillea.atrata_PA4_RUN3_MAXNET ...
[2026-08-01 21:00:24] 		Writing projection on hard drive...
[2026-08-01 21:00:24] 		 /work/data/output_disk_sp1_6cpu/Achillea.atrata/proj_gfdl.esm4_ssp370/individual_projections/proj_gfdl.esm4_ssp370_Achillea.atrata_PA4_RUN3_ANN.tif
[2026-08-01 21:00:37] 	> Projecting Achillea.atrata_PA4_RUN4_FDA ...
[2026-08-01 21:00:38] 		Writing projection on hard drive...
[2026-08-01 21:00:38] 		 /work/data/output_disk_sp1_6cpu/Achillea.atrata/proj_gfdl.esm4_ssp370/individual_projections/proj_gfdl.esm4_ssp370_Achillea.atrata_PA4_RUN2_ANN.tif
[2026-08-01 21:00:40] 	> Projecting Achillea.atrata_PA4_RUN3_FDA ...
[2026-08-01 21:00:41] 		Writing projection on hard drive...
[2026-08-01 21:00:41] 		 /work/data/output_disk_sp1_6cpu/Achillea.atrata/proj_gfdl.esm4_ssp370/individual_projections/proj_gfdl.esm4_ssp370_Achillea.atrata_PA4_RUN4_ANN.tif
[2026-08-01 21:00:41] 	> Projecting Achillea.atrata_PA4_RUN5_FDA ...
[2026-08-01 21:00:42] 		Writing projection on hard drive...
[2026-08-01 21:00:42] 		 /work/data/output_disk_sp1_6cpu/Achillea.atrata/proj_gfdl.esm4_ssp370/individual_projections/proj_gfdl.esm4_ssp370_Achillea.atrata_PA3_RUN5_FDA.tif
[2026-08-01 21:00:55] 	> Projecting Achillea.atrata_PA4_RUN1_MAXNET ...
[2026-08-01 21:00:56] 		Writing projection on hard drive...
[2026-08-01 21:00:56] 		 /work/data/output_disk_sp1_6cpu/Achillea.atrata/proj_gfdl.esm4_ssp370/individual_projections/proj_gfdl.esm4_ssp370_Achillea.atrata_PA4_RUN2_MAXNET.tif
[2026-08-01 21:01:07] 	> Projecting Achillea.atrata_PA4_RUN4_GLM ...
[2026-08-01 21:01:07] 		Writing projection on hard drive...
[2026-08-01 21:01:07] 		 /work/data/output_disk_sp1_6cpu/Achillea.atrata/proj_gfdl.esm4_ssp370/individual_projections/proj_gfdl.esm4_ssp370_Achillea.atrata_PA4_RUN3_MAXNET.tif
[2026-08-01 21:01:18] 	> Projecting Achillea.atrata_PA4_RUN5_GLM ...
[2026-08-01 21:01:19] 		Writing projection on hard drive...
[2026-08-01 21:01:19] 		 /work/data/output_disk_sp1_6cpu/Achillea.atrata/proj_gfdl.esm4_ssp370/individual_projections/proj_gfdl.esm4_ssp370_Achillea.atrata_PA4_RUN4_FDA.tif
[2026-08-01 21:01:27] 	> Projecting Achillea.atrata_PA4_RUN5_MAXNET ...
[2026-08-01 21:01:28] 		Writing projection on hard drive...
[2026-08-01 21:01:28] 		 /work/data/output_disk_sp1_6cpu/Achillea.atrata/proj_gfdl.esm4_ssp370/individual_projections/proj_gfdl.esm4_ssp370_Achillea.atrata_PA4_RUN1_MAXNET.tif
[2026-08-01 21:01:32] 	> Projecting Achillea.atrata_PA4_RUN3_GLM ...
[2026-08-01 21:01:33] 		Writing projection on hard drive...
[2026-08-01 21:01:33] 		 /work/data/output_disk_sp1_6cpu/Achillea.atrata/proj_gfdl.esm4_ssp370/individual_projections/proj_gfdl.esm4_ssp370_Achillea.atrata_PA4_RUN5_FDA.tif
[2026-08-01 21:01:35] 	> Projecting Achillea.atrata_PA5_RUN1_MAXNET ...
[2026-08-01 21:01:35] 		Writing projection on hard drive...
[2026-08-01 21:01:35] 		 /work/data/output_disk_sp1_6cpu/Achillea.atrata/proj_gfdl.esm4_ssp370/individual_projections/proj_gfdl.esm4_ssp370_Achillea.atrata_PA4_RUN3_FDA.tif
[2026-08-01 21:01:37] 	> Projecting Achillea.atrata_PA4_RUN4_MAXNET ...
[2026-08-01 21:01:38] 		Writing projection on hard drive...
[2026-08-01 21:01:38] 		 /work/data/output_disk_sp1_6cpu/Achillea.atrata/proj_gfdl.esm4_ssp370/individual_projections/proj_gfdl.esm4_ssp370_Achillea.atrata_PA4_RUN4_GLM.tif
[2026-08-01 21:01:48] 	> Projecting Achillea.atrata_PA4_RUN5_GBM ...
[2026-08-01 21:01:48] 		Writing projection on hard drive...
[2026-08-01 21:01:48] 		 /work/data/output_disk_sp1_6cpu/Achillea.atrata/proj_gfdl.esm4_ssp370/individual_projections/proj_gfdl.esm4_ssp370_Achillea.atrata_PA4_RUN5_GLM.tif
[2026-08-01 21:02:06] 	> Projecting Achillea.atrata_PA5_RUN1_GBM ...
[2026-08-01 21:02:06] 		Writing projection on hard drive...
[2026-08-01 21:02:06] 		Writing projection on hard drive...
[2026-08-01 21:02:06] 		 /work/data/output_disk_sp1_6cpu/Achillea.atrata/proj_gfdl.esm4_ssp370/individual_projections/proj_gfdl.esm4_ssp370_Achillea.atrata_PA4_RUN3_GLM.tif
[2026-08-01 21:02:07] 	> Projecting Achillea.atrata_PA4_RUN4_GBM ...
[2026-08-01 21:02:07] 		 /work/data/output_disk_sp1_6cpu/Achillea.atrata/proj_gfdl.esm4_ssp370/individual_projections/proj_gfdl.esm4_ssp370_Achillea.atrata_PA4_RUN5_MAXNET.tif
[2026-08-01 21:02:14] 	> Projecting Achillea.atrata_PA5_RUN2_GLM ...
[2026-08-01 21:02:14] 		Writing projection on hard drive...
[2026-08-01 21:02:14] 		 /work/data/output_disk_sp1_6cpu/Achillea.atrata/proj_gfdl.esm4_ssp370/individual_projections/proj_gfdl.esm4_ssp370_Achillea.atrata_PA5_RUN1_MAXNET.tif
[2026-08-01 21:02:21] 	> Projecting Achillea.atrata_PA5_RUN3_GLM ...
[2026-08-01 21:02:22] 		Writing projection on hard drive...
[2026-08-01 21:02:22] 		 /work/data/output_disk_sp1_6cpu/Achillea.atrata/proj_gfdl.esm4_ssp370/individual_projections/proj_gfdl.esm4_ssp370_Achillea.atrata_PA4_RUN4_MAXNET.tif
[2026-08-01 21:02:44] 	> Projecting Achillea.atrata_PA5_RUN1_GLM ...
[2026-08-01 21:02:45] 		Writing projection on hard drive...
[2026-08-01 21:02:45] 		 /work/data/output_disk_sp1_6cpu/Achillea.atrata/proj_gfdl.esm4_ssp370/individual_projections/proj_gfdl.esm4_ssp370_Achillea.atrata_PA5_RUN2_GLM.tif
[2026-08-01 21:02:52] 	> Projecting Achillea.atrata_PA5_RUN3_GBM ...
[2026-08-01 21:02:53] 		Writing projection on hard drive...
[2026-08-01 21:02:53] 		 /work/data/output_disk_sp1_6cpu/Achillea.atrata/proj_gfdl.esm4_ssp370/individual_projections/proj_gfdl.esm4_ssp370_Achillea.atrata_PA5_RUN3_GLM.tif
[2026-08-01 21:03:03] 	> Projecting Achillea.atrata_PA5_RUN4_GBM ...
[2026-08-01 21:03:04] 		Writing projection on hard drive...
[2026-08-01 21:03:04] 		 /work/data/output_disk_sp1_6cpu/Achillea.atrata/proj_gfdl.esm4_ssp370/individual_projections/proj_gfdl.esm4_ssp370_Achillea.atrata_PA5_RUN1_GLM.tif
[2026-08-01 21:15:41] 	> Projecting Achillea.atrata_PA5_RUN2_GBM ...
[2026-08-01 21:15:42] 		Writing projection on hard drive...
[2026-08-01 21:15:42] 		 /work/data/output_disk_sp1_6cpu/Achillea.atrata/proj_gfdl.esm4_ssp370/individual_projections/proj_gfdl.esm4_ssp370_Achillea.atrata_PA4_RUN5_GBM.tif
[2026-08-01 21:15:44] 	> Projecting Achillea.atrata_PA5_RUN1_ANN ...
[2026-08-01 21:15:44] 		Writing projection on hard drive...
[2026-08-01 21:15:44] 		 /work/data/output_disk_sp1_6cpu/Achillea.atrata/proj_gfdl.esm4_ssp370/individual_projections/proj_gfdl.esm4_ssp370_Achillea.atrata_PA5_RUN1_GBM.tif
[2026-08-01 21:16:13] 	> Projecting Achillea.atrata_PA5_RUN2_ANN ...
[2026-08-01 21:16:14] 		Writing projection on hard drive...
[2026-08-01 21:16:14] 		 /work/data/output_disk_sp1_6cpu/Achillea.atrata/proj_gfdl.esm4_ssp370/individual_projections/proj_gfdl.esm4_ssp370_Achillea.atrata_PA4_RUN4_GBM.tif
[2026-08-01 21:16:26] 	> Projecting Achillea.atrata_PA4_RUN5_ANN ...
[2026-08-01 21:16:27] 		Writing projection on hard drive...
[2026-08-01 21:16:27] 		 /work/data/output_disk_sp1_6cpu/Achillea.atrata/proj_gfdl.esm4_ssp370/individual_projections/proj_gfdl.esm4_ssp370_Achillea.atrata_PA5_RUN3_GBM.tif
[2026-08-01 21:16:38] 	> Projecting Achillea.atrata_PA5_RUN4_ANN ...
[2026-08-01 21:16:39] 		Writing projection on hard drive...
[2026-08-01 21:16:39] 		 /work/data/output_disk_sp1_6cpu/Achillea.atrata/proj_gfdl.esm4_ssp370/individual_projections/proj_gfdl.esm4_ssp370_Achillea.atrata_PA5_RUN1_ANN.tif
[2026-08-01 21:16:39] 	> Projecting Achillea.atrata_PA5_RUN2_FDA ...
[2026-08-01 21:16:40] 		Writing projection on hard drive...
[2026-08-01 21:16:40] 		 /work/data/output_disk_sp1_6cpu/Achillea.atrata/proj_gfdl.esm4_ssp370/individual_projections/proj_gfdl.esm4_ssp370_Achillea.atrata_PA5_RUN2_ANN.tif
[2026-08-01 21:16:48] 	> Projecting Achillea.atrata_PA5_RUN3_FDA ...
[2026-08-01 21:16:48] 		Writing projection on hard drive...
[2026-08-01 21:16:49] 		Writing projection on hard drive...
[2026-08-01 21:16:49] 		 /work/data/output_disk_sp1_6cpu/Achillea.atrata/proj_gfdl.esm4_ssp370/individual_projections/proj_gfdl.esm4_ssp370_Achillea.atrata_PA5_RUN4_GBM.tif
[2026-08-01 21:16:49] 	> Projecting Achillea.atrata_PA5_RUN5_ANN ...
[2026-08-01 21:16:49] 		 /work/data/output_disk_sp1_6cpu/Achillea.atrata/proj_gfdl.esm4_ssp370/individual_projections/proj_gfdl.esm4_ssp370_Achillea.atrata_PA5_RUN2_GBM.tif
[2026-08-01 21:17:15] 	> Projecting Achillea.atrata_PA5_RUN3_ANN ...
[2026-08-01 21:17:16] 		Writing projection on hard drive...
[2026-08-01 21:17:16] 		 /work/data/output_disk_sp1_6cpu/Achillea.atrata/proj_gfdl.esm4_ssp370/individual_projections/proj_gfdl.esm4_ssp370_Achillea.atrata_PA4_RUN5_ANN.tif
[2026-08-01 21:17:29] 	> Projecting Achillea.atrata_PA5_RUN1_FDA ...
[2026-08-01 21:17:30] 		Writing projection on hard drive...
[2026-08-01 21:17:30] 		 /work/data/output_disk_sp1_6cpu/Achillea.atrata/proj_gfdl.esm4_ssp370/individual_projections/proj_gfdl.esm4_ssp370_Achillea.atrata_PA5_RUN4_ANN.tif
[2026-08-01 21:17:32] 	> Projecting Achillea.atrata_PA5_RUN5_FDA ...
[2026-08-01 21:17:33] 		Writing projection on hard drive...
[2026-08-01 21:17:33] 		 /work/data/output_disk_sp1_6cpu/Achillea.atrata/proj_gfdl.esm4_ssp370/individual_projections/proj_gfdl.esm4_ssp370_Achillea.atrata_PA5_RUN3_FDA.tif
[2026-08-01 21:17:33] 	> Projecting Achillea.atrata_PA5_RUN4_MAXNET ...
[2026-08-01 21:17:34] 		Writing projection on hard drive...
[2026-08-01 21:17:34] 		 /work/data/output_disk_sp1_6cpu/Achillea.atrata/proj_gfdl.esm4_ssp370/individual_projections/proj_gfdl.esm4_ssp370_Achillea.atrata_PA5_RUN2_FDA.tif
[2026-08-01 21:17:48] 	> Projecting Achillea.atrata_PA5_RUN3_MAXNET ...
[2026-08-01 21:17:49] 		Writing projection on hard drive...
[2026-08-01 21:17:49] 		 /work/data/output_disk_sp1_6cpu/Achillea.atrata/proj_gfdl.esm4_ssp370/individual_projections/proj_gfdl.esm4_ssp370_Achillea.atrata_PA5_RUN3_ANN.tif
[2026-08-01 21:17:50] 	> Projecting Achillea.atrata_PA5_RUN4_FDA ...
[2026-08-01 21:17:50] 		Writing projection on hard drive...
[2026-08-01 21:18:11] 		 /work/data/output_disk_sp1_6cpu/Achillea.atrata/proj_gfdl.esm4_ssp370/individual_projections/proj_gfdl.esm4_ssp370_Achillea.atrata_PA5_RUN5_ANN.tif
[2026-08-01 21:18:12] 		Writing projection on hard drive...
[2026-08-01 21:18:12] 		 /work/data/output_disk_sp1_6cpu/Achillea.atrata/proj_gfdl.esm4_ssp370/individual_projections/proj_gfdl.esm4_ssp370_Achillea.atrata_PA5_RUN1_FDA.tif
[2026-08-01 21:18:14] 	> Projecting Achillea.atrata_PA5_RUN2_MAXNET ...
[2026-08-01 21:18:15] 		Writing projection on hard drive...
[2026-08-01 21:18:19] 		 /work/data/output_disk_sp1_6cpu/Achillea.atrata/proj_gfdl.esm4_ssp370/individual_projections/proj_gfdl.esm4_ssp370_Achillea.atrata_PA5_RUN4_MAXNET.tif
[2026-08-01 21:18:20] 		Writing projection on hard drive...
[2026-08-01 21:18:20] 		 /work/data/output_disk_sp1_6cpu/Achillea.atrata/proj_gfdl.esm4_ssp370/individual_projections/proj_gfdl.esm4_ssp370_Achillea.atrata_PA5_RUN3_MAXNET.tif
[2026-08-01 21:18:20] 	> Projecting Achillea.atrata_PA5_RUN5_GLM ...
[2026-08-01 21:18:20] 		Writing projection on hard drive...
[2026-08-01 21:18:38] 		 /work/data/output_disk_sp1_6cpu/Achillea.atrata/proj_gfdl.esm4_ssp370/individual_projections/proj_gfdl.esm4_ssp370_Achillea.atrata_PA5_RUN5_FDA.tif
[2026-08-01 21:18:39] 		Writing projection on hard drive...
[2026-08-01 21:18:39] 		 /work/data/output_disk_sp1_6cpu/Achillea.atrata/proj_gfdl.esm4_ssp370/individual_projections/proj_gfdl.esm4_ssp370_Achillea.atrata_PA5_RUN4_FDA.tif
[2026-08-01 21:18:56] 	> Projecting Achillea.atrata_PA5_RUN5_MAXNET ...
[2026-08-01 21:18:57] 		Writing projection on hard drive...
[2026-08-01 21:18:57] 		 /work/data/output_disk_sp1_6cpu/Achillea.atrata/proj_gfdl.esm4_ssp370/individual_projections/proj_gfdl.esm4_ssp370_Achillea.atrata_PA5_RUN2_MAXNET.tif
[2026-08-01 21:18:57] 	> Projecting Achillea.atrata_PA5_RUN4_GLM ...
[2026-08-01 21:18:58] 		Writing projection on hard drive...
[2026-08-01 21:19:19] 		 /work/data/output_disk_sp1_6cpu/Achillea.atrata/proj_gfdl.esm4_ssp370/individual_projections/proj_gfdl.esm4_ssp370_Achillea.atrata_PA5_RUN5_GLM.tif
[2026-08-01 21:19:20] 		Writing projection on hard drive...
[2026-08-01 21:19:34] 		 /work/data/output_disk_sp1_6cpu/Achillea.atrata/proj_gfdl.esm4_ssp370/individual_projections/proj_gfdl.esm4_ssp370_Achillea.atrata_PA5_RUN5_MAXNET.tif
[2026-08-01 21:19:35] 		Writing projection on hard drive...
[2026-08-01 21:19:35] 		 /work/data/output_disk_sp1_6cpu/Achillea.atrata/proj_gfdl.esm4_ssp370/individual_projections/proj_gfdl.esm4_ssp370_Achillea.atrata_PA5_RUN4_GLM.tif
[2026-08-01 21:33:16] 	> Projecting Achillea.atrata_PA5_RUN5_GBM ...
[2026-08-01 21:33:17] 		Writing projection on hard drive...
[2026-08-01 21:33:17] 		 /work/data/output_disk_sp1_6cpu/Achillea.atrata/proj_gfdl.esm4_ssp370/individual_projections/proj_gfdl.esm4_ssp370_Achillea.atrata_PA5_RUN5_GBM.tif
[2026-08-01 21:33:17] -=-=-=-=-=-=-=-=-=-=-=-=-=-=-=-=-=-= Done -=-=-=-=-=-=-=-=-=-=-=-=-=-=-=-=-=-=
[2026-08-01 21:33:17] 
[2026-08-01 21:33:17] -=-=-=-=-=-=-=-=-=-=-=-= Do Ensemble Models Projection -=-=-=-=-=-=-=-=-=-=-=-=
[2026-08-01 21:33:17] 
[2026-08-01 21:33:17] Creating suitable Workdir...
[2026-08-01 21:33:18] 
[2026-08-01 21:33:18] 	> Projecting Achillea.atrata_EMmeanByAUCroc_mergedData_mergedRun_mergedAlgo ...
[2026-08-01 21:48:33] 	> Projecting Achillea.atrata_EMcvByAUCroc_mergedData_mergedRun_mergedAlgo ...|---------|---------|---------|---------||---------|---------|---------|---------|=======================================================                                          
[2026-08-01 21:56:48] 		Writing projection on hard drive...===========================                                          
[2026-08-01 21:56:50] 		Writing projection on hard drive...
[2026-08-01 21:56:50] 
[2026-08-01 21:56:50] ! Binary/Filtered transformation automatically desactivated for ensemble models with coefficient of variation or confidence intervals
[2026-08-01 21:56:55] 	> Building TSS binaries / filtered
[2026-08-01 21:57:00] 	> Building AUCroc binaries / filtered
[2026-08-01 21:57:05] 	> Building KAPPA binaries / filtered
[2026-08-01 21:57:05] 
[2026-08-01 21:57:05] -=-=-=-=-=-=-=-=-=-=-=-=-=-=-=-=-=-= Done -=-=-=-=-=-=-=-=-=-=-=-=-=-=-=-=-=-=
[2026-08-01 21:57:06] 
[2026-08-01 21:57:06] 
[2026-08-01 21:57:06] DEBUG: Processing future scenario 2 of 8 : /work/data/input/climate_vars/future/gfdl.esm4/ssp585 
[2026-08-01 21:57:06] DEBUG: Raster loaded, ncell = 63951097 , hasValues = TRUE 
[2026-08-01 21:57:06] 
[2026-08-01 21:57:06] -=-=-=-=-=-=-=-=-=-=-=-=-= Do Single Models Projection -=-=-=-=-=-=-=-=-=-=-=-=-=
[2026-08-01 21:57:30] 
[2026-08-01 21:57:30] 		! 'overwrite' arg is set as FALSE. Projections that have already been saved will not be redone. 
[2026-08-01 21:57:30]         Please be carfeul if you have changed the models in the meantime. 
[2026-08-01 21:57:30] 	> Building clamping mask
[2026-08-01 21:58:32] 
[2026-08-01 21:58:32] 	> Projecting Achillea.atrata_PA1_RUN1_GLM ...
[2026-08-01 21:58:33] 	> Projecting Achillea.atrata_PA1_RUN1_GBM ...
[2026-08-01 21:58:33] 	> Projecting Achillea.atrata_PA1_RUN1_ANN ...
[2026-08-01 21:58:33] 	> Projecting Achillea.atrata_PA1_RUN1_FDA ...
[2026-08-01 21:58:33] 	> Projecting Achillea.atrata_PA1_RUN1_MAXNET ...
[2026-08-01 21:59:18] 	> Projecting Achillea.atrata_PA1_RUN2_GLM ...
[2026-08-01 21:59:18] 		Writing projection on hard drive...
[2026-08-01 21:59:19] 		Writing projection on hard drive...
[2026-08-01 21:59:19] 		 /work/data/output_disk_sp1_6cpu/Achillea.atrata/proj_gfdl.esm4_ssp585/individual_projections/proj_gfdl.esm4_ssp585_Achillea.atrata_PA1_RUN1_GLM.tif
[2026-08-01 21:59:19] 	> Projecting Achillea.atrata_PA1_RUN2_GBM ...
[2026-08-01 21:59:19] 		 /work/data/output_disk_sp1_6cpu/Achillea.atrata/proj_gfdl.esm4_ssp585/individual_projections/proj_gfdl.esm4_ssp585_Achillea.atrata_PA1_RUN2_GLM.tif
[2026-08-01 21:59:22] 	> Projecting Achillea.atrata_PA1_RUN3_GBM ...
[2026-08-01 21:59:23] 		Writing projection on hard drive...
[2026-08-01 21:59:23] 		 /work/data/output_disk_sp1_6cpu/Achillea.atrata/proj_gfdl.esm4_ssp585/individual_projections/proj_gfdl.esm4_ssp585_Achillea.atrata_PA1_RUN1_MAXNET.tif
[2026-08-01 21:59:38] 	> Projecting Achillea.atrata_PA1_RUN3_GLM ...
[2026-08-01 21:59:39] 		Writing projection on hard drive...
[2026-08-01 21:59:39] 		 /work/data/output_disk_sp1_6cpu/Achillea.atrata/proj_gfdl.esm4_ssp585/individual_projections/proj_gfdl.esm4_ssp585_Achillea.atrata_PA1_RUN1_FDA.tif
[2026-08-01 21:59:48] 	> Projecting Achillea.atrata_PA1_RUN2_MAXNET ...
[2026-08-01 21:59:49] 		Writing projection on hard drive...
[2026-08-01 21:59:49] 		 /work/data/output_disk_sp1_6cpu/Achillea.atrata/proj_gfdl.esm4_ssp585/individual_projections/proj_gfdl.esm4_ssp585_Achillea.atrata_PA1_RUN1_ANN.tif
[2026-08-01 22:00:04] 	> Projecting Achillea.atrata_PA1_RUN2_FDA ...
[2026-08-01 22:00:05] 		Writing projection on hard drive...
[2026-08-01 22:00:05] 		 /work/data/output_disk_sp1_6cpu/Achillea.atrata/proj_gfdl.esm4_ssp585/individual_projections/proj_gfdl.esm4_ssp585_Achillea.atrata_PA1_RUN3_GLM.tif
[2026-08-01 22:00:29] 	> Projecting Achillea.atrata_PA1_RUN4_GBM ...
[2026-08-01 22:00:30] 		Writing projection on hard drive...
[2026-08-01 22:00:30] 		 /work/data/output_disk_sp1_6cpu/Achillea.atrata/proj_gfdl.esm4_ssp585/individual_projections/proj_gfdl.esm4_ssp585_Achillea.atrata_PA1_RUN2_MAXNET.tif
[2026-08-01 22:00:46] 	> Projecting Achillea.atrata_PA1_RUN4_GLM ...
[2026-08-01 22:00:47] 		Writing projection on hard drive...
[2026-08-01 22:00:47] 		 /work/data/output_disk_sp1_6cpu/Achillea.atrata/proj_gfdl.esm4_ssp585/individual_projections/proj_gfdl.esm4_ssp585_Achillea.atrata_PA1_RUN2_FDA.tif
[2026-08-01 22:01:10] 	> Projecting Achillea.atrata_PA1_RUN3_MAXNET ...
[2026-08-01 22:01:11] 		Writing projection on hard drive...
[2026-08-01 22:01:11] 		 /work/data/output_disk_sp1_6cpu/Achillea.atrata/proj_gfdl.esm4_ssp585/individual_projections/proj_gfdl.esm4_ssp585_Achillea.atrata_PA1_RUN4_GLM.tif
[2026-08-01 22:01:35] 	> Projecting Achillea.atrata_PA1_RUN5_GBM ...
[2026-08-01 22:01:36] 		Writing projection on hard drive...
[2026-08-01 22:01:36] 		 /work/data/output_disk_sp1_6cpu/Achillea.atrata/proj_gfdl.esm4_ssp585/individual_projections/proj_gfdl.esm4_ssp585_Achillea.atrata_PA1_RUN3_MAXNET.tif
[2026-08-01 22:02:11] 	> Projecting Achillea.atrata_PA1_RUN5_GLM ...
[2026-08-01 22:02:12] 		Writing projection on hard drive...
[2026-08-01 22:02:12] 		 /work/data/output_disk_sp1_6cpu/Achillea.atrata/proj_gfdl.esm4_ssp585/individual_projections/proj_gfdl.esm4_ssp585_Achillea.atrata_PA1_RUN5_GLM.tif
[2026-08-01 22:12:38] 	> Projecting Achillea.atrata_PA2_RUN1_GBM ...
[2026-08-01 22:12:38] 		Writing projection on hard drive...
[2026-08-01 22:12:38] 		 /work/data/output_disk_sp1_6cpu/Achillea.atrata/proj_gfdl.esm4_ssp585/individual_projections/proj_gfdl.esm4_ssp585_Achillea.atrata_PA1_RUN1_GBM.tif
[2026-08-01 22:13:31] 	> Projecting Achillea.atrata_PA1_RUN2_ANN ...
[2026-08-01 22:13:32] 		Writing projection on hard drive...
[2026-08-01 22:13:32] 		 /work/data/output_disk_sp1_6cpu/Achillea.atrata/proj_gfdl.esm4_ssp585/individual_projections/proj_gfdl.esm4_ssp585_Achillea.atrata_PA1_RUN2_GBM.tif
[2026-08-01 22:13:48] 	> Projecting Achillea.atrata_PA1_RUN3_ANN ...
[2026-08-01 22:13:48] 		Writing projection on hard drive...
[2026-08-01 22:13:49] 		Writing projection on hard drive...
[2026-08-01 22:13:49] 		 /work/data/output_disk_sp1_6cpu/Achillea.atrata/proj_gfdl.esm4_ssp585/individual_projections/proj_gfdl.esm4_ssp585_Achillea.atrata_PA1_RUN2_ANN.tif
[2026-08-01 22:13:49] 	> Projecting Achillea.atrata_PA1_RUN3_FDA ...
[2026-08-01 22:13:49] 		 /work/data/output_disk_sp1_6cpu/Achillea.atrata/proj_gfdl.esm4_ssp585/individual_projections/proj_gfdl.esm4_ssp585_Achillea.atrata_PA1_RUN3_GBM.tif
[2026-08-01 22:14:13] 	> Projecting Achillea.atrata_PA1_RUN4_ANN ...
[2026-08-01 22:14:14] 		Writing projection on hard drive...
[2026-08-01 22:14:14] 		 /work/data/output_disk_sp1_6cpu/Achillea.atrata/proj_gfdl.esm4_ssp585/individual_projections/proj_gfdl.esm4_ssp585_Achillea.atrata_PA1_RUN4_GBM.tif
[2026-08-01 22:14:40] 	> Projecting Achillea.atrata_PA1_RUN5_ANN ...
[2026-08-01 22:14:41] 		Writing projection on hard drive...
[2026-08-01 22:14:41] 		 /work/data/output_disk_sp1_6cpu/Achillea.atrata/proj_gfdl.esm4_ssp585/individual_projections/proj_gfdl.esm4_ssp585_Achillea.atrata_PA1_RUN3_ANN.tif
[2026-08-01 22:14:42] 	> Projecting Achillea.atrata_PA1_RUN4_FDA ...
[2026-08-01 22:14:43] 		Writing projection on hard drive...
[2026-08-01 22:14:43] 		 /work/data/output_disk_sp1_6cpu/Achillea.atrata/proj_gfdl.esm4_ssp585/individual_projections/proj_gfdl.esm4_ssp585_Achillea.atrata_PA1_RUN3_FDA.tif
[2026-08-01 22:14:56] 	> Projecting Achillea.atrata_PA1_RUN4_MAXNET ...
[2026-08-01 22:14:57] 		Writing projection on hard drive...
[2026-08-01 22:14:57] 		 /work/data/output_disk_sp1_6cpu/Achillea.atrata/proj_gfdl.esm4_ssp585/individual_projections/proj_gfdl.esm4_ssp585_Achillea.atrata_PA1_RUN4_ANN.tif
[2026-08-01 22:15:15] 	> Projecting Achillea.atrata_PA1_RUN5_FDA ...
[2026-08-01 22:15:15] 		Writing projection on hard drive...
[2026-08-01 22:15:15] 		 /work/data/output_disk_sp1_6cpu/Achillea.atrata/proj_gfdl.esm4_ssp585/individual_projections/proj_gfdl.esm4_ssp585_Achillea.atrata_PA1_RUN5_ANN.tif
[2026-08-01 22:15:30] 	> Projecting Achillea.atrata_PA2_RUN1_FDA ...
[2026-08-01 22:15:30] 		Writing projection on hard drive...
[2026-08-01 22:15:30] 		 /work/data/output_disk_sp1_6cpu/Achillea.atrata/proj_gfdl.esm4_ssp585/individual_projections/proj_gfdl.esm4_ssp585_Achillea.atrata_PA1_RUN4_MAXNET.tif
[2026-08-01 22:15:37] 	> Projecting Achillea.atrata_PA2_RUN1_GLM ...
[2026-08-01 22:15:38] 		Writing projection on hard drive...
[2026-08-01 22:15:38] 		 /work/data/output_disk_sp1_6cpu/Achillea.atrata/proj_gfdl.esm4_ssp585/individual_projections/proj_gfdl.esm4_ssp585_Achillea.atrata_PA1_RUN5_GBM.tif
[2026-08-01 22:15:40] 	> Projecting Achillea.atrata_PA2_RUN1_ANN ...
[2026-08-01 22:15:41] 		Writing projection on hard drive...
[2026-08-01 22:15:41] 		 /work/data/output_disk_sp1_6cpu/Achillea.atrata/proj_gfdl.esm4_ssp585/individual_projections/proj_gfdl.esm4_ssp585_Achillea.atrata_PA1_RUN4_FDA.tif
[2026-08-01 22:15:58] 	> Projecting Achillea.atrata_PA1_RUN5_MAXNET ...
[2026-08-01 22:15:59] 		Writing projection on hard drive...
[2026-08-01 22:15:59] 		 /work/data/output_disk_sp1_6cpu/Achillea.atrata/proj_gfdl.esm4_ssp585/individual_projections/proj_gfdl.esm4_ssp585_Achillea.atrata_PA1_RUN5_FDA.tif
[2026-08-01 22:16:07] 	> Projecting Achillea.atrata_PA2_RUN1_MAXNET ...
[2026-08-01 22:16:08] 		Writing projection on hard drive...
[2026-08-01 22:16:08] 		 /work/data/output_disk_sp1_6cpu/Achillea.atrata/proj_gfdl.esm4_ssp585/individual_projections/proj_gfdl.esm4_ssp585_Achillea.atrata_PA2_RUN1_GLM.tif
[2026-08-01 22:16:12] 	> Projecting Achillea.atrata_PA2_RUN2_GBM ...
[2026-08-01 22:16:13] 		Writing projection on hard drive...
[2026-08-01 22:16:13] 		 /work/data/output_disk_sp1_6cpu/Achillea.atrata/proj_gfdl.esm4_ssp585/individual_projections/proj_gfdl.esm4_ssp585_Achillea.atrata_PA2_RUN1_FDA.tif
[2026-08-01 22:16:37] 	> Projecting Achillea.atrata_PA2_RUN2_MAXNET ...
[2026-08-01 22:16:38] 		Writing projection on hard drive...
[2026-08-01 22:16:38] 		 /work/data/output_disk_sp1_6cpu/Achillea.atrata/proj_gfdl.esm4_ssp585/individual_projections/proj_gfdl.esm4_ssp585_Achillea.atrata_PA1_RUN5_MAXNET.tif
[2026-08-01 22:16:42] 	> Projecting Achillea.atrata_PA2_RUN2_GLM ...
[2026-08-01 22:16:43] 		Writing projection on hard drive...
[2026-08-01 22:16:43] 		 /work/data/output_disk_sp1_6cpu/Achillea.atrata/proj_gfdl.esm4_ssp585/individual_projections/proj_gfdl.esm4_ssp585_Achillea.atrata_PA2_RUN1_ANN.tif
[2026-08-01 22:16:45] 	> Projecting Achillea.atrata_PA2_RUN2_FDA ...
[2026-08-01 22:16:46] 		Writing projection on hard drive...
[2026-08-01 22:16:46] 		 /work/data/output_disk_sp1_6cpu/Achillea.atrata/proj_gfdl.esm4_ssp585/individual_projections/proj_gfdl.esm4_ssp585_Achillea.atrata_PA2_RUN1_GBM.tif
[2026-08-01 22:16:54] 	> Projecting Achillea.atrata_PA2_RUN2_ANN ...
[2026-08-01 22:16:55] 		Writing projection on hard drive...
[2026-08-01 22:16:55] 		 /work/data/output_disk_sp1_6cpu/Achillea.atrata/proj_gfdl.esm4_ssp585/individual_projections/proj_gfdl.esm4_ssp585_Achillea.atrata_PA2_RUN1_MAXNET.tif
[2026-08-01 22:17:04] 	> Projecting Achillea.atrata_PA2_RUN3_GLM ...
[2026-08-01 22:17:05] 		Writing projection on hard drive...
[2026-08-01 22:17:05] 		 /work/data/output_disk_sp1_6cpu/Achillea.atrata/proj_gfdl.esm4_ssp585/individual_projections/proj_gfdl.esm4_ssp585_Achillea.atrata_PA2_RUN2_MAXNET.tif
[2026-08-01 22:17:20] 	> Projecting Achillea.atrata_PA2_RUN4_GLM ...
[2026-08-01 22:17:21] 		Writing projection on hard drive...
[2026-08-01 22:17:21] 		 /work/data/output_disk_sp1_6cpu/Achillea.atrata/proj_gfdl.esm4_ssp585/individual_projections/proj_gfdl.esm4_ssp585_Achillea.atrata_PA2_RUN2_GLM.tif
[2026-08-01 22:17:34] 	> Projecting Achillea.atrata_PA2_RUN3_GBM ...
[2026-08-01 22:17:35] 		Writing projection on hard drive...
[2026-08-01 22:17:35] 		 /work/data/output_disk_sp1_6cpu/Achillea.atrata/proj_gfdl.esm4_ssp585/individual_projections/proj_gfdl.esm4_ssp585_Achillea.atrata_PA2_RUN2_FDA.tif
[2026-08-01 22:17:37] 	> Projecting Achillea.atrata_PA2_RUN3_MAXNET ...
[2026-08-01 22:17:38] 		Writing projection on hard drive...
[2026-08-01 22:17:38] 		 /work/data/output_disk_sp1_6cpu/Achillea.atrata/proj_gfdl.esm4_ssp585/individual_projections/proj_gfdl.esm4_ssp585_Achillea.atrata_PA2_RUN3_GLM.tif
[2026-08-01 22:17:43] 	> Projecting Achillea.atrata_PA2_RUN4_GBM ...
[2026-08-01 22:17:44] 		Writing projection on hard drive...
[2026-08-01 22:17:44] 		 /work/data/output_disk_sp1_6cpu/Achillea.atrata/proj_gfdl.esm4_ssp585/individual_projections/proj_gfdl.esm4_ssp585_Achillea.atrata_PA2_RUN4_GLM.tif
[2026-08-01 22:17:45] 	> Projecting Achillea.atrata_PA2_RUN5_GBM ...
[2026-08-01 22:17:46] 		Writing projection on hard drive...
[2026-08-01 22:17:46] 		 /work/data/output_disk_sp1_6cpu/Achillea.atrata/proj_gfdl.esm4_ssp585/individual_projections/proj_gfdl.esm4_ssp585_Achillea.atrata_PA2_RUN2_ANN.tif
[2026-08-01 22:18:18] 	> Projecting Achillea.atrata_PA2_RUN3_FDA ...
[2026-08-01 22:18:19] 		Writing projection on hard drive...
[2026-08-01 22:18:19] 		 /work/data/output_disk_sp1_6cpu/Achillea.atrata/proj_gfdl.esm4_ssp585/individual_projections/proj_gfdl.esm4_ssp585_Achillea.atrata_PA2_RUN3_MAXNET.tif
[2026-08-01 22:18:34] 	> Projecting Achillea.atrata_PA2_RUN5_GLM ...
[2026-08-01 22:18:34] 		Writing projection on hard drive...
[2026-08-01 22:18:34] 		 /work/data/output_disk_sp1_6cpu/Achillea.atrata/proj_gfdl.esm4_ssp585/individual_projections/proj_gfdl.esm4_ssp585_Achillea.atrata_PA2_RUN3_FDA.tif
[2026-08-01 22:18:52] 	> Projecting Achillea.atrata_PA2_RUN4_MAXNET ...
[2026-08-01 22:18:52] 		Writing projection on hard drive...
[2026-08-01 22:18:52] 		 /work/data/output_disk_sp1_6cpu/Achillea.atrata/proj_gfdl.esm4_ssp585/individual_projections/proj_gfdl.esm4_ssp585_Achillea.atrata_PA2_RUN5_GLM.tif
[2026-08-01 22:19:15] 	> Projecting Achillea.atrata_PA3_RUN1_GBM ...
[2026-08-01 22:19:16] 		Writing projection on hard drive...
[2026-08-01 22:19:16] 		 /work/data/output_disk_sp1_6cpu/Achillea.atrata/proj_gfdl.esm4_ssp585/individual_projections/proj_gfdl.esm4_ssp585_Achillea.atrata_PA2_RUN4_MAXNET.tif
[2026-08-01 22:19:48] 	> Projecting Achillea.atrata_PA3_RUN1_GLM ...
[2026-08-01 22:19:49] 		Writing projection on hard drive...
[2026-08-01 22:19:49] 		 /work/data/output_disk_sp1_6cpu/Achillea.atrata/proj_gfdl.esm4_ssp585/individual_projections/proj_gfdl.esm4_ssp585_Achillea.atrata_PA3_RUN1_GLM.tif
[2026-08-01 22:30:22] 	> Projecting Achillea.atrata_PA3_RUN2_GBM ...
[2026-08-01 22:30:23] 		Writing projection on hard drive...
[2026-08-01 22:30:23] 		 /work/data/output_disk_sp1_6cpu/Achillea.atrata/proj_gfdl.esm4_ssp585/individual_projections/proj_gfdl.esm4_ssp585_Achillea.atrata_PA2_RUN2_GBM.tif
[2026-08-01 22:31:24] 	> Projecting Achillea.atrata_PA2_RUN3_ANN ...
[2026-08-01 22:31:24] 		Writing projection on hard drive...
[2026-08-01 22:31:24] 		 /work/data/output_disk_sp1_6cpu/Achillea.atrata/proj_gfdl.esm4_ssp585/individual_projections/proj_gfdl.esm4_ssp585_Achillea.atrata_PA2_RUN3_ANN.tif
[2026-08-01 22:31:30] 	> Projecting Achillea.atrata_PA2_RUN4_FDA ...
[2026-08-01 22:31:31] 		Writing projection on hard drive...
[2026-08-01 22:31:31] 		 /work/data/output_disk_sp1_6cpu/Achillea.atrata/proj_gfdl.esm4_ssp585/individual_projections/proj_gfdl.esm4_ssp585_Achillea.atrata_PA2_RUN3_GBM.tif
[2026-08-01 22:31:59] 	> Projecting Achillea.atrata_PA2_RUN4_ANN ...
[2026-08-01 22:32:00] 		Writing projection on hard drive...
[2026-08-01 22:32:00] 		 /work/data/output_disk_sp1_6cpu/Achillea.atrata/proj_gfdl.esm4_ssp585/individual_projections/proj_gfdl.esm4_ssp585_Achillea.atrata_PA2_RUN4_GBM.tif
[2026-08-01 22:32:04] 	> Projecting Achillea.atrata_PA2_RUN5_ANN ...
[2026-08-01 22:32:05] 		Writing projection on hard drive...
[2026-08-01 22:32:05] 		 /work/data/output_disk_sp1_6cpu/Achillea.atrata/proj_gfdl.esm4_ssp585/individual_projections/proj_gfdl.esm4_ssp585_Achillea.atrata_PA2_RUN5_GBM.tif
[2026-08-01 22:32:12] 	> Projecting Achillea.atrata_PA3_RUN1_ANN ...
[2026-08-01 22:32:13] 		Writing projection on hard drive...
[2026-08-01 22:32:13] 		 /work/data/output_disk_sp1_6cpu/Achillea.atrata/proj_gfdl.esm4_ssp585/individual_projections/proj_gfdl.esm4_ssp585_Achillea.atrata_PA2_RUN4_FDA.tif
[2026-08-01 22:32:28] 	> Projecting Achillea.atrata_PA2_RUN5_MAXNET ...
[2026-08-01 22:32:29] 		Writing projection on hard drive...
[2026-08-01 22:32:29] 		 /work/data/output_disk_sp1_6cpu/Achillea.atrata/proj_gfdl.esm4_ssp585/individual_projections/proj_gfdl.esm4_ssp585_Achillea.atrata_PA2_RUN4_ANN.tif
[2026-08-01 22:32:38] 	> Projecting Achillea.atrata_PA2_RUN5_FDA ...
[2026-08-01 22:32:39] 		Writing projection on hard drive...
[2026-08-01 22:32:39] 		 /work/data/output_disk_sp1_6cpu/Achillea.atrata/proj_gfdl.esm4_ssp585/individual_projections/proj_gfdl.esm4_ssp585_Achillea.atrata_PA3_RUN1_GBM.tif
[2026-08-01 22:32:55] 	> Projecting Achillea.atrata_PA3_RUN2_ANN ...
[2026-08-01 22:32:56] 		Writing projection on hard drive...
[2026-08-01 22:32:56] 		 /work/data/output_disk_sp1_6cpu/Achillea.atrata/proj_gfdl.esm4_ssp585/individual_projections/proj_gfdl.esm4_ssp585_Achillea.atrata_PA2_RUN5_MAXNET.tif
[2026-08-01 22:33:04] 	> Projecting Achillea.atrata_PA3_RUN2_GLM ...
[2026-08-01 22:33:05] 		Writing projection on hard drive...
[2026-08-01 22:33:05] 		 /work/data/output_disk_sp1_6cpu/Achillea.atrata/proj_gfdl.esm4_ssp585/individual_projections/proj_gfdl.esm4_ssp585_Achillea.atrata_PA3_RUN2_GBM.tif
[2026-08-01 22:33:12] 	> Projecting Achillea.atrata_PA3_RUN3_ANN ...
[2026-08-01 22:33:13] 		Writing projection on hard drive...
[2026-08-01 22:33:13] 		 /work/data/output_disk_sp1_6cpu/Achillea.atrata/proj_gfdl.esm4_ssp585/individual_projections/proj_gfdl.esm4_ssp585_Achillea.atrata_PA2_RUN5_ANN.tif
[2026-08-01 22:33:16] 	> Projecting Achillea.atrata_PA3_RUN1_FDA ...
[2026-08-01 22:33:16] 		Writing projection on hard drive...
[2026-08-01 22:33:16] 		 /work/data/output_disk_sp1_6cpu/Achillea.atrata/proj_gfdl.esm4_ssp585/individual_projections/proj_gfdl.esm4_ssp585_Achillea.atrata_PA3_RUN1_ANN.tif
[2026-08-01 22:33:25] 	> Projecting Achillea.atrata_PA3_RUN2_FDA ...
[2026-08-01 22:33:26] 		Writing projection on hard drive...
[2026-08-01 22:33:26] 		 /work/data/output_disk_sp1_6cpu/Achillea.atrata/proj_gfdl.esm4_ssp585/individual_projections/proj_gfdl.esm4_ssp585_Achillea.atrata_PA2_RUN5_FDA.tif
[2026-08-01 22:33:34] 	> Projecting Achillea.atrata_PA3_RUN1_MAXNET ...
[2026-08-01 22:33:34] 		Writing projection on hard drive...
[2026-08-01 22:33:34] 		 /work/data/output_disk_sp1_6cpu/Achillea.atrata/proj_gfdl.esm4_ssp585/individual_projections/proj_gfdl.esm4_ssp585_Achillea.atrata_PA3_RUN2_GLM.tif
[2026-08-01 22:33:37] 	> Projecting Achillea.atrata_PA3_RUN3_GBM ...
[2026-08-01 22:33:38] 		Writing projection on hard drive...
[2026-08-01 22:33:38] 		 /work/data/output_disk_sp1_6cpu/Achillea.atrata/proj_gfdl.esm4_ssp585/individual_projections/proj_gfdl.esm4_ssp585_Achillea.atrata_PA3_RUN2_ANN.tif
[2026-08-01 22:34:04] 	> Projecting Achillea.atrata_PA3_RUN3_FDA ...
[2026-08-01 22:34:05] 		Writing projection on hard drive...
[2026-08-01 22:34:05] 		 /work/data/output_disk_sp1_6cpu/Achillea.atrata/proj_gfdl.esm4_ssp585/individual_projections/proj_gfdl.esm4_ssp585_Achillea.atrata_PA3_RUN3_ANN.tif
[2026-08-01 22:34:09] 	> Projecting Achillea.atrata_PA3_RUN4_FDA ...
[2026-08-01 22:34:09] 		Writing projection on hard drive...
[2026-08-01 22:34:09] 		 /work/data/output_disk_sp1_6cpu/Achillea.atrata/proj_gfdl.esm4_ssp585/individual_projections/proj_gfdl.esm4_ssp585_Achillea.atrata_PA3_RUN1_FDA.tif
[2026-08-01 22:34:10] 	> Projecting Achillea.atrata_PA3_RUN2_MAXNET ...
[2026-08-01 22:34:11] 		Writing projection on hard drive...
[2026-08-01 22:34:11] 		 /work/data/output_disk_sp1_6cpu/Achillea.atrata/proj_gfdl.esm4_ssp585/individual_projections/proj_gfdl.esm4_ssp585_Achillea.atrata_PA3_RUN2_FDA.tif
[2026-08-01 22:34:15] 	> Projecting Achillea.atrata_PA3_RUN3_MAXNET ...
[2026-08-01 22:34:15] 		Writing projection on hard drive...
[2026-08-01 22:34:15] 		 /work/data/output_disk_sp1_6cpu/Achillea.atrata/proj_gfdl.esm4_ssp585/individual_projections/proj_gfdl.esm4_ssp585_Achillea.atrata_PA3_RUN1_MAXNET.tif
[2026-08-01 22:34:29] 	> Projecting Achillea.atrata_PA3_RUN3_GLM ...
[2026-08-01 22:34:30] 		Writing projection on hard drive...
[2026-08-01 22:34:30] 		 /work/data/output_disk_sp1_6cpu/Achillea.atrata/proj_gfdl.esm4_ssp585/individual_projections/proj_gfdl.esm4_ssp585_Achillea.atrata_PA3_RUN3_FDA.tif
[2026-08-01 22:34:50] 	> Projecting Achillea.atrata_PA3_RUN4_MAXNET ...
[2026-08-01 22:34:51] 		Writing projection on hard drive...
[2026-08-01 22:34:51] 		 /work/data/output_disk_sp1_6cpu/Achillea.atrata/proj_gfdl.esm4_ssp585/individual_projections/proj_gfdl.esm4_ssp585_Achillea.atrata_PA3_RUN4_FDA.tif
[2026-08-01 22:34:54] 	> Projecting Achillea.atrata_PA3_RUN5_MAXNET ...
[2026-08-01 22:34:55] 		Writing projection on hard drive...
[2026-08-01 22:34:55] 		 /work/data/output_disk_sp1_6cpu/Achillea.atrata/proj_gfdl.esm4_ssp585/individual_projections/proj_gfdl.esm4_ssp585_Achillea.atrata_PA3_RUN2_MAXNET.tif
[2026-08-01 22:34:55] 	> Projecting Achillea.atrata_PA3_RUN4_GLM ...
[2026-08-01 22:34:55] 		Writing projection on hard drive...
[2026-08-01 22:34:56] 		Writing projection on hard drive...
[2026-08-01 22:34:56] 		 /work/data/output_disk_sp1_6cpu/Achillea.atrata/proj_gfdl.esm4_ssp585/individual_projections/proj_gfdl.esm4_ssp585_Achillea.atrata_PA3_RUN3_MAXNET.tif
[2026-08-01 22:34:56] 	> Projecting Achillea.atrata_PA3_RUN5_GLM ...
[2026-08-01 22:34:56] 		 /work/data/output_disk_sp1_6cpu/Achillea.atrata/proj_gfdl.esm4_ssp585/individual_projections/proj_gfdl.esm4_ssp585_Achillea.atrata_PA3_RUN3_GLM.tif
[2026-08-01 22:35:17] 	> Projecting Achillea.atrata_PA3_RUN4_GBM ...
[2026-08-01 22:35:17] 		Writing projection on hard drive...
[2026-08-01 22:35:17] 		 /work/data/output_disk_sp1_6cpu/Achillea.atrata/proj_gfdl.esm4_ssp585/individual_projections/proj_gfdl.esm4_ssp585_Achillea.atrata_PA3_RUN4_MAXNET.tif
[2026-08-01 22:35:28] 	> Projecting Achillea.atrata_PA4_RUN1_GLM ...
[2026-08-01 22:35:29] 		Writing projection on hard drive...
[2026-08-01 22:35:29] 		 /work/data/output_disk_sp1_6cpu/Achillea.atrata/proj_gfdl.esm4_ssp585/individual_projections/proj_gfdl.esm4_ssp585_Achillea.atrata_PA3_RUN5_GLM.tif
[2026-08-01 22:35:33] 	> Projecting Achillea.atrata_PA4_RUN1_GBM ...
[2026-08-01 22:35:33] 		Writing projection on hard drive...
[2026-08-01 22:35:33] 		 /work/data/output_disk_sp1_6cpu/Achillea.atrata/proj_gfdl.esm4_ssp585/individual_projections/proj_gfdl.esm4_ssp585_Achillea.atrata_PA3_RUN4_GLM.tif
[2026-08-01 22:35:34] 	> Projecting Achillea.atrata_PA3_RUN5_GBM ...
[2026-08-01 22:35:35] 		Writing projection on hard drive...
[2026-08-01 22:35:35] 		 /work/data/output_disk_sp1_6cpu/Achillea.atrata/proj_gfdl.esm4_ssp585/individual_projections/proj_gfdl.esm4_ssp585_Achillea.atrata_PA3_RUN5_MAXNET.tif
[2026-08-01 22:35:57] 	> Projecting Achillea.atrata_PA4_RUN2_GLM ...
[2026-08-01 22:35:58] 		Writing projection on hard drive...
[2026-08-01 22:35:58] 		 /work/data/output_disk_sp1_6cpu/Achillea.atrata/proj_gfdl.esm4_ssp585/individual_projections/proj_gfdl.esm4_ssp585_Achillea.atrata_PA4_RUN1_GLM.tif
[2026-08-01 22:36:07] 	> Projecting Achillea.atrata_PA4_RUN2_GBM ...
[2026-08-01 22:36:08] 		Writing projection on hard drive...
[2026-08-01 22:36:08] 		 /work/data/output_disk_sp1_6cpu/Achillea.atrata/proj_gfdl.esm4_ssp585/individual_projections/proj_gfdl.esm4_ssp585_Achillea.atrata_PA4_RUN2_GLM.tif
[2026-08-01 22:47:46] 	> Projecting Achillea.atrata_PA4_RUN3_GBM ...
[2026-08-01 22:47:47] 		Writing projection on hard drive...
[2026-08-01 22:47:47] 		 /work/data/output_disk_sp1_6cpu/Achillea.atrata/proj_gfdl.esm4_ssp585/individual_projections/proj_gfdl.esm4_ssp585_Achillea.atrata_PA3_RUN3_GBM.tif
[2026-08-01 22:48:44] 	> Projecting Achillea.atrata_PA3_RUN4_ANN ...
[2026-08-01 22:48:45] 		Writing projection on hard drive...
[2026-08-01 22:48:45] 		 /work/data/output_disk_sp1_6cpu/Achillea.atrata/proj_gfdl.esm4_ssp585/individual_projections/proj_gfdl.esm4_ssp585_Achillea.atrata_PA3_RUN4_ANN.tif
[2026-08-01 22:48:48] 	> Projecting Achillea.atrata_PA3_RUN5_FDA ...
[2026-08-01 22:48:49] 		Writing projection on hard drive...
[2026-08-01 22:48:49] 		 /work/data/output_disk_sp1_6cpu/Achillea.atrata/proj_gfdl.esm4_ssp585/individual_projections/proj_gfdl.esm4_ssp585_Achillea.atrata_PA3_RUN4_GBM.tif
[2026-08-01 22:49:15] 	> Projecting Achillea.atrata_PA3_RUN5_ANN ...
[2026-08-01 22:49:16] 		Writing projection on hard drive...
[2026-08-01 22:49:16] 		 /work/data/output_disk_sp1_6cpu/Achillea.atrata/proj_gfdl.esm4_ssp585/individual_projections/proj_gfdl.esm4_ssp585_Achillea.atrata_PA3_RUN5_GBM.tif
[2026-08-01 22:49:31] 	> Projecting Achillea.atrata_PA4_RUN1_ANN ...
[2026-08-01 22:49:32] 		Writing projection on hard drive...
[2026-08-01 22:49:32] 		 /work/data/output_disk_sp1_6cpu/Achillea.atrata/proj_gfdl.esm4_ssp585/individual_projections/proj_gfdl.esm4_ssp585_Achillea.atrata_PA4_RUN1_GBM.tif
[2026-08-01 22:49:38] 	> Projecting Achillea.atrata_PA4_RUN2_ANN ...
[2026-08-01 22:49:39] 		Writing projection on hard drive...
[2026-08-01 22:49:39] 		 /work/data/output_disk_sp1_6cpu/Achillea.atrata/proj_gfdl.esm4_ssp585/individual_projections/proj_gfdl.esm4_ssp585_Achillea.atrata_PA3_RUN5_FDA.tif
[2026-08-01 22:49:43] 	> Projecting Achillea.atrata_PA4_RUN1_MAXNET ...
[2026-08-01 22:49:43] 		Writing projection on hard drive...
[2026-08-01 22:49:43] 		 /work/data/output_disk_sp1_6cpu/Achillea.atrata/proj_gfdl.esm4_ssp585/individual_projections/proj_gfdl.esm4_ssp585_Achillea.atrata_PA4_RUN3_GBM.tif
[2026-08-01 22:49:49] 	> Projecting Achillea.atrata_PA4_RUN4_ANN ...
[2026-08-01 22:49:49] 		Writing projection on hard drive...
[2026-08-01 22:49:49] 		 /work/data/output_disk_sp1_6cpu/Achillea.atrata/proj_gfdl.esm4_ssp585/individual_projections/proj_gfdl.esm4_ssp585_Achillea.atrata_PA3_RUN5_ANN.tif
[2026-08-01 22:49:50] 	> Projecting Achillea.atrata_PA4_RUN1_FDA ...
[2026-08-01 22:49:51] 		Writing projection on hard drive...
[2026-08-01 22:49:51] 		 /work/data/output_disk_sp1_6cpu/Achillea.atrata/proj_gfdl.esm4_ssp585/individual_projections/proj_gfdl.esm4_ssp585_Achillea.atrata_PA4_RUN2_GBM.tif
[2026-08-01 22:50:18] 	> Projecting Achillea.atrata_PA4_RUN3_ANN ...
[2026-08-01 22:50:18] 		Writing projection on hard drive...
[2026-08-01 22:50:18] 		 /work/data/output_disk_sp1_6cpu/Achillea.atrata/proj_gfdl.esm4_ssp585/individual_projections/proj_gfdl.esm4_ssp585_Achillea.atrata_PA4_RUN1_ANN.tif
[2026-08-01 22:50:26] 	> Projecting Achillea.atrata_PA4_RUN2_FDA ...
[2026-08-01 22:50:27] 		Writing projection on hard drive...
[2026-08-01 22:50:27] 		 /work/data/output_disk_sp1_6cpu/Achillea.atrata/proj_gfdl.esm4_ssp585/individual_projections/proj_gfdl.esm4_ssp585_Achillea.atrata_PA4_RUN1_MAXNET.tif
[2026-08-01 22:50:35] 	> Projecting Achillea.atrata_PA4_RUN3_GLM ...
[2026-08-01 22:50:35] 		Writing projection on hard drive...
[2026-08-01 22:50:35] 		Writing projection on hard drive...
[2026-08-01 22:50:35] 		 /work/data/output_disk_sp1_6cpu/Achillea.atrata/proj_gfdl.esm4_ssp585/individual_projections/proj_gfdl.esm4_ssp585_Achillea.atrata_PA4_RUN4_ANN.tif
[2026-08-01 22:50:35] 	> Projecting Achillea.atrata_PA4_RUN5_FDA ...
[2026-08-01 22:50:35] 		 /work/data/output_disk_sp1_6cpu/Achillea.atrata/proj_gfdl.esm4_ssp585/individual_projections/proj_gfdl.esm4_ssp585_Achillea.atrata_PA4_RUN2_ANN.tif
[2026-08-01 22:50:39] 	> Projecting Achillea.atrata_PA4_RUN3_FDA ...
[2026-08-01 22:50:39] 		Writing projection on hard drive...
[2026-08-01 22:50:39] 		 /work/data/output_disk_sp1_6cpu/Achillea.atrata/proj_gfdl.esm4_ssp585/individual_projections/proj_gfdl.esm4_ssp585_Achillea.atrata_PA4_RUN1_FDA.tif
[2026-08-01 22:50:48] 	> Projecting Achillea.atrata_PA4_RUN2_MAXNET ...
[2026-08-01 22:50:49] 		Writing projection on hard drive...
[2026-08-01 22:50:49] 		 /work/data/output_disk_sp1_6cpu/Achillea.atrata/proj_gfdl.esm4_ssp585/individual_projections/proj_gfdl.esm4_ssp585_Achillea.atrata_PA4_RUN3_ANN.tif
[2026-08-01 22:51:05] 	> Projecting Achillea.atrata_PA4_RUN4_FDA ...
[2026-08-01 22:51:06] 		Writing projection on hard drive...
[2026-08-01 22:51:06] 		 /work/data/output_disk_sp1_6cpu/Achillea.atrata/proj_gfdl.esm4_ssp585/individual_projections/proj_gfdl.esm4_ssp585_Achillea.atrata_PA4_RUN3_GLM.tif
[2026-08-01 22:51:12] 	> Projecting Achillea.atrata_PA4_RUN4_GBM ...
[2026-08-01 22:51:13] 		Writing projection on hard drive...
[2026-08-01 22:51:13] 		 /work/data/output_disk_sp1_6cpu/Achillea.atrata/proj_gfdl.esm4_ssp585/individual_projections/proj_gfdl.esm4_ssp585_Achillea.atrata_PA4_RUN2_FDA.tif
[2026-08-01 22:51:20] 	> Projecting Achillea.atrata_PA4_RUN3_MAXNET ...
[2026-08-01 22:51:20] 		Writing projection on hard drive...
[2026-08-01 22:51:21] 		Writing projection on hard drive...
[2026-08-01 22:51:21] 		 /work/data/output_disk_sp1_6cpu/Achillea.atrata/proj_gfdl.esm4_ssp585/individual_projections/proj_gfdl.esm4_ssp585_Achillea.atrata_PA4_RUN2_MAXNET.tif
[2026-08-01 22:51:21] 	> Projecting Achillea.atrata_PA4_RUN4_GLM ...
[2026-08-01 22:51:21] 		 /work/data/output_disk_sp1_6cpu/Achillea.atrata/proj_gfdl.esm4_ssp585/individual_projections/proj_gfdl.esm4_ssp585_Achillea.atrata_PA4_RUN5_FDA.tif
[2026-08-01 22:51:32] 	> Projecting Achillea.atrata_PA5_RUN1_MAXNET ...
[2026-08-01 22:51:33] 		Writing projection on hard drive...
[2026-08-01 22:51:33] 		 /work/data/output_disk_sp1_6cpu/Achillea.atrata/proj_gfdl.esm4_ssp585/individual_projections/proj_gfdl.esm4_ssp585_Achillea.atrata_PA4_RUN3_FDA.tif
[2026-08-01 22:51:38] 	> Projecting Achillea.atrata_PA4_RUN4_MAXNET ...
[2026-08-01 22:51:39] 		Writing projection on hard drive...
[2026-08-01 22:51:39] 		 /work/data/output_disk_sp1_6cpu/Achillea.atrata/proj_gfdl.esm4_ssp585/individual_projections/proj_gfdl.esm4_ssp585_Achillea.atrata_PA4_RUN4_FDA.tif
[2026-08-01 22:52:00] 	> Projecting Achillea.atrata_PA4_RUN5_MAXNET ...
[2026-08-01 22:52:00] 		Writing projection on hard drive...
[2026-08-01 22:52:00] 		 /work/data/output_disk_sp1_6cpu/Achillea.atrata/proj_gfdl.esm4_ssp585/individual_projections/proj_gfdl.esm4_ssp585_Achillea.atrata_PA4_RUN3_MAXNET.tif
[2026-08-01 22:52:02] 	> Projecting Achillea.atrata_PA4_RUN5_GLM ...
[2026-08-01 22:52:02] 		Writing projection on hard drive...
[2026-08-01 22:52:03] 		Writing projection on hard drive...
[2026-08-01 22:52:03] 		 /work/data/output_disk_sp1_6cpu/Achillea.atrata/proj_gfdl.esm4_ssp585/individual_projections/proj_gfdl.esm4_ssp585_Achillea.atrata_PA4_RUN4_GLM.tif
[2026-08-01 22:52:03] 	> Projecting Achillea.atrata_PA4_RUN5_GBM ...
[2026-08-01 22:52:03] 		 /work/data/output_disk_sp1_6cpu/Achillea.atrata/proj_gfdl.esm4_ssp585/individual_projections/proj_gfdl.esm4_ssp585_Achillea.atrata_PA5_RUN1_MAXNET.tif
[2026-08-01 22:52:20] 	> Projecting Achillea.atrata_PA5_RUN3_GLM ...
[2026-08-01 22:52:21] 		Writing projection on hard drive...
[2026-08-01 22:52:21] 		 /work/data/output_disk_sp1_6cpu/Achillea.atrata/proj_gfdl.esm4_ssp585/individual_projections/proj_gfdl.esm4_ssp585_Achillea.atrata_PA4_RUN4_MAXNET.tif
[2026-08-01 22:52:24] 	> Projecting Achillea.atrata_PA5_RUN1_GLM ...
[2026-08-01 22:52:24] 		Writing projection on hard drive...
[2026-08-01 22:52:24] 		 /work/data/output_disk_sp1_6cpu/Achillea.atrata/proj_gfdl.esm4_ssp585/individual_projections/proj_gfdl.esm4_ssp585_Achillea.atrata_PA4_RUN5_MAXNET.tif
[2026-08-01 22:52:39] 	> Projecting Achillea.atrata_PA5_RUN2_GLM ...
[2026-08-01 22:52:39] 		Writing projection on hard drive...
[2026-08-01 22:52:39] 		Writing projection on hard drive...
[2026-08-01 22:52:39] 		 /work/data/output_disk_sp1_6cpu/Achillea.atrata/proj_gfdl.esm4_ssp585/individual_projections/proj_gfdl.esm4_ssp585_Achillea.atrata_PA4_RUN5_GLM.tif
[2026-08-01 22:52:40] 	> Projecting Achillea.atrata_PA5_RUN1_GBM ...
[2026-08-01 22:52:40] 		 /work/data/output_disk_sp1_6cpu/Achillea.atrata/proj_gfdl.esm4_ssp585/individual_projections/proj_gfdl.esm4_ssp585_Achillea.atrata_PA5_RUN3_GLM.tif
[2026-08-01 22:52:57] 	> Projecting Achillea.atrata_PA5_RUN4_GBM ...
[2026-08-01 22:52:58] 		Writing projection on hard drive...
[2026-08-01 22:52:58] 		 /work/data/output_disk_sp1_6cpu/Achillea.atrata/proj_gfdl.esm4_ssp585/individual_projections/proj_gfdl.esm4_ssp585_Achillea.atrata_PA5_RUN1_GLM.tif
[2026-08-01 22:53:00] 	> Projecting Achillea.atrata_PA5_RUN2_GBM ...
[2026-08-01 22:53:01] 		Writing projection on hard drive...
[2026-08-01 22:53:01] 		 /work/data/output_disk_sp1_6cpu/Achillea.atrata/proj_gfdl.esm4_ssp585/individual_projections/proj_gfdl.esm4_ssp585_Achillea.atrata_PA5_RUN2_GLM.tif
[2026-08-01 23:04:58] 	> Projecting Achillea.atrata_PA5_RUN3_GBM ...
[2026-08-01 23:04:59] 		Writing projection on hard drive...
[2026-08-01 23:04:59] 		 /work/data/output_disk_sp1_6cpu/Achillea.atrata/proj_gfdl.esm4_ssp585/individual_projections/proj_gfdl.esm4_ssp585_Achillea.atrata_PA4_RUN4_GBM.tif
[2026-08-01 23:05:54] 	> Projecting Achillea.atrata_PA4_RUN5_ANN ...
[2026-08-01 23:05:55] 		Writing projection on hard drive...
[2026-08-01 23:05:55] 		 /work/data/output_disk_sp1_6cpu/Achillea.atrata/proj_gfdl.esm4_ssp585/individual_projections/proj_gfdl.esm4_ssp585_Achillea.atrata_PA4_RUN5_ANN.tif
[2026-08-01 23:06:08] 	> Projecting Achillea.atrata_PA5_RUN1_FDA ...
[2026-08-01 23:06:09] 		Writing projection on hard drive...
[2026-08-01 23:06:09] 		 /work/data/output_disk_sp1_6cpu/Achillea.atrata/proj_gfdl.esm4_ssp585/individual_projections/proj_gfdl.esm4_ssp585_Achillea.atrata_PA4_RUN5_GBM.tif
[2026-08-01 23:06:34] 	> Projecting Achillea.atrata_PA5_RUN1_ANN ...
[2026-08-01 23:06:35] 		Writing projection on hard drive...
[2026-08-01 23:06:35] 		 /work/data/output_disk_sp1_6cpu/Achillea.atrata/proj_gfdl.esm4_ssp585/individual_projections/proj_gfdl.esm4_ssp585_Achillea.atrata_PA5_RUN4_GBM.tif
[2026-08-01 23:06:36] 	> Projecting Achillea.atrata_PA5_RUN5_ANN ...
[2026-08-01 23:06:37] 		Writing projection on hard drive...
[2026-08-01 23:06:37] 		 /work/data/output_disk_sp1_6cpu/Achillea.atrata/proj_gfdl.esm4_ssp585/individual_projections/proj_gfdl.esm4_ssp585_Achillea.atrata_PA5_RUN3_GBM.tif
[2026-08-01 23:06:39] 	> Projecting Achillea.atrata_PA5_RUN4_ANN ...
[2026-08-01 23:06:40] 		Writing projection on hard drive...
[2026-08-01 23:06:40] 		 /work/data/output_disk_sp1_6cpu/Achillea.atrata/proj_gfdl.esm4_ssp585/individual_projections/proj_gfdl.esm4_ssp585_Achillea.atrata_PA5_RUN2_GBM.tif
[2026-08-01 23:06:40] 	> Projecting Achillea.atrata_PA5_RUN3_ANN ...
[2026-08-01 23:06:41] 		Writing projection on hard drive...
[2026-08-01 23:06:41] 		 /work/data/output_disk_sp1_6cpu/Achillea.atrata/proj_gfdl.esm4_ssp585/individual_projections/proj_gfdl.esm4_ssp585_Achillea.atrata_PA5_RUN1_GBM.tif
[2026-08-01 23:06:51] 	> Projecting Achillea.atrata_PA5_RUN2_ANN ...
[2026-08-01 23:06:52] 		Writing projection on hard drive...
[2026-08-01 23:06:52] 		 /work/data/output_disk_sp1_6cpu/Achillea.atrata/proj_gfdl.esm4_ssp585/individual_projections/proj_gfdl.esm4_ssp585_Achillea.atrata_PA5_RUN1_FDA.tif
[2026-08-01 23:07:03] 	> Projecting Achillea.atrata_PA5_RUN2_MAXNET ...
[2026-08-01 23:07:03] 		Writing projection on hard drive...
[2026-08-01 23:07:03] 		 /work/data/output_disk_sp1_6cpu/Achillea.atrata/proj_gfdl.esm4_ssp585/individual_projections/proj_gfdl.esm4_ssp585_Achillea.atrata_PA5_RUN1_ANN.tif
[2026-08-01 23:07:32] 	> Projecting Achillea.atrata_PA5_RUN2_FDA ...
[2026-08-01 23:07:33] 		Writing projection on hard drive...
[2026-08-01 23:07:33] 		 /work/data/output_disk_sp1_6cpu/Achillea.atrata/proj_gfdl.esm4_ssp585/individual_projections/proj_gfdl.esm4_ssp585_Achillea.atrata_PA5_RUN5_ANN.tif
[2026-08-01 23:07:34] 		Writing projection on hard drive...
[2026-08-01 23:07:34] 		 /work/data/output_disk_sp1_6cpu/Achillea.atrata/proj_gfdl.esm4_ssp585/individual_projections/proj_gfdl.esm4_ssp585_Achillea.atrata_PA5_RUN4_ANN.tif
[2026-08-01 23:07:37] 	> Projecting Achillea.atrata_PA5_RUN5_FDA ...
[2026-08-01 23:07:37] 		Writing projection on hard drive...
[2026-08-01 23:07:37] 		 /work/data/output_disk_sp1_6cpu/Achillea.atrata/proj_gfdl.esm4_ssp585/individual_projections/proj_gfdl.esm4_ssp585_Achillea.atrata_PA5_RUN2_MAXNET.tif
[2026-08-01 23:07:39] 	> Projecting Achillea.atrata_PA5_RUN4_GLM ...
[2026-08-01 23:07:40] 		Writing projection on hard drive...
[2026-08-01 23:07:40] 		 /work/data/output_disk_sp1_6cpu/Achillea.atrata/proj_gfdl.esm4_ssp585/individual_projections/proj_gfdl.esm4_ssp585_Achillea.atrata_PA5_RUN3_ANN.tif
[2026-08-01 23:07:51] 	> Projecting Achillea.atrata_PA5_RUN4_FDA ...
[2026-08-01 23:07:52] 		Writing projection on hard drive...
[2026-08-01 23:07:52] 		 /work/data/output_disk_sp1_6cpu/Achillea.atrata/proj_gfdl.esm4_ssp585/individual_projections/proj_gfdl.esm4_ssp585_Achillea.atrata_PA5_RUN2_ANN.tif
[2026-08-01 23:07:57] 	> Projecting Achillea.atrata_PA5_RUN3_FDA ...
[2026-08-01 23:07:57] 		Writing projection on hard drive...
[2026-08-01 23:07:57] 		 /work/data/output_disk_sp1_6cpu/Achillea.atrata/proj_gfdl.esm4_ssp585/individual_projections/proj_gfdl.esm4_ssp585_Achillea.atrata_PA5_RUN2_FDA.tif
[2026-08-01 23:08:15] 	> Projecting Achillea.atrata_PA5_RUN3_MAXNET ...
[2026-08-01 23:08:15] 		Writing projection on hard drive...
[2026-08-01 23:08:15] 		 /work/data/output_disk_sp1_6cpu/Achillea.atrata/proj_gfdl.esm4_ssp585/individual_projections/proj_gfdl.esm4_ssp585_Achillea.atrata_PA5_RUN4_GLM.tif
[2026-08-01 23:08:21] 	> Projecting Achillea.atrata_PA5_RUN5_GBM ...
[2026-08-01 23:08:22] 		Writing projection on hard drive...
[2026-08-01 23:08:23] 		 /work/data/output_disk_sp1_6cpu/Achillea.atrata/proj_gfdl.esm4_ssp585/individual_projections/proj_gfdl.esm4_ssp585_Achillea.atrata_PA5_RUN5_FDA.tif
[2026-08-01 23:08:24] 		Writing projection on hard drive...
[2026-08-01 23:08:24] 		 /work/data/output_disk_sp1_6cpu/Achillea.atrata/proj_gfdl.esm4_ssp585/individual_projections/proj_gfdl.esm4_ssp585_Achillea.atrata_PA5_RUN4_FDA.tif
[2026-08-01 23:08:37] 	> Projecting Achillea.atrata_PA5_RUN5_MAXNET ...
[2026-08-01 23:08:38] 		Writing projection on hard drive...
[2026-08-01 23:08:38] 		 /work/data/output_disk_sp1_6cpu/Achillea.atrata/proj_gfdl.esm4_ssp585/individual_projections/proj_gfdl.esm4_ssp585_Achillea.atrata_PA5_RUN3_FDA.tif
[2026-08-01 23:08:41] 	> Projecting Achillea.atrata_PA5_RUN4_MAXNET ...
[2026-08-01 23:08:42] 		Writing projection on hard drive...
[2026-08-01 23:08:42] 		 /work/data/output_disk_sp1_6cpu/Achillea.atrata/proj_gfdl.esm4_ssp585/individual_projections/proj_gfdl.esm4_ssp585_Achillea.atrata_PA5_RUN3_MAXNET.tif
[2026-08-01 23:08:59] 	> Projecting Achillea.atrata_PA5_RUN5_GLM ...
[2026-08-01 23:09:00] 		Writing projection on hard drive...
[2026-08-01 23:09:14] 		 /work/data/output_disk_sp1_6cpu/Achillea.atrata/proj_gfdl.esm4_ssp585/individual_projections/proj_gfdl.esm4_ssp585_Achillea.atrata_PA5_RUN5_MAXNET.tif
[2026-08-01 23:09:15] 		Writing projection on hard drive...
[2026-08-01 23:09:19] 		 /work/data/output_disk_sp1_6cpu/Achillea.atrata/proj_gfdl.esm4_ssp585/individual_projections/proj_gfdl.esm4_ssp585_Achillea.atrata_PA5_RUN4_MAXNET.tif
[2026-08-01 23:09:19] 		Writing projection on hard drive...
[2026-08-01 23:21:52] 		 /work/data/output_disk_sp1_6cpu/Achillea.atrata/proj_gfdl.esm4_ssp585/individual_projections/proj_gfdl.esm4_ssp585_Achillea.atrata_PA5_RUN5_GLM.tif
[2026-08-01 23:21:53] 		Writing projection on hard drive...
[2026-08-01 23:21:53] 		 /work/data/output_disk_sp1_6cpu/Achillea.atrata/proj_gfdl.esm4_ssp585/individual_projections/proj_gfdl.esm4_ssp585_Achillea.atrata_PA5_RUN5_GBM.tif
[2026-08-01 23:21:53] -=-=-=-=-=-=-=-=-=-=-=-=-=-=-=-=-=-= Done -=-=-=-=-=-=-=-=-=-=-=-=-=-=-=-=-=-=
[2026-08-01 23:21:53] 
[2026-08-01 23:21:53] -=-=-=-=-=-=-=-=-=-=-=-= Do Ensemble Models Projection -=-=-=-=-=-=-=-=-=-=-=-=
[2026-08-01 23:21:53] 
[2026-08-01 23:21:53] Creating suitable Workdir...
[2026-08-01 23:21:54] 
[2026-08-01 23:21:54] 	> Projecting Achillea.atrata_EMmeanByAUCroc_mergedData_mergedRun_mergedAlgo ...|---------|---------|---------|---------|
[2026-08-01 23:37:25] 	> Projecting Achillea.atrata_EMcvByAUCroc_mergedData_mergedRun_mergedAlgo ...|---------|---------|---------|---------|===================================================                                          
[2026-08-01 23:45:22] 		Writing projection on hard drive...===============================                                          
[2026-08-01 23:45:24] 		Writing projection on hard drive...
[2026-08-01 23:45:24] 
[2026-08-01 23:45:24] ! Binary/Filtered transformation automatically desactivated for ensemble models with coefficient of variation or confidence intervals
[2026-08-01 23:45:29] 	> Building TSS binaries / filtered
[2026-08-01 23:45:34] 	> Building AUCroc binaries / filtered
[2026-08-01 23:45:39] 	> Building KAPPA binaries / filtered
[2026-08-01 23:45:40] 
[2026-08-01 23:45:40] -=-=-=-=-=-=-=-=-=-=-=-=-=-=-=-=-=-= Done -=-=-=-=-=-=-=-=-=-=-=-=-=-=-=-=-=-=
[2026-08-01 23:45:40] 
[2026-08-01 23:45:40] 
[2026-08-01 23:45:40] DEBUG: Processing future scenario 3 of 8 : /work/data/input/climate_vars/future/ipsl.cm6a.lr/ssp370 
[2026-08-01 23:45:41] DEBUG: Raster loaded, ncell = 63951097 , hasValues = TRUE 
[2026-08-01 23:45:41] 
[2026-08-01 23:45:41] -=-=-=-=-=-=-=-=-=-=-=-=-= Do Single Models Projection -=-=-=-=-=-=-=-=-=-=-=-=-=
[2026-08-01 23:46:04] 
[2026-08-01 23:46:04] 		! 'overwrite' arg is set as FALSE. Projections that have already been saved will not be redone. 
[2026-08-01 23:46:04]         Please be carfeul if you have changed the models in the meantime. 
[2026-08-01 23:46:04] 	> Building clamping mask
[2026-08-01 23:47:07] 
[2026-08-01 23:47:07] 	> Projecting Achillea.atrata_PA1_RUN1_GLM ...
[2026-08-01 23:47:07] 	> Projecting Achillea.atrata_PA1_RUN1_GBM ...
[2026-08-01 23:47:07] 	> Projecting Achillea.atrata_PA1_RUN1_ANN ...
[2026-08-01 23:47:08] 	> Projecting Achillea.atrata_PA1_RUN1_FDA ...
[2026-08-01 23:47:08] 	> Projecting Achillea.atrata_PA1_RUN1_MAXNET ...
[2026-08-01 23:47:52] 	> Projecting Achillea.atrata_PA1_RUN2_GLM ...
[2026-08-01 23:47:53] 		Writing projection on hard drive...
[2026-08-01 23:47:53] 		Writing projection on hard drive...
[2026-08-01 23:47:53] 		 /work/data/output_disk_sp1_6cpu/Achillea.atrata/proj_ipsl.cm6a.lr_ssp370/individual_projections/proj_ipsl.cm6a.lr_ssp370_Achillea.atrata_PA1_RUN1_GLM.tif
[2026-08-01 23:47:54] 	> Projecting Achillea.atrata_PA1_RUN2_GBM ...
[2026-08-01 23:47:54] 		 /work/data/output_disk_sp1_6cpu/Achillea.atrata/proj_ipsl.cm6a.lr_ssp370/individual_projections/proj_ipsl.cm6a.lr_ssp370_Achillea.atrata_PA1_RUN2_GLM.tif
[2026-08-01 23:47:56] 	> Projecting Achillea.atrata_PA1_RUN3_GBM ...
[2026-08-01 23:47:57] 		Writing projection on hard drive...
[2026-08-01 23:47:57] 		 /work/data/output_disk_sp1_6cpu/Achillea.atrata/proj_ipsl.cm6a.lr_ssp370/individual_projections/proj_ipsl.cm6a.lr_ssp370_Achillea.atrata_PA1_RUN1_MAXNET.tif
[2026-08-01 23:48:13] 	> Projecting Achillea.atrata_PA1_RUN3_GLM ...
[2026-08-01 23:48:14] 		Writing projection on hard drive...
[2026-08-01 23:48:14] 		 /work/data/output_disk_sp1_6cpu/Achillea.atrata/proj_ipsl.cm6a.lr_ssp370/individual_projections/proj_ipsl.cm6a.lr_ssp370_Achillea.atrata_PA1_RUN1_FDA.tif
[2026-08-01 23:48:24] 	> Projecting Achillea.atrata_PA1_RUN2_MAXNET ...
[2026-08-01 23:48:24] 		Writing projection on hard drive...
[2026-08-01 23:48:24] 		 /work/data/output_disk_sp1_6cpu/Achillea.atrata/proj_ipsl.cm6a.lr_ssp370/individual_projections/proj_ipsl.cm6a.lr_ssp370_Achillea.atrata_PA1_RUN1_ANN.tif
[2026-08-01 23:48:37] 	> Projecting Achillea.atrata_PA1_RUN2_FDA ...
[2026-08-01 23:48:38] 		Writing projection on hard drive...
[2026-08-01 23:48:38] 		 /work/data/output_disk_sp1_6cpu/Achillea.atrata/proj_ipsl.cm6a.lr_ssp370/individual_projections/proj_ipsl.cm6a.lr_ssp370_Achillea.atrata_PA1_RUN3_GLM.tif
[2026-08-01 23:49:05] 	> Projecting Achillea.atrata_PA1_RUN4_GBM ...
[2026-08-01 23:49:05] 		Writing projection on hard drive...
[2026-08-01 23:49:05] 		 /work/data/output_disk_sp1_6cpu/Achillea.atrata/proj_ipsl.cm6a.lr_ssp370/individual_projections/proj_ipsl.cm6a.lr_ssp370_Achillea.atrata_PA1_RUN2_MAXNET.tif
[2026-08-01 23:49:18] 	> Projecting Achillea.atrata_PA1_RUN4_GLM ...
[2026-08-01 23:49:19] 		Writing projection on hard drive...
[2026-08-01 23:49:19] 		 /work/data/output_disk_sp1_6cpu/Achillea.atrata/proj_ipsl.cm6a.lr_ssp370/individual_projections/proj_ipsl.cm6a.lr_ssp370_Achillea.atrata_PA1_RUN2_FDA.tif
[2026-08-01 23:49:41] 	> Projecting Achillea.atrata_PA1_RUN3_MAXNET ...
[2026-08-01 23:49:42] 		Writing projection on hard drive...
[2026-08-01 23:49:42] 		 /work/data/output_disk_sp1_6cpu/Achillea.atrata/proj_ipsl.cm6a.lr_ssp370/individual_projections/proj_ipsl.cm6a.lr_ssp370_Achillea.atrata_PA1_RUN4_GLM.tif
[2026-08-01 23:50:07] 	> Projecting Achillea.atrata_PA1_RUN5_GBM ...
[2026-08-01 23:50:07] 		Writing projection on hard drive...
[2026-08-01 23:50:07] 		 /work/data/output_disk_sp1_6cpu/Achillea.atrata/proj_ipsl.cm6a.lr_ssp370/individual_projections/proj_ipsl.cm6a.lr_ssp370_Achillea.atrata_PA1_RUN3_MAXNET.tif
[2026-08-01 23:50:43] 	> Projecting Achillea.atrata_PA1_RUN5_GLM ...
[2026-08-01 23:50:44] 		Writing projection on hard drive...
[2026-08-01 23:50:44] 		 /work/data/output_disk_sp1_6cpu/Achillea.atrata/proj_ipsl.cm6a.lr_ssp370/individual_projections/proj_ipsl.cm6a.lr_ssp370_Achillea.atrata_PA1_RUN5_GLM.tif
[2026-08-02 00:01:20] 	> Projecting Achillea.atrata_PA2_RUN1_GBM ...
[2026-08-02 00:01:21] 		Writing projection on hard drive...
[2026-08-02 00:01:21] 		 /work/data/output_disk_sp1_6cpu/Achillea.atrata/proj_ipsl.cm6a.lr_ssp370/individual_projections/proj_ipsl.cm6a.lr_ssp370_Achillea.atrata_PA1_RUN1_GBM.tif
[2026-08-02 00:02:01] 	> Projecting Achillea.atrata_PA1_RUN2_ANN ...
[2026-08-02 00:02:02] 		Writing projection on hard drive...
[2026-08-02 00:02:02] 		 /work/data/output_disk_sp1_6cpu/Achillea.atrata/proj_ipsl.cm6a.lr_ssp370/individual_projections/proj_ipsl.cm6a.lr_ssp370_Achillea.atrata_PA1_RUN2_GBM.tif
[2026-08-02 00:02:11] 	> Projecting Achillea.atrata_PA1_RUN3_ANN ...
[2026-08-02 00:02:12] 		Writing projection on hard drive...
[2026-08-02 00:02:12] 		 /work/data/output_disk_sp1_6cpu/Achillea.atrata/proj_ipsl.cm6a.lr_ssp370/individual_projections/proj_ipsl.cm6a.lr_ssp370_Achillea.atrata_PA1_RUN3_GBM.tif
[2026-08-02 00:02:34] 	> Projecting Achillea.atrata_PA1_RUN4_ANN ...
[2026-08-02 00:02:35] 		Writing projection on hard drive...
[2026-08-02 00:02:35] 		 /work/data/output_disk_sp1_6cpu/Achillea.atrata/proj_ipsl.cm6a.lr_ssp370/individual_projections/proj_ipsl.cm6a.lr_ssp370_Achillea.atrata_PA1_RUN2_ANN.tif
[2026-08-02 00:02:50] 	> Projecting Achillea.atrata_PA1_RUN3_FDA ...
[2026-08-02 00:02:51] 		Writing projection on hard drive...
[2026-08-02 00:02:51] 		 /work/data/output_disk_sp1_6cpu/Achillea.atrata/proj_ipsl.cm6a.lr_ssp370/individual_projections/proj_ipsl.cm6a.lr_ssp370_Achillea.atrata_PA1_RUN4_GBM.tif
[2026-08-02 00:03:08] 	> Projecting Achillea.atrata_PA1_RUN5_ANN ...
[2026-08-02 00:03:09] 		Writing projection on hard drive...
[2026-08-02 00:03:09] 		 /work/data/output_disk_sp1_6cpu/Achillea.atrata/proj_ipsl.cm6a.lr_ssp370/individual_projections/proj_ipsl.cm6a.lr_ssp370_Achillea.atrata_PA1_RUN3_ANN.tif
[2026-08-02 00:03:18] 	> Projecting Achillea.atrata_PA1_RUN4_FDA ...
[2026-08-02 00:03:19] 		Writing projection on hard drive...
[2026-08-02 00:03:19] 		 /work/data/output_disk_sp1_6cpu/Achillea.atrata/proj_ipsl.cm6a.lr_ssp370/individual_projections/proj_ipsl.cm6a.lr_ssp370_Achillea.atrata_PA1_RUN4_ANN.tif
[2026-08-02 00:03:29] 	> Projecting Achillea.atrata_PA1_RUN5_FDA ...
[2026-08-02 00:03:30] 		Writing projection on hard drive...
[2026-08-02 00:03:30] 		 /work/data/output_disk_sp1_6cpu/Achillea.atrata/proj_ipsl.cm6a.lr_ssp370/individual_projections/proj_ipsl.cm6a.lr_ssp370_Achillea.atrata_PA1_RUN3_FDA.tif
[2026-08-02 00:03:53] 	> Projecting Achillea.atrata_PA1_RUN4_MAXNET ...
[2026-08-02 00:03:53] 		Writing projection on hard drive...
[2026-08-02 00:03:53] 		 /work/data/output_disk_sp1_6cpu/Achillea.atrata/proj_ipsl.cm6a.lr_ssp370/individual_projections/proj_ipsl.cm6a.lr_ssp370_Achillea.atrata_PA1_RUN5_ANN.tif
[2026-08-02 00:04:08] 	> Projecting Achillea.atrata_PA2_RUN1_FDA ...
[2026-08-02 00:04:08] 		Writing projection on hard drive...
[2026-08-02 00:04:08] 		Writing projection on hard drive...
[2026-08-02 00:04:08] 		 /work/data/output_disk_sp1_6cpu/Achillea.atrata/proj_ipsl.cm6a.lr_ssp370/individual_projections/proj_ipsl.cm6a.lr_ssp370_Achillea.atrata_PA1_RUN4_FDA.tif
[2026-08-02 00:04:09] 	> Projecting Achillea.atrata_PA1_RUN5_MAXNET ...
[2026-08-02 00:04:09] 		 /work/data/output_disk_sp1_6cpu/Achillea.atrata/proj_ipsl.cm6a.lr_ssp370/individual_projections/proj_ipsl.cm6a.lr_ssp370_Achillea.atrata_PA1_RUN5_GBM.tif
[2026-08-02 00:04:16] 	> Projecting Achillea.atrata_PA2_RUN1_ANN ...
[2026-08-02 00:04:17] 		Writing projection on hard drive...
[2026-08-02 00:04:17] 		 /work/data/output_disk_sp1_6cpu/Achillea.atrata/proj_ipsl.cm6a.lr_ssp370/individual_projections/proj_ipsl.cm6a.lr_ssp370_Achillea.atrata_PA1_RUN4_MAXNET.tif
[2026-08-02 00:04:18] 	> Projecting Achillea.atrata_PA2_RUN1_GLM ...
[2026-08-02 00:04:18] 		Writing projection on hard drive...
[2026-08-02 00:04:18] 		 /work/data/output_disk_sp1_6cpu/Achillea.atrata/proj_ipsl.cm6a.lr_ssp370/individual_projections/proj_ipsl.cm6a.lr_ssp370_Achillea.atrata_PA1_RUN5_FDA.tif
[2026-08-02 00:04:46] 	> Projecting Achillea.atrata_PA2_RUN1_MAXNET ...
[2026-08-02 00:04:47] 		Writing projection on hard drive...
[2026-08-02 00:04:47] 		 /work/data/output_disk_sp1_6cpu/Achillea.atrata/proj_ipsl.cm6a.lr_ssp370/individual_projections/proj_ipsl.cm6a.lr_ssp370_Achillea.atrata_PA2_RUN1_FDA.tif
[2026-08-02 00:04:51] 	> Projecting Achillea.atrata_PA2_RUN2_MAXNET ...
[2026-08-02 00:04:51] 		Writing projection on hard drive...
[2026-08-02 00:04:51] 		 /work/data/output_disk_sp1_6cpu/Achillea.atrata/proj_ipsl.cm6a.lr_ssp370/individual_projections/proj_ipsl.cm6a.lr_ssp370_Achillea.atrata_PA2_RUN1_GLM.tif
[2026-08-02 00:05:04] 	> Projecting Achillea.atrata_PA2_RUN2_GBM ...
[2026-08-02 00:05:05] 		Writing projection on hard drive...
[2026-08-02 00:05:05] 		 /work/data/output_disk_sp1_6cpu/Achillea.atrata/proj_ipsl.cm6a.lr_ssp370/individual_projections/proj_ipsl.cm6a.lr_ssp370_Achillea.atrata_PA1_RUN5_MAXNET.tif
[2026-08-02 00:05:08] 	> Projecting Achillea.atrata_PA2_RUN2_GLM ...
[2026-08-02 00:05:08] 		Writing projection on hard drive...
[2026-08-02 00:05:08] 		 /work/data/output_disk_sp1_6cpu/Achillea.atrata/proj_ipsl.cm6a.lr_ssp370/individual_projections/proj_ipsl.cm6a.lr_ssp370_Achillea.atrata_PA2_RUN1_GBM.tif
[2026-08-02 00:05:13] 	> Projecting Achillea.atrata_PA2_RUN2_ANN ...
[2026-08-02 00:05:13] 		Writing projection on hard drive...
[2026-08-02 00:05:14] 		Writing projection on hard drive...
[2026-08-02 00:05:14] 		 /work/data/output_disk_sp1_6cpu/Achillea.atrata/proj_ipsl.cm6a.lr_ssp370/individual_projections/proj_ipsl.cm6a.lr_ssp370_Achillea.atrata_PA2_RUN1_ANN.tif
[2026-08-02 00:05:14] 	> Projecting Achillea.atrata_PA2_RUN2_FDA ...
[2026-08-02 00:05:14] 		 /work/data/output_disk_sp1_6cpu/Achillea.atrata/proj_ipsl.cm6a.lr_ssp370/individual_projections/proj_ipsl.cm6a.lr_ssp370_Achillea.atrata_PA2_RUN1_MAXNET.tif
[2026-08-02 00:05:35] 	> Projecting Achillea.atrata_PA2_RUN3_GLM ...
[2026-08-02 00:05:36] 		Writing projection on hard drive...
[2026-08-02 00:05:36] 		 /work/data/output_disk_sp1_6cpu/Achillea.atrata/proj_ipsl.cm6a.lr_ssp370/individual_projections/proj_ipsl.cm6a.lr_ssp370_Achillea.atrata_PA2_RUN2_MAXNET.tif
[2026-08-02 00:05:44] 	> Projecting Achillea.atrata_PA2_RUN4_GLM ...
[2026-08-02 00:05:45] 		Writing projection on hard drive...
[2026-08-02 00:05:45] 		 /work/data/output_disk_sp1_6cpu/Achillea.atrata/proj_ipsl.cm6a.lr_ssp370/individual_projections/proj_ipsl.cm6a.lr_ssp370_Achillea.atrata_PA2_RUN2_GLM.tif
[2026-08-02 00:05:56] 	> Projecting Achillea.atrata_PA2_RUN3_GBM ...
[2026-08-02 00:05:57] 		Writing projection on hard drive...
[2026-08-02 00:05:57] 		 /work/data/output_disk_sp1_6cpu/Achillea.atrata/proj_ipsl.cm6a.lr_ssp370/individual_projections/proj_ipsl.cm6a.lr_ssp370_Achillea.atrata_PA2_RUN3_GLM.tif
[2026-08-02 00:06:06] 	> Projecting Achillea.atrata_PA2_RUN4_GBM ...
[2026-08-02 00:06:07] 		Writing projection on hard drive...
[2026-08-02 00:06:07] 		 /work/data/output_disk_sp1_6cpu/Achillea.atrata/proj_ipsl.cm6a.lr_ssp370/individual_projections/proj_ipsl.cm6a.lr_ssp370_Achillea.atrata_PA2_RUN2_ANN.tif
[2026-08-02 00:06:10] 	> Projecting Achillea.atrata_PA2_RUN3_FDA ...
[2026-08-02 00:06:10] 		Writing projection on hard drive...
[2026-08-02 00:06:10] 		 /work/data/output_disk_sp1_6cpu/Achillea.atrata/proj_ipsl.cm6a.lr_ssp370/individual_projections/proj_ipsl.cm6a.lr_ssp370_Achillea.atrata_PA2_RUN2_FDA.tif
[2026-08-02 00:06:14] 	> Projecting Achillea.atrata_PA2_RUN3_MAXNET ...
[2026-08-02 00:06:15] 		Writing projection on hard drive...
[2026-08-02 00:06:15] 		 /work/data/output_disk_sp1_6cpu/Achillea.atrata/proj_ipsl.cm6a.lr_ssp370/individual_projections/proj_ipsl.cm6a.lr_ssp370_Achillea.atrata_PA2_RUN4_GLM.tif
[2026-08-02 00:06:51] 	> Projecting Achillea.atrata_PA2_RUN5_GBM ...
[2026-08-02 00:06:52] 		Writing projection on hard drive...
[2026-08-02 00:06:52] 		Writing projection on hard drive...
[2026-08-02 00:06:52] 		 /work/data/output_disk_sp1_6cpu/Achillea.atrata/proj_ipsl.cm6a.lr_ssp370/individual_projections/proj_ipsl.cm6a.lr_ssp370_Achillea.atrata_PA2_RUN3_MAXNET.tif
[2026-08-02 00:06:52] 	> Projecting Achillea.atrata_PA2_RUN5_GLM ...
[2026-08-02 00:06:52] 		 /work/data/output_disk_sp1_6cpu/Achillea.atrata/proj_ipsl.cm6a.lr_ssp370/individual_projections/proj_ipsl.cm6a.lr_ssp370_Achillea.atrata_PA2_RUN3_FDA.tif
[2026-08-02 00:07:26] 	> Projecting Achillea.atrata_PA2_RUN4_MAXNET ...
[2026-08-02 00:07:27] 		Writing projection on hard drive...
[2026-08-02 00:07:27] 		 /work/data/output_disk_sp1_6cpu/Achillea.atrata/proj_ipsl.cm6a.lr_ssp370/individual_projections/proj_ipsl.cm6a.lr_ssp370_Achillea.atrata_PA2_RUN5_GLM.tif
[2026-08-02 00:07:36] 	> Projecting Achillea.atrata_PA3_RUN1_GBM ...
[2026-08-02 00:07:37] 		Writing projection on hard drive...
[2026-08-02 00:07:37] 		 /work/data/output_disk_sp1_6cpu/Achillea.atrata/proj_ipsl.cm6a.lr_ssp370/individual_projections/proj_ipsl.cm6a.lr_ssp370_Achillea.atrata_PA2_RUN4_MAXNET.tif
[2026-08-02 00:08:12] 	> Projecting Achillea.atrata_PA3_RUN1_GLM ...
[2026-08-02 00:08:13] 		Writing projection on hard drive...
[2026-08-02 00:08:13] 		 /work/data/output_disk_sp1_6cpu/Achillea.atrata/proj_ipsl.cm6a.lr_ssp370/individual_projections/proj_ipsl.cm6a.lr_ssp370_Achillea.atrata_PA3_RUN1_GLM.tif
[2026-08-02 00:19:19] 	> Projecting Achillea.atrata_PA3_RUN2_GBM ...
[2026-08-02 00:19:20] 		Writing projection on hard drive...
[2026-08-02 00:19:20] 		 /work/data/output_disk_sp1_6cpu/Achillea.atrata/proj_ipsl.cm6a.lr_ssp370/individual_projections/proj_ipsl.cm6a.lr_ssp370_Achillea.atrata_PA2_RUN2_GBM.tif
[2026-08-02 00:19:52] 	> Projecting Achillea.atrata_PA2_RUN3_ANN ...
[2026-08-02 00:19:53] 		Writing projection on hard drive...
[2026-08-02 00:19:53] 		 /work/data/output_disk_sp1_6cpu/Achillea.atrata/proj_ipsl.cm6a.lr_ssp370/individual_projections/proj_ipsl.cm6a.lr_ssp370_Achillea.atrata_PA2_RUN3_GBM.tif
[2026-08-02 00:20:11] 	> Projecting Achillea.atrata_PA2_RUN4_ANN ...
[2026-08-02 00:20:12] 		Writing projection on hard drive...
[2026-08-02 00:20:12] 		 /work/data/output_disk_sp1_6cpu/Achillea.atrata/proj_ipsl.cm6a.lr_ssp370/individual_projections/proj_ipsl.cm6a.lr_ssp370_Achillea.atrata_PA2_RUN4_GBM.tif
[2026-08-02 00:20:19] 	> Projecting Achillea.atrata_PA2_RUN5_ANN ...
[2026-08-02 00:20:20] 		Writing projection on hard drive...
[2026-08-02 00:20:20] 		 /work/data/output_disk_sp1_6cpu/Achillea.atrata/proj_ipsl.cm6a.lr_ssp370/individual_projections/proj_ipsl.cm6a.lr_ssp370_Achillea.atrata_PA2_RUN3_ANN.tif
[2026-08-02 00:20:40] 	> Projecting Achillea.atrata_PA2_RUN4_FDA ...
[2026-08-02 00:20:41] 		Writing projection on hard drive...
[2026-08-02 00:20:41] 		 /work/data/output_disk_sp1_6cpu/Achillea.atrata/proj_ipsl.cm6a.lr_ssp370/individual_projections/proj_ipsl.cm6a.lr_ssp370_Achillea.atrata_PA2_RUN5_GBM.tif
[2026-08-02 00:20:48] 	> Projecting Achillea.atrata_PA3_RUN1_ANN ...
[2026-08-02 00:20:49] 		Writing projection on hard drive...
[2026-08-02 00:20:49] 		 /work/data/output_disk_sp1_6cpu/Achillea.atrata/proj_ipsl.cm6a.lr_ssp370/individual_projections/proj_ipsl.cm6a.lr_ssp370_Achillea.atrata_PA2_RUN4_ANN.tif
[2026-08-02 00:21:14] 	> Projecting Achillea.atrata_PA2_RUN5_FDA ...
[2026-08-02 00:21:15] 		Writing projection on hard drive...
[2026-08-02 00:21:15] 		 /work/data/output_disk_sp1_6cpu/Achillea.atrata/proj_ipsl.cm6a.lr_ssp370/individual_projections/proj_ipsl.cm6a.lr_ssp370_Achillea.atrata_PA3_RUN1_GBM.tif
[2026-08-02 00:21:17] 	> Projecting Achillea.atrata_PA3_RUN2_ANN ...
[2026-08-02 00:21:18] 		Writing projection on hard drive...
[2026-08-02 00:21:18] 		 /work/data/output_disk_sp1_6cpu/Achillea.atrata/proj_ipsl.cm6a.lr_ssp370/individual_projections/proj_ipsl.cm6a.lr_ssp370_Achillea.atrata_PA2_RUN4_FDA.tif
[2026-08-02 00:21:18] 	> Projecting Achillea.atrata_PA2_RUN5_MAXNET ...
[2026-08-02 00:21:19] 		Writing projection on hard drive...
[2026-08-02 00:21:19] 		 /work/data/output_disk_sp1_6cpu/Achillea.atrata/proj_ipsl.cm6a.lr_ssp370/individual_projections/proj_ipsl.cm6a.lr_ssp370_Achillea.atrata_PA2_RUN5_ANN.tif
[2026-08-02 00:21:27] 	> Projecting Achillea.atrata_PA3_RUN1_FDA ...
[2026-08-02 00:21:28] 		Writing projection on hard drive...
[2026-08-02 00:21:28] 		 /work/data/output_disk_sp1_6cpu/Achillea.atrata/proj_ipsl.cm6a.lr_ssp370/individual_projections/proj_ipsl.cm6a.lr_ssp370_Achillea.atrata_PA3_RUN2_GBM.tif
[2026-08-02 00:21:38] 	> Projecting Achillea.atrata_PA3_RUN3_ANN ...
[2026-08-02 00:21:39] 		Writing projection on hard drive...
[2026-08-02 00:21:39] 		Writing projection on hard drive...
[2026-08-02 00:21:39] 		 /work/data/output_disk_sp1_6cpu/Achillea.atrata/proj_ipsl.cm6a.lr_ssp370/individual_projections/proj_ipsl.cm6a.lr_ssp370_Achillea.atrata_PA3_RUN1_ANN.tif
[2026-08-02 00:21:40] 	> Projecting Achillea.atrata_PA3_RUN2_FDA ...
[2026-08-02 00:21:40] 		 /work/data/output_disk_sp1_6cpu/Achillea.atrata/proj_ipsl.cm6a.lr_ssp370/individual_projections/proj_ipsl.cm6a.lr_ssp370_Achillea.atrata_PA2_RUN5_FDA.tif
[2026-08-02 00:22:05] 	> Projecting Achillea.atrata_PA3_RUN1_MAXNET ...
[2026-08-02 00:22:06] 		Writing projection on hard drive...
[2026-08-02 00:22:06] 		 /work/data/output_disk_sp1_6cpu/Achillea.atrata/proj_ipsl.cm6a.lr_ssp370/individual_projections/proj_ipsl.cm6a.lr_ssp370_Achillea.atrata_PA2_RUN5_MAXNET.tif
[2026-08-02 00:22:15] 	> Projecting Achillea.atrata_PA3_RUN2_GLM ...
[2026-08-02 00:22:16] 		Writing projection on hard drive...
[2026-08-02 00:22:16] 		 /work/data/output_disk_sp1_6cpu/Achillea.atrata/proj_ipsl.cm6a.lr_ssp370/individual_projections/proj_ipsl.cm6a.lr_ssp370_Achillea.atrata_PA3_RUN1_FDA.tif
[2026-08-02 00:22:17] 	> Projecting Achillea.atrata_PA3_RUN2_MAXNET ...
[2026-08-02 00:22:18] 		Writing projection on hard drive...
[2026-08-02 00:22:18] 		 /work/data/output_disk_sp1_6cpu/Achillea.atrata/proj_ipsl.cm6a.lr_ssp370/individual_projections/proj_ipsl.cm6a.lr_ssp370_Achillea.atrata_PA3_RUN2_ANN.tif
[2026-08-02 00:22:22] 	> Projecting Achillea.atrata_PA3_RUN3_FDA ...
[2026-08-02 00:22:23] 		Writing projection on hard drive...
[2026-08-02 00:22:23] 		 /work/data/output_disk_sp1_6cpu/Achillea.atrata/proj_ipsl.cm6a.lr_ssp370/individual_projections/proj_ipsl.cm6a.lr_ssp370_Achillea.atrata_PA3_RUN3_ANN.tif
[2026-08-02 00:22:27] 	> Projecting Achillea.atrata_PA3_RUN4_FDA ...
[2026-08-02 00:22:28] 		Writing projection on hard drive...
[2026-08-02 00:22:28] 		Writing projection on hard drive...
[2026-08-02 00:22:28] 		 /work/data/output_disk_sp1_6cpu/Achillea.atrata/proj_ipsl.cm6a.lr_ssp370/individual_projections/proj_ipsl.cm6a.lr_ssp370_Achillea.atrata_PA3_RUN1_MAXNET.tif
[2026-08-02 00:22:28] 	> Projecting Achillea.atrata_PA3_RUN3_GLM ...
[2026-08-02 00:22:28] 		 /work/data/output_disk_sp1_6cpu/Achillea.atrata/proj_ipsl.cm6a.lr_ssp370/individual_projections/proj_ipsl.cm6a.lr_ssp370_Achillea.atrata_PA3_RUN2_FDA.tif
[2026-08-02 00:22:47] 	> Projecting Achillea.atrata_PA3_RUN3_MAXNET ...
[2026-08-02 00:22:47] 		Writing projection on hard drive...
[2026-08-02 00:22:47] 		 /work/data/output_disk_sp1_6cpu/Achillea.atrata/proj_ipsl.cm6a.lr_ssp370/individual_projections/proj_ipsl.cm6a.lr_ssp370_Achillea.atrata_PA3_RUN2_GLM.tif
[2026-08-02 00:23:03] 	> Projecting Achillea.atrata_PA3_RUN3_GBM ...
[2026-08-02 00:23:04] 		Writing projection on hard drive...
[2026-08-02 00:23:04] 		 /work/data/output_disk_sp1_6cpu/Achillea.atrata/proj_ipsl.cm6a.lr_ssp370/individual_projections/proj_ipsl.cm6a.lr_ssp370_Achillea.atrata_PA3_RUN2_MAXNET.tif
[2026-08-02 00:23:07] 	> Projecting Achillea.atrata_PA3_RUN4_GLM ...
[2026-08-02 00:23:08] 		Writing projection on hard drive...
[2026-08-02 00:23:08] 		 /work/data/output_disk_sp1_6cpu/Achillea.atrata/proj_ipsl.cm6a.lr_ssp370/individual_projections/proj_ipsl.cm6a.lr_ssp370_Achillea.atrata_PA3_RUN3_MAXNET.tif
[2026-08-02 00:23:10] 	> Projecting Achillea.atrata_PA3_RUN5_GLM ...
[2026-08-02 00:23:10] 		Writing projection on hard drive...
[2026-08-02 00:23:10] 		 /work/data/output_disk_sp1_6cpu/Achillea.atrata/proj_ipsl.cm6a.lr_ssp370/individual_projections/proj_ipsl.cm6a.lr_ssp370_Achillea.atrata_PA3_RUN3_GLM.tif
[2026-08-02 00:23:14] 	> Projecting Achillea.atrata_PA3_RUN4_GBM ...
[2026-08-02 00:23:14] 		Writing projection on hard drive...
[2026-08-02 00:23:14] 		 /work/data/output_disk_sp1_6cpu/Achillea.atrata/proj_ipsl.cm6a.lr_ssp370/individual_projections/proj_ipsl.cm6a.lr_ssp370_Achillea.atrata_PA3_RUN4_FDA.tif
[2026-08-02 00:23:17] 	> Projecting Achillea.atrata_PA3_RUN5_MAXNET ...
[2026-08-02 00:23:18] 		Writing projection on hard drive...
[2026-08-02 00:23:18] 		 /work/data/output_disk_sp1_6cpu/Achillea.atrata/proj_ipsl.cm6a.lr_ssp370/individual_projections/proj_ipsl.cm6a.lr_ssp370_Achillea.atrata_PA3_RUN3_FDA.tif
[2026-08-02 00:23:39] 	> Projecting Achillea.atrata_PA3_RUN4_MAXNET ...
[2026-08-02 00:23:40] 		Writing projection on hard drive...
[2026-08-02 00:23:40] 		 /work/data/output_disk_sp1_6cpu/Achillea.atrata/proj_ipsl.cm6a.lr_ssp370/individual_projections/proj_ipsl.cm6a.lr_ssp370_Achillea.atrata_PA3_RUN4_GLM.tif
[2026-08-02 00:23:45] 	> Projecting Achillea.atrata_PA3_RUN5_GBM ...
[2026-08-02 00:23:45] 		Writing projection on hard drive...
[2026-08-02 00:23:45] 		 /work/data/output_disk_sp1_6cpu/Achillea.atrata/proj_ipsl.cm6a.lr_ssp370/individual_projections/proj_ipsl.cm6a.lr_ssp370_Achillea.atrata_PA3_RUN5_GLM.tif
[2026-08-02 00:23:58] 	> Projecting Achillea.atrata_PA4_RUN1_GBM ...
[2026-08-02 00:23:59] 		Writing projection on hard drive...
[2026-08-02 00:23:59] 		 /work/data/output_disk_sp1_6cpu/Achillea.atrata/proj_ipsl.cm6a.lr_ssp370/individual_projections/proj_ipsl.cm6a.lr_ssp370_Achillea.atrata_PA3_RUN5_MAXNET.tif
[2026-08-02 00:24:05] 	> Projecting Achillea.atrata_PA4_RUN2_GLM ...
[2026-08-02 00:24:06] 		Writing projection on hard drive...
[2026-08-02 00:24:06] 		 /work/data/output_disk_sp1_6cpu/Achillea.atrata/proj_ipsl.cm6a.lr_ssp370/individual_projections/proj_ipsl.cm6a.lr_ssp370_Achillea.atrata_PA3_RUN4_MAXNET.tif
[2026-08-02 00:24:31] 	> Projecting Achillea.atrata_PA4_RUN1_GLM ...
[2026-08-02 00:24:32] 		Writing projection on hard drive...
[2026-08-02 00:24:32] 		 /work/data/output_disk_sp1_6cpu/Achillea.atrata/proj_ipsl.cm6a.lr_ssp370/individual_projections/proj_ipsl.cm6a.lr_ssp370_Achillea.atrata_PA4_RUN2_GLM.tif
[2026-08-02 00:24:43] 	> Projecting Achillea.atrata_PA4_RUN3_GBM ...
[2026-08-02 00:24:44] 		Writing projection on hard drive...
[2026-08-02 00:24:44] 		 /work/data/output_disk_sp1_6cpu/Achillea.atrata/proj_ipsl.cm6a.lr_ssp370/individual_projections/proj_ipsl.cm6a.lr_ssp370_Achillea.atrata_PA4_RUN1_GLM.tif
[2026-08-02 00:36:55] 	> Projecting Achillea.atrata_PA4_RUN2_GBM ...
[2026-08-02 00:36:56] 		Writing projection on hard drive...
[2026-08-02 00:36:56] 		 /work/data/output_disk_sp1_6cpu/Achillea.atrata/proj_ipsl.cm6a.lr_ssp370/individual_projections/proj_ipsl.cm6a.lr_ssp370_Achillea.atrata_PA3_RUN3_GBM.tif
[2026-08-02 00:37:04] 	> Projecting Achillea.atrata_PA3_RUN4_ANN ...
[2026-08-02 00:37:05] 		Writing projection on hard drive...
[2026-08-02 00:37:05] 		 /work/data/output_disk_sp1_6cpu/Achillea.atrata/proj_ipsl.cm6a.lr_ssp370/individual_projections/proj_ipsl.cm6a.lr_ssp370_Achillea.atrata_PA3_RUN4_GBM.tif
[2026-08-02 00:37:20] 	> Projecting Achillea.atrata_PA3_RUN5_ANN ...
[2026-08-02 00:37:21] 		Writing projection on hard drive...
[2026-08-02 00:37:21] 		 /work/data/output_disk_sp1_6cpu/Achillea.atrata/proj_ipsl.cm6a.lr_ssp370/individual_projections/proj_ipsl.cm6a.lr_ssp370_Achillea.atrata_PA3_RUN5_GBM.tif
[2026-08-02 00:37:54] 	> Projecting Achillea.atrata_PA4_RUN1_ANN ...
[2026-08-02 00:37:55] 		Writing projection on hard drive...
[2026-08-02 00:37:55] 		 /work/data/output_disk_sp1_6cpu/Achillea.atrata/proj_ipsl.cm6a.lr_ssp370/individual_projections/proj_ipsl.cm6a.lr_ssp370_Achillea.atrata_PA4_RUN1_GBM.tif
[2026-08-02 00:38:00] 	> Projecting Achillea.atrata_PA4_RUN2_ANN ...
[2026-08-02 00:38:00] 		Writing projection on hard drive...
[2026-08-02 00:38:00] 		 /work/data/output_disk_sp1_6cpu/Achillea.atrata/proj_ipsl.cm6a.lr_ssp370/individual_projections/proj_ipsl.cm6a.lr_ssp370_Achillea.atrata_PA3_RUN4_ANN.tif
[2026-08-02 00:38:11] 	> Projecting Achillea.atrata_PA3_RUN5_FDA ...
[2026-08-02 00:38:12] 		Writing projection on hard drive...
[2026-08-02 00:38:12] 		 /work/data/output_disk_sp1_6cpu/Achillea.atrata/proj_ipsl.cm6a.lr_ssp370/individual_projections/proj_ipsl.cm6a.lr_ssp370_Achillea.atrata_PA4_RUN3_GBM.tif
[2026-08-02 00:38:14] 	> Projecting Achillea.atrata_PA4_RUN4_ANN ...
[2026-08-02 00:38:15] 		Writing projection on hard drive...
[2026-08-02 00:38:15] 		 /work/data/output_disk_sp1_6cpu/Achillea.atrata/proj_ipsl.cm6a.lr_ssp370/individual_projections/proj_ipsl.cm6a.lr_ssp370_Achillea.atrata_PA3_RUN5_ANN.tif
[2026-08-02 00:38:34] 	> Projecting Achillea.atrata_PA4_RUN1_FDA ...
[2026-08-02 00:38:34] 		Writing projection on hard drive...
[2026-08-02 00:38:34] 		 /work/data/output_disk_sp1_6cpu/Achillea.atrata/proj_ipsl.cm6a.lr_ssp370/individual_projections/proj_ipsl.cm6a.lr_ssp370_Achillea.atrata_PA4_RUN1_ANN.tif
[2026-08-02 00:38:47] 	> Projecting Achillea.atrata_PA4_RUN2_FDA ...
[2026-08-02 00:38:48] 		Writing projection on hard drive...
[2026-08-02 00:38:48] 		 /work/data/output_disk_sp1_6cpu/Achillea.atrata/proj_ipsl.cm6a.lr_ssp370/individual_projections/proj_ipsl.cm6a.lr_ssp370_Achillea.atrata_PA3_RUN5_FDA.tif
[2026-08-02 00:38:48] 	> Projecting Achillea.atrata_PA4_RUN1_MAXNET ...
[2026-08-02 00:38:49] 		Writing projection on hard drive...
[2026-08-02 00:38:49] 		 /work/data/output_disk_sp1_6cpu/Achillea.atrata/proj_ipsl.cm6a.lr_ssp370/individual_projections/proj_ipsl.cm6a.lr_ssp370_Achillea.atrata_PA4_RUN2_GBM.tif
[2026-08-02 00:38:54] 	> Projecting Achillea.atrata_PA4_RUN3_ANN ...
[2026-08-02 00:38:55] 		Writing projection on hard drive...
[2026-08-02 00:38:55] 		 /work/data/output_disk_sp1_6cpu/Achillea.atrata/proj_ipsl.cm6a.lr_ssp370/individual_projections/proj_ipsl.cm6a.lr_ssp370_Achillea.atrata_PA4_RUN2_ANN.tif
[2026-08-02 00:39:08] 	> Projecting Achillea.atrata_PA4_RUN3_FDA ...
[2026-08-02 00:39:09] 		Writing projection on hard drive...
[2026-08-02 00:39:09] 		 /work/data/output_disk_sp1_6cpu/Achillea.atrata/proj_ipsl.cm6a.lr_ssp370/individual_projections/proj_ipsl.cm6a.lr_ssp370_Achillea.atrata_PA4_RUN1_FDA.tif
[2026-08-02 00:39:11] 	> Projecting Achillea.atrata_PA4_RUN2_MAXNET ...
[2026-08-02 00:39:12] 		Writing projection on hard drive...
[2026-08-02 00:39:12] 		 /work/data/output_disk_sp1_6cpu/Achillea.atrata/proj_ipsl.cm6a.lr_ssp370/individual_projections/proj_ipsl.cm6a.lr_ssp370_Achillea.atrata_PA4_RUN4_ANN.tif
[2026-08-02 00:39:26] 	> Projecting Achillea.atrata_PA4_RUN5_FDA ...
[2026-08-02 00:39:26] 		Writing projection on hard drive...
[2026-08-02 00:39:26] 		 /work/data/output_disk_sp1_6cpu/Achillea.atrata/proj_ipsl.cm6a.lr_ssp370/individual_projections/proj_ipsl.cm6a.lr_ssp370_Achillea.atrata_PA4_RUN2_FDA.tif
[2026-08-02 00:39:34] 	> Projecting Achillea.atrata_PA4_RUN3_MAXNET ...
[2026-08-02 00:39:35] 		Writing projection on hard drive...
[2026-08-02 00:39:35] 		 /work/data/output_disk_sp1_6cpu/Achillea.atrata/proj_ipsl.cm6a.lr_ssp370/individual_projections/proj_ipsl.cm6a.lr_ssp370_Achillea.atrata_PA4_RUN1_MAXNET.tif
[2026-08-02 00:39:43] 	> Projecting Achillea.atrata_PA4_RUN3_GLM ...
[2026-08-02 00:39:44] 		Writing projection on hard drive...
[2026-08-02 00:39:44] 		 /work/data/output_disk_sp1_6cpu/Achillea.atrata/proj_ipsl.cm6a.lr_ssp370/individual_projections/proj_ipsl.cm6a.lr_ssp370_Achillea.atrata_PA4_RUN3_FDA.tif
[2026-08-02 00:39:50] 	> Projecting Achillea.atrata_PA4_RUN4_MAXNET ...
[2026-08-02 00:39:51] 		Writing projection on hard drive...
[2026-08-02 00:39:51] 		 /work/data/output_disk_sp1_6cpu/Achillea.atrata/proj_ipsl.cm6a.lr_ssp370/individual_projections/proj_ipsl.cm6a.lr_ssp370_Achillea.atrata_PA4_RUN3_ANN.tif
[2026-08-02 00:40:00] 	> Projecting Achillea.atrata_PA4_RUN4_FDA ...
[2026-08-02 00:40:01] 		Writing projection on hard drive...
[2026-08-02 00:40:01] 		 /work/data/output_disk_sp1_6cpu/Achillea.atrata/proj_ipsl.cm6a.lr_ssp370/individual_projections/proj_ipsl.cm6a.lr_ssp370_Achillea.atrata_PA4_RUN2_MAXNET.tif
[2026-08-02 00:40:03] 	> Projecting Achillea.atrata_PA4_RUN4_GLM ...
[2026-08-02 00:40:03] 		Writing projection on hard drive...
[2026-08-02 00:40:03] 		 /work/data/output_disk_sp1_6cpu/Achillea.atrata/proj_ipsl.cm6a.lr_ssp370/individual_projections/proj_ipsl.cm6a.lr_ssp370_Achillea.atrata_PA4_RUN5_FDA.tif
[2026-08-02 00:40:15] 	> Projecting Achillea.atrata_PA5_RUN1_MAXNET ...
[2026-08-02 00:40:15] 		Writing projection on hard drive...
[2026-08-02 00:40:15] 		 /work/data/output_disk_sp1_6cpu/Achillea.atrata/proj_ipsl.cm6a.lr_ssp370/individual_projections/proj_ipsl.cm6a.lr_ssp370_Achillea.atrata_PA4_RUN3_MAXNET.tif
[2026-08-02 00:40:15] 	> Projecting Achillea.atrata_PA4_RUN5_GLM ...
[2026-08-02 00:40:16] 		Writing projection on hard drive...
[2026-08-02 00:40:16] 		 /work/data/output_disk_sp1_6cpu/Achillea.atrata/proj_ipsl.cm6a.lr_ssp370/individual_projections/proj_ipsl.cm6a.lr_ssp370_Achillea.atrata_PA4_RUN3_GLM.tif
[2026-08-02 00:40:34] 	> Projecting Achillea.atrata_PA4_RUN4_GBM ...
[2026-08-02 00:40:34] 		Writing projection on hard drive...
[2026-08-02 00:40:34] 		 /work/data/output_disk_sp1_6cpu/Achillea.atrata/proj_ipsl.cm6a.lr_ssp370/individual_projections/proj_ipsl.cm6a.lr_ssp370_Achillea.atrata_PA4_RUN4_MAXNET.tif
[2026-08-02 00:40:40] 	> Projecting Achillea.atrata_PA5_RUN1_GLM ...
[2026-08-02 00:40:41] 		Writing projection on hard drive...
[2026-08-02 00:40:41] 		 /work/data/output_disk_sp1_6cpu/Achillea.atrata/proj_ipsl.cm6a.lr_ssp370/individual_projections/proj_ipsl.cm6a.lr_ssp370_Achillea.atrata_PA4_RUN4_GLM.tif
[2026-08-02 00:40:42] 	> Projecting Achillea.atrata_PA4_RUN5_GBM ...
[2026-08-02 00:40:43] 		Writing projection on hard drive...
[2026-08-02 00:40:43] 		Writing projection on hard drive...
[2026-08-02 00:40:43] 		 /work/data/output_disk_sp1_6cpu/Achillea.atrata/proj_ipsl.cm6a.lr_ssp370/individual_projections/proj_ipsl.cm6a.lr_ssp370_Achillea.atrata_PA5_RUN1_MAXNET.tif
[2026-08-02 00:40:44] 	> Projecting Achillea.atrata_PA5_RUN3_GLM ...
[2026-08-02 00:40:44] 		 /work/data/output_disk_sp1_6cpu/Achillea.atrata/proj_ipsl.cm6a.lr_ssp370/individual_projections/proj_ipsl.cm6a.lr_ssp370_Achillea.atrata_PA4_RUN4_FDA.tif
[2026-08-02 00:40:53] 	> Projecting Achillea.atrata_PA4_RUN5_MAXNET ...
[2026-08-02 00:40:53] 		Writing projection on hard drive...
[2026-08-02 00:40:53] 		 /work/data/output_disk_sp1_6cpu/Achillea.atrata/proj_ipsl.cm6a.lr_ssp370/individual_projections/proj_ipsl.cm6a.lr_ssp370_Achillea.atrata_PA4_RUN5_GLM.tif
[2026-08-02 00:41:11] 	> Projecting Achillea.atrata_PA5_RUN1_GBM ...
[2026-08-02 00:41:12] 		Writing projection on hard drive...
[2026-08-02 00:41:12] 		 /work/data/output_disk_sp1_6cpu/Achillea.atrata/proj_ipsl.cm6a.lr_ssp370/individual_projections/proj_ipsl.cm6a.lr_ssp370_Achillea.atrata_PA5_RUN1_GLM.tif
[2026-08-02 00:41:19] 	> Projecting Achillea.atrata_PA5_RUN2_GBM ...
[2026-08-02 00:41:19] 		Writing projection on hard drive...
[2026-08-02 00:41:19] 		 /work/data/output_disk_sp1_6cpu/Achillea.atrata/proj_ipsl.cm6a.lr_ssp370/individual_projections/proj_ipsl.cm6a.lr_ssp370_Achillea.atrata_PA5_RUN3_GLM.tif
[2026-08-02 00:41:32] 	> Projecting Achillea.atrata_PA5_RUN4_GBM ...
[2026-08-02 00:41:33] 		Writing projection on hard drive...
[2026-08-02 00:41:33] 		 /work/data/output_disk_sp1_6cpu/Achillea.atrata/proj_ipsl.cm6a.lr_ssp370/individual_projections/proj_ipsl.cm6a.lr_ssp370_Achillea.atrata_PA4_RUN5_MAXNET.tif
[2026-08-02 00:42:09] 	> Projecting Achillea.atrata_PA5_RUN2_GLM ...
[2026-08-02 00:42:10] 		Writing projection on hard drive...
[2026-08-02 00:42:10] 		 /work/data/output_disk_sp1_6cpu/Achillea.atrata/proj_ipsl.cm6a.lr_ssp370/individual_projections/proj_ipsl.cm6a.lr_ssp370_Achillea.atrata_PA5_RUN2_GLM.tif
[2026-08-02 00:54:16] 	> Projecting Achillea.atrata_PA5_RUN3_GBM ...
[2026-08-02 00:54:16] 		Writing projection on hard drive...
[2026-08-02 00:54:16] 		 /work/data/output_disk_sp1_6cpu/Achillea.atrata/proj_ipsl.cm6a.lr_ssp370/individual_projections/proj_ipsl.cm6a.lr_ssp370_Achillea.atrata_PA4_RUN4_GBM.tif
[2026-08-02 00:54:46] 	> Projecting Achillea.atrata_PA4_RUN5_ANN ...
[2026-08-02 00:54:47] 		Writing projection on hard drive...
[2026-08-02 00:54:47] 		 /work/data/output_disk_sp1_6cpu/Achillea.atrata/proj_ipsl.cm6a.lr_ssp370/individual_projections/proj_ipsl.cm6a.lr_ssp370_Achillea.atrata_PA4_RUN5_GBM.tif
[2026-08-02 00:54:50] 	> Projecting Achillea.atrata_PA5_RUN1_ANN ...
[2026-08-02 00:54:50] 		Writing projection on hard drive...
[2026-08-02 00:54:50] 		 /work/data/output_disk_sp1_6cpu/Achillea.atrata/proj_ipsl.cm6a.lr_ssp370/individual_projections/proj_ipsl.cm6a.lr_ssp370_Achillea.atrata_PA5_RUN1_GBM.tif
[2026-08-02 00:54:54] 	> Projecting Achillea.atrata_PA5_RUN2_ANN ...
[2026-08-02 00:54:55] 		Writing projection on hard drive...
[2026-08-02 00:54:55] 		 /work/data/output_disk_sp1_6cpu/Achillea.atrata/proj_ipsl.cm6a.lr_ssp370/individual_projections/proj_ipsl.cm6a.lr_ssp370_Achillea.atrata_PA5_RUN2_GBM.tif
[2026-08-02 00:55:12] 	> Projecting Achillea.atrata_PA5_RUN3_ANN ...
[2026-08-02 00:55:13] 		Writing projection on hard drive...
[2026-08-02 00:55:13] 		 /work/data/output_disk_sp1_6cpu/Achillea.atrata/proj_ipsl.cm6a.lr_ssp370/individual_projections/proj_ipsl.cm6a.lr_ssp370_Achillea.atrata_PA5_RUN4_GBM.tif
[2026-08-02 00:55:25] 	> Projecting Achillea.atrata_PA5_RUN5_ANN ...
[2026-08-02 00:55:26] 		Writing projection on hard drive...
[2026-08-02 00:55:26] 		 /work/data/output_disk_sp1_6cpu/Achillea.atrata/proj_ipsl.cm6a.lr_ssp370/individual_projections/proj_ipsl.cm6a.lr_ssp370_Achillea.atrata_PA4_RUN5_ANN.tif
[2026-08-02 00:55:49] 	> Projecting Achillea.atrata_PA5_RUN1_FDA ...
[2026-08-02 00:55:49] 		Writing projection on hard drive...
[2026-08-02 00:55:50] 		Writing projection on hard drive...
[2026-08-02 00:55:50] 		 /work/data/output_disk_sp1_6cpu/Achillea.atrata/proj_ipsl.cm6a.lr_ssp370/individual_projections/proj_ipsl.cm6a.lr_ssp370_Achillea.atrata_PA5_RUN2_ANN.tif
[2026-08-02 00:55:50] 	> Projecting Achillea.atrata_PA5_RUN3_FDA ...
[2026-08-02 00:55:50] 		 /work/data/output_disk_sp1_6cpu/Achillea.atrata/proj_ipsl.cm6a.lr_ssp370/individual_projections/proj_ipsl.cm6a.lr_ssp370_Achillea.atrata_PA5_RUN1_ANN.tif
[2026-08-02 00:55:54] 	> Projecting Achillea.atrata_PA5_RUN2_FDA ...
[2026-08-02 00:55:54] 		Writing projection on hard drive...
[2026-08-02 00:55:55] 		Writing projection on hard drive...
[2026-08-02 00:55:55] 		 /work/data/output_disk_sp1_6cpu/Achillea.atrata/proj_ipsl.cm6a.lr_ssp370/individual_projections/proj_ipsl.cm6a.lr_ssp370_Achillea.atrata_PA5_RUN3_GBM.tif
[2026-08-02 00:55:55] 	> Projecting Achillea.atrata_PA5_RUN4_ANN ...
[2026-08-02 00:55:55] 		 /work/data/output_disk_sp1_6cpu/Achillea.atrata/proj_ipsl.cm6a.lr_ssp370/individual_projections/proj_ipsl.cm6a.lr_ssp370_Achillea.atrata_PA5_RUN3_ANN.tif
[2026-08-02 00:56:11] 	> Projecting Achillea.atrata_PA5_RUN4_FDA ...
[2026-08-02 00:56:11] 		Writing projection on hard drive...
[2026-08-02 00:56:11] 		 /work/data/output_disk_sp1_6cpu/Achillea.atrata/proj_ipsl.cm6a.lr_ssp370/individual_projections/proj_ipsl.cm6a.lr_ssp370_Achillea.atrata_PA5_RUN1_FDA.tif
[2026-08-02 00:56:13] 	> Projecting Achillea.atrata_PA5_RUN2_MAXNET ...
[2026-08-02 00:56:14] 		Writing projection on hard drive...
[2026-08-02 00:56:35] 		 /work/data/output_disk_sp1_6cpu/Achillea.atrata/proj_ipsl.cm6a.lr_ssp370/individual_projections/proj_ipsl.cm6a.lr_ssp370_Achillea.atrata_PA5_RUN5_ANN.tif
[2026-08-02 00:56:36] 		Writing projection on hard drive...
[2026-08-02 00:56:36] 		 /work/data/output_disk_sp1_6cpu/Achillea.atrata/proj_ipsl.cm6a.lr_ssp370/individual_projections/proj_ipsl.cm6a.lr_ssp370_Achillea.atrata_PA5_RUN2_FDA.tif
[2026-08-02 00:56:45] 	> Projecting Achillea.atrata_PA5_RUN3_MAXNET ...
[2026-08-02 00:56:46] 		Writing projection on hard drive...
[2026-08-02 00:56:46] 		 /work/data/output_disk_sp1_6cpu/Achillea.atrata/proj_ipsl.cm6a.lr_ssp370/individual_projections/proj_ipsl.cm6a.lr_ssp370_Achillea.atrata_PA5_RUN3_FDA.tif
[2026-08-02 00:56:46] 	> Projecting Achillea.atrata_PA5_RUN4_MAXNET ...
[2026-08-02 00:56:46] 		Writing projection on hard drive...
[2026-08-02 00:56:46] 		 /work/data/output_disk_sp1_6cpu/Achillea.atrata/proj_ipsl.cm6a.lr_ssp370/individual_projections/proj_ipsl.cm6a.lr_ssp370_Achillea.atrata_PA5_RUN4_FDA.tif
[2026-08-02 00:56:53] 	> Projecting Achillea.atrata_PA5_RUN5_MAXNET ...
[2026-08-02 00:56:54] 		Writing projection on hard drive...
[2026-08-02 00:56:54] 		Writing projection on hard drive...
[2026-08-02 00:56:54] 		 /work/data/output_disk_sp1_6cpu/Achillea.atrata/proj_ipsl.cm6a.lr_ssp370/individual_projections/proj_ipsl.cm6a.lr_ssp370_Achillea.atrata_PA5_RUN4_ANN.tif
[2026-08-02 00:56:55] 	> Projecting Achillea.atrata_PA5_RUN5_FDA ...
[2026-08-02 00:56:55] 		 /work/data/output_disk_sp1_6cpu/Achillea.atrata/proj_ipsl.cm6a.lr_ssp370/individual_projections/proj_ipsl.cm6a.lr_ssp370_Achillea.atrata_PA5_RUN2_MAXNET.tif
[2026-08-02 00:57:19] 	> Projecting Achillea.atrata_PA5_RUN4_GLM ...
[2026-08-02 00:57:19] 		Writing projection on hard drive...
[2026-08-02 00:57:19] 		 /work/data/output_disk_sp1_6cpu/Achillea.atrata/proj_ipsl.cm6a.lr_ssp370/individual_projections/proj_ipsl.cm6a.lr_ssp370_Achillea.atrata_PA5_RUN3_MAXNET.tif
[2026-08-02 00:57:23] 	> Projecting Achillea.atrata_PA5_RUN5_GLM ...
[2026-08-02 00:57:24] 		Writing projection on hard drive...
[2026-08-02 00:57:28] 		 /work/data/output_disk_sp1_6cpu/Achillea.atrata/proj_ipsl.cm6a.lr_ssp370/individual_projections/proj_ipsl.cm6a.lr_ssp370_Achillea.atrata_PA5_RUN5_MAXNET.tif
[2026-08-02 00:57:29] 		Writing projection on hard drive...
[2026-08-02 00:57:33] 		 /work/data/output_disk_sp1_6cpu/Achillea.atrata/proj_ipsl.cm6a.lr_ssp370/individual_projections/proj_ipsl.cm6a.lr_ssp370_Achillea.atrata_PA5_RUN4_MAXNET.tif
[2026-08-02 00:57:33] 		Writing projection on hard drive...
[2026-08-02 00:57:33] 		 /work/data/output_disk_sp1_6cpu/Achillea.atrata/proj_ipsl.cm6a.lr_ssp370/individual_projections/proj_ipsl.cm6a.lr_ssp370_Achillea.atrata_PA5_RUN4_GLM.tif
[2026-08-02 00:57:43] 	> Projecting Achillea.atrata_PA5_RUN5_GBM ...
[2026-08-02 00:57:44] 		Writing projection on hard drive...
[2026-08-02 00:57:55] 		 /work/data/output_disk_sp1_6cpu/Achillea.atrata/proj_ipsl.cm6a.lr_ssp370/individual_projections/proj_ipsl.cm6a.lr_ssp370_Achillea.atrata_PA5_RUN5_FDA.tif
[2026-08-02 00:57:56] 		Writing projection on hard drive...
[2026-08-02 01:11:11] 		 /work/data/output_disk_sp1_6cpu/Achillea.atrata/proj_ipsl.cm6a.lr_ssp370/individual_projections/proj_ipsl.cm6a.lr_ssp370_Achillea.atrata_PA5_RUN5_GLM.tif
[2026-08-02 01:11:12] 		Writing projection on hard drive...
[2026-08-02 01:11:12] 		 /work/data/output_disk_sp1_6cpu/Achillea.atrata/proj_ipsl.cm6a.lr_ssp370/individual_projections/proj_ipsl.cm6a.lr_ssp370_Achillea.atrata_PA5_RUN5_GBM.tif
[2026-08-02 01:11:12] -=-=-=-=-=-=-=-=-=-=-=-=-=-=-=-=-=-= Done -=-=-=-=-=-=-=-=-=-=-=-=-=-=-=-=-=-=
[2026-08-02 01:11:12] 
[2026-08-02 01:11:12] -=-=-=-=-=-=-=-=-=-=-=-= Do Ensemble Models Projection -=-=-=-=-=-=-=-=-=-=-=-=
[2026-08-02 01:11:12] 
[2026-08-02 01:11:12] Creating suitable Workdir...
[2026-08-02 01:11:13] 
[2026-08-02 01:11:13] 	> Projecting Achillea.atrata_EMmeanByAUCroc_mergedData_mergedRun_mergedAlgo ...
[2026-08-02 01:27:16] 	> Projecting Achillea.atrata_EMcvByAUCroc_mergedData_mergedRun_mergedAlgo ...|---------|---------|---------|---------||---------|---------|---------|---------|===================================================                                          
[2026-08-02 01:35:38] 		Writing projection on hard drive...===============================                                          
[2026-08-02 01:35:40] 		Writing projection on hard drive...
[2026-08-02 01:35:40] 
[2026-08-02 01:35:40] ! Binary/Filtered transformation automatically desactivated for ensemble models with coefficient of variation or confidence intervals
[2026-08-02 01:35:45] 	> Building TSS binaries / filtered
[2026-08-02 01:35:50] 	> Building AUCroc binaries / filtered
[2026-08-02 01:35:55] 	> Building KAPPA binaries / filtered
[2026-08-02 01:35:55] 
[2026-08-02 01:35:55] -=-=-=-=-=-=-=-=-=-=-=-=-=-=-=-=-=-= Done -=-=-=-=-=-=-=-=-=-=-=-=-=-=-=-=-=-=
[2026-08-02 01:35:56] 
[2026-08-02 01:35:56] 
[2026-08-02 01:35:56] DEBUG: Processing future scenario 4 of 8 : /work/data/input/climate_vars/future/ipsl.cm6a.lr/ssp585 
[2026-08-02 01:35:56] DEBUG: Raster loaded, ncell = 63951097 , hasValues = TRUE 
[2026-08-02 01:35:56] 
[2026-08-02 01:35:56] -=-=-=-=-=-=-=-=-=-=-=-=-= Do Single Models Projection -=-=-=-=-=-=-=-=-=-=-=-=-=
[2026-08-02 01:36:20] 
[2026-08-02 01:36:20] 		! 'overwrite' arg is set as FALSE. Projections that have already been saved will not be redone. 
[2026-08-02 01:36:20]         Please be carfeul if you have changed the models in the meantime. 
[2026-08-02 01:36:20] 	> Building clamping mask
[2026-08-02 01:37:23] 
[2026-08-02 01:37:23] 	> Projecting Achillea.atrata_PA1_RUN1_GLM ...
[2026-08-02 01:37:23] 	> Projecting Achillea.atrata_PA1_RUN1_GBM ...
[2026-08-02 01:37:23] 	> Projecting Achillea.atrata_PA1_RUN1_ANN ...
[2026-08-02 01:37:23] 	> Projecting Achillea.atrata_PA1_RUN1_FDA ...
[2026-08-02 01:37:23] 	> Projecting Achillea.atrata_PA1_RUN1_MAXNET ...
[2026-08-02 01:38:08] 	> Projecting Achillea.atrata_PA1_RUN2_GLM ...
[2026-08-02 01:38:08] 		Writing projection on hard drive...
[2026-08-02 01:38:09] 		Writing projection on hard drive...
[2026-08-02 01:38:09] 		 /work/data/output_disk_sp1_6cpu/Achillea.atrata/proj_ipsl.cm6a.lr_ssp585/individual_projections/proj_ipsl.cm6a.lr_ssp585_Achillea.atrata_PA1_RUN1_GLM.tif
[2026-08-02 01:38:09] 	> Projecting Achillea.atrata_PA1_RUN2_GBM ...
[2026-08-02 01:38:09] 		 /work/data/output_disk_sp1_6cpu/Achillea.atrata/proj_ipsl.cm6a.lr_ssp585/individual_projections/proj_ipsl.cm6a.lr_ssp585_Achillea.atrata_PA1_RUN2_GLM.tif
[2026-08-02 01:38:12] 	> Projecting Achillea.atrata_PA1_RUN3_GBM ...
[2026-08-02 01:38:13] 		Writing projection on hard drive...
[2026-08-02 01:38:13] 		 /work/data/output_disk_sp1_6cpu/Achillea.atrata/proj_ipsl.cm6a.lr_ssp585/individual_projections/proj_ipsl.cm6a.lr_ssp585_Achillea.atrata_PA1_RUN1_MAXNET.tif
[2026-08-02 01:38:28] 	> Projecting Achillea.atrata_PA1_RUN3_GLM ...
[2026-08-02 01:38:29] 		Writing projection on hard drive...
[2026-08-02 01:38:29] 		 /work/data/output_disk_sp1_6cpu/Achillea.atrata/proj_ipsl.cm6a.lr_ssp585/individual_projections/proj_ipsl.cm6a.lr_ssp585_Achillea.atrata_PA1_RUN1_FDA.tif
[2026-08-02 01:38:41] 	> Projecting Achillea.atrata_PA1_RUN2_MAXNET ...
[2026-08-02 01:38:42] 		Writing projection on hard drive...
[2026-08-02 01:38:42] 		 /work/data/output_disk_sp1_6cpu/Achillea.atrata/proj_ipsl.cm6a.lr_ssp585/individual_projections/proj_ipsl.cm6a.lr_ssp585_Achillea.atrata_PA1_RUN1_ANN.tif
[2026-08-02 01:38:54] 	> Projecting Achillea.atrata_PA1_RUN2_FDA ...
[2026-08-02 01:38:55] 		Writing projection on hard drive...
[2026-08-02 01:38:55] 		 /work/data/output_disk_sp1_6cpu/Achillea.atrata/proj_ipsl.cm6a.lr_ssp585/individual_projections/proj_ipsl.cm6a.lr_ssp585_Achillea.atrata_PA1_RUN3_GLM.tif
[2026-08-02 01:39:18] 	> Projecting Achillea.atrata_PA1_RUN4_GBM ...
[2026-08-02 01:39:19] 		Writing projection on hard drive...
[2026-08-02 01:39:19] 		 /work/data/output_disk_sp1_6cpu/Achillea.atrata/proj_ipsl.cm6a.lr_ssp585/individual_projections/proj_ipsl.cm6a.lr_ssp585_Achillea.atrata_PA1_RUN2_MAXNET.tif
[2026-08-02 01:39:38] 	> Projecting Achillea.atrata_PA1_RUN4_GLM ...
[2026-08-02 01:39:39] 		Writing projection on hard drive...
[2026-08-02 01:39:39] 		 /work/data/output_disk_sp1_6cpu/Achillea.atrata/proj_ipsl.cm6a.lr_ssp585/individual_projections/proj_ipsl.cm6a.lr_ssp585_Achillea.atrata_PA1_RUN2_FDA.tif
[2026-08-02 01:39:55] 	> Projecting Achillea.atrata_PA1_RUN3_MAXNET ...
[2026-08-02 01:39:56] 		Writing projection on hard drive...
[2026-08-02 01:39:56] 		 /work/data/output_disk_sp1_6cpu/Achillea.atrata/proj_ipsl.cm6a.lr_ssp585/individual_projections/proj_ipsl.cm6a.lr_ssp585_Achillea.atrata_PA1_RUN4_GLM.tif
[2026-08-02 01:40:28] 	> Projecting Achillea.atrata_PA1_RUN5_GBM ...
[2026-08-02 01:40:29] 		Writing projection on hard drive...
[2026-08-02 01:40:29] 		 /work/data/output_disk_sp1_6cpu/Achillea.atrata/proj_ipsl.cm6a.lr_ssp585/individual_projections/proj_ipsl.cm6a.lr_ssp585_Achillea.atrata_PA1_RUN3_MAXNET.tif
[2026-08-02 01:41:05] 	> Projecting Achillea.atrata_PA1_RUN5_GLM ...
[2026-08-02 01:41:06] 		Writing projection on hard drive...
[2026-08-02 01:41:06] 		 /work/data/output_disk_sp1_6cpu/Achillea.atrata/proj_ipsl.cm6a.lr_ssp585/individual_projections/proj_ipsl.cm6a.lr_ssp585_Achillea.atrata_PA1_RUN5_GLM.tif
[2026-08-02 01:51:34] 	> Projecting Achillea.atrata_PA2_RUN1_GBM ...
[2026-08-02 01:51:35] 		Writing projection on hard drive...
[2026-08-02 01:51:35] 		 /work/data/output_disk_sp1_6cpu/Achillea.atrata/proj_ipsl.cm6a.lr_ssp585/individual_projections/proj_ipsl.cm6a.lr_ssp585_Achillea.atrata_PA1_RUN1_GBM.tif
[2026-08-02 01:52:20] 	> Projecting Achillea.atrata_PA1_RUN2_ANN ...
[2026-08-02 01:52:21] 		Writing projection on hard drive...
[2026-08-02 01:52:21] 		 /work/data/output_disk_sp1_6cpu/Achillea.atrata/proj_ipsl.cm6a.lr_ssp585/individual_projections/proj_ipsl.cm6a.lr_ssp585_Achillea.atrata_PA1_RUN2_GBM.tif
[2026-08-02 01:52:25] 	> Projecting Achillea.atrata_PA1_RUN3_ANN ...
[2026-08-02 01:52:26] 		Writing projection on hard drive...
[2026-08-02 01:52:26] 		 /work/data/output_disk_sp1_6cpu/Achillea.atrata/proj_ipsl.cm6a.lr_ssp585/individual_projections/proj_ipsl.cm6a.lr_ssp585_Achillea.atrata_PA1_RUN3_GBM.tif
[2026-08-02 01:52:49] 	> Projecting Achillea.atrata_PA1_RUN4_ANN ...
[2026-08-02 01:52:50] 		Writing projection on hard drive...
[2026-08-02 01:52:50] 		 /work/data/output_disk_sp1_6cpu/Achillea.atrata/proj_ipsl.cm6a.lr_ssp585/individual_projections/proj_ipsl.cm6a.lr_ssp585_Achillea.atrata_PA1_RUN2_ANN.tif
[2026-08-02 01:53:00] 	> Projecting Achillea.atrata_PA1_RUN3_FDA ...
[2026-08-02 01:53:01] 		Writing projection on hard drive...
[2026-08-02 01:53:01] 		 /work/data/output_disk_sp1_6cpu/Achillea.atrata/proj_ipsl.cm6a.lr_ssp585/individual_projections/proj_ipsl.cm6a.lr_ssp585_Achillea.atrata_PA1_RUN4_GBM.tif
[2026-08-02 01:53:25] 	> Projecting Achillea.atrata_PA1_RUN5_ANN ...
[2026-08-02 01:53:26] 		Writing projection on hard drive...
[2026-08-02 01:53:26] 		 /work/data/output_disk_sp1_6cpu/Achillea.atrata/proj_ipsl.cm6a.lr_ssp585/individual_projections/proj_ipsl.cm6a.lr_ssp585_Achillea.atrata_PA1_RUN3_ANN.tif
[2026-08-02 01:53:30] 	> Projecting Achillea.atrata_PA1_RUN4_FDA ...
[2026-08-02 01:53:31] 		Writing projection on hard drive...
[2026-08-02 01:53:31] 		 /work/data/output_disk_sp1_6cpu/Achillea.atrata/proj_ipsl.cm6a.lr_ssp585/individual_projections/proj_ipsl.cm6a.lr_ssp585_Achillea.atrata_PA1_RUN4_ANN.tif
[2026-08-02 01:53:44] 	> Projecting Achillea.atrata_PA1_RUN5_FDA ...
[2026-08-02 01:53:45] 		Writing projection on hard drive...
[2026-08-02 01:53:45] 		 /work/data/output_disk_sp1_6cpu/Achillea.atrata/proj_ipsl.cm6a.lr_ssp585/individual_projections/proj_ipsl.cm6a.lr_ssp585_Achillea.atrata_PA1_RUN3_FDA.tif
[2026-08-02 01:54:01] 	> Projecting Achillea.atrata_PA1_RUN4_MAXNET ...
[2026-08-02 01:54:02] 		Writing projection on hard drive...
[2026-08-02 01:54:02] 		 /work/data/output_disk_sp1_6cpu/Achillea.atrata/proj_ipsl.cm6a.lr_ssp585/individual_projections/proj_ipsl.cm6a.lr_ssp585_Achillea.atrata_PA1_RUN5_ANN.tif
[2026-08-02 01:54:19] 	> Projecting Achillea.atrata_PA2_RUN1_FDA ...
[2026-08-02 01:54:20] 		Writing projection on hard drive...
[2026-08-02 01:54:20] 		 /work/data/output_disk_sp1_6cpu/Achillea.atrata/proj_ipsl.cm6a.lr_ssp585/individual_projections/proj_ipsl.cm6a.lr_ssp585_Achillea.atrata_PA1_RUN5_GBM.tif
[2026-08-02 01:54:24] 	> Projecting Achillea.atrata_PA2_RUN1_ANN ...
[2026-08-02 01:54:25] 		Writing projection on hard drive...
[2026-08-02 01:54:25] 		 /work/data/output_disk_sp1_6cpu/Achillea.atrata/proj_ipsl.cm6a.lr_ssp585/individual_projections/proj_ipsl.cm6a.lr_ssp585_Achillea.atrata_PA1_RUN4_FDA.tif
[2026-08-02 01:54:29] 	> Projecting Achillea.atrata_PA1_RUN5_MAXNET ...
[2026-08-02 01:54:30] 		Writing projection on hard drive...
[2026-08-02 01:54:30] 		 /work/data/output_disk_sp1_6cpu/Achillea.atrata/proj_ipsl.cm6a.lr_ssp585/individual_projections/proj_ipsl.cm6a.lr_ssp585_Achillea.atrata_PA1_RUN5_FDA.tif
[2026-08-02 01:54:31] 	> Projecting Achillea.atrata_PA2_RUN1_MAXNET ...
[2026-08-02 01:54:31] 		Writing projection on hard drive...
[2026-08-02 01:54:31] 		 /work/data/output_disk_sp1_6cpu/Achillea.atrata/proj_ipsl.cm6a.lr_ssp585/individual_projections/proj_ipsl.cm6a.lr_ssp585_Achillea.atrata_PA1_RUN4_MAXNET.tif
[2026-08-02 01:54:53] 	> Projecting Achillea.atrata_PA2_RUN1_GLM ...
[2026-08-02 01:54:54] 		Writing projection on hard drive...
[2026-08-02 01:54:54] 		 /work/data/output_disk_sp1_6cpu/Achillea.atrata/proj_ipsl.cm6a.lr_ssp585/individual_projections/proj_ipsl.cm6a.lr_ssp585_Achillea.atrata_PA2_RUN1_FDA.tif
[2026-08-02 01:55:05] 	> Projecting Achillea.atrata_PA2_RUN2_MAXNET ...
[2026-08-02 01:55:06] 		Writing projection on hard drive...
[2026-08-02 01:55:06] 		 /work/data/output_disk_sp1_6cpu/Achillea.atrata/proj_ipsl.cm6a.lr_ssp585/individual_projections/proj_ipsl.cm6a.lr_ssp585_Achillea.atrata_PA2_RUN1_GLM.tif
[2026-08-02 01:55:21] 	> Projecting Achillea.atrata_PA2_RUN2_GBM ...
[2026-08-02 01:55:22] 		Writing projection on hard drive...
[2026-08-02 01:55:22] 		 /work/data/output_disk_sp1_6cpu/Achillea.atrata/proj_ipsl.cm6a.lr_ssp585/individual_projections/proj_ipsl.cm6a.lr_ssp585_Achillea.atrata_PA1_RUN5_MAXNET.tif
[2026-08-02 01:55:23] 	> Projecting Achillea.atrata_PA2_RUN2_GLM ...
[2026-08-02 01:55:24] 		Writing projection on hard drive...
[2026-08-02 01:55:24] 		 /work/data/output_disk_sp1_6cpu/Achillea.atrata/proj_ipsl.cm6a.lr_ssp585/individual_projections/proj_ipsl.cm6a.lr_ssp585_Achillea.atrata_PA2_RUN1_ANN.tif
[2026-08-02 01:55:25] 	> Projecting Achillea.atrata_PA2_RUN2_FDA ...
[2026-08-02 01:55:26] 		Writing projection on hard drive...
[2026-08-02 01:55:26] 		 /work/data/output_disk_sp1_6cpu/Achillea.atrata/proj_ipsl.cm6a.lr_ssp585/individual_projections/proj_ipsl.cm6a.lr_ssp585_Achillea.atrata_PA2_RUN1_MAXNET.tif
[2026-08-02 01:55:26] 	> Projecting Achillea.atrata_PA2_RUN3_GLM ...
[2026-08-02 01:55:27] 		Writing projection on hard drive...
[2026-08-02 01:55:27] 		 /work/data/output_disk_sp1_6cpu/Achillea.atrata/proj_ipsl.cm6a.lr_ssp585/individual_projections/proj_ipsl.cm6a.lr_ssp585_Achillea.atrata_PA2_RUN1_GBM.tif
[2026-08-02 01:55:40] 	> Projecting Achillea.atrata_PA2_RUN2_ANN ...
[2026-08-02 01:55:41] 		Writing projection on hard drive...
[2026-08-02 01:55:41] 		 /work/data/output_disk_sp1_6cpu/Achillea.atrata/proj_ipsl.cm6a.lr_ssp585/individual_projections/proj_ipsl.cm6a.lr_ssp585_Achillea.atrata_PA2_RUN2_MAXNET.tif
[2026-08-02 01:56:03] 	> Projecting Achillea.atrata_PA2_RUN4_GLM ...
[2026-08-02 01:56:04] 		Writing projection on hard drive...
[2026-08-02 01:56:04] 		 /work/data/output_disk_sp1_6cpu/Achillea.atrata/proj_ipsl.cm6a.lr_ssp585/individual_projections/proj_ipsl.cm6a.lr_ssp585_Achillea.atrata_PA2_RUN2_GLM.tif
[2026-08-02 01:56:09] 	> Projecting Achillea.atrata_PA2_RUN3_GBM ...
[2026-08-02 01:56:10] 		Writing projection on hard drive...
[2026-08-02 01:56:10] 		 /work/data/output_disk_sp1_6cpu/Achillea.atrata/proj_ipsl.cm6a.lr_ssp585/individual_projections/proj_ipsl.cm6a.lr_ssp585_Achillea.atrata_PA2_RUN3_GLM.tif
[2026-08-02 01:56:16] 	> Projecting Achillea.atrata_PA2_RUN4_GBM ...
[2026-08-02 01:56:16] 		Writing projection on hard drive...
[2026-08-02 01:56:16] 		 /work/data/output_disk_sp1_6cpu/Achillea.atrata/proj_ipsl.cm6a.lr_ssp585/individual_projections/proj_ipsl.cm6a.lr_ssp585_Achillea.atrata_PA2_RUN2_FDA.tif
[2026-08-02 01:56:18] 	> Projecting Achillea.atrata_PA2_RUN3_MAXNET ...
[2026-08-02 01:56:18] 		Writing projection on hard drive...
[2026-08-02 01:56:18] 		 /work/data/output_disk_sp1_6cpu/Achillea.atrata/proj_ipsl.cm6a.lr_ssp585/individual_projections/proj_ipsl.cm6a.lr_ssp585_Achillea.atrata_PA2_RUN4_GLM.tif
[2026-08-02 01:56:23] 	> Projecting Achillea.atrata_PA2_RUN5_GBM ...
[2026-08-02 01:56:24] 		Writing projection on hard drive...
[2026-08-02 01:56:24] 		 /work/data/output_disk_sp1_6cpu/Achillea.atrata/proj_ipsl.cm6a.lr_ssp585/individual_projections/proj_ipsl.cm6a.lr_ssp585_Achillea.atrata_PA2_RUN2_ANN.tif
[2026-08-02 01:56:57] 	> Projecting Achillea.atrata_PA2_RUN3_FDA ...
[2026-08-02 01:56:58] 		Writing projection on hard drive...
[2026-08-02 01:56:58] 		 /work/data/output_disk_sp1_6cpu/Achillea.atrata/proj_ipsl.cm6a.lr_ssp585/individual_projections/proj_ipsl.cm6a.lr_ssp585_Achillea.atrata_PA2_RUN3_MAXNET.tif
[2026-08-02 01:57:12] 	> Projecting Achillea.atrata_PA2_RUN5_GLM ...
[2026-08-02 01:57:13] 		Writing projection on hard drive...
[2026-08-02 01:57:13] 		 /work/data/output_disk_sp1_6cpu/Achillea.atrata/proj_ipsl.cm6a.lr_ssp585/individual_projections/proj_ipsl.cm6a.lr_ssp585_Achillea.atrata_PA2_RUN3_FDA.tif
[2026-08-02 01:57:34] 	> Projecting Achillea.atrata_PA2_RUN4_MAXNET ...
[2026-08-02 01:57:35] 		Writing projection on hard drive...
[2026-08-02 01:57:35] 		 /work/data/output_disk_sp1_6cpu/Achillea.atrata/proj_ipsl.cm6a.lr_ssp585/individual_projections/proj_ipsl.cm6a.lr_ssp585_Achillea.atrata_PA2_RUN5_GLM.tif
[2026-08-02 01:57:56] 	> Projecting Achillea.atrata_PA3_RUN1_GBM ...
[2026-08-02 01:57:56] 		Writing projection on hard drive...
[2026-08-02 01:57:56] 		 /work/data/output_disk_sp1_6cpu/Achillea.atrata/proj_ipsl.cm6a.lr_ssp585/individual_projections/proj_ipsl.cm6a.lr_ssp585_Achillea.atrata_PA2_RUN4_MAXNET.tif
[2026-08-02 01:58:34] 	> Projecting Achillea.atrata_PA3_RUN1_GLM ...
[2026-08-02 01:58:34] 		Writing projection on hard drive...
[2026-08-02 01:58:34] 		 /work/data/output_disk_sp1_6cpu/Achillea.atrata/proj_ipsl.cm6a.lr_ssp585/individual_projections/proj_ipsl.cm6a.lr_ssp585_Achillea.atrata_PA3_RUN1_GLM.tif
[2026-08-02 02:09:34] 	> Projecting Achillea.atrata_PA3_RUN2_GBM ...
[2026-08-02 02:09:35] 		Writing projection on hard drive...
[2026-08-02 02:09:35] 		 /work/data/output_disk_sp1_6cpu/Achillea.atrata/proj_ipsl.cm6a.lr_ssp585/individual_projections/proj_ipsl.cm6a.lr_ssp585_Achillea.atrata_PA2_RUN2_GBM.tif
[2026-08-02 02:10:14] 	> Projecting Achillea.atrata_PA2_RUN3_ANN ...
[2026-08-02 02:10:15] 		Writing projection on hard drive...
[2026-08-02 02:10:15] 		 /work/data/output_disk_sp1_6cpu/Achillea.atrata/proj_ipsl.cm6a.lr_ssp585/individual_projections/proj_ipsl.cm6a.lr_ssp585_Achillea.atrata_PA2_RUN3_GBM.tif
[2026-08-02 02:10:20] 	> Projecting Achillea.atrata_PA2_RUN4_ANN ...
[2026-08-02 02:10:20] 		Writing projection on hard drive...
[2026-08-02 02:10:20] 		 /work/data/output_disk_sp1_6cpu/Achillea.atrata/proj_ipsl.cm6a.lr_ssp585/individual_projections/proj_ipsl.cm6a.lr_ssp585_Achillea.atrata_PA2_RUN4_GBM.tif
[2026-08-02 02:10:32] 	> Projecting Achillea.atrata_PA2_RUN5_ANN ...
[2026-08-02 02:10:33] 		Writing projection on hard drive...
[2026-08-02 02:10:33] 		Writing projection on hard drive...
[2026-08-02 02:10:33] 		 /work/data/output_disk_sp1_6cpu/Achillea.atrata/proj_ipsl.cm6a.lr_ssp585/individual_projections/proj_ipsl.cm6a.lr_ssp585_Achillea.atrata_PA2_RUN5_GBM.tif
[2026-08-02 02:10:34] 	> Projecting Achillea.atrata_PA3_RUN1_ANN ...
[2026-08-02 02:10:34] 		 /work/data/output_disk_sp1_6cpu/Achillea.atrata/proj_ipsl.cm6a.lr_ssp585/individual_projections/proj_ipsl.cm6a.lr_ssp585_Achillea.atrata_PA2_RUN3_ANN.tif
[2026-08-02 02:11:19] 	> Projecting Achillea.atrata_PA2_RUN4_FDA ...
[2026-08-02 02:11:20] 		Writing projection on hard drive...
[2026-08-02 02:11:20] 		 /work/data/output_disk_sp1_6cpu/Achillea.atrata/proj_ipsl.cm6a.lr_ssp585/individual_projections/proj_ipsl.cm6a.lr_ssp585_Achillea.atrata_PA2_RUN4_ANN.tif
[2026-08-02 02:11:25] 	> Projecting Achillea.atrata_PA2_RUN5_FDA ...
[2026-08-02 02:11:25] 		Writing projection on hard drive...
[2026-08-02 02:11:25] 		 /work/data/output_disk_sp1_6cpu/Achillea.atrata/proj_ipsl.cm6a.lr_ssp585/individual_projections/proj_ipsl.cm6a.lr_ssp585_Achillea.atrata_PA2_RUN5_ANN.tif
[2026-08-02 02:11:26] 	> Projecting Achillea.atrata_PA3_RUN1_FDA ...
[2026-08-02 02:11:27] 		Writing projection on hard drive...
[2026-08-02 02:11:27] 		 /work/data/output_disk_sp1_6cpu/Achillea.atrata/proj_ipsl.cm6a.lr_ssp585/individual_projections/proj_ipsl.cm6a.lr_ssp585_Achillea.atrata_PA3_RUN1_GBM.tif
[2026-08-02 02:11:28] 	> Projecting Achillea.atrata_PA3_RUN2_ANN ...
[2026-08-02 02:11:29] 		Writing projection on hard drive...
[2026-08-02 02:11:29] 		 /work/data/output_disk_sp1_6cpu/Achillea.atrata/proj_ipsl.cm6a.lr_ssp585/individual_projections/proj_ipsl.cm6a.lr_ssp585_Achillea.atrata_PA3_RUN1_ANN.tif
[2026-08-02 02:11:32] 	> Projecting Achillea.atrata_PA3_RUN2_FDA ...
[2026-08-02 02:11:32] 		Writing projection on hard drive...
[2026-08-02 02:11:32] 		 /work/data/output_disk_sp1_6cpu/Achillea.atrata/proj_ipsl.cm6a.lr_ssp585/individual_projections/proj_ipsl.cm6a.lr_ssp585_Achillea.atrata_PA2_RUN4_FDA.tif
[2026-08-02 02:11:42] 	> Projecting Achillea.atrata_PA2_RUN5_MAXNET ...
[2026-08-02 02:11:43] 		Writing projection on hard drive...
[2026-08-02 02:11:43] 		 /work/data/output_disk_sp1_6cpu/Achillea.atrata/proj_ipsl.cm6a.lr_ssp585/individual_projections/proj_ipsl.cm6a.lr_ssp585_Achillea.atrata_PA3_RUN2_GBM.tif
[2026-08-02 02:12:13] 	> Projecting Achillea.atrata_PA3_RUN3_ANN ...
[2026-08-02 02:12:14] 		Writing projection on hard drive...
[2026-08-02 02:12:14] 		 /work/data/output_disk_sp1_6cpu/Achillea.atrata/proj_ipsl.cm6a.lr_ssp585/individual_projections/proj_ipsl.cm6a.lr_ssp585_Achillea.atrata_PA2_RUN5_FDA.tif
[2026-08-02 02:12:17] 	> Projecting Achillea.atrata_PA3_RUN1_MAXNET ...
[2026-08-02 02:12:18] 		Writing projection on hard drive...
[2026-08-02 02:12:18] 		 /work/data/output_disk_sp1_6cpu/Achillea.atrata/proj_ipsl.cm6a.lr_ssp585/individual_projections/proj_ipsl.cm6a.lr_ssp585_Achillea.atrata_PA2_RUN5_MAXNET.tif
[2026-08-02 02:12:19] 	> Projecting Achillea.atrata_PA3_RUN2_GLM ...
[2026-08-02 02:12:20] 		Writing projection on hard drive...
[2026-08-02 02:12:20] 		 /work/data/output_disk_sp1_6cpu/Achillea.atrata/proj_ipsl.cm6a.lr_ssp585/individual_projections/proj_ipsl.cm6a.lr_ssp585_Achillea.atrata_PA3_RUN2_FDA.tif
[2026-08-02 02:12:24] 	> Projecting Achillea.atrata_PA3_RUN3_MAXNET ...
[2026-08-02 02:12:24] 		Writing projection on hard drive...
[2026-08-02 02:12:25] 		Writing projection on hard drive...
[2026-08-02 02:12:25] 		 /work/data/output_disk_sp1_6cpu/Achillea.atrata/proj_ipsl.cm6a.lr_ssp585/individual_projections/proj_ipsl.cm6a.lr_ssp585_Achillea.atrata_PA3_RUN2_ANN.tif
[2026-08-02 02:12:25] 	> Projecting Achillea.atrata_PA3_RUN3_FDA ...
[2026-08-02 02:12:25] 		 /work/data/output_disk_sp1_6cpu/Achillea.atrata/proj_ipsl.cm6a.lr_ssp585/individual_projections/proj_ipsl.cm6a.lr_ssp585_Achillea.atrata_PA3_RUN1_FDA.tif
[2026-08-02 02:12:44] 	> Projecting Achillea.atrata_PA3_RUN2_MAXNET ...
[2026-08-02 02:12:45] 		Writing projection on hard drive...
[2026-08-02 02:12:45] 		 /work/data/output_disk_sp1_6cpu/Achillea.atrata/proj_ipsl.cm6a.lr_ssp585/individual_projections/proj_ipsl.cm6a.lr_ssp585_Achillea.atrata_PA3_RUN3_ANN.tif
[2026-08-02 02:12:56] 	> Projecting Achillea.atrata_PA3_RUN4_FDA ...
[2026-08-02 02:12:57] 		Writing projection on hard drive...
[2026-08-02 02:12:57] 		 /work/data/output_disk_sp1_6cpu/Achillea.atrata/proj_ipsl.cm6a.lr_ssp585/individual_projections/proj_ipsl.cm6a.lr_ssp585_Achillea.atrata_PA3_RUN2_GLM.tif
[2026-08-02 02:12:58] 	> Projecting Achillea.atrata_PA3_RUN3_GBM ...
[2026-08-02 02:12:59] 		Writing projection on hard drive...
[2026-08-02 02:12:59] 		 /work/data/output_disk_sp1_6cpu/Achillea.atrata/proj_ipsl.cm6a.lr_ssp585/individual_projections/proj_ipsl.cm6a.lr_ssp585_Achillea.atrata_PA3_RUN3_MAXNET.tif
[2026-08-02 02:13:01] 	> Projecting Achillea.atrata_PA3_RUN5_GLM ...
[2026-08-02 02:13:02] 		Writing projection on hard drive...
[2026-08-02 02:13:02] 		 /work/data/output_disk_sp1_6cpu/Achillea.atrata/proj_ipsl.cm6a.lr_ssp585/individual_projections/proj_ipsl.cm6a.lr_ssp585_Achillea.atrata_PA3_RUN1_MAXNET.tif
[2026-08-02 02:13:13] 	> Projecting Achillea.atrata_PA3_RUN3_GLM ...
[2026-08-02 02:13:14] 		Writing projection on hard drive...
[2026-08-02 02:13:14] 		 /work/data/output_disk_sp1_6cpu/Achillea.atrata/proj_ipsl.cm6a.lr_ssp585/individual_projections/proj_ipsl.cm6a.lr_ssp585_Achillea.atrata_PA3_RUN2_MAXNET.tif
[2026-08-02 02:13:20] 	> Projecting Achillea.atrata_PA3_RUN4_GLM ...
[2026-08-02 02:13:21] 		Writing projection on hard drive...
[2026-08-02 02:13:21] 		 /work/data/output_disk_sp1_6cpu/Achillea.atrata/proj_ipsl.cm6a.lr_ssp585/individual_projections/proj_ipsl.cm6a.lr_ssp585_Achillea.atrata_PA3_RUN3_FDA.tif
[2026-08-02 02:13:29] 	> Projecting Achillea.atrata_PA3_RUN4_MAXNET ...
[2026-08-02 02:13:30] 		Writing projection on hard drive...
[2026-08-02 02:13:30] 		 /work/data/output_disk_sp1_6cpu/Achillea.atrata/proj_ipsl.cm6a.lr_ssp585/individual_projections/proj_ipsl.cm6a.lr_ssp585_Achillea.atrata_PA3_RUN4_FDA.tif
[2026-08-02 02:13:36] 	> Projecting Achillea.atrata_PA3_RUN5_MAXNET ...
[2026-08-02 02:13:37] 		Writing projection on hard drive...
[2026-08-02 02:13:37] 		 /work/data/output_disk_sp1_6cpu/Achillea.atrata/proj_ipsl.cm6a.lr_ssp585/individual_projections/proj_ipsl.cm6a.lr_ssp585_Achillea.atrata_PA3_RUN5_GLM.tif
[2026-08-02 02:13:41] 	> Projecting Achillea.atrata_PA4_RUN1_GBM ...
[2026-08-02 02:13:42] 		Writing projection on hard drive...
[2026-08-02 02:13:42] 		 /work/data/output_disk_sp1_6cpu/Achillea.atrata/proj_ipsl.cm6a.lr_ssp585/individual_projections/proj_ipsl.cm6a.lr_ssp585_Achillea.atrata_PA3_RUN3_GLM.tif
[2026-08-02 02:13:52] 	> Projecting Achillea.atrata_PA3_RUN4_GBM ...
[2026-08-02 02:13:53] 		Writing projection on hard drive...
[2026-08-02 02:13:53] 		 /work/data/output_disk_sp1_6cpu/Achillea.atrata/proj_ipsl.cm6a.lr_ssp585/individual_projections/proj_ipsl.cm6a.lr_ssp585_Achillea.atrata_PA3_RUN4_GLM.tif
[2026-08-02 02:14:08] 	> Projecting Achillea.atrata_PA3_RUN5_GBM ...
[2026-08-02 02:14:09] 		Writing projection on hard drive...
[2026-08-02 02:14:09] 		 /work/data/output_disk_sp1_6cpu/Achillea.atrata/proj_ipsl.cm6a.lr_ssp585/individual_projections/proj_ipsl.cm6a.lr_ssp585_Achillea.atrata_PA3_RUN4_MAXNET.tif
[2026-08-02 02:14:11] 	> Projecting Achillea.atrata_PA4_RUN1_GLM ...
[2026-08-02 02:14:11] 		Writing projection on hard drive...
[2026-08-02 02:14:11] 		 /work/data/output_disk_sp1_6cpu/Achillea.atrata/proj_ipsl.cm6a.lr_ssp585/individual_projections/proj_ipsl.cm6a.lr_ssp585_Achillea.atrata_PA3_RUN5_MAXNET.tif
[2026-08-02 02:14:47] 	> Projecting Achillea.atrata_PA4_RUN2_GLM ...
[2026-08-02 02:14:48] 		Writing projection on hard drive...
[2026-08-02 02:14:48] 		Writing projection on hard drive...
[2026-08-02 02:14:48] 		 /work/data/output_disk_sp1_6cpu/Achillea.atrata/proj_ipsl.cm6a.lr_ssp585/individual_projections/proj_ipsl.cm6a.lr_ssp585_Achillea.atrata_PA4_RUN2_GLM.tif
[2026-08-02 02:14:48] 	> Projecting Achillea.atrata_PA4_RUN3_GBM ...
[2026-08-02 02:14:48] 		 /work/data/output_disk_sp1_6cpu/Achillea.atrata/proj_ipsl.cm6a.lr_ssp585/individual_projections/proj_ipsl.cm6a.lr_ssp585_Achillea.atrata_PA4_RUN1_GLM.tif
[2026-08-02 02:27:04] 	> Projecting Achillea.atrata_PA4_RUN2_GBM ...
[2026-08-02 02:27:05] 		Writing projection on hard drive...
[2026-08-02 02:27:05] 		 /work/data/output_disk_sp1_6cpu/Achillea.atrata/proj_ipsl.cm6a.lr_ssp585/individual_projections/proj_ipsl.cm6a.lr_ssp585_Achillea.atrata_PA3_RUN3_GBM.tif
[2026-08-02 02:27:29] 	> Projecting Achillea.atrata_PA3_RUN4_ANN ...
[2026-08-02 02:27:30] 		Writing projection on hard drive...
[2026-08-02 02:27:30] 		 /work/data/output_disk_sp1_6cpu/Achillea.atrata/proj_ipsl.cm6a.lr_ssp585/individual_projections/proj_ipsl.cm6a.lr_ssp585_Achillea.atrata_PA3_RUN5_GBM.tif
[2026-08-02 02:27:37] 	> Projecting Achillea.atrata_PA4_RUN1_ANN ...
[2026-08-02 02:27:38] 		Writing projection on hard drive...
[2026-08-02 02:27:38] 		 /work/data/output_disk_sp1_6cpu/Achillea.atrata/proj_ipsl.cm6a.lr_ssp585/individual_projections/proj_ipsl.cm6a.lr_ssp585_Achillea.atrata_PA3_RUN4_GBM.tif
[2026-08-02 02:27:39] 	> Projecting Achillea.atrata_PA3_RUN5_ANN ...
[2026-08-02 02:27:40] 		Writing projection on hard drive...
[2026-08-02 02:27:40] 		 /work/data/output_disk_sp1_6cpu/Achillea.atrata/proj_ipsl.cm6a.lr_ssp585/individual_projections/proj_ipsl.cm6a.lr_ssp585_Achillea.atrata_PA4_RUN1_GBM.tif
[2026-08-02 02:28:02] 	> Projecting Achillea.atrata_PA4_RUN2_ANN ...
[2026-08-02 02:28:03] 		Writing projection on hard drive...
[2026-08-02 02:28:03] 		 /work/data/output_disk_sp1_6cpu/Achillea.atrata/proj_ipsl.cm6a.lr_ssp585/individual_projections/proj_ipsl.cm6a.lr_ssp585_Achillea.atrata_PA3_RUN4_ANN.tif
[2026-08-02 02:28:27] 	> Projecting Achillea.atrata_PA3_RUN5_FDA ...
[2026-08-02 02:28:28] 		Writing projection on hard drive...
[2026-08-02 02:28:28] 		 /work/data/output_disk_sp1_6cpu/Achillea.atrata/proj_ipsl.cm6a.lr_ssp585/individual_projections/proj_ipsl.cm6a.lr_ssp585_Achillea.atrata_PA4_RUN1_ANN.tif
[2026-08-02 02:28:30] 	> Projecting Achillea.atrata_PA4_RUN2_FDA ...
[2026-08-02 02:28:31] 		Writing projection on hard drive...
[2026-08-02 02:28:31] 		 /work/data/output_disk_sp1_6cpu/Achillea.atrata/proj_ipsl.cm6a.lr_ssp585/individual_projections/proj_ipsl.cm6a.lr_ssp585_Achillea.atrata_PA4_RUN3_GBM.tif
[2026-08-02 02:28:34] 	> Projecting Achillea.atrata_PA4_RUN4_ANN ...
[2026-08-02 02:28:35] 		Writing projection on hard drive...
[2026-08-02 02:28:35] 		 /work/data/output_disk_sp1_6cpu/Achillea.atrata/proj_ipsl.cm6a.lr_ssp585/individual_projections/proj_ipsl.cm6a.lr_ssp585_Achillea.atrata_PA3_RUN5_ANN.tif
[2026-08-02 02:28:37] 	> Projecting Achillea.atrata_PA4_RUN1_FDA ...
[2026-08-02 02:28:38] 		Writing projection on hard drive...
[2026-08-02 02:28:38] 		 /work/data/output_disk_sp1_6cpu/Achillea.atrata/proj_ipsl.cm6a.lr_ssp585/individual_projections/proj_ipsl.cm6a.lr_ssp585_Achillea.atrata_PA4_RUN2_ANN.tif
[2026-08-02 02:28:50] 	> Projecting Achillea.atrata_PA4_RUN3_FDA ...
[2026-08-02 02:28:51] 		Writing projection on hard drive...
[2026-08-02 02:28:51] 		 /work/data/output_disk_sp1_6cpu/Achillea.atrata/proj_ipsl.cm6a.lr_ssp585/individual_projections/proj_ipsl.cm6a.lr_ssp585_Achillea.atrata_PA4_RUN2_GBM.tif
[2026-08-02 02:28:54] 	> Projecting Achillea.atrata_PA4_RUN3_ANN ...
[2026-08-02 02:28:54] 		Writing projection on hard drive...
[2026-08-02 02:28:54] 		 /work/data/output_disk_sp1_6cpu/Achillea.atrata/proj_ipsl.cm6a.lr_ssp585/individual_projections/proj_ipsl.cm6a.lr_ssp585_Achillea.atrata_PA3_RUN5_FDA.tif
[2026-08-02 02:29:20] 	> Projecting Achillea.atrata_PA4_RUN1_MAXNET ...
[2026-08-02 02:29:21] 		Writing projection on hard drive...
[2026-08-02 02:29:21] 		 /work/data/output_disk_sp1_6cpu/Achillea.atrata/proj_ipsl.cm6a.lr_ssp585/individual_projections/proj_ipsl.cm6a.lr_ssp585_Achillea.atrata_PA4_RUN2_FDA.tif
[2026-08-02 02:29:23] 	> Projecting Achillea.atrata_PA4_RUN3_MAXNET ...
[2026-08-02 02:29:24] 		Writing projection on hard drive...
[2026-08-02 02:29:24] 		 /work/data/output_disk_sp1_6cpu/Achillea.atrata/proj_ipsl.cm6a.lr_ssp585/individual_projections/proj_ipsl.cm6a.lr_ssp585_Achillea.atrata_PA4_RUN1_FDA.tif
[2026-08-02 02:29:24] 	> Projecting Achillea.atrata_PA4_RUN2_MAXNET ...
[2026-08-02 02:29:25] 		Writing projection on hard drive...
[2026-08-02 02:29:25] 		 /work/data/output_disk_sp1_6cpu/Achillea.atrata/proj_ipsl.cm6a.lr_ssp585/individual_projections/proj_ipsl.cm6a.lr_ssp585_Achillea.atrata_PA4_RUN3_FDA.tif
[2026-08-02 02:29:36] 	> Projecting Achillea.atrata_PA4_RUN4_MAXNET ...
[2026-08-02 02:29:37] 		Writing projection on hard drive...
[2026-08-02 02:29:37] 		 /work/data/output_disk_sp1_6cpu/Achillea.atrata/proj_ipsl.cm6a.lr_ssp585/individual_projections/proj_ipsl.cm6a.lr_ssp585_Achillea.atrata_PA4_RUN4_ANN.tif
[2026-08-02 02:29:40] 	> Projecting Achillea.atrata_PA4_RUN5_FDA ...
[2026-08-02 02:29:41] 		Writing projection on hard drive...
[2026-08-02 02:29:41] 		 /work/data/output_disk_sp1_6cpu/Achillea.atrata/proj_ipsl.cm6a.lr_ssp585/individual_projections/proj_ipsl.cm6a.lr_ssp585_Achillea.atrata_PA4_RUN1_MAXNET.tif
[2026-08-02 02:29:52] 	> Projecting Achillea.atrata_PA4_RUN3_GLM ...
[2026-08-02 02:29:53] 		Writing projection on hard drive...
[2026-08-02 02:29:53] 		 /work/data/output_disk_sp1_6cpu/Achillea.atrata/proj_ipsl.cm6a.lr_ssp585/individual_projections/proj_ipsl.cm6a.lr_ssp585_Achillea.atrata_PA4_RUN3_ANN.tif
[2026-08-02 02:30:01] 	> Projecting Achillea.atrata_PA4_RUN4_FDA ...
[2026-08-02 02:30:02] 		Writing projection on hard drive...
[2026-08-02 02:30:02] 		 /work/data/output_disk_sp1_6cpu/Achillea.atrata/proj_ipsl.cm6a.lr_ssp585/individual_projections/proj_ipsl.cm6a.lr_ssp585_Achillea.atrata_PA4_RUN3_MAXNET.tif
[2026-08-02 02:30:09] 	> Projecting Achillea.atrata_PA4_RUN5_GLM ...
[2026-08-02 02:30:10] 		Writing projection on hard drive...
[2026-08-02 02:30:10] 		 /work/data/output_disk_sp1_6cpu/Achillea.atrata/proj_ipsl.cm6a.lr_ssp585/individual_projections/proj_ipsl.cm6a.lr_ssp585_Achillea.atrata_PA4_RUN4_MAXNET.tif
[2026-08-02 02:30:13] 	> Projecting Achillea.atrata_PA5_RUN1_GLM ...
[2026-08-02 02:30:13] 		Writing projection on hard drive...
[2026-08-02 02:30:13] 		 /work/data/output_disk_sp1_6cpu/Achillea.atrata/proj_ipsl.cm6a.lr_ssp585/individual_projections/proj_ipsl.cm6a.lr_ssp585_Achillea.atrata_PA4_RUN2_MAXNET.tif
[2026-08-02 02:30:20] 	> Projecting Achillea.atrata_PA4_RUN4_GLM ...
[2026-08-02 02:30:21] 		Writing projection on hard drive...
[2026-08-02 02:30:21] 		 /work/data/output_disk_sp1_6cpu/Achillea.atrata/proj_ipsl.cm6a.lr_ssp585/individual_projections/proj_ipsl.cm6a.lr_ssp585_Achillea.atrata_PA4_RUN3_GLM.tif
[2026-08-02 02:30:24] 	> Projecting Achillea.atrata_PA4_RUN4_GBM ...
[2026-08-02 02:30:25] 		Writing projection on hard drive...
[2026-08-02 02:30:25] 		 /work/data/output_disk_sp1_6cpu/Achillea.atrata/proj_ipsl.cm6a.lr_ssp585/individual_projections/proj_ipsl.cm6a.lr_ssp585_Achillea.atrata_PA4_RUN5_FDA.tif
[2026-08-02 02:30:44] 	> Projecting Achillea.atrata_PA5_RUN1_MAXNET ...
[2026-08-02 02:30:45] 		Writing projection on hard drive...
[2026-08-02 02:30:45] 		 /work/data/output_disk_sp1_6cpu/Achillea.atrata/proj_ipsl.cm6a.lr_ssp585/individual_projections/proj_ipsl.cm6a.lr_ssp585_Achillea.atrata_PA4_RUN5_GLM.tif
[2026-08-02 02:30:45] 	> Projecting Achillea.atrata_PA5_RUN1_GBM ...
[2026-08-02 02:30:46] 		Writing projection on hard drive...
[2026-08-02 02:30:46] 		 /work/data/output_disk_sp1_6cpu/Achillea.atrata/proj_ipsl.cm6a.lr_ssp585/individual_projections/proj_ipsl.cm6a.lr_ssp585_Achillea.atrata_PA4_RUN4_FDA.tif
[2026-08-02 02:30:46] 	> Projecting Achillea.atrata_PA4_RUN5_MAXNET ...
[2026-08-02 02:30:47] 		Writing projection on hard drive...
[2026-08-02 02:30:47] 		 /work/data/output_disk_sp1_6cpu/Achillea.atrata/proj_ipsl.cm6a.lr_ssp585/individual_projections/proj_ipsl.cm6a.lr_ssp585_Achillea.atrata_PA5_RUN1_GLM.tif
[2026-08-02 02:30:51] 	> Projecting Achillea.atrata_PA5_RUN2_GBM ...
[2026-08-02 02:30:52] 		Writing projection on hard drive...
[2026-08-02 02:30:52] 		 /work/data/output_disk_sp1_6cpu/Achillea.atrata/proj_ipsl.cm6a.lr_ssp585/individual_projections/proj_ipsl.cm6a.lr_ssp585_Achillea.atrata_PA4_RUN4_GLM.tif
[2026-08-02 02:31:08] 	> Projecting Achillea.atrata_PA4_RUN5_GBM ...
[2026-08-02 02:31:09] 		Writing projection on hard drive...
[2026-08-02 02:31:09] 		 /work/data/output_disk_sp1_6cpu/Achillea.atrata/proj_ipsl.cm6a.lr_ssp585/individual_projections/proj_ipsl.cm6a.lr_ssp585_Achillea.atrata_PA5_RUN1_MAXNET.tif
[2026-08-02 02:31:27] 	> Projecting Achillea.atrata_PA5_RUN3_GLM ...
[2026-08-02 02:31:27] 		Writing projection on hard drive...
[2026-08-02 02:31:27] 		 /work/data/output_disk_sp1_6cpu/Achillea.atrata/proj_ipsl.cm6a.lr_ssp585/individual_projections/proj_ipsl.cm6a.lr_ssp585_Achillea.atrata_PA4_RUN5_MAXNET.tif
[2026-08-02 02:31:45] 	> Projecting Achillea.atrata_PA5_RUN2_GLM ...
[2026-08-02 02:31:46] 		Writing projection on hard drive...
[2026-08-02 02:31:46] 		 /work/data/output_disk_sp1_6cpu/Achillea.atrata/proj_ipsl.cm6a.lr_ssp585/individual_projections/proj_ipsl.cm6a.lr_ssp585_Achillea.atrata_PA5_RUN3_GLM.tif
[2026-08-02 02:32:05] 	> Projecting Achillea.atrata_PA5_RUN4_GBM ...
[2026-08-02 02:32:06] 		Writing projection on hard drive...
[2026-08-02 02:32:06] 		 /work/data/output_disk_sp1_6cpu/Achillea.atrata/proj_ipsl.cm6a.lr_ssp585/individual_projections/proj_ipsl.cm6a.lr_ssp585_Achillea.atrata_PA5_RUN2_GLM.tif
[2026-08-02 02:44:16] 	> Projecting Achillea.atrata_PA5_RUN3_GBM ...
[2026-08-02 02:44:17] 		Writing projection on hard drive...
[2026-08-02 02:44:17] 		 /work/data/output_disk_sp1_6cpu/Achillea.atrata/proj_ipsl.cm6a.lr_ssp585/individual_projections/proj_ipsl.cm6a.lr_ssp585_Achillea.atrata_PA4_RUN4_GBM.tif
[2026-08-02 02:44:22] 	> Projecting Achillea.atrata_PA4_RUN5_ANN ...
[2026-08-02 02:44:23] 		Writing projection on hard drive...
[2026-08-02 02:44:23] 		 /work/data/output_disk_sp1_6cpu/Achillea.atrata/proj_ipsl.cm6a.lr_ssp585/individual_projections/proj_ipsl.cm6a.lr_ssp585_Achillea.atrata_PA5_RUN2_GBM.tif
[2026-08-02 02:44:36] 	> Projecting Achillea.atrata_PA5_RUN3_ANN ...
[2026-08-02 02:44:37] 		Writing projection on hard drive...
[2026-08-02 02:44:37] 		 /work/data/output_disk_sp1_6cpu/Achillea.atrata/proj_ipsl.cm6a.lr_ssp585/individual_projections/proj_ipsl.cm6a.lr_ssp585_Achillea.atrata_PA5_RUN1_GBM.tif
[2026-08-02 02:44:56] 	> Projecting Achillea.atrata_PA5_RUN2_ANN ...
[2026-08-02 02:44:57] 		Writing projection on hard drive...
[2026-08-02 02:44:57] 		 /work/data/output_disk_sp1_6cpu/Achillea.atrata/proj_ipsl.cm6a.lr_ssp585/individual_projections/proj_ipsl.cm6a.lr_ssp585_Achillea.atrata_PA4_RUN5_GBM.tif
[2026-08-02 02:45:15] 	> Projecting Achillea.atrata_PA5_RUN1_ANN ...
[2026-08-02 02:45:16] 		Writing projection on hard drive...
[2026-08-02 02:45:16] 		 /work/data/output_disk_sp1_6cpu/Achillea.atrata/proj_ipsl.cm6a.lr_ssp585/individual_projections/proj_ipsl.cm6a.lr_ssp585_Achillea.atrata_PA4_RUN5_ANN.tif
[2026-08-02 02:45:16] 	> Projecting Achillea.atrata_PA5_RUN1_FDA ...
[2026-08-02 02:45:17] 		Writing projection on hard drive...
[2026-08-02 02:45:17] 		 /work/data/output_disk_sp1_6cpu/Achillea.atrata/proj_ipsl.cm6a.lr_ssp585/individual_projections/proj_ipsl.cm6a.lr_ssp585_Achillea.atrata_PA5_RUN3_ANN.tif
[2026-08-02 02:45:32] 	> Projecting Achillea.atrata_PA5_RUN4_FDA ...
[2026-08-02 02:45:32] 		Writing projection on hard drive...
[2026-08-02 02:45:32] 		 /work/data/output_disk_sp1_6cpu/Achillea.atrata/proj_ipsl.cm6a.lr_ssp585/individual_projections/proj_ipsl.cm6a.lr_ssp585_Achillea.atrata_PA5_RUN2_ANN.tif
[2026-08-02 02:45:43] 	> Projecting Achillea.atrata_PA5_RUN3_FDA ...
[2026-08-02 02:45:44] 		Writing projection on hard drive...
[2026-08-02 02:45:44] 		 /work/data/output_disk_sp1_6cpu/Achillea.atrata/proj_ipsl.cm6a.lr_ssp585/individual_projections/proj_ipsl.cm6a.lr_ssp585_Achillea.atrata_PA5_RUN4_GBM.tif
[2026-08-02 02:45:49] 	> Projecting Achillea.atrata_PA5_RUN5_ANN ...
[2026-08-02 02:45:50] 		Writing projection on hard drive...
[2026-08-02 02:45:50] 		 /work/data/output_disk_sp1_6cpu/Achillea.atrata/proj_ipsl.cm6a.lr_ssp585/individual_projections/proj_ipsl.cm6a.lr_ssp585_Achillea.atrata_PA5_RUN3_GBM.tif
[2026-08-02 02:45:52] 	> Projecting Achillea.atrata_PA5_RUN4_ANN ...
[2026-08-02 02:45:53] 		Writing projection on hard drive...
[2026-08-02 02:45:53] 		 /work/data/output_disk_sp1_6cpu/Achillea.atrata/proj_ipsl.cm6a.lr_ssp585/individual_projections/proj_ipsl.cm6a.lr_ssp585_Achillea.atrata_PA5_RUN1_ANN.tif
[2026-08-02 02:46:03] 	> Projecting Achillea.atrata_PA5_RUN2_FDA ...
[2026-08-02 02:46:04] 		Writing projection on hard drive...
[2026-08-02 02:46:04] 		 /work/data/output_disk_sp1_6cpu/Achillea.atrata/proj_ipsl.cm6a.lr_ssp585/individual_projections/proj_ipsl.cm6a.lr_ssp585_Achillea.atrata_PA5_RUN1_FDA.tif
[2026-08-02 02:46:06] 	> Projecting Achillea.atrata_PA5_RUN2_MAXNET ...
[2026-08-02 02:46:07] 		Writing projection on hard drive...
[2026-08-02 02:46:07] 		 /work/data/output_disk_sp1_6cpu/Achillea.atrata/proj_ipsl.cm6a.lr_ssp585/individual_projections/proj_ipsl.cm6a.lr_ssp585_Achillea.atrata_PA5_RUN4_FDA.tif
[2026-08-02 02:46:26] 	> Projecting Achillea.atrata_PA5_RUN5_MAXNET ...
[2026-08-02 02:46:26] 		Writing projection on hard drive...
[2026-08-02 02:46:26] 		 /work/data/output_disk_sp1_6cpu/Achillea.atrata/proj_ipsl.cm6a.lr_ssp585/individual_projections/proj_ipsl.cm6a.lr_ssp585_Achillea.atrata_PA5_RUN3_FDA.tif
[2026-08-02 02:46:43] 	> Projecting Achillea.atrata_PA5_RUN4_MAXNET ...
[2026-08-02 02:46:44] 		Writing projection on hard drive...
[2026-08-02 02:46:44] 		 /work/data/output_disk_sp1_6cpu/Achillea.atrata/proj_ipsl.cm6a.lr_ssp585/individual_projections/proj_ipsl.cm6a.lr_ssp585_Achillea.atrata_PA5_RUN2_FDA.tif
[2026-08-02 02:46:45] 	> Projecting Achillea.atrata_PA5_RUN3_MAXNET ...
[2026-08-02 02:46:46] 		Writing projection on hard drive...
[2026-08-02 02:46:46] 		Writing projection on hard drive...
[2026-08-02 02:46:47] 		 /work/data/output_disk_sp1_6cpu/Achillea.atrata/proj_ipsl.cm6a.lr_ssp585/individual_projections/proj_ipsl.cm6a.lr_ssp585_Achillea.atrata_PA5_RUN5_ANN.tif
[2026-08-02 02:46:49] 		 /work/data/output_disk_sp1_6cpu/Achillea.atrata/proj_ipsl.cm6a.lr_ssp585/individual_projections/proj_ipsl.cm6a.lr_ssp585_Achillea.atrata_PA5_RUN5_MAXNET.tif
[2026-08-02 02:46:49] 		Writing projection on hard drive...
[2026-08-02 02:46:49] 		 /work/data/output_disk_sp1_6cpu/Achillea.atrata/proj_ipsl.cm6a.lr_ssp585/individual_projections/proj_ipsl.cm6a.lr_ssp585_Achillea.atrata_PA5_RUN2_MAXNET.tif
[2026-08-02 02:46:52] 	> Projecting Achillea.atrata_PA5_RUN4_GLM ...
[2026-08-02 02:46:53] 		Writing projection on hard drive...
[2026-08-02 02:46:53] 		 /work/data/output_disk_sp1_6cpu/Achillea.atrata/proj_ipsl.cm6a.lr_ssp585/individual_projections/proj_ipsl.cm6a.lr_ssp585_Achillea.atrata_PA5_RUN4_ANN.tif
[2026-08-02 02:46:59] 	> Projecting Achillea.atrata_PA5_RUN5_FDA ...
[2026-08-02 02:47:00] 		Writing projection on hard drive...
[2026-08-02 02:47:27] 		 /work/data/output_disk_sp1_6cpu/Achillea.atrata/proj_ipsl.cm6a.lr_ssp585/individual_projections/proj_ipsl.cm6a.lr_ssp585_Achillea.atrata_PA5_RUN4_MAXNET.tif
[2026-08-02 02:47:28] 		Writing projection on hard drive...
[2026-08-02 02:47:28] 		 /work/data/output_disk_sp1_6cpu/Achillea.atrata/proj_ipsl.cm6a.lr_ssp585/individual_projections/proj_ipsl.cm6a.lr_ssp585_Achillea.atrata_PA5_RUN3_MAXNET.tif
[2026-08-02 02:47:32] 	> Projecting Achillea.atrata_PA5_RUN5_GLM ...
[2026-08-02 02:47:33] 		Writing projection on hard drive...
[2026-08-02 02:47:33] 		 /work/data/output_disk_sp1_6cpu/Achillea.atrata/proj_ipsl.cm6a.lr_ssp585/individual_projections/proj_ipsl.cm6a.lr_ssp585_Achillea.atrata_PA5_RUN4_GLM.tif
[2026-08-02 02:47:49] 	> Projecting Achillea.atrata_PA5_RUN5_GBM ...
[2026-08-02 02:47:49] 		Writing projection on hard drive...
[2026-08-02 02:48:01] 		 /work/data/output_disk_sp1_6cpu/Achillea.atrata/proj_ipsl.cm6a.lr_ssp585/individual_projections/proj_ipsl.cm6a.lr_ssp585_Achillea.atrata_PA5_RUN5_FDA.tif
[2026-08-02 02:48:01] 		Writing projection on hard drive...
[2026-08-02 03:01:22] 		 /work/data/output_disk_sp1_6cpu/Achillea.atrata/proj_ipsl.cm6a.lr_ssp585/individual_projections/proj_ipsl.cm6a.lr_ssp585_Achillea.atrata_PA5_RUN5_GLM.tif
[2026-08-02 03:01:23] 		Writing projection on hard drive...
[2026-08-02 03:01:23] 		 /work/data/output_disk_sp1_6cpu/Achillea.atrata/proj_ipsl.cm6a.lr_ssp585/individual_projections/proj_ipsl.cm6a.lr_ssp585_Achillea.atrata_PA5_RUN5_GBM.tif
[2026-08-02 03:01:23] -=-=-=-=-=-=-=-=-=-=-=-=-=-=-=-=-=-= Done -=-=-=-=-=-=-=-=-=-=-=-=-=-=-=-=-=-=
[2026-08-02 03:01:23] 
[2026-08-02 03:01:23] -=-=-=-=-=-=-=-=-=-=-=-= Do Ensemble Models Projection -=-=-=-=-=-=-=-=-=-=-=-=
[2026-08-02 03:01:23] 
[2026-08-02 03:01:23] Creating suitable Workdir...
[2026-08-02 03:01:24] 
[2026-08-02 03:01:24] 	> Projecting Achillea.atrata_EMmeanByAUCroc_mergedData_mergedRun_mergedAlgo ...
[2026-08-02 03:17:04] 	> Projecting Achillea.atrata_EMcvByAUCroc_mergedData_mergedRun_mergedAlgo ...|---------|---------|---------|---------||---------|---------|---------|---------|===================================================                                          
[2026-08-02 03:24:59] 		Writing projection on hard drive...===============================                                          
[2026-08-02 03:25:01] 		Writing projection on hard drive...
[2026-08-02 03:25:01] 
[2026-08-02 03:25:01] ! Binary/Filtered transformation automatically desactivated for ensemble models with coefficient of variation or confidence intervals
[2026-08-02 03:25:06] 	> Building TSS binaries / filtered
[2026-08-02 03:25:11] 	> Building AUCroc binaries / filtered
[2026-08-02 03:25:16] 	> Building KAPPA binaries / filtered
[2026-08-02 03:25:16] 
[2026-08-02 03:25:16] -=-=-=-=-=-=-=-=-=-=-=-=-=-=-=-=-=-= Done -=-=-=-=-=-=-=-=-=-=-=-=-=-=-=-=-=-=
[2026-08-02 03:25:17] 
[2026-08-02 03:25:17] 
[2026-08-02 03:25:17] DEBUG: Processing future scenario 5 of 8 : /work/data/input/climate_vars/future/mpi.esm1.2.hr/ssp370 
[2026-08-02 03:25:17] DEBUG: Raster loaded, ncell = 63951097 , hasValues = TRUE 
[2026-08-02 03:25:17] 
[2026-08-02 03:25:17] -=-=-=-=-=-=-=-=-=-=-=-=-= Do Single Models Projection -=-=-=-=-=-=-=-=-=-=-=-=-=
[2026-08-02 03:25:41] 
[2026-08-02 03:25:41] 		! 'overwrite' arg is set as FALSE. Projections that have already been saved will not be redone. 
[2026-08-02 03:25:41]         Please be carfeul if you have changed the models in the meantime. 
[2026-08-02 03:25:41] 	> Building clamping mask
[2026-08-02 03:26:44] 
[2026-08-02 03:26:44] 	> Projecting Achillea.atrata_PA1_RUN1_GLM ...
[2026-08-02 03:26:44] 	> Projecting Achillea.atrata_PA1_RUN1_GBM ...
[2026-08-02 03:26:45] 	> Projecting Achillea.atrata_PA1_RUN1_ANN ...
[2026-08-02 03:26:45] 	> Projecting Achillea.atrata_PA1_RUN1_FDA ...
[2026-08-02 03:26:45] 	> Projecting Achillea.atrata_PA1_RUN1_MAXNET ...
[2026-08-02 03:27:29] 	> Projecting Achillea.atrata_PA1_RUN2_GLM ...
[2026-08-02 03:27:29] 		Writing projection on hard drive...
[2026-08-02 03:27:30] 		Writing projection on hard drive...
[2026-08-02 03:27:30] 		 /work/data/output_disk_sp1_6cpu/Achillea.atrata/proj_mpi.esm1.2.hr_ssp370/individual_projections/proj_mpi.esm1.2.hr_ssp370_Achillea.atrata_PA1_RUN1_GLM.tif
[2026-08-02 03:27:30] 	> Projecting Achillea.atrata_PA1_RUN2_GBM ...
[2026-08-02 03:27:30] 		 /work/data/output_disk_sp1_6cpu/Achillea.atrata/proj_mpi.esm1.2.hr_ssp370/individual_projections/proj_mpi.esm1.2.hr_ssp370_Achillea.atrata_PA1_RUN2_GLM.tif
[2026-08-02 03:27:34] 	> Projecting Achillea.atrata_PA1_RUN3_GBM ...
[2026-08-02 03:27:35] 		Writing projection on hard drive...
[2026-08-02 03:27:35] 		 /work/data/output_disk_sp1_6cpu/Achillea.atrata/proj_mpi.esm1.2.hr_ssp370/individual_projections/proj_mpi.esm1.2.hr_ssp370_Achillea.atrata_PA1_RUN1_MAXNET.tif
[2026-08-02 03:27:49] 	> Projecting Achillea.atrata_PA1_RUN3_GLM ...
[2026-08-02 03:27:50] 		Writing projection on hard drive...
[2026-08-02 03:27:50] 		 /work/data/output_disk_sp1_6cpu/Achillea.atrata/proj_mpi.esm1.2.hr_ssp370/individual_projections/proj_mpi.esm1.2.hr_ssp370_Achillea.atrata_PA1_RUN1_FDA.tif
[2026-08-02 03:28:02] 	> Projecting Achillea.atrata_PA1_RUN2_MAXNET ...
[2026-08-02 03:28:03] 		Writing projection on hard drive...
[2026-08-02 03:28:03] 		 /work/data/output_disk_sp1_6cpu/Achillea.atrata/proj_mpi.esm1.2.hr_ssp370/individual_projections/proj_mpi.esm1.2.hr_ssp370_Achillea.atrata_PA1_RUN1_ANN.tif
[2026-08-02 03:28:17] 	> Projecting Achillea.atrata_PA1_RUN2_FDA ...
[2026-08-02 03:28:18] 		Writing projection on hard drive...
[2026-08-02 03:28:18] 		 /work/data/output_disk_sp1_6cpu/Achillea.atrata/proj_mpi.esm1.2.hr_ssp370/individual_projections/proj_mpi.esm1.2.hr_ssp370_Achillea.atrata_PA1_RUN3_GLM.tif
[2026-08-02 03:28:39] 	> Projecting Achillea.atrata_PA1_RUN4_GBM ...
[2026-08-02 03:28:40] 		Writing projection on hard drive...
[2026-08-02 03:28:40] 		 /work/data/output_disk_sp1_6cpu/Achillea.atrata/proj_mpi.esm1.2.hr_ssp370/individual_projections/proj_mpi.esm1.2.hr_ssp370_Achillea.atrata_PA1_RUN2_MAXNET.tif
[2026-08-02 03:28:58] 	> Projecting Achillea.atrata_PA1_RUN4_GLM ...
[2026-08-02 03:28:59] 		Writing projection on hard drive...
[2026-08-02 03:28:59] 		 /work/data/output_disk_sp1_6cpu/Achillea.atrata/proj_mpi.esm1.2.hr_ssp370/individual_projections/proj_mpi.esm1.2.hr_ssp370_Achillea.atrata_PA1_RUN2_FDA.tif
[2026-08-02 03:29:15] 	> Projecting Achillea.atrata_PA1_RUN3_MAXNET ...
[2026-08-02 03:29:16] 		Writing projection on hard drive...
[2026-08-02 03:29:16] 		 /work/data/output_disk_sp1_6cpu/Achillea.atrata/proj_mpi.esm1.2.hr_ssp370/individual_projections/proj_mpi.esm1.2.hr_ssp370_Achillea.atrata_PA1_RUN4_GLM.tif
[2026-08-02 03:29:47] 	> Projecting Achillea.atrata_PA1_RUN5_GBM ...
[2026-08-02 03:29:48] 		Writing projection on hard drive...
[2026-08-02 03:29:48] 		 /work/data/output_disk_sp1_6cpu/Achillea.atrata/proj_mpi.esm1.2.hr_ssp370/individual_projections/proj_mpi.esm1.2.hr_ssp370_Achillea.atrata_PA1_RUN3_MAXNET.tif
[2026-08-02 03:30:22] 	> Projecting Achillea.atrata_PA1_RUN5_GLM ...
[2026-08-02 03:30:23] 		Writing projection on hard drive...
[2026-08-02 03:30:23] 		 /work/data/output_disk_sp1_6cpu/Achillea.atrata/proj_mpi.esm1.2.hr_ssp370/individual_projections/proj_mpi.esm1.2.hr_ssp370_Achillea.atrata_PA1_RUN5_GLM.tif
[2026-08-02 03:40:58] 	> Projecting Achillea.atrata_PA2_RUN1_GBM ...
[2026-08-02 03:40:59] 		Writing projection on hard drive...
[2026-08-02 03:40:59] 		 /work/data/output_disk_sp1_6cpu/Achillea.atrata/proj_mpi.esm1.2.hr_ssp370/individual_projections/proj_mpi.esm1.2.hr_ssp370_Achillea.atrata_PA1_RUN1_GBM.tif
[2026-08-02 03:41:41] 	> Projecting Achillea.atrata_PA1_RUN2_ANN ...
[2026-08-02 03:41:42] 		Writing projection on hard drive...
[2026-08-02 03:41:42] 		 /work/data/output_disk_sp1_6cpu/Achillea.atrata/proj_mpi.esm1.2.hr_ssp370/individual_projections/proj_mpi.esm1.2.hr_ssp370_Achillea.atrata_PA1_RUN2_GBM.tif
[2026-08-02 03:41:51] 	> Projecting Achillea.atrata_PA1_RUN3_ANN ...
[2026-08-02 03:41:52] 		Writing projection on hard drive...
[2026-08-02 03:41:52] 		 /work/data/output_disk_sp1_6cpu/Achillea.atrata/proj_mpi.esm1.2.hr_ssp370/individual_projections/proj_mpi.esm1.2.hr_ssp370_Achillea.atrata_PA1_RUN3_GBM.tif
[2026-08-02 03:42:13] 	> Projecting Achillea.atrata_PA1_RUN4_ANN ...
[2026-08-02 03:42:14] 		Writing projection on hard drive...
[2026-08-02 03:42:14] 		 /work/data/output_disk_sp1_6cpu/Achillea.atrata/proj_mpi.esm1.2.hr_ssp370/individual_projections/proj_mpi.esm1.2.hr_ssp370_Achillea.atrata_PA1_RUN2_ANN.tif
[2026-08-02 03:42:25] 	> Projecting Achillea.atrata_PA1_RUN3_FDA ...
[2026-08-02 03:42:25] 		Writing projection on hard drive...
[2026-08-02 03:42:25] 		 /work/data/output_disk_sp1_6cpu/Achillea.atrata/proj_mpi.esm1.2.hr_ssp370/individual_projections/proj_mpi.esm1.2.hr_ssp370_Achillea.atrata_PA1_RUN4_GBM.tif
[2026-08-02 03:42:41] 	> Projecting Achillea.atrata_PA1_RUN5_ANN ...
[2026-08-02 03:42:42] 		Writing projection on hard drive...
[2026-08-02 03:42:42] 		 /work/data/output_disk_sp1_6cpu/Achillea.atrata/proj_mpi.esm1.2.hr_ssp370/individual_projections/proj_mpi.esm1.2.hr_ssp370_Achillea.atrata_PA1_RUN3_ANN.tif
[2026-08-02 03:42:52] 	> Projecting Achillea.atrata_PA1_RUN4_FDA ...
[2026-08-02 03:42:53] 		Writing projection on hard drive...
[2026-08-02 03:42:53] 		 /work/data/output_disk_sp1_6cpu/Achillea.atrata/proj_mpi.esm1.2.hr_ssp370/individual_projections/proj_mpi.esm1.2.hr_ssp370_Achillea.atrata_PA1_RUN4_ANN.tif
[2026-08-02 03:43:09] 	> Projecting Achillea.atrata_PA1_RUN5_FDA ...
[2026-08-02 03:43:10] 		Writing projection on hard drive...
[2026-08-02 03:43:10] 		 /work/data/output_disk_sp1_6cpu/Achillea.atrata/proj_mpi.esm1.2.hr_ssp370/individual_projections/proj_mpi.esm1.2.hr_ssp370_Achillea.atrata_PA1_RUN3_FDA.tif
[2026-08-02 03:43:29] 	> Projecting Achillea.atrata_PA1_RUN4_MAXNET ...
[2026-08-02 03:43:30] 		Writing projection on hard drive...
[2026-08-02 03:43:30] 		 /work/data/output_disk_sp1_6cpu/Achillea.atrata/proj_mpi.esm1.2.hr_ssp370/individual_projections/proj_mpi.esm1.2.hr_ssp370_Achillea.atrata_PA1_RUN5_ANN.tif
[2026-08-02 03:43:40] 	> Projecting Achillea.atrata_PA2_RUN1_FDA ...
[2026-08-02 03:43:41] 		Writing projection on hard drive...
[2026-08-02 03:43:41] 		 /work/data/output_disk_sp1_6cpu/Achillea.atrata/proj_mpi.esm1.2.hr_ssp370/individual_projections/proj_mpi.esm1.2.hr_ssp370_Achillea.atrata_PA1_RUN5_GBM.tif
[2026-08-02 03:43:44] 	> Projecting Achillea.atrata_PA2_RUN1_ANN ...
[2026-08-02 03:43:45] 		Writing projection on hard drive...
[2026-08-02 03:43:45] 		 /work/data/output_disk_sp1_6cpu/Achillea.atrata/proj_mpi.esm1.2.hr_ssp370/individual_projections/proj_mpi.esm1.2.hr_ssp370_Achillea.atrata_PA1_RUN4_FDA.tif
[2026-08-02 03:43:56] 	> Projecting Achillea.atrata_PA1_RUN5_MAXNET ...
[2026-08-02 03:43:56] 		Writing projection on hard drive...
[2026-08-02 03:43:57] 		Writing projection on hard drive...
[2026-08-02 03:43:57] 		 /work/data/output_disk_sp1_6cpu/Achillea.atrata/proj_mpi.esm1.2.hr_ssp370/individual_projections/proj_mpi.esm1.2.hr_ssp370_Achillea.atrata_PA1_RUN5_FDA.tif
[2026-08-02 03:43:57] 	> Projecting Achillea.atrata_PA2_RUN1_MAXNET ...
[2026-08-02 03:43:57] 		 /work/data/output_disk_sp1_6cpu/Achillea.atrata/proj_mpi.esm1.2.hr_ssp370/individual_projections/proj_mpi.esm1.2.hr_ssp370_Achillea.atrata_PA1_RUN4_MAXNET.tif
[2026-08-02 03:44:30] 	> Projecting Achillea.atrata_PA2_RUN1_GLM ...
[2026-08-02 03:44:31] 		Writing projection on hard drive...
[2026-08-02 03:44:31] 		 /work/data/output_disk_sp1_6cpu/Achillea.atrata/proj_mpi.esm1.2.hr_ssp370/individual_projections/proj_mpi.esm1.2.hr_ssp370_Achillea.atrata_PA2_RUN1_FDA.tif
[2026-08-02 03:44:34] 	> Projecting Achillea.atrata_PA2_RUN2_MAXNET ...
[2026-08-02 03:44:35] 		Writing projection on hard drive...
[2026-08-02 03:44:35] 		 /work/data/output_disk_sp1_6cpu/Achillea.atrata/proj_mpi.esm1.2.hr_ssp370/individual_projections/proj_mpi.esm1.2.hr_ssp370_Achillea.atrata_PA2_RUN1_GLM.tif
[2026-08-02 03:44:38] 	> Projecting Achillea.atrata_PA2_RUN2_GBM ...
[2026-08-02 03:44:39] 		Writing projection on hard drive...
[2026-08-02 03:44:39] 		 /work/data/output_disk_sp1_6cpu/Achillea.atrata/proj_mpi.esm1.2.hr_ssp370/individual_projections/proj_mpi.esm1.2.hr_ssp370_Achillea.atrata_PA1_RUN5_MAXNET.tif
[2026-08-02 03:44:48] 	> Projecting Achillea.atrata_PA2_RUN2_GLM ...
[2026-08-02 03:44:49] 		Writing projection on hard drive...
[2026-08-02 03:44:49] 		Writing projection on hard drive...
[2026-08-02 03:44:49] 		 /work/data/output_disk_sp1_6cpu/Achillea.atrata/proj_mpi.esm1.2.hr_ssp370/individual_projections/proj_mpi.esm1.2.hr_ssp370_Achillea.atrata_PA2_RUN1_GBM.tif
[2026-08-02 03:44:49] 	> Projecting Achillea.atrata_PA2_RUN2_ANN ...
[2026-08-02 03:44:50] 		Writing projection on hard drive...
[2026-08-02 03:44:50] 		 /work/data/output_disk_sp1_6cpu/Achillea.atrata/proj_mpi.esm1.2.hr_ssp370/individual_projections/proj_mpi.esm1.2.hr_ssp370_Achillea.atrata_PA2_RUN1_ANN.tif
[2026-08-02 03:44:50] 	> Projecting Achillea.atrata_PA2_RUN2_FDA ...
[2026-08-02 03:44:50] 		 /work/data/output_disk_sp1_6cpu/Achillea.atrata/proj_mpi.esm1.2.hr_ssp370/individual_projections/proj_mpi.esm1.2.hr_ssp370_Achillea.atrata_PA2_RUN1_MAXNET.tif
[2026-08-02 03:45:21] 	> Projecting Achillea.atrata_PA2_RUN3_GLM ...
[2026-08-02 03:45:22] 		Writing projection on hard drive...
[2026-08-02 03:45:22] 		 /work/data/output_disk_sp1_6cpu/Achillea.atrata/proj_mpi.esm1.2.hr_ssp370/individual_projections/proj_mpi.esm1.2.hr_ssp370_Achillea.atrata_PA2_RUN2_GLM.tif
[2026-08-02 03:45:23] 	> Projecting Achillea.atrata_PA2_RUN3_GBM ...
[2026-08-02 03:45:24] 		Writing projection on hard drive...
[2026-08-02 03:45:24] 		 /work/data/output_disk_sp1_6cpu/Achillea.atrata/proj_mpi.esm1.2.hr_ssp370/individual_projections/proj_mpi.esm1.2.hr_ssp370_Achillea.atrata_PA2_RUN2_MAXNET.tif
[2026-08-02 03:45:32] 	> Projecting Achillea.atrata_PA2_RUN4_GLM ...
[2026-08-02 03:45:33] 		Writing projection on hard drive...
[2026-08-02 03:45:33] 		 /work/data/output_disk_sp1_6cpu/Achillea.atrata/proj_mpi.esm1.2.hr_ssp370/individual_projections/proj_mpi.esm1.2.hr_ssp370_Achillea.atrata_PA2_RUN3_GLM.tif
[2026-08-02 03:45:37] 	> Projecting Achillea.atrata_PA2_RUN4_GBM ...
[2026-08-02 03:45:38] 		Writing projection on hard drive...
[2026-08-02 03:45:38] 		 /work/data/output_disk_sp1_6cpu/Achillea.atrata/proj_mpi.esm1.2.hr_ssp370/individual_projections/proj_mpi.esm1.2.hr_ssp370_Achillea.atrata_PA2_RUN2_FDA.tif
[2026-08-02 03:45:52] 	> Projecting Achillea.atrata_PA2_RUN3_MAXNET ...
[2026-08-02 03:45:53] 		Writing projection on hard drive...
[2026-08-02 03:45:53] 		 /work/data/output_disk_sp1_6cpu/Achillea.atrata/proj_mpi.esm1.2.hr_ssp370/individual_projections/proj_mpi.esm1.2.hr_ssp370_Achillea.atrata_PA2_RUN2_ANN.tif
[2026-08-02 03:46:06] 	> Projecting Achillea.atrata_PA2_RUN3_FDA ...
[2026-08-02 03:46:06] 		Writing projection on hard drive...
[2026-08-02 03:46:06] 		 /work/data/output_disk_sp1_6cpu/Achillea.atrata/proj_mpi.esm1.2.hr_ssp370/individual_projections/proj_mpi.esm1.2.hr_ssp370_Achillea.atrata_PA2_RUN4_GLM.tif
[2026-08-02 03:46:16] 	> Projecting Achillea.atrata_PA2_RUN5_GBM ...
[2026-08-02 03:46:17] 		Writing projection on hard drive...
[2026-08-02 03:46:17] 		 /work/data/output_disk_sp1_6cpu/Achillea.atrata/proj_mpi.esm1.2.hr_ssp370/individual_projections/proj_mpi.esm1.2.hr_ssp370_Achillea.atrata_PA2_RUN3_MAXNET.tif
[2026-08-02 03:46:43] 	> Projecting Achillea.atrata_PA2_RUN5_GLM ...
[2026-08-02 03:46:44] 		Writing projection on hard drive...
[2026-08-02 03:46:44] 		 /work/data/output_disk_sp1_6cpu/Achillea.atrata/proj_mpi.esm1.2.hr_ssp370/individual_projections/proj_mpi.esm1.2.hr_ssp370_Achillea.atrata_PA2_RUN3_FDA.tif
[2026-08-02 03:46:52] 	> Projecting Achillea.atrata_PA2_RUN4_MAXNET ...
[2026-08-02 03:46:53] 		Writing projection on hard drive...
[2026-08-02 03:46:53] 		 /work/data/output_disk_sp1_6cpu/Achillea.atrata/proj_mpi.esm1.2.hr_ssp370/individual_projections/proj_mpi.esm1.2.hr_ssp370_Achillea.atrata_PA2_RUN5_GLM.tif
[2026-08-02 03:47:28] 	> Projecting Achillea.atrata_PA3_RUN1_GBM ...
[2026-08-02 03:47:29] 		Writing projection on hard drive...
[2026-08-02 03:47:29] 		 /work/data/output_disk_sp1_6cpu/Achillea.atrata/proj_mpi.esm1.2.hr_ssp370/individual_projections/proj_mpi.esm1.2.hr_ssp370_Achillea.atrata_PA2_RUN4_MAXNET.tif
[2026-08-02 03:48:04] 	> Projecting Achillea.atrata_PA3_RUN1_GLM ...
[2026-08-02 03:48:05] 		Writing projection on hard drive...
[2026-08-02 03:48:05] 		 /work/data/output_disk_sp1_6cpu/Achillea.atrata/proj_mpi.esm1.2.hr_ssp370/individual_projections/proj_mpi.esm1.2.hr_ssp370_Achillea.atrata_PA3_RUN1_GLM.tif
[2026-08-02 03:59:03] 	> Projecting Achillea.atrata_PA3_RUN2_GBM ...
[2026-08-02 03:59:04] 		Writing projection on hard drive...
[2026-08-02 03:59:04] 		 /work/data/output_disk_sp1_6cpu/Achillea.atrata/proj_mpi.esm1.2.hr_ssp370/individual_projections/proj_mpi.esm1.2.hr_ssp370_Achillea.atrata_PA2_RUN2_GBM.tif
[2026-08-02 03:59:30] 	> Projecting Achillea.atrata_PA2_RUN3_ANN ...
[2026-08-02 03:59:31] 		Writing projection on hard drive...
[2026-08-02 03:59:31] 		 /work/data/output_disk_sp1_6cpu/Achillea.atrata/proj_mpi.esm1.2.hr_ssp370/individual_projections/proj_mpi.esm1.2.hr_ssp370_Achillea.atrata_PA2_RUN3_GBM.tif
[2026-08-02 03:59:46] 	> Projecting Achillea.atrata_PA2_RUN4_ANN ...
[2026-08-02 03:59:47] 		Writing projection on hard drive...
[2026-08-02 03:59:47] 		 /work/data/output_disk_sp1_6cpu/Achillea.atrata/proj_mpi.esm1.2.hr_ssp370/individual_projections/proj_mpi.esm1.2.hr_ssp370_Achillea.atrata_PA2_RUN4_GBM.tif
[2026-08-02 04:00:03] 	> Projecting Achillea.atrata_PA2_RUN5_ANN ...
[2026-08-02 04:00:04] 		Writing projection on hard drive...
[2026-08-02 04:00:04] 		 /work/data/output_disk_sp1_6cpu/Achillea.atrata/proj_mpi.esm1.2.hr_ssp370/individual_projections/proj_mpi.esm1.2.hr_ssp370_Achillea.atrata_PA2_RUN3_ANN.tif
[2026-08-02 04:00:27] 	> Projecting Achillea.atrata_PA2_RUN4_FDA ...
[2026-08-02 04:00:28] 		Writing projection on hard drive...
[2026-08-02 04:00:28] 		 /work/data/output_disk_sp1_6cpu/Achillea.atrata/proj_mpi.esm1.2.hr_ssp370/individual_projections/proj_mpi.esm1.2.hr_ssp370_Achillea.atrata_PA2_RUN5_GBM.tif
[2026-08-02 04:00:39] 	> Projecting Achillea.atrata_PA3_RUN1_ANN ...
[2026-08-02 04:00:40] 		Writing projection on hard drive...
[2026-08-02 04:00:40] 		 /work/data/output_disk_sp1_6cpu/Achillea.atrata/proj_mpi.esm1.2.hr_ssp370/individual_projections/proj_mpi.esm1.2.hr_ssp370_Achillea.atrata_PA2_RUN4_ANN.tif
[2026-08-02 04:00:41] 	> Projecting Achillea.atrata_PA2_RUN5_FDA ...
[2026-08-02 04:00:42] 		Writing projection on hard drive...
[2026-08-02 04:00:42] 		 /work/data/output_disk_sp1_6cpu/Achillea.atrata/proj_mpi.esm1.2.hr_ssp370/individual_projections/proj_mpi.esm1.2.hr_ssp370_Achillea.atrata_PA3_RUN1_GBM.tif
[2026-08-02 04:00:43] 	> Projecting Achillea.atrata_PA3_RUN2_ANN ...
[2026-08-02 04:00:44] 		Writing projection on hard drive...
[2026-08-02 04:00:44] 		 /work/data/output_disk_sp1_6cpu/Achillea.atrata/proj_mpi.esm1.2.hr_ssp370/individual_projections/proj_mpi.esm1.2.hr_ssp370_Achillea.atrata_PA2_RUN5_ANN.tif
[2026-08-02 04:00:59] 	> Projecting Achillea.atrata_PA3_RUN1_FDA ...
[2026-08-02 04:01:00] 		Writing projection on hard drive...
[2026-08-02 04:01:00] 		 /work/data/output_disk_sp1_6cpu/Achillea.atrata/proj_mpi.esm1.2.hr_ssp370/individual_projections/proj_mpi.esm1.2.hr_ssp370_Achillea.atrata_PA2_RUN4_FDA.tif
[2026-08-02 04:01:21] 	> Projecting Achillea.atrata_PA2_RUN5_MAXNET ...
[2026-08-02 04:01:21] 		Writing projection on hard drive...
[2026-08-02 04:01:21] 		 /work/data/output_disk_sp1_6cpu/Achillea.atrata/proj_mpi.esm1.2.hr_ssp370/individual_projections/proj_mpi.esm1.2.hr_ssp370_Achillea.atrata_PA3_RUN2_GBM.tif
[2026-08-02 04:01:29] 	> Projecting Achillea.atrata_PA3_RUN3_ANN ...
[2026-08-02 04:01:30] 		Writing projection on hard drive...
[2026-08-02 04:01:30] 		 /work/data/output_disk_sp1_6cpu/Achillea.atrata/proj_mpi.esm1.2.hr_ssp370/individual_projections/proj_mpi.esm1.2.hr_ssp370_Achillea.atrata_PA2_RUN5_FDA.tif
[2026-08-02 04:01:31] 	> Projecting Achillea.atrata_PA3_RUN1_MAXNET ...
[2026-08-02 04:01:32] 		Writing projection on hard drive...
[2026-08-02 04:01:32] 		 /work/data/output_disk_sp1_6cpu/Achillea.atrata/proj_mpi.esm1.2.hr_ssp370/individual_projections/proj_mpi.esm1.2.hr_ssp370_Achillea.atrata_PA3_RUN1_ANN.tif
[2026-08-02 04:01:36] 	> Projecting Achillea.atrata_PA3_RUN2_FDA ...
[2026-08-02 04:01:37] 		Writing projection on hard drive...
[2026-08-02 04:01:37] 		 /work/data/output_disk_sp1_6cpu/Achillea.atrata/proj_mpi.esm1.2.hr_ssp370/individual_projections/proj_mpi.esm1.2.hr_ssp370_Achillea.atrata_PA3_RUN1_FDA.tif
[2026-08-02 04:01:43] 	> Projecting Achillea.atrata_PA3_RUN2_MAXNET ...
[2026-08-02 04:01:44] 		Writing projection on hard drive...
[2026-08-02 04:01:44] 		 /work/data/output_disk_sp1_6cpu/Achillea.atrata/proj_mpi.esm1.2.hr_ssp370/individual_projections/proj_mpi.esm1.2.hr_ssp370_Achillea.atrata_PA3_RUN2_ANN.tif
[2026-08-02 04:01:45] 	> Projecting Achillea.atrata_PA3_RUN3_FDA ...
[2026-08-02 04:01:46] 		Writing projection on hard drive...
[2026-08-02 04:01:46] 		 /work/data/output_disk_sp1_6cpu/Achillea.atrata/proj_mpi.esm1.2.hr_ssp370/individual_projections/proj_mpi.esm1.2.hr_ssp370_Achillea.atrata_PA2_RUN5_MAXNET.tif
[2026-08-02 04:02:17] 	> Projecting Achillea.atrata_PA3_RUN2_GLM ...
[2026-08-02 04:02:18] 		Writing projection on hard drive...
[2026-08-02 04:02:18] 		 /work/data/output_disk_sp1_6cpu/Achillea.atrata/proj_mpi.esm1.2.hr_ssp370/individual_projections/proj_mpi.esm1.2.hr_ssp370_Achillea.atrata_PA3_RUN3_ANN.tif
[2026-08-02 04:02:19] 	> Projecting Achillea.atrata_PA3_RUN4_FDA ...
[2026-08-02 04:02:20] 		Writing projection on hard drive...
[2026-08-02 04:02:20] 		 /work/data/output_disk_sp1_6cpu/Achillea.atrata/proj_mpi.esm1.2.hr_ssp370/individual_projections/proj_mpi.esm1.2.hr_ssp370_Achillea.atrata_PA3_RUN2_MAXNET.tif
[2026-08-02 04:02:20] 	> Projecting Achillea.atrata_PA3_RUN4_GLM ...
[2026-08-02 04:02:21] 		Writing projection on hard drive...
[2026-08-02 04:02:21] 		 /work/data/output_disk_sp1_6cpu/Achillea.atrata/proj_mpi.esm1.2.hr_ssp370/individual_projections/proj_mpi.esm1.2.hr_ssp370_Achillea.atrata_PA3_RUN1_MAXNET.tif
[2026-08-02 04:02:25] 	> Projecting Achillea.atrata_PA3_RUN3_GLM ...
[2026-08-02 04:02:26] 		Writing projection on hard drive...
[2026-08-02 04:02:26] 		 /work/data/output_disk_sp1_6cpu/Achillea.atrata/proj_mpi.esm1.2.hr_ssp370/individual_projections/proj_mpi.esm1.2.hr_ssp370_Achillea.atrata_PA3_RUN2_FDA.tif
[2026-08-02 04:02:29] 	> Projecting Achillea.atrata_PA3_RUN3_MAXNET ...
[2026-08-02 04:02:29] 		Writing projection on hard drive...
[2026-08-02 04:02:29] 		 /work/data/output_disk_sp1_6cpu/Achillea.atrata/proj_mpi.esm1.2.hr_ssp370/individual_projections/proj_mpi.esm1.2.hr_ssp370_Achillea.atrata_PA3_RUN2_GLM.tif
[2026-08-02 04:02:32] 	> Projecting Achillea.atrata_PA3_RUN3_GBM ...
[2026-08-02 04:02:33] 		Writing projection on hard drive...
[2026-08-02 04:02:33] 		 /work/data/output_disk_sp1_6cpu/Achillea.atrata/proj_mpi.esm1.2.hr_ssp370/individual_projections/proj_mpi.esm1.2.hr_ssp370_Achillea.atrata_PA3_RUN3_FDA.tif
[2026-08-02 04:02:54] 	> Projecting Achillea.atrata_PA3_RUN4_MAXNET ...
[2026-08-02 04:02:55] 		Writing projection on hard drive...
[2026-08-02 04:02:55] 		 /work/data/output_disk_sp1_6cpu/Achillea.atrata/proj_mpi.esm1.2.hr_ssp370/individual_projections/proj_mpi.esm1.2.hr_ssp370_Achillea.atrata_PA3_RUN4_GLM.tif
[2026-08-02 04:02:57] 	> Projecting Achillea.atrata_PA3_RUN5_GBM ...
[2026-08-02 04:02:58] 		Writing projection on hard drive...
[2026-08-02 04:02:58] 		 /work/data/output_disk_sp1_6cpu/Achillea.atrata/proj_mpi.esm1.2.hr_ssp370/individual_projections/proj_mpi.esm1.2.hr_ssp370_Achillea.atrata_PA3_RUN3_GLM.tif
[2026-08-02 04:03:09] 	> Projecting Achillea.atrata_PA3_RUN4_GBM ...
[2026-08-02 04:03:09] 		Writing projection on hard drive...
[2026-08-02 04:03:09] 		 /work/data/output_disk_sp1_6cpu/Achillea.atrata/proj_mpi.esm1.2.hr_ssp370/individual_projections/proj_mpi.esm1.2.hr_ssp370_Achillea.atrata_PA3_RUN4_FDA.tif
[2026-08-02 04:03:16] 	> Projecting Achillea.atrata_PA3_RUN5_MAXNET ...
[2026-08-02 04:03:17] 		Writing projection on hard drive...
[2026-08-02 04:03:17] 		 /work/data/output_disk_sp1_6cpu/Achillea.atrata/proj_mpi.esm1.2.hr_ssp370/individual_projections/proj_mpi.esm1.2.hr_ssp370_Achillea.atrata_PA3_RUN3_MAXNET.tif
[2026-08-02 04:03:19] 	> Projecting Achillea.atrata_PA3_RUN5_GLM ...
[2026-08-02 04:03:20] 		Writing projection on hard drive...
[2026-08-02 04:03:20] 		 /work/data/output_disk_sp1_6cpu/Achillea.atrata/proj_mpi.esm1.2.hr_ssp370/individual_projections/proj_mpi.esm1.2.hr_ssp370_Achillea.atrata_PA3_RUN4_MAXNET.tif
[2026-08-02 04:03:51] 	> Projecting Achillea.atrata_PA4_RUN1_GLM ...
[2026-08-02 04:03:52] 		Writing projection on hard drive...
[2026-08-02 04:03:52] 		 /work/data/output_disk_sp1_6cpu/Achillea.atrata/proj_mpi.esm1.2.hr_ssp370/individual_projections/proj_mpi.esm1.2.hr_ssp370_Achillea.atrata_PA4_RUN1_GLM.tif
[2026-08-02 04:03:53] 	> Projecting Achillea.atrata_PA4_RUN2_GBM ...
[2026-08-02 04:03:53] 		Writing projection on hard drive...
[2026-08-02 04:03:54] 		Writing projection on hard drive...
[2026-08-02 04:03:54] 		 /work/data/output_disk_sp1_6cpu/Achillea.atrata/proj_mpi.esm1.2.hr_ssp370/individual_projections/proj_mpi.esm1.2.hr_ssp370_Achillea.atrata_PA3_RUN5_MAXNET.tif
[2026-08-02 04:03:54] 	> Projecting Achillea.atrata_PA4_RUN2_GLM ...
[2026-08-02 04:03:54] 		 /work/data/output_disk_sp1_6cpu/Achillea.atrata/proj_mpi.esm1.2.hr_ssp370/individual_projections/proj_mpi.esm1.2.hr_ssp370_Achillea.atrata_PA3_RUN5_GLM.tif
[2026-08-02 04:04:30] 	> Projecting Achillea.atrata_PA4_RUN1_GBM ...
[2026-08-02 04:04:31] 		Writing projection on hard drive...
[2026-08-02 04:04:31] 		 /work/data/output_disk_sp1_6cpu/Achillea.atrata/proj_mpi.esm1.2.hr_ssp370/individual_projections/proj_mpi.esm1.2.hr_ssp370_Achillea.atrata_PA4_RUN2_GLM.tif
[2026-08-02 04:16:31] 	> Projecting Achillea.atrata_PA4_RUN3_GBM ...
[2026-08-02 04:16:32] 		Writing projection on hard drive...
[2026-08-02 04:16:32] 		 /work/data/output_disk_sp1_6cpu/Achillea.atrata/proj_mpi.esm1.2.hr_ssp370/individual_projections/proj_mpi.esm1.2.hr_ssp370_Achillea.atrata_PA3_RUN5_GBM.tif
[2026-08-02 04:16:39] 	> Projecting Achillea.atrata_PA4_RUN1_ANN ...
[2026-08-02 04:16:40] 		Writing projection on hard drive...
[2026-08-02 04:16:40] 		 /work/data/output_disk_sp1_6cpu/Achillea.atrata/proj_mpi.esm1.2.hr_ssp370/individual_projections/proj_mpi.esm1.2.hr_ssp370_Achillea.atrata_PA3_RUN3_GBM.tif
[2026-08-02 04:16:46] 	> Projecting Achillea.atrata_PA3_RUN4_ANN ...
[2026-08-02 04:16:47] 		Writing projection on hard drive...
[2026-08-02 04:16:47] 		 /work/data/output_disk_sp1_6cpu/Achillea.atrata/proj_mpi.esm1.2.hr_ssp370/individual_projections/proj_mpi.esm1.2.hr_ssp370_Achillea.atrata_PA3_RUN4_GBM.tif
[2026-08-02 04:17:31] 	> Projecting Achillea.atrata_PA3_RUN5_ANN ...
[2026-08-02 04:17:32] 		Writing projection on hard drive...
[2026-08-02 04:17:32] 		 /work/data/output_disk_sp1_6cpu/Achillea.atrata/proj_mpi.esm1.2.hr_ssp370/individual_projections/proj_mpi.esm1.2.hr_ssp370_Achillea.atrata_PA4_RUN1_ANN.tif
[2026-08-02 04:17:38] 	> Projecting Achillea.atrata_PA4_RUN2_FDA ...
[2026-08-02 04:17:39] 		Writing projection on hard drive...
[2026-08-02 04:17:39] 		 /work/data/output_disk_sp1_6cpu/Achillea.atrata/proj_mpi.esm1.2.hr_ssp370/individual_projections/proj_mpi.esm1.2.hr_ssp370_Achillea.atrata_PA3_RUN4_ANN.tif
[2026-08-02 04:17:47] 	> Projecting Achillea.atrata_PA3_RUN5_FDA ...
[2026-08-02 04:17:48] 		Writing projection on hard drive...
[2026-08-02 04:17:48] 		 /work/data/output_disk_sp1_6cpu/Achillea.atrata/proj_mpi.esm1.2.hr_ssp370/individual_projections/proj_mpi.esm1.2.hr_ssp370_Achillea.atrata_PA3_RUN5_ANN.tif
[2026-08-02 04:17:57] 	> Projecting Achillea.atrata_PA4_RUN1_FDA ...
[2026-08-02 04:17:58] 		Writing projection on hard drive...
[2026-08-02 04:17:58] 		 /work/data/output_disk_sp1_6cpu/Achillea.atrata/proj_mpi.esm1.2.hr_ssp370/individual_projections/proj_mpi.esm1.2.hr_ssp370_Achillea.atrata_PA4_RUN1_GBM.tif
[2026-08-02 04:17:59] 	> Projecting Achillea.atrata_PA4_RUN2_ANN ...
[2026-08-02 04:18:00] 		Writing projection on hard drive...
[2026-08-02 04:18:00] 		 /work/data/output_disk_sp1_6cpu/Achillea.atrata/proj_mpi.esm1.2.hr_ssp370/individual_projections/proj_mpi.esm1.2.hr_ssp370_Achillea.atrata_PA4_RUN2_GBM.tif
[2026-08-02 04:18:12] 	> Projecting Achillea.atrata_PA4_RUN3_ANN ...
[2026-08-02 04:18:13] 		Writing projection on hard drive...
[2026-08-02 04:18:13] 		 /work/data/output_disk_sp1_6cpu/Achillea.atrata/proj_mpi.esm1.2.hr_ssp370/individual_projections/proj_mpi.esm1.2.hr_ssp370_Achillea.atrata_PA4_RUN3_GBM.tif
[2026-08-02 04:18:17] 	> Projecting Achillea.atrata_PA4_RUN4_ANN ...
[2026-08-02 04:18:18] 		Writing projection on hard drive...
[2026-08-02 04:18:18] 		 /work/data/output_disk_sp1_6cpu/Achillea.atrata/proj_mpi.esm1.2.hr_ssp370/individual_projections/proj_mpi.esm1.2.hr_ssp370_Achillea.atrata_PA4_RUN2_FDA.tif
[2026-08-02 04:18:31] 	> Projecting Achillea.atrata_PA4_RUN3_MAXNET ...
[2026-08-02 04:18:32] 		Writing projection on hard drive...
[2026-08-02 04:18:32] 		 /work/data/output_disk_sp1_6cpu/Achillea.atrata/proj_mpi.esm1.2.hr_ssp370/individual_projections/proj_mpi.esm1.2.hr_ssp370_Achillea.atrata_PA3_RUN5_FDA.tif
[2026-08-02 04:18:40] 	> Projecting Achillea.atrata_PA4_RUN1_MAXNET ...
[2026-08-02 04:18:41] 		Writing projection on hard drive...
[2026-08-02 04:18:41] 		 /work/data/output_disk_sp1_6cpu/Achillea.atrata/proj_mpi.esm1.2.hr_ssp370/individual_projections/proj_mpi.esm1.2.hr_ssp370_Achillea.atrata_PA4_RUN1_FDA.tif
[2026-08-02 04:18:53] 	> Projecting Achillea.atrata_PA4_RUN2_MAXNET ...
[2026-08-02 04:18:54] 		Writing projection on hard drive...
[2026-08-02 04:18:54] 		 /work/data/output_disk_sp1_6cpu/Achillea.atrata/proj_mpi.esm1.2.hr_ssp370/individual_projections/proj_mpi.esm1.2.hr_ssp370_Achillea.atrata_PA4_RUN2_ANN.tif
[2026-08-02 04:19:02] 	> Projecting Achillea.atrata_PA4_RUN3_FDA ...
[2026-08-02 04:19:03] 		Writing projection on hard drive...
[2026-08-02 04:19:03] 		Writing projection on hard drive...
[2026-08-02 04:19:03] 		 /work/data/output_disk_sp1_6cpu/Achillea.atrata/proj_mpi.esm1.2.hr_ssp370/individual_projections/proj_mpi.esm1.2.hr_ssp370_Achillea.atrata_PA4_RUN3_MAXNET.tif
[2026-08-02 04:19:03] 	> Projecting Achillea.atrata_PA4_RUN5_GLM ...
[2026-08-02 04:19:03] 		 /work/data/output_disk_sp1_6cpu/Achillea.atrata/proj_mpi.esm1.2.hr_ssp370/individual_projections/proj_mpi.esm1.2.hr_ssp370_Achillea.atrata_PA4_RUN3_ANN.tif
[2026-08-02 04:19:11] 	> Projecting Achillea.atrata_PA4_RUN4_FDA ...
[2026-08-02 04:19:12] 		Writing projection on hard drive...
[2026-08-02 04:19:12] 		 /work/data/output_disk_sp1_6cpu/Achillea.atrata/proj_mpi.esm1.2.hr_ssp370/individual_projections/proj_mpi.esm1.2.hr_ssp370_Achillea.atrata_PA4_RUN4_ANN.tif
[2026-08-02 04:19:16] 	> Projecting Achillea.atrata_PA4_RUN5_FDA ...
[2026-08-02 04:19:17] 		Writing projection on hard drive...
[2026-08-02 04:19:17] 		 /work/data/output_disk_sp1_6cpu/Achillea.atrata/proj_mpi.esm1.2.hr_ssp370/individual_projections/proj_mpi.esm1.2.hr_ssp370_Achillea.atrata_PA4_RUN1_MAXNET.tif
[2026-08-02 04:19:31] 	> Projecting Achillea.atrata_PA4_RUN3_GLM ...
[2026-08-02 04:19:32] 		Writing projection on hard drive...
[2026-08-02 04:19:32] 		 /work/data/output_disk_sp1_6cpu/Achillea.atrata/proj_mpi.esm1.2.hr_ssp370/individual_projections/proj_mpi.esm1.2.hr_ssp370_Achillea.atrata_PA4_RUN2_MAXNET.tif
[2026-08-02 04:19:43] 	> Projecting Achillea.atrata_PA4_RUN4_GLM ...
[2026-08-02 04:19:43] 		Writing projection on hard drive...
[2026-08-02 04:19:43] 		 /work/data/output_disk_sp1_6cpu/Achillea.atrata/proj_mpi.esm1.2.hr_ssp370/individual_projections/proj_mpi.esm1.2.hr_ssp370_Achillea.atrata_PA4_RUN5_GLM.tif
[2026-08-02 04:19:48] 	> Projecting Achillea.atrata_PA5_RUN1_GBM ...
[2026-08-02 04:19:48] 		Writing projection on hard drive...
[2026-08-02 04:19:48] 		 /work/data/output_disk_sp1_6cpu/Achillea.atrata/proj_mpi.esm1.2.hr_ssp370/individual_projections/proj_mpi.esm1.2.hr_ssp370_Achillea.atrata_PA4_RUN3_FDA.tif
[2026-08-02 04:19:56] 	> Projecting Achillea.atrata_PA4_RUN4_MAXNET ...
[2026-08-02 04:19:56] 		Writing projection on hard drive...
[2026-08-02 04:19:56] 		 /work/data/output_disk_sp1_6cpu/Achillea.atrata/proj_mpi.esm1.2.hr_ssp370/individual_projections/proj_mpi.esm1.2.hr_ssp370_Achillea.atrata_PA4_RUN3_GLM.tif
[2026-08-02 04:19:59] 	> Projecting Achillea.atrata_PA4_RUN4_GBM ...
[2026-08-02 04:20:00] 		Writing projection on hard drive...
[2026-08-02 04:20:00] 		 /work/data/output_disk_sp1_6cpu/Achillea.atrata/proj_mpi.esm1.2.hr_ssp370/individual_projections/proj_mpi.esm1.2.hr_ssp370_Achillea.atrata_PA4_RUN5_FDA.tif
[2026-08-02 04:20:01] 	> Projecting Achillea.atrata_PA5_RUN1_MAXNET ...
[2026-08-02 04:20:01] 		Writing projection on hard drive...
[2026-08-02 04:20:01] 		 /work/data/output_disk_sp1_6cpu/Achillea.atrata/proj_mpi.esm1.2.hr_ssp370/individual_projections/proj_mpi.esm1.2.hr_ssp370_Achillea.atrata_PA4_RUN4_FDA.tif
[2026-08-02 04:20:08] 	> Projecting Achillea.atrata_PA4_RUN5_MAXNET ...
[2026-08-02 04:20:09] 		Writing projection on hard drive...
[2026-08-02 04:20:09] 		 /work/data/output_disk_sp1_6cpu/Achillea.atrata/proj_mpi.esm1.2.hr_ssp370/individual_projections/proj_mpi.esm1.2.hr_ssp370_Achillea.atrata_PA4_RUN4_GLM.tif
[2026-08-02 04:20:33] 	> Projecting Achillea.atrata_PA4_RUN5_GBM ...
[2026-08-02 04:20:34] 		Writing projection on hard drive...
[2026-08-02 04:20:34] 		 /work/data/output_disk_sp1_6cpu/Achillea.atrata/proj_mpi.esm1.2.hr_ssp370/individual_projections/proj_mpi.esm1.2.hr_ssp370_Achillea.atrata_PA4_RUN4_MAXNET.tif
[2026-08-02 04:20:45] 	> Projecting Achillea.atrata_PA5_RUN1_GLM ...
[2026-08-02 04:20:46] 		Writing projection on hard drive...
[2026-08-02 04:20:46] 		 /work/data/output_disk_sp1_6cpu/Achillea.atrata/proj_mpi.esm1.2.hr_ssp370/individual_projections/proj_mpi.esm1.2.hr_ssp370_Achillea.atrata_PA5_RUN1_MAXNET.tif
[2026-08-02 04:20:46] 	> Projecting Achillea.atrata_PA5_RUN3_GLM ...
[2026-08-02 04:20:47] 		Writing projection on hard drive...
[2026-08-02 04:20:47] 		 /work/data/output_disk_sp1_6cpu/Achillea.atrata/proj_mpi.esm1.2.hr_ssp370/individual_projections/proj_mpi.esm1.2.hr_ssp370_Achillea.atrata_PA4_RUN5_MAXNET.tif
[2026-08-02 04:21:10] 	> Projecting Achillea.atrata_PA5_RUN2_GLM ...
[2026-08-02 04:21:11] 		Writing projection on hard drive...
[2026-08-02 04:21:11] 		 /work/data/output_disk_sp1_6cpu/Achillea.atrata/proj_mpi.esm1.2.hr_ssp370/individual_projections/proj_mpi.esm1.2.hr_ssp370_Achillea.atrata_PA5_RUN1_GLM.tif
[2026-08-02 04:21:23] 	> Projecting Achillea.atrata_PA5_RUN2_GBM ...
[2026-08-02 04:21:24] 		Writing projection on hard drive...
[2026-08-02 04:21:24] 		 /work/data/output_disk_sp1_6cpu/Achillea.atrata/proj_mpi.esm1.2.hr_ssp370/individual_projections/proj_mpi.esm1.2.hr_ssp370_Achillea.atrata_PA5_RUN3_GLM.tif
[2026-08-02 04:21:26] 	> Projecting Achillea.atrata_PA5_RUN4_GBM ...
[2026-08-02 04:21:27] 		Writing projection on hard drive...
[2026-08-02 04:21:27] 		 /work/data/output_disk_sp1_6cpu/Achillea.atrata/proj_mpi.esm1.2.hr_ssp370/individual_projections/proj_mpi.esm1.2.hr_ssp370_Achillea.atrata_PA5_RUN2_GLM.tif
[2026-08-02 04:33:42] 	> Projecting Achillea.atrata_PA5_RUN3_GBM ...
[2026-08-02 04:33:43] 		Writing projection on hard drive...
[2026-08-02 04:33:43] 		 /work/data/output_disk_sp1_6cpu/Achillea.atrata/proj_mpi.esm1.2.hr_ssp370/individual_projections/proj_mpi.esm1.2.hr_ssp370_Achillea.atrata_PA5_RUN1_GBM.tif
[2026-08-02 04:34:00] 	> Projecting Achillea.atrata_PA5_RUN2_ANN ...
[2026-08-02 04:34:00] 		Writing projection on hard drive...
[2026-08-02 04:34:00] 		 /work/data/output_disk_sp1_6cpu/Achillea.atrata/proj_mpi.esm1.2.hr_ssp370/individual_projections/proj_mpi.esm1.2.hr_ssp370_Achillea.atrata_PA4_RUN4_GBM.tif
[2026-08-02 04:34:11] 	> Projecting Achillea.atrata_PA4_RUN5_ANN ...
[2026-08-02 04:34:11] 		Writing projection on hard drive...
[2026-08-02 04:34:11] 		 /work/data/output_disk_sp1_6cpu/Achillea.atrata/proj_mpi.esm1.2.hr_ssp370/individual_projections/proj_mpi.esm1.2.hr_ssp370_Achillea.atrata_PA4_RUN5_GBM.tif
[2026-08-02 04:34:37] 	> Projecting Achillea.atrata_PA5_RUN1_ANN ...
[2026-08-02 04:34:38] 		Writing projection on hard drive...
[2026-08-02 04:34:38] 		 /work/data/output_disk_sp1_6cpu/Achillea.atrata/proj_mpi.esm1.2.hr_ssp370/individual_projections/proj_mpi.esm1.2.hr_ssp370_Achillea.atrata_PA5_RUN2_ANN.tif
[2026-08-02 04:34:56] 	> Projecting Achillea.atrata_PA5_RUN3_FDA ...
[2026-08-02 04:34:57] 		Writing projection on hard drive...
[2026-08-02 04:34:57] 		 /work/data/output_disk_sp1_6cpu/Achillea.atrata/proj_mpi.esm1.2.hr_ssp370/individual_projections/proj_mpi.esm1.2.hr_ssp370_Achillea.atrata_PA5_RUN2_GBM.tif
[2026-08-02 04:35:00] 	> Projecting Achillea.atrata_PA5_RUN3_ANN ...
[2026-08-02 04:35:01] 		Writing projection on hard drive...
[2026-08-02 04:35:01] 		 /work/data/output_disk_sp1_6cpu/Achillea.atrata/proj_mpi.esm1.2.hr_ssp370/individual_projections/proj_mpi.esm1.2.hr_ssp370_Achillea.atrata_PA4_RUN5_ANN.tif
[2026-08-02 04:35:08] 	> Projecting Achillea.atrata_PA5_RUN1_FDA ...
[2026-08-02 04:35:08] 		Writing projection on hard drive...
[2026-08-02 04:35:08] 		 /work/data/output_disk_sp1_6cpu/Achillea.atrata/proj_mpi.esm1.2.hr_ssp370/individual_projections/proj_mpi.esm1.2.hr_ssp370_Achillea.atrata_PA5_RUN1_ANN.tif
[2026-08-02 04:35:14] 	> Projecting Achillea.atrata_PA5_RUN2_FDA ...
[2026-08-02 04:35:15] 		Writing projection on hard drive...
[2026-08-02 04:35:15] 		 /work/data/output_disk_sp1_6cpu/Achillea.atrata/proj_mpi.esm1.2.hr_ssp370/individual_projections/proj_mpi.esm1.2.hr_ssp370_Achillea.atrata_PA5_RUN3_GBM.tif
[2026-08-02 04:35:17] 	> Projecting Achillea.atrata_PA5_RUN4_ANN ...
[2026-08-02 04:35:17] 		Writing projection on hard drive...
[2026-08-02 04:35:17] 		 /work/data/output_disk_sp1_6cpu/Achillea.atrata/proj_mpi.esm1.2.hr_ssp370/individual_projections/proj_mpi.esm1.2.hr_ssp370_Achillea.atrata_PA5_RUN4_GBM.tif
[2026-08-02 04:35:24] 	> Projecting Achillea.atrata_PA5_RUN5_ANN ...
[2026-08-02 04:35:25] 		Writing projection on hard drive...
[2026-08-02 04:35:25] 		 /work/data/output_disk_sp1_6cpu/Achillea.atrata/proj_mpi.esm1.2.hr_ssp370/individual_projections/proj_mpi.esm1.2.hr_ssp370_Achillea.atrata_PA5_RUN3_FDA.tif
[2026-08-02 04:35:52] 	> Projecting Achillea.atrata_PA5_RUN4_MAXNET ...
[2026-08-02 04:35:53] 		Writing projection on hard drive...
[2026-08-02 04:35:53] 		 /work/data/output_disk_sp1_6cpu/Achillea.atrata/proj_mpi.esm1.2.hr_ssp370/individual_projections/proj_mpi.esm1.2.hr_ssp370_Achillea.atrata_PA5_RUN2_FDA.tif
[2026-08-02 04:35:55] 	> Projecting Achillea.atrata_PA5_RUN3_MAXNET ...
[2026-08-02 04:35:55] 		Writing projection on hard drive...
[2026-08-02 04:35:55] 		 /work/data/output_disk_sp1_6cpu/Achillea.atrata/proj_mpi.esm1.2.hr_ssp370/individual_projections/proj_mpi.esm1.2.hr_ssp370_Achillea.atrata_PA5_RUN1_FDA.tif
[2026-08-02 04:35:59] 	> Projecting Achillea.atrata_PA5_RUN2_MAXNET ...
[2026-08-02 04:36:00] 		Writing projection on hard drive...
[2026-08-02 04:36:00] 		 /work/data/output_disk_sp1_6cpu/Achillea.atrata/proj_mpi.esm1.2.hr_ssp370/individual_projections/proj_mpi.esm1.2.hr_ssp370_Achillea.atrata_PA5_RUN3_ANN.tif
[2026-08-02 04:36:05] 	> Projecting Achillea.atrata_PA5_RUN4_FDA ...
[2026-08-02 04:36:06] 		Writing projection on hard drive...
[2026-08-02 04:36:12] 		 /work/data/output_disk_sp1_6cpu/Achillea.atrata/proj_mpi.esm1.2.hr_ssp370/individual_projections/proj_mpi.esm1.2.hr_ssp370_Achillea.atrata_PA5_RUN4_MAXNET.tif
[2026-08-02 04:36:13] 		Writing projection on hard drive...
[2026-08-02 04:36:13] 		Writing projection on hard drive...
[2026-08-02 04:36:14] 		 /work/data/output_disk_sp1_6cpu/Achillea.atrata/proj_mpi.esm1.2.hr_ssp370/individual_projections/proj_mpi.esm1.2.hr_ssp370_Achillea.atrata_PA5_RUN5_ANN.tif
[2026-08-02 04:36:14] 		 /work/data/output_disk_sp1_6cpu/Achillea.atrata/proj_mpi.esm1.2.hr_ssp370/individual_projections/proj_mpi.esm1.2.hr_ssp370_Achillea.atrata_PA5_RUN4_ANN.tif
[2026-08-02 04:36:36] 	> Projecting Achillea.atrata_PA5_RUN5_FDA ...
[2026-08-02 04:36:37] 		Writing projection on hard drive...
[2026-08-02 04:36:37] 		 /work/data/output_disk_sp1_6cpu/Achillea.atrata/proj_mpi.esm1.2.hr_ssp370/individual_projections/proj_mpi.esm1.2.hr_ssp370_Achillea.atrata_PA5_RUN3_MAXNET.tif
[2026-08-02 04:36:39] 	> Projecting Achillea.atrata_PA5_RUN5_GLM ...
[2026-08-02 04:36:40] 		Writing projection on hard drive...
[2026-08-02 04:36:40] 		 /work/data/output_disk_sp1_6cpu/Achillea.atrata/proj_mpi.esm1.2.hr_ssp370/individual_projections/proj_mpi.esm1.2.hr_ssp370_Achillea.atrata_PA5_RUN2_MAXNET.tif
[2026-08-02 04:36:53] 	> Projecting Achillea.atrata_PA5_RUN4_GLM ...
[2026-08-02 04:36:54] 		Writing projection on hard drive...
[2026-08-02 04:36:54] 		 /work/data/output_disk_sp1_6cpu/Achillea.atrata/proj_mpi.esm1.2.hr_ssp370/individual_projections/proj_mpi.esm1.2.hr_ssp370_Achillea.atrata_PA5_RUN4_FDA.tif
[2026-08-02 04:37:03] 	> Projecting Achillea.atrata_PA5_RUN5_MAXNET ...
[2026-08-02 04:37:04] 		Writing projection on hard drive...
[2026-08-02 04:37:08] 		 /work/data/output_disk_sp1_6cpu/Achillea.atrata/proj_mpi.esm1.2.hr_ssp370/individual_projections/proj_mpi.esm1.2.hr_ssp370_Achillea.atrata_PA5_RUN5_FDA.tif
[2026-08-02 04:37:09] 		Writing projection on hard drive...
[2026-08-02 04:37:16] 		 /work/data/output_disk_sp1_6cpu/Achillea.atrata/proj_mpi.esm1.2.hr_ssp370/individual_projections/proj_mpi.esm1.2.hr_ssp370_Achillea.atrata_PA5_RUN5_GLM.tif
[2026-08-02 04:37:17] 		Writing projection on hard drive...
[2026-08-02 04:37:17] 		 /work/data/output_disk_sp1_6cpu/Achillea.atrata/proj_mpi.esm1.2.hr_ssp370/individual_projections/proj_mpi.esm1.2.hr_ssp370_Achillea.atrata_PA5_RUN4_GLM.tif
[2026-08-02 04:37:36] 	> Projecting Achillea.atrata_PA5_RUN5_GBM ...
[2026-08-02 04:37:37] 		Writing projection on hard drive...
[2026-08-02 04:50:57] 		 /work/data/output_disk_sp1_6cpu/Achillea.atrata/proj_mpi.esm1.2.hr_ssp370/individual_projections/proj_mpi.esm1.2.hr_ssp370_Achillea.atrata_PA5_RUN5_MAXNET.tif
[2026-08-02 04:50:58] 		Writing projection on hard drive...
[2026-08-02 04:50:58] 		 /work/data/output_disk_sp1_6cpu/Achillea.atrata/proj_mpi.esm1.2.hr_ssp370/individual_projections/proj_mpi.esm1.2.hr_ssp370_Achillea.atrata_PA5_RUN5_GBM.tif
[2026-08-02 04:50:58] -=-=-=-=-=-=-=-=-=-=-=-=-=-=-=-=-=-= Done -=-=-=-=-=-=-=-=-=-=-=-=-=-=-=-=-=-=
[2026-08-02 04:50:58] 
[2026-08-02 04:50:58] -=-=-=-=-=-=-=-=-=-=-=-= Do Ensemble Models Projection -=-=-=-=-=-=-=-=-=-=-=-=
[2026-08-02 04:50:58] 
[2026-08-02 04:50:58] Creating suitable Workdir...
[2026-08-02 04:50:59] 
[2026-08-02 04:50:59] 	> Projecting Achillea.atrata_EMmeanByAUCroc_mergedData_mergedRun_mergedAlgo ...
[2026-08-02 05:06:41] 	> Projecting Achillea.atrata_EMcvByAUCroc_mergedData_mergedRun_mergedAlgo ...|---------|---------|---------|---------||---------|---------|---------|---------|=======================================================                                          
[2026-08-02 05:15:50] 		Writing projection on hard drive...===========================                                          
[2026-08-02 05:15:52] 		Writing projection on hard drive...
[2026-08-02 05:15:52] 
[2026-08-02 05:15:52] ! Binary/Filtered transformation automatically desactivated for ensemble models with coefficient of variation or confidence intervals
[2026-08-02 05:15:57] 	> Building TSS binaries / filtered
[2026-08-02 05:16:02] 	> Building AUCroc binaries / filtered
[2026-08-02 05:16:07] 	> Building KAPPA binaries / filtered
[2026-08-02 05:16:07] 
[2026-08-02 05:16:07] -=-=-=-=-=-=-=-=-=-=-=-=-=-=-=-=-=-= Done -=-=-=-=-=-=-=-=-=-=-=-=-=-=-=-=-=-=
[2026-08-02 05:16:08] 
[2026-08-02 05:16:08] 
[2026-08-02 05:16:08] DEBUG: Processing future scenario 6 of 8 : /work/data/input/climate_vars/future/mpi.esm1.2.hr/ssp585 
[2026-08-02 05:16:08] DEBUG: Raster loaded, ncell = 63951097 , hasValues = TRUE 
[2026-08-02 05:16:08] 
[2026-08-02 05:16:08] -=-=-=-=-=-=-=-=-=-=-=-=-= Do Single Models Projection -=-=-=-=-=-=-=-=-=-=-=-=-=
[2026-08-02 05:16:32] 
[2026-08-02 05:16:32] 		! 'overwrite' arg is set as FALSE. Projections that have already been saved will not be redone. 
[2026-08-02 05:16:32]         Please be carfeul if you have changed the models in the meantime. 
[2026-08-02 05:16:32] 	> Building clamping mask
[2026-08-02 05:17:35] 
[2026-08-02 05:17:35] 	> Projecting Achillea.atrata_PA1_RUN1_GLM ...
[2026-08-02 05:17:35] 	> Projecting Achillea.atrata_PA1_RUN1_GBM ...
[2026-08-02 05:17:35] 	> Projecting Achillea.atrata_PA1_RUN1_ANN ...
[2026-08-02 05:17:35] 	> Projecting Achillea.atrata_PA1_RUN1_FDA ...
[2026-08-02 05:17:35] 	> Projecting Achillea.atrata_PA1_RUN1_MAXNET ...
[2026-08-02 05:18:20] 	> Projecting Achillea.atrata_PA1_RUN2_GLM ...
[2026-08-02 05:18:20] 		Writing projection on hard drive...
[2026-08-02 05:18:21] 		Writing projection on hard drive...
[2026-08-02 05:18:21] 		 /work/data/output_disk_sp1_6cpu/Achillea.atrata/proj_mpi.esm1.2.hr_ssp585/individual_projections/proj_mpi.esm1.2.hr_ssp585_Achillea.atrata_PA1_RUN1_GLM.tif
[2026-08-02 05:18:21] 	> Projecting Achillea.atrata_PA1_RUN2_GBM ...
[2026-08-02 05:18:21] 		 /work/data/output_disk_sp1_6cpu/Achillea.atrata/proj_mpi.esm1.2.hr_ssp585/individual_projections/proj_mpi.esm1.2.hr_ssp585_Achillea.atrata_PA1_RUN2_GLM.tif
[2026-08-02 05:18:24] 	> Projecting Achillea.atrata_PA1_RUN3_GBM ...
[2026-08-02 05:18:25] 		Writing projection on hard drive...
[2026-08-02 05:18:25] 		 /work/data/output_disk_sp1_6cpu/Achillea.atrata/proj_mpi.esm1.2.hr_ssp585/individual_projections/proj_mpi.esm1.2.hr_ssp585_Achillea.atrata_PA1_RUN1_MAXNET.tif
[2026-08-02 05:18:41] 	> Projecting Achillea.atrata_PA1_RUN3_GLM ...
[2026-08-02 05:18:41] 		Writing projection on hard drive...
[2026-08-02 05:18:41] 		 /work/data/output_disk_sp1_6cpu/Achillea.atrata/proj_mpi.esm1.2.hr_ssp585/individual_projections/proj_mpi.esm1.2.hr_ssp585_Achillea.atrata_PA1_RUN1_FDA.tif
[2026-08-02 05:18:52] 	> Projecting Achillea.atrata_PA1_RUN2_MAXNET ...
[2026-08-02 05:18:53] 		Writing projection on hard drive...
[2026-08-02 05:18:53] 		 /work/data/output_disk_sp1_6cpu/Achillea.atrata/proj_mpi.esm1.2.hr_ssp585/individual_projections/proj_mpi.esm1.2.hr_ssp585_Achillea.atrata_PA1_RUN1_ANN.tif
[2026-08-02 05:19:06] 	> Projecting Achillea.atrata_PA1_RUN2_FDA ...
[2026-08-02 05:19:07] 		Writing projection on hard drive...
[2026-08-02 05:19:07] 		 /work/data/output_disk_sp1_6cpu/Achillea.atrata/proj_mpi.esm1.2.hr_ssp585/individual_projections/proj_mpi.esm1.2.hr_ssp585_Achillea.atrata_PA1_RUN3_GLM.tif
[2026-08-02 05:19:33] 	> Projecting Achillea.atrata_PA1_RUN4_GBM ...
[2026-08-02 05:19:34] 		Writing projection on hard drive...
[2026-08-02 05:19:34] 		 /work/data/output_disk_sp1_6cpu/Achillea.atrata/proj_mpi.esm1.2.hr_ssp585/individual_projections/proj_mpi.esm1.2.hr_ssp585_Achillea.atrata_PA1_RUN2_MAXNET.tif
[2026-08-02 05:19:47] 	> Projecting Achillea.atrata_PA1_RUN4_GLM ...
[2026-08-02 05:19:48] 		Writing projection on hard drive...
[2026-08-02 05:19:48] 		 /work/data/output_disk_sp1_6cpu/Achillea.atrata/proj_mpi.esm1.2.hr_ssp585/individual_projections/proj_mpi.esm1.2.hr_ssp585_Achillea.atrata_PA1_RUN2_FDA.tif
[2026-08-02 05:20:10] 	> Projecting Achillea.atrata_PA1_RUN3_MAXNET ...
[2026-08-02 05:20:11] 		Writing projection on hard drive...
[2026-08-02 05:20:11] 		 /work/data/output_disk_sp1_6cpu/Achillea.atrata/proj_mpi.esm1.2.hr_ssp585/individual_projections/proj_mpi.esm1.2.hr_ssp585_Achillea.atrata_PA1_RUN4_GLM.tif
[2026-08-02 05:20:35] 	> Projecting Achillea.atrata_PA1_RUN5_GBM ...
[2026-08-02 05:20:35] 		Writing projection on hard drive...
[2026-08-02 05:20:35] 		 /work/data/output_disk_sp1_6cpu/Achillea.atrata/proj_mpi.esm1.2.hr_ssp585/individual_projections/proj_mpi.esm1.2.hr_ssp585_Achillea.atrata_PA1_RUN3_MAXNET.tif
[2026-08-02 05:21:11] 	> Projecting Achillea.atrata_PA1_RUN5_GLM ...
[2026-08-02 05:21:12] 		Writing projection on hard drive...
[2026-08-02 05:21:12] 		 /work/data/output_disk_sp1_6cpu/Achillea.atrata/proj_mpi.esm1.2.hr_ssp585/individual_projections/proj_mpi.esm1.2.hr_ssp585_Achillea.atrata_PA1_RUN5_GLM.tif
[2026-08-02 05:31:41] 	> Projecting Achillea.atrata_PA2_RUN1_GBM ...
[2026-08-02 05:31:42] 		Writing projection on hard drive...
[2026-08-02 05:31:42] 		 /work/data/output_disk_sp1_6cpu/Achillea.atrata/proj_mpi.esm1.2.hr_ssp585/individual_projections/proj_mpi.esm1.2.hr_ssp585_Achillea.atrata_PA1_RUN1_GBM.tif
[2026-08-02 05:32:28] 	> Projecting Achillea.atrata_PA1_RUN2_ANN ...
[2026-08-02 05:32:29] 		Writing projection on hard drive...
[2026-08-02 05:32:29] 		 /work/data/output_disk_sp1_6cpu/Achillea.atrata/proj_mpi.esm1.2.hr_ssp585/individual_projections/proj_mpi.esm1.2.hr_ssp585_Achillea.atrata_PA1_RUN2_GBM.tif
[2026-08-02 05:32:40] 	> Projecting Achillea.atrata_PA1_RUN3_ANN ...
[2026-08-02 05:32:41] 		Writing projection on hard drive...
[2026-08-02 05:32:41] 		 /work/data/output_disk_sp1_6cpu/Achillea.atrata/proj_mpi.esm1.2.hr_ssp585/individual_projections/proj_mpi.esm1.2.hr_ssp585_Achillea.atrata_PA1_RUN3_GBM.tif
[2026-08-02 05:32:53] 	> Projecting Achillea.atrata_PA1_RUN4_ANN ...
[2026-08-02 05:32:54] 		Writing projection on hard drive...
[2026-08-02 05:32:54] 		 /work/data/output_disk_sp1_6cpu/Achillea.atrata/proj_mpi.esm1.2.hr_ssp585/individual_projections/proj_mpi.esm1.2.hr_ssp585_Achillea.atrata_PA1_RUN2_ANN.tif
[2026-08-02 05:33:19] 	> Projecting Achillea.atrata_PA1_RUN3_FDA ...
[2026-08-02 05:33:20] 		Writing projection on hard drive...
[2026-08-02 05:33:20] 		 /work/data/output_disk_sp1_6cpu/Achillea.atrata/proj_mpi.esm1.2.hr_ssp585/individual_projections/proj_mpi.esm1.2.hr_ssp585_Achillea.atrata_PA1_RUN4_GBM.tif
[2026-08-02 05:33:35] 	> Projecting Achillea.atrata_PA1_RUN5_ANN ...
[2026-08-02 05:33:36] 		Writing projection on hard drive...
[2026-08-02 05:33:36] 		 /work/data/output_disk_sp1_6cpu/Achillea.atrata/proj_mpi.esm1.2.hr_ssp585/individual_projections/proj_mpi.esm1.2.hr_ssp585_Achillea.atrata_PA1_RUN3_ANN.tif
[2026-08-02 05:33:48] 	> Projecting Achillea.atrata_PA1_RUN4_FDA ...
[2026-08-02 05:33:49] 		Writing projection on hard drive...
[2026-08-02 05:33:49] 		 /work/data/output_disk_sp1_6cpu/Achillea.atrata/proj_mpi.esm1.2.hr_ssp585/individual_projections/proj_mpi.esm1.2.hr_ssp585_Achillea.atrata_PA1_RUN4_ANN.tif
[2026-08-02 05:33:52] 	> Projecting Achillea.atrata_PA1_RUN5_FDA ...
[2026-08-02 05:33:53] 		Writing projection on hard drive...
[2026-08-02 05:33:53] 		 /work/data/output_disk_sp1_6cpu/Achillea.atrata/proj_mpi.esm1.2.hr_ssp585/individual_projections/proj_mpi.esm1.2.hr_ssp585_Achillea.atrata_PA1_RUN3_FDA.tif
[2026-08-02 05:34:20] 	> Projecting Achillea.atrata_PA1_RUN4_MAXNET ...
[2026-08-02 05:34:21] 		Writing projection on hard drive...
[2026-08-02 05:34:21] 		 /work/data/output_disk_sp1_6cpu/Achillea.atrata/proj_mpi.esm1.2.hr_ssp585/individual_projections/proj_mpi.esm1.2.hr_ssp585_Achillea.atrata_PA1_RUN5_ANN.tif
[2026-08-02 05:34:37] 	> Projecting Achillea.atrata_PA2_RUN1_FDA ...
[2026-08-02 05:34:38] 		Writing projection on hard drive...
[2026-08-02 05:34:38] 		 /work/data/output_disk_sp1_6cpu/Achillea.atrata/proj_mpi.esm1.2.hr_ssp585/individual_projections/proj_mpi.esm1.2.hr_ssp585_Achillea.atrata_PA1_RUN4_FDA.tif
[2026-08-02 05:34:39] 	> Projecting Achillea.atrata_PA1_RUN5_MAXNET ...
[2026-08-02 05:34:39] 		Writing projection on hard drive...
[2026-08-02 05:34:39] 		 /work/data/output_disk_sp1_6cpu/Achillea.atrata/proj_mpi.esm1.2.hr_ssp585/individual_projections/proj_mpi.esm1.2.hr_ssp585_Achillea.atrata_PA1_RUN4_MAXNET.tif
[2026-08-02 05:34:45] 	> Projecting Achillea.atrata_PA2_RUN1_GLM ...
[2026-08-02 05:34:46] 		Writing projection on hard drive...
[2026-08-02 05:34:46] 		 /work/data/output_disk_sp1_6cpu/Achillea.atrata/proj_mpi.esm1.2.hr_ssp585/individual_projections/proj_mpi.esm1.2.hr_ssp585_Achillea.atrata_PA1_RUN5_GBM.tif
[2026-08-02 05:34:49] 	> Projecting Achillea.atrata_PA2_RUN1_ANN ...
[2026-08-02 05:34:50] 		Writing projection on hard drive...
[2026-08-02 05:34:50] 		 /work/data/output_disk_sp1_6cpu/Achillea.atrata/proj_mpi.esm1.2.hr_ssp585/individual_projections/proj_mpi.esm1.2.hr_ssp585_Achillea.atrata_PA1_RUN5_FDA.tif
[2026-08-02 05:35:14] 	> Projecting Achillea.atrata_PA2_RUN1_MAXNET ...
[2026-08-02 05:35:15] 		Writing projection on hard drive...
[2026-08-02 05:35:15] 		 /work/data/output_disk_sp1_6cpu/Achillea.atrata/proj_mpi.esm1.2.hr_ssp585/individual_projections/proj_mpi.esm1.2.hr_ssp585_Achillea.atrata_PA2_RUN1_FDA.tif
[2026-08-02 05:35:16] 	> Projecting Achillea.atrata_PA2_RUN2_MAXNET ...
[2026-08-02 05:35:17] 		Writing projection on hard drive...
[2026-08-02 05:35:17] 		 /work/data/output_disk_sp1_6cpu/Achillea.atrata/proj_mpi.esm1.2.hr_ssp585/individual_projections/proj_mpi.esm1.2.hr_ssp585_Achillea.atrata_PA2_RUN1_GLM.tif
[2026-08-02 05:35:31] 	> Projecting Achillea.atrata_PA2_RUN2_GBM ...
[2026-08-02 05:35:31] 		Writing projection on hard drive...
[2026-08-02 05:35:31] 		 /work/data/output_disk_sp1_6cpu/Achillea.atrata/proj_mpi.esm1.2.hr_ssp585/individual_projections/proj_mpi.esm1.2.hr_ssp585_Achillea.atrata_PA1_RUN5_MAXNET.tif
[2026-08-02 05:35:41] 	> Projecting Achillea.atrata_PA2_RUN2_GLM ...
[2026-08-02 05:35:42] 		Writing projection on hard drive...
[2026-08-02 05:35:42] 		 /work/data/output_disk_sp1_6cpu/Achillea.atrata/proj_mpi.esm1.2.hr_ssp585/individual_projections/proj_mpi.esm1.2.hr_ssp585_Achillea.atrata_PA2_RUN1_GBM.tif
[2026-08-02 05:35:43] 	> Projecting Achillea.atrata_PA2_RUN2_ANN ...
[2026-08-02 05:35:44] 		Writing projection on hard drive...
[2026-08-02 05:35:44] 		 /work/data/output_disk_sp1_6cpu/Achillea.atrata/proj_mpi.esm1.2.hr_ssp585/individual_projections/proj_mpi.esm1.2.hr_ssp585_Achillea.atrata_PA2_RUN1_MAXNET.tif
[2026-08-02 05:35:50] 	> Projecting Achillea.atrata_PA2_RUN3_GLM ...
[2026-08-02 05:35:51] 		Writing projection on hard drive...
[2026-08-02 05:35:51] 		 /work/data/output_disk_sp1_6cpu/Achillea.atrata/proj_mpi.esm1.2.hr_ssp585/individual_projections/proj_mpi.esm1.2.hr_ssp585_Achillea.atrata_PA2_RUN1_ANN.tif
[2026-08-02 05:36:04] 	> Projecting Achillea.atrata_PA2_RUN2_FDA ...
[2026-08-02 05:36:05] 		Writing projection on hard drive...
[2026-08-02 05:36:05] 		 /work/data/output_disk_sp1_6cpu/Achillea.atrata/proj_mpi.esm1.2.hr_ssp585/individual_projections/proj_mpi.esm1.2.hr_ssp585_Achillea.atrata_PA2_RUN2_MAXNET.tif
[2026-08-02 05:36:13] 	> Projecting Achillea.atrata_PA2_RUN4_GLM ...
[2026-08-02 05:36:14] 		Writing projection on hard drive...
[2026-08-02 05:36:14] 		 /work/data/output_disk_sp1_6cpu/Achillea.atrata/proj_mpi.esm1.2.hr_ssp585/individual_projections/proj_mpi.esm1.2.hr_ssp585_Achillea.atrata_PA2_RUN2_GLM.tif
[2026-08-02 05:36:26] 	> Projecting Achillea.atrata_PA2_RUN3_GBM ...
[2026-08-02 05:36:27] 		Writing projection on hard drive...
[2026-08-02 05:36:27] 		 /work/data/output_disk_sp1_6cpu/Achillea.atrata/proj_mpi.esm1.2.hr_ssp585/individual_projections/proj_mpi.esm1.2.hr_ssp585_Achillea.atrata_PA2_RUN3_GLM.tif
[2026-08-02 05:36:43] 	> Projecting Achillea.atrata_PA2_RUN4_GBM ...
[2026-08-02 05:36:43] 		Writing projection on hard drive...
[2026-08-02 05:36:43] 		Writing projection on hard drive...
[2026-08-02 05:36:43] 		 /work/data/output_disk_sp1_6cpu/Achillea.atrata/proj_mpi.esm1.2.hr_ssp585/individual_projections/proj_mpi.esm1.2.hr_ssp585_Achillea.atrata_PA2_RUN4_GLM.tif
[2026-08-02 05:36:43] 	> Projecting Achillea.atrata_PA2_RUN5_GBM ...
[2026-08-02 05:36:43] 		 /work/data/output_disk_sp1_6cpu/Achillea.atrata/proj_mpi.esm1.2.hr_ssp585/individual_projections/proj_mpi.esm1.2.hr_ssp585_Achillea.atrata_PA2_RUN2_FDA.tif
[2026-08-02 05:36:44] 	> Projecting Achillea.atrata_PA2_RUN3_MAXNET ...
[2026-08-02 05:36:45] 		Writing projection on hard drive...
[2026-08-02 05:36:45] 		 /work/data/output_disk_sp1_6cpu/Achillea.atrata/proj_mpi.esm1.2.hr_ssp585/individual_projections/proj_mpi.esm1.2.hr_ssp585_Achillea.atrata_PA2_RUN2_ANN.tif
[2026-08-02 05:37:24] 	> Projecting Achillea.atrata_PA2_RUN3_FDA ...
[2026-08-02 05:37:25] 		Writing projection on hard drive...
[2026-08-02 05:37:25] 		 /work/data/output_disk_sp1_6cpu/Achillea.atrata/proj_mpi.esm1.2.hr_ssp585/individual_projections/proj_mpi.esm1.2.hr_ssp585_Achillea.atrata_PA2_RUN3_MAXNET.tif
[2026-08-02 05:37:37] 	> Projecting Achillea.atrata_PA2_RUN5_GLM ...
[2026-08-02 05:37:38] 		Writing projection on hard drive...
[2026-08-02 05:37:38] 		 /work/data/output_disk_sp1_6cpu/Achillea.atrata/proj_mpi.esm1.2.hr_ssp585/individual_projections/proj_mpi.esm1.2.hr_ssp585_Achillea.atrata_PA2_RUN3_FDA.tif
[2026-08-02 05:38:00] 	> Projecting Achillea.atrata_PA2_RUN4_MAXNET ...
[2026-08-02 05:38:01] 		Writing projection on hard drive...
[2026-08-02 05:38:01] 		 /work/data/output_disk_sp1_6cpu/Achillea.atrata/proj_mpi.esm1.2.hr_ssp585/individual_projections/proj_mpi.esm1.2.hr_ssp585_Achillea.atrata_PA2_RUN5_GLM.tif
[2026-08-02 05:38:23] 	> Projecting Achillea.atrata_PA3_RUN1_GBM ...
[2026-08-02 05:38:24] 		Writing projection on hard drive...
[2026-08-02 05:38:24] 		 /work/data/output_disk_sp1_6cpu/Achillea.atrata/proj_mpi.esm1.2.hr_ssp585/individual_projections/proj_mpi.esm1.2.hr_ssp585_Achillea.atrata_PA2_RUN4_MAXNET.tif
[2026-08-02 05:38:57] 	> Projecting Achillea.atrata_PA3_RUN1_GLM ...
[2026-08-02 05:38:58] 		Writing projection on hard drive...
[2026-08-02 05:38:58] 		 /work/data/output_disk_sp1_6cpu/Achillea.atrata/proj_mpi.esm1.2.hr_ssp585/individual_projections/proj_mpi.esm1.2.hr_ssp585_Achillea.atrata_PA3_RUN1_GLM.tif
[2026-08-02 05:49:33] 	> Projecting Achillea.atrata_PA3_RUN2_GBM ...
[2026-08-02 05:49:34] 		Writing projection on hard drive...
[2026-08-02 05:49:34] 		 /work/data/output_disk_sp1_6cpu/Achillea.atrata/proj_mpi.esm1.2.hr_ssp585/individual_projections/proj_mpi.esm1.2.hr_ssp585_Achillea.atrata_PA2_RUN2_GBM.tif
[2026-08-02 05:50:18] 	> Projecting Achillea.atrata_PA2_RUN3_ANN ...
[2026-08-02 05:50:19] 		Writing projection on hard drive...
[2026-08-02 05:50:19] 		 /work/data/output_disk_sp1_6cpu/Achillea.atrata/proj_mpi.esm1.2.hr_ssp585/individual_projections/proj_mpi.esm1.2.hr_ssp585_Achillea.atrata_PA2_RUN3_GBM.tif
[2026-08-02 05:50:31] 	> Projecting Achillea.atrata_PA2_RUN4_ANN ...
[2026-08-02 05:50:32] 		Writing projection on hard drive...
[2026-08-02 05:50:32] 		 /work/data/output_disk_sp1_6cpu/Achillea.atrata/proj_mpi.esm1.2.hr_ssp585/individual_projections/proj_mpi.esm1.2.hr_ssp585_Achillea.atrata_PA2_RUN4_GBM.tif
[2026-08-02 05:50:35] 	> Projecting Achillea.atrata_PA2_RUN5_ANN ...
[2026-08-02 05:50:36] 		Writing projection on hard drive...
[2026-08-02 05:50:36] 		 /work/data/output_disk_sp1_6cpu/Achillea.atrata/proj_mpi.esm1.2.hr_ssp585/individual_projections/proj_mpi.esm1.2.hr_ssp585_Achillea.atrata_PA2_RUN3_ANN.tif
[2026-08-02 05:51:02] 	> Projecting Achillea.atrata_PA2_RUN4_FDA ...
[2026-08-02 05:51:03] 		Writing projection on hard drive...
[2026-08-02 05:51:03] 		 /work/data/output_disk_sp1_6cpu/Achillea.atrata/proj_mpi.esm1.2.hr_ssp585/individual_projections/proj_mpi.esm1.2.hr_ssp585_Achillea.atrata_PA2_RUN5_GBM.tif
[2026-08-02 05:51:27] 	> Projecting Achillea.atrata_PA3_RUN1_ANN ...
[2026-08-02 05:51:27] 		Writing projection on hard drive...
[2026-08-02 05:51:27] 		 /work/data/output_disk_sp1_6cpu/Achillea.atrata/proj_mpi.esm1.2.hr_ssp585/individual_projections/proj_mpi.esm1.2.hr_ssp585_Achillea.atrata_PA2_RUN4_ANN.tif
[2026-08-02 05:51:30] 	> Projecting Achillea.atrata_PA2_RUN5_FDA ...
[2026-08-02 05:51:31] 		Writing projection on hard drive...
[2026-08-02 05:51:31] 		 /work/data/output_disk_sp1_6cpu/Achillea.atrata/proj_mpi.esm1.2.hr_ssp585/individual_projections/proj_mpi.esm1.2.hr_ssp585_Achillea.atrata_PA2_RUN4_FDA.tif
[2026-08-02 05:51:34] 	> Projecting Achillea.atrata_PA2_RUN5_MAXNET ...
[2026-08-02 05:51:35] 		Writing projection on hard drive...
[2026-08-02 05:51:35] 		 /work/data/output_disk_sp1_6cpu/Achillea.atrata/proj_mpi.esm1.2.hr_ssp585/individual_projections/proj_mpi.esm1.2.hr_ssp585_Achillea.atrata_PA2_RUN5_ANN.tif
[2026-08-02 05:51:52] 	> Projecting Achillea.atrata_PA3_RUN1_FDA ...
[2026-08-02 05:51:53] 		Writing projection on hard drive...
[2026-08-02 05:51:53] 		 /work/data/output_disk_sp1_6cpu/Achillea.atrata/proj_mpi.esm1.2.hr_ssp585/individual_projections/proj_mpi.esm1.2.hr_ssp585_Achillea.atrata_PA3_RUN1_GBM.tif
[2026-08-02 05:52:06] 	> Projecting Achillea.atrata_PA3_RUN2_ANN ...
[2026-08-02 05:52:06] 		Writing projection on hard drive...
[2026-08-02 05:52:06] 		 /work/data/output_disk_sp1_6cpu/Achillea.atrata/proj_mpi.esm1.2.hr_ssp585/individual_projections/proj_mpi.esm1.2.hr_ssp585_Achillea.atrata_PA3_RUN1_ANN.tif
[2026-08-02 05:52:15] 	> Projecting Achillea.atrata_PA3_RUN2_FDA ...
[2026-08-02 05:52:16] 		Writing projection on hard drive...
[2026-08-02 05:52:16] 		 /work/data/output_disk_sp1_6cpu/Achillea.atrata/proj_mpi.esm1.2.hr_ssp585/individual_projections/proj_mpi.esm1.2.hr_ssp585_Achillea.atrata_PA3_RUN2_GBM.tif
[2026-08-02 05:52:16] 	> Projecting Achillea.atrata_PA3_RUN3_ANN ...
[2026-08-02 05:52:17] 		Writing projection on hard drive...
[2026-08-02 05:52:17] 		 /work/data/output_disk_sp1_6cpu/Achillea.atrata/proj_mpi.esm1.2.hr_ssp585/individual_projections/proj_mpi.esm1.2.hr_ssp585_Achillea.atrata_PA2_RUN5_FDA.tif
[2026-08-02 05:52:17] 	> Projecting Achillea.atrata_PA3_RUN1_MAXNET ...
[2026-08-02 05:52:18] 		Writing projection on hard drive...
[2026-08-02 05:52:18] 		 /work/data/output_disk_sp1_6cpu/Achillea.atrata/proj_mpi.esm1.2.hr_ssp585/individual_projections/proj_mpi.esm1.2.hr_ssp585_Achillea.atrata_PA2_RUN5_MAXNET.tif
[2026-08-02 05:52:23] 	> Projecting Achillea.atrata_PA3_RUN2_GLM ...
[2026-08-02 05:52:24] 		Writing projection on hard drive...
[2026-08-02 05:52:24] 		 /work/data/output_disk_sp1_6cpu/Achillea.atrata/proj_mpi.esm1.2.hr_ssp585/individual_projections/proj_mpi.esm1.2.hr_ssp585_Achillea.atrata_PA3_RUN1_FDA.tif
[2026-08-02 05:52:50] 	> Projecting Achillea.atrata_PA3_RUN2_MAXNET ...
[2026-08-02 05:52:51] 		Writing projection on hard drive...
[2026-08-02 05:52:51] 		 /work/data/output_disk_sp1_6cpu/Achillea.atrata/proj_mpi.esm1.2.hr_ssp585/individual_projections/proj_mpi.esm1.2.hr_ssp585_Achillea.atrata_PA3_RUN2_ANN.tif
[2026-08-02 05:52:52] 	> Projecting Achillea.atrata_PA3_RUN3_FDA ...
[2026-08-02 05:52:52] 		Writing projection on hard drive...
[2026-08-02 05:52:52] 		 /work/data/output_disk_sp1_6cpu/Achillea.atrata/proj_mpi.esm1.2.hr_ssp585/individual_projections/proj_mpi.esm1.2.hr_ssp585_Achillea.atrata_PA3_RUN2_FDA.tif
[2026-08-02 05:52:56] 	> Projecting Achillea.atrata_PA3_RUN3_MAXNET ...
[2026-08-02 05:52:56] 		Writing projection on hard drive...
[2026-08-02 05:52:56] 		 /work/data/output_disk_sp1_6cpu/Achillea.atrata/proj_mpi.esm1.2.hr_ssp585/individual_projections/proj_mpi.esm1.2.hr_ssp585_Achillea.atrata_PA3_RUN2_GLM.tif
[2026-08-02 05:53:03] 	> Projecting Achillea.atrata_PA3_RUN3_GBM ...
[2026-08-02 05:53:04] 		Writing projection on hard drive...
[2026-08-02 05:53:04] 		 /work/data/output_disk_sp1_6cpu/Achillea.atrata/proj_mpi.esm1.2.hr_ssp585/individual_projections/proj_mpi.esm1.2.hr_ssp585_Achillea.atrata_PA3_RUN1_MAXNET.tif
[2026-08-02 05:53:07] 	> Projecting Achillea.atrata_PA3_RUN3_GLM ...
[2026-08-02 05:53:08] 		Writing projection on hard drive...
[2026-08-02 05:53:08] 		 /work/data/output_disk_sp1_6cpu/Achillea.atrata/proj_mpi.esm1.2.hr_ssp585/individual_projections/proj_mpi.esm1.2.hr_ssp585_Achillea.atrata_PA3_RUN2_MAXNET.tif
[2026-08-02 05:53:18] 	> Projecting Achillea.atrata_PA3_RUN4_GLM ...
[2026-08-02 05:53:19] 		Writing projection on hard drive...
[2026-08-02 05:53:19] 		 /work/data/output_disk_sp1_6cpu/Achillea.atrata/proj_mpi.esm1.2.hr_ssp585/individual_projections/proj_mpi.esm1.2.hr_ssp585_Achillea.atrata_PA3_RUN3_ANN.tif
[2026-08-02 05:53:30] 	> Projecting Achillea.atrata_PA3_RUN4_FDA ...
[2026-08-02 05:53:31] 		Writing projection on hard drive...
[2026-08-02 05:53:31] 		 /work/data/output_disk_sp1_6cpu/Achillea.atrata/proj_mpi.esm1.2.hr_ssp585/individual_projections/proj_mpi.esm1.2.hr_ssp585_Achillea.atrata_PA3_RUN3_MAXNET.tif
[2026-08-02 05:53:38] 	> Projecting Achillea.atrata_PA3_RUN5_GLM ...
[2026-08-02 05:53:39] 		Writing projection on hard drive...
[2026-08-02 05:53:39] 		 /work/data/output_disk_sp1_6cpu/Achillea.atrata/proj_mpi.esm1.2.hr_ssp585/individual_projections/proj_mpi.esm1.2.hr_ssp585_Achillea.atrata_PA3_RUN3_FDA.tif
[2026-08-02 05:53:41] 	> Projecting Achillea.atrata_PA3_RUN4_MAXNET ...
[2026-08-02 05:53:42] 		Writing projection on hard drive...
[2026-08-02 05:53:42] 		 /work/data/output_disk_sp1_6cpu/Achillea.atrata/proj_mpi.esm1.2.hr_ssp585/individual_projections/proj_mpi.esm1.2.hr_ssp585_Achillea.atrata_PA3_RUN3_GLM.tif
[2026-08-02 05:53:46] 	> Projecting Achillea.atrata_PA3_RUN4_GBM ...
[2026-08-02 05:53:47] 		Writing projection on hard drive...
[2026-08-02 05:53:47] 		 /work/data/output_disk_sp1_6cpu/Achillea.atrata/proj_mpi.esm1.2.hr_ssp585/individual_projections/proj_mpi.esm1.2.hr_ssp585_Achillea.atrata_PA3_RUN4_GLM.tif
[2026-08-02 05:54:08] 	> Projecting Achillea.atrata_PA3_RUN5_GBM ...
[2026-08-02 05:54:09] 		Writing projection on hard drive...
[2026-08-02 05:54:09] 		 /work/data/output_disk_sp1_6cpu/Achillea.atrata/proj_mpi.esm1.2.hr_ssp585/individual_projections/proj_mpi.esm1.2.hr_ssp585_Achillea.atrata_PA3_RUN5_GLM.tif
[2026-08-02 05:54:09] 	> Projecting Achillea.atrata_PA4_RUN1_GBM ...
[2026-08-02 05:54:10] 		Writing projection on hard drive...
[2026-08-02 05:54:10] 		 /work/data/output_disk_sp1_6cpu/Achillea.atrata/proj_mpi.esm1.2.hr_ssp585/individual_projections/proj_mpi.esm1.2.hr_ssp585_Achillea.atrata_PA3_RUN4_FDA.tif
[2026-08-02 05:54:22] 	> Projecting Achillea.atrata_PA3_RUN5_MAXNET ...
[2026-08-02 05:54:23] 		Writing projection on hard drive...
[2026-08-02 05:54:23] 		 /work/data/output_disk_sp1_6cpu/Achillea.atrata/proj_mpi.esm1.2.hr_ssp585/individual_projections/proj_mpi.esm1.2.hr_ssp585_Achillea.atrata_PA3_RUN4_MAXNET.tif
[2026-08-02 05:54:51] 	> Projecting Achillea.atrata_PA4_RUN1_GLM ...
[2026-08-02 05:54:52] 		Writing projection on hard drive...
[2026-08-02 05:54:52] 		 /work/data/output_disk_sp1_6cpu/Achillea.atrata/proj_mpi.esm1.2.hr_ssp585/individual_projections/proj_mpi.esm1.2.hr_ssp585_Achillea.atrata_PA3_RUN5_MAXNET.tif
[2026-08-02 05:55:02] 	> Projecting Achillea.atrata_PA4_RUN2_GLM ...
[2026-08-02 05:55:02] 		Writing projection on hard drive...
[2026-08-02 05:55:02] 		 /work/data/output_disk_sp1_6cpu/Achillea.atrata/proj_mpi.esm1.2.hr_ssp585/individual_projections/proj_mpi.esm1.2.hr_ssp585_Achillea.atrata_PA4_RUN1_GLM.tif
[2026-08-02 05:55:28] 	> Projecting Achillea.atrata_PA4_RUN2_GBM ...
[2026-08-02 05:55:28] 		Writing projection on hard drive...
[2026-08-02 05:55:28] 		 /work/data/output_disk_sp1_6cpu/Achillea.atrata/proj_mpi.esm1.2.hr_ssp585/individual_projections/proj_mpi.esm1.2.hr_ssp585_Achillea.atrata_PA4_RUN2_GLM.tif
[2026-08-02 06:07:05] 	> Projecting Achillea.atrata_PA4_RUN3_GBM ...
[2026-08-02 06:07:06] 		Writing projection on hard drive...
[2026-08-02 06:07:06] 		 /work/data/output_disk_sp1_6cpu/Achillea.atrata/proj_mpi.esm1.2.hr_ssp585/individual_projections/proj_mpi.esm1.2.hr_ssp585_Achillea.atrata_PA3_RUN3_GBM.tif
[2026-08-02 06:07:17] 	> Projecting Achillea.atrata_PA3_RUN4_ANN ...
[2026-08-02 06:07:18] 		Writing projection on hard drive...
[2026-08-02 06:07:18] 		 /work/data/output_disk_sp1_6cpu/Achillea.atrata/proj_mpi.esm1.2.hr_ssp585/individual_projections/proj_mpi.esm1.2.hr_ssp585_Achillea.atrata_PA3_RUN5_GBM.tif
[2026-08-02 06:07:38] 	> Projecting Achillea.atrata_PA4_RUN1_ANN ...
[2026-08-02 06:07:39] 		Writing projection on hard drive...
[2026-08-02 06:07:39] 		 /work/data/output_disk_sp1_6cpu/Achillea.atrata/proj_mpi.esm1.2.hr_ssp585/individual_projections/proj_mpi.esm1.2.hr_ssp585_Achillea.atrata_PA3_RUN4_GBM.tif
[2026-08-02 06:08:00] 	> Projecting Achillea.atrata_PA3_RUN5_ANN ...
[2026-08-02 06:08:00] 		Writing projection on hard drive...
[2026-08-02 06:08:00] 		 /work/data/output_disk_sp1_6cpu/Achillea.atrata/proj_mpi.esm1.2.hr_ssp585/individual_projections/proj_mpi.esm1.2.hr_ssp585_Achillea.atrata_PA3_RUN4_ANN.tif
[2026-08-02 06:08:10] 	> Projecting Achillea.atrata_PA3_RUN5_FDA ...
[2026-08-02 06:08:10] 		Writing projection on hard drive...
[2026-08-02 06:08:10] 		 /work/data/output_disk_sp1_6cpu/Achillea.atrata/proj_mpi.esm1.2.hr_ssp585/individual_projections/proj_mpi.esm1.2.hr_ssp585_Achillea.atrata_PA4_RUN1_ANN.tif
[2026-08-02 06:08:16] 	> Projecting Achillea.atrata_PA4_RUN2_FDA ...
[2026-08-02 06:08:17] 		Writing projection on hard drive...
[2026-08-02 06:08:17] 		 /work/data/output_disk_sp1_6cpu/Achillea.atrata/proj_mpi.esm1.2.hr_ssp585/individual_projections/proj_mpi.esm1.2.hr_ssp585_Achillea.atrata_PA4_RUN1_GBM.tif
[2026-08-02 06:08:36] 	> Projecting Achillea.atrata_PA4_RUN2_ANN ...
[2026-08-02 06:08:37] 		Writing projection on hard drive...
[2026-08-02 06:08:37] 		 /work/data/output_disk_sp1_6cpu/Achillea.atrata/proj_mpi.esm1.2.hr_ssp585/individual_projections/proj_mpi.esm1.2.hr_ssp585_Achillea.atrata_PA3_RUN5_ANN.tif
[2026-08-02 06:08:50] 	> Projecting Achillea.atrata_PA4_RUN1_FDA ...
[2026-08-02 06:08:51] 		Writing projection on hard drive...
[2026-08-02 06:08:51] 		 /work/data/output_disk_sp1_6cpu/Achillea.atrata/proj_mpi.esm1.2.hr_ssp585/individual_projections/proj_mpi.esm1.2.hr_ssp585_Achillea.atrata_PA3_RUN5_FDA.tif
[2026-08-02 06:08:52] 	> Projecting Achillea.atrata_PA4_RUN1_MAXNET ...
[2026-08-02 06:08:53] 		Writing projection on hard drive...
[2026-08-02 06:08:53] 		 /work/data/output_disk_sp1_6cpu/Achillea.atrata/proj_mpi.esm1.2.hr_ssp585/individual_projections/proj_mpi.esm1.2.hr_ssp585_Achillea.atrata_PA4_RUN2_FDA.tif
[2026-08-02 06:09:05] 	> Projecting Achillea.atrata_PA4_RUN3_MAXNET ...
[2026-08-02 06:09:05] 		Writing projection on hard drive...
[2026-08-02 06:09:05] 		 /work/data/output_disk_sp1_6cpu/Achillea.atrata/proj_mpi.esm1.2.hr_ssp585/individual_projections/proj_mpi.esm1.2.hr_ssp585_Achillea.atrata_PA4_RUN2_GBM.tif
[2026-08-02 06:09:13] 	> Projecting Achillea.atrata_PA4_RUN3_ANN ...
[2026-08-02 06:09:14] 		Writing projection on hard drive...
[2026-08-02 06:09:14] 		 /work/data/output_disk_sp1_6cpu/Achillea.atrata/proj_mpi.esm1.2.hr_ssp585/individual_projections/proj_mpi.esm1.2.hr_ssp585_Achillea.atrata_PA4_RUN3_GBM.tif
[2026-08-02 06:09:14] 	> Projecting Achillea.atrata_PA4_RUN4_ANN ...
[2026-08-02 06:09:15] 		Writing projection on hard drive...
[2026-08-02 06:09:15] 		 /work/data/output_disk_sp1_6cpu/Achillea.atrata/proj_mpi.esm1.2.hr_ssp585/individual_projections/proj_mpi.esm1.2.hr_ssp585_Achillea.atrata_PA4_RUN2_ANN.tif
[2026-08-02 06:09:33] 	> Projecting Achillea.atrata_PA4_RUN3_FDA ...
[2026-08-02 06:09:34] 		Writing projection on hard drive...
[2026-08-02 06:09:34] 		 /work/data/output_disk_sp1_6cpu/Achillea.atrata/proj_mpi.esm1.2.hr_ssp585/individual_projections/proj_mpi.esm1.2.hr_ssp585_Achillea.atrata_PA4_RUN1_FDA.tif
[2026-08-02 06:09:37] 	> Projecting Achillea.atrata_PA4_RUN2_MAXNET ...
[2026-08-02 06:09:38] 		Writing projection on hard drive...
[2026-08-02 06:09:38] 		 /work/data/output_disk_sp1_6cpu/Achillea.atrata/proj_mpi.esm1.2.hr_ssp585/individual_projections/proj_mpi.esm1.2.hr_ssp585_Achillea.atrata_PA4_RUN1_MAXNET.tif
[2026-08-02 06:09:40] 	> Projecting Achillea.atrata_PA4_RUN3_GLM ...
[2026-08-02 06:09:41] 		Writing projection on hard drive...
[2026-08-02 06:09:41] 		 /work/data/output_disk_sp1_6cpu/Achillea.atrata/proj_mpi.esm1.2.hr_ssp585/individual_projections/proj_mpi.esm1.2.hr_ssp585_Achillea.atrata_PA4_RUN3_MAXNET.tif
[2026-08-02 06:10:01] 	> Projecting Achillea.atrata_PA4_RUN5_GLM ...
[2026-08-02 06:10:02] 		Writing projection on hard drive...
[2026-08-02 06:10:02] 		Writing projection on hard drive...
[2026-08-02 06:10:02] 		 /work/data/output_disk_sp1_6cpu/Achillea.atrata/proj_mpi.esm1.2.hr_ssp585/individual_projections/proj_mpi.esm1.2.hr_ssp585_Achillea.atrata_PA4_RUN3_ANN.tif
[2026-08-02 06:10:03] 	> Projecting Achillea.atrata_PA4_RUN4_FDA ...
[2026-08-02 06:10:03] 		 /work/data/output_disk_sp1_6cpu/Achillea.atrata/proj_mpi.esm1.2.hr_ssp585/individual_projections/proj_mpi.esm1.2.hr_ssp585_Achillea.atrata_PA4_RUN3_FDA.tif
[2026-08-02 06:10:14] 	> Projecting Achillea.atrata_PA4_RUN4_MAXNET ...
[2026-08-02 06:10:14] 		Writing projection on hard drive...
[2026-08-02 06:10:14] 		 /work/data/output_disk_sp1_6cpu/Achillea.atrata/proj_mpi.esm1.2.hr_ssp585/individual_projections/proj_mpi.esm1.2.hr_ssp585_Achillea.atrata_PA4_RUN4_ANN.tif
[2026-08-02 06:10:15] 	> Projecting Achillea.atrata_PA4_RUN5_FDA ...
[2026-08-02 06:10:15] 		Writing projection on hard drive...
[2026-08-02 06:10:15] 		 /work/data/output_disk_sp1_6cpu/Achillea.atrata/proj_mpi.esm1.2.hr_ssp585/individual_projections/proj_mpi.esm1.2.hr_ssp585_Achillea.atrata_PA4_RUN3_GLM.tif
[2026-08-02 06:10:17] 	> Projecting Achillea.atrata_PA4_RUN4_GBM ...
[2026-08-02 06:10:18] 		Writing projection on hard drive...
[2026-08-02 06:10:18] 		 /work/data/output_disk_sp1_6cpu/Achillea.atrata/proj_mpi.esm1.2.hr_ssp585/individual_projections/proj_mpi.esm1.2.hr_ssp585_Achillea.atrata_PA4_RUN5_GLM.tif
[2026-08-02 06:10:23] 	> Projecting Achillea.atrata_PA5_RUN1_GBM ...
[2026-08-02 06:10:24] 		Writing projection on hard drive...
[2026-08-02 06:10:24] 		 /work/data/output_disk_sp1_6cpu/Achillea.atrata/proj_mpi.esm1.2.hr_ssp585/individual_projections/proj_mpi.esm1.2.hr_ssp585_Achillea.atrata_PA4_RUN2_MAXNET.tif
[2026-08-02 06:10:47] 	> Projecting Achillea.atrata_PA4_RUN4_GLM ...
[2026-08-02 06:10:47] 		Writing projection on hard drive...
[2026-08-02 06:10:47] 		 /work/data/output_disk_sp1_6cpu/Achillea.atrata/proj_mpi.esm1.2.hr_ssp585/individual_projections/proj_mpi.esm1.2.hr_ssp585_Achillea.atrata_PA4_RUN4_FDA.tif
[2026-08-02 06:10:49] 	> Projecting Achillea.atrata_PA4_RUN5_MAXNET ...
[2026-08-02 06:10:50] 		Writing projection on hard drive...
[2026-08-02 06:10:50] 		 /work/data/output_disk_sp1_6cpu/Achillea.atrata/proj_mpi.esm1.2.hr_ssp585/individual_projections/proj_mpi.esm1.2.hr_ssp585_Achillea.atrata_PA4_RUN4_MAXNET.tif
[2026-08-02 06:11:01] 	> Projecting Achillea.atrata_PA5_RUN1_GLM ...
[2026-08-02 06:11:02] 		Writing projection on hard drive...
[2026-08-02 06:11:02] 		 /work/data/output_disk_sp1_6cpu/Achillea.atrata/proj_mpi.esm1.2.hr_ssp585/individual_projections/proj_mpi.esm1.2.hr_ssp585_Achillea.atrata_PA4_RUN4_GLM.tif
[2026-08-02 06:11:10] 	> Projecting Achillea.atrata_PA4_RUN5_GBM ...
[2026-08-02 06:11:11] 		Writing projection on hard drive...
[2026-08-02 06:11:11] 		 /work/data/output_disk_sp1_6cpu/Achillea.atrata/proj_mpi.esm1.2.hr_ssp585/individual_projections/proj_mpi.esm1.2.hr_ssp585_Achillea.atrata_PA4_RUN5_FDA.tif
[2026-08-02 06:11:31] 	> Projecting Achillea.atrata_PA5_RUN1_MAXNET ...
[2026-08-02 06:11:31] 		Writing projection on hard drive...
[2026-08-02 06:11:31] 		 /work/data/output_disk_sp1_6cpu/Achillea.atrata/proj_mpi.esm1.2.hr_ssp585/individual_projections/proj_mpi.esm1.2.hr_ssp585_Achillea.atrata_PA5_RUN1_GLM.tif
[2026-08-02 06:11:36] 	> Projecting Achillea.atrata_PA5_RUN2_GBM ...
[2026-08-02 06:11:36] 		Writing projection on hard drive...
[2026-08-02 06:11:36] 		 /work/data/output_disk_sp1_6cpu/Achillea.atrata/proj_mpi.esm1.2.hr_ssp585/individual_projections/proj_mpi.esm1.2.hr_ssp585_Achillea.atrata_PA4_RUN5_MAXNET.tif
[2026-08-02 06:11:52] 	> Projecting Achillea.atrata_PA5_RUN2_GLM ...
[2026-08-02 06:11:53] 		Writing projection on hard drive...
[2026-08-02 06:11:53] 		 /work/data/output_disk_sp1_6cpu/Achillea.atrata/proj_mpi.esm1.2.hr_ssp585/individual_projections/proj_mpi.esm1.2.hr_ssp585_Achillea.atrata_PA5_RUN1_MAXNET.tif
[2026-08-02 06:12:12] 	> Projecting Achillea.atrata_PA5_RUN3_GLM ...
[2026-08-02 06:12:13] 		Writing projection on hard drive...
[2026-08-02 06:12:13] 		 /work/data/output_disk_sp1_6cpu/Achillea.atrata/proj_mpi.esm1.2.hr_ssp585/individual_projections/proj_mpi.esm1.2.hr_ssp585_Achillea.atrata_PA5_RUN2_GLM.tif
[2026-08-02 06:12:29] 	> Projecting Achillea.atrata_PA5_RUN3_GBM ...
[2026-08-02 06:12:30] 		Writing projection on hard drive...
[2026-08-02 06:12:30] 		 /work/data/output_disk_sp1_6cpu/Achillea.atrata/proj_mpi.esm1.2.hr_ssp585/individual_projections/proj_mpi.esm1.2.hr_ssp585_Achillea.atrata_PA5_RUN3_GLM.tif
[2026-08-02 06:24:07] 	> Projecting Achillea.atrata_PA5_RUN4_GBM ...
[2026-08-02 06:24:08] 		Writing projection on hard drive...
[2026-08-02 06:24:08] 		 /work/data/output_disk_sp1_6cpu/Achillea.atrata/proj_mpi.esm1.2.hr_ssp585/individual_projections/proj_mpi.esm1.2.hr_ssp585_Achillea.atrata_PA5_RUN1_GBM.tif
[2026-08-02 06:24:24] 	> Projecting Achillea.atrata_PA5_RUN2_ANN ...
[2026-08-02 06:24:25] 		Writing projection on hard drive...
[2026-08-02 06:24:25] 		 /work/data/output_disk_sp1_6cpu/Achillea.atrata/proj_mpi.esm1.2.hr_ssp585/individual_projections/proj_mpi.esm1.2.hr_ssp585_Achillea.atrata_PA4_RUN4_GBM.tif
[2026-08-02 06:24:57] 	> Projecting Achillea.atrata_PA4_RUN5_ANN ...
[2026-08-02 06:24:58] 		Writing projection on hard drive...
[2026-08-02 06:24:58] 		 /work/data/output_disk_sp1_6cpu/Achillea.atrata/proj_mpi.esm1.2.hr_ssp585/individual_projections/proj_mpi.esm1.2.hr_ssp585_Achillea.atrata_PA5_RUN2_ANN.tif
[2026-08-02 06:25:01] 	> Projecting Achillea.atrata_PA5_RUN3_FDA ...
[2026-08-02 06:25:02] 		Writing projection on hard drive...
[2026-08-02 06:25:02] 		 /work/data/output_disk_sp1_6cpu/Achillea.atrata/proj_mpi.esm1.2.hr_ssp585/individual_projections/proj_mpi.esm1.2.hr_ssp585_Achillea.atrata_PA4_RUN5_GBM.tif
[2026-08-02 06:25:13] 	> Projecting Achillea.atrata_PA5_RUN1_ANN ...
[2026-08-02 06:25:13] 		Writing projection on hard drive...
[2026-08-02 06:25:13] 		 /work/data/output_disk_sp1_6cpu/Achillea.atrata/proj_mpi.esm1.2.hr_ssp585/individual_projections/proj_mpi.esm1.2.hr_ssp585_Achillea.atrata_PA5_RUN2_GBM.tif
[2026-08-02 06:25:25] 	> Projecting Achillea.atrata_PA5_RUN3_ANN ...
[2026-08-02 06:25:26] 		Writing projection on hard drive...
[2026-08-02 06:25:26] 		 /work/data/output_disk_sp1_6cpu/Achillea.atrata/proj_mpi.esm1.2.hr_ssp585/individual_projections/proj_mpi.esm1.2.hr_ssp585_Achillea.atrata_PA4_RUN5_ANN.tif
[2026-08-02 06:25:44] 	> Projecting Achillea.atrata_PA5_RUN1_FDA ...
[2026-08-02 06:25:44] 		Writing projection on hard drive...
[2026-08-02 06:25:44] 		 /work/data/output_disk_sp1_6cpu/Achillea.atrata/proj_mpi.esm1.2.hr_ssp585/individual_projections/proj_mpi.esm1.2.hr_ssp585_Achillea.atrata_PA5_RUN3_FDA.tif
[2026-08-02 06:25:50] 	> Projecting Achillea.atrata_PA5_RUN4_MAXNET ...
[2026-08-02 06:25:51] 		Writing projection on hard drive...
[2026-08-02 06:25:51] 		 /work/data/output_disk_sp1_6cpu/Achillea.atrata/proj_mpi.esm1.2.hr_ssp585/individual_projections/proj_mpi.esm1.2.hr_ssp585_Achillea.atrata_PA5_RUN3_GBM.tif
[2026-08-02 06:25:58] 	> Projecting Achillea.atrata_PA5_RUN4_ANN ...
[2026-08-02 06:25:59] 		Writing projection on hard drive...
[2026-08-02 06:25:59] 		 /work/data/output_disk_sp1_6cpu/Achillea.atrata/proj_mpi.esm1.2.hr_ssp585/individual_projections/proj_mpi.esm1.2.hr_ssp585_Achillea.atrata_PA5_RUN1_ANN.tif
[2026-08-02 06:26:13] 	> Projecting Achillea.atrata_PA5_RUN2_FDA ...
[2026-08-02 06:26:14] 		Writing projection on hard drive...
[2026-08-02 06:26:14] 		 /work/data/output_disk_sp1_6cpu/Achillea.atrata/proj_mpi.esm1.2.hr_ssp585/individual_projections/proj_mpi.esm1.2.hr_ssp585_Achillea.atrata_PA5_RUN3_ANN.tif
[2026-08-02 06:26:18] 	> Projecting Achillea.atrata_PA5_RUN4_FDA ...
[2026-08-02 06:26:19] 		Writing projection on hard drive...
[2026-08-02 06:26:19] 		 /work/data/output_disk_sp1_6cpu/Achillea.atrata/proj_mpi.esm1.2.hr_ssp585/individual_projections/proj_mpi.esm1.2.hr_ssp585_Achillea.atrata_PA5_RUN1_FDA.tif
[2026-08-02 06:26:23] 	> Projecting Achillea.atrata_PA5_RUN2_MAXNET ...
[2026-08-02 06:26:23] 		Writing projection on hard drive...
[2026-08-02 06:26:25] 		 /work/data/output_disk_sp1_6cpu/Achillea.atrata/proj_mpi.esm1.2.hr_ssp585/individual_projections/proj_mpi.esm1.2.hr_ssp585_Achillea.atrata_PA5_RUN4_MAXNET.tif
[2026-08-02 06:26:26] 		Writing projection on hard drive...
[2026-08-02 06:26:26] 		 /work/data/output_disk_sp1_6cpu/Achillea.atrata/proj_mpi.esm1.2.hr_ssp585/individual_projections/proj_mpi.esm1.2.hr_ssp585_Achillea.atrata_PA5_RUN4_GBM.tif
[2026-08-02 06:26:47] 	> Projecting Achillea.atrata_PA5_RUN5_ANN ...
[2026-08-02 06:26:48] 		Writing projection on hard drive...
[2026-08-02 06:26:48] 		 /work/data/output_disk_sp1_6cpu/Achillea.atrata/proj_mpi.esm1.2.hr_ssp585/individual_projections/proj_mpi.esm1.2.hr_ssp585_Achillea.atrata_PA5_RUN2_FDA.tif
[2026-08-02 06:26:50] 	> Projecting Achillea.atrata_PA5_RUN3_MAXNET ...
[2026-08-02 06:26:50] 		Writing projection on hard drive...
[2026-08-02 06:26:50] 		 /work/data/output_disk_sp1_6cpu/Achillea.atrata/proj_mpi.esm1.2.hr_ssp585/individual_projections/proj_mpi.esm1.2.hr_ssp585_Achillea.atrata_PA5_RUN4_ANN.tif
[2026-08-02 06:27:00] 	> Projecting Achillea.atrata_PA5_RUN5_FDA ...
[2026-08-02 06:27:01] 		Writing projection on hard drive...
[2026-08-02 06:27:01] 		 /work/data/output_disk_sp1_6cpu/Achillea.atrata/proj_mpi.esm1.2.hr_ssp585/individual_projections/proj_mpi.esm1.2.hr_ssp585_Achillea.atrata_PA5_RUN4_FDA.tif
[2026-08-02 06:27:05] 	> Projecting Achillea.atrata_PA5_RUN5_MAXNET ...
[2026-08-02 06:27:06] 		Writing projection on hard drive...
[2026-08-02 06:27:06] 		 /work/data/output_disk_sp1_6cpu/Achillea.atrata/proj_mpi.esm1.2.hr_ssp585/individual_projections/proj_mpi.esm1.2.hr_ssp585_Achillea.atrata_PA5_RUN2_MAXNET.tif
[2026-08-02 06:27:25] 	> Projecting Achillea.atrata_PA5_RUN4_GLM ...
[2026-08-02 06:27:26] 		Writing projection on hard drive...
[2026-08-02 06:27:33] 		 /work/data/output_disk_sp1_6cpu/Achillea.atrata/proj_mpi.esm1.2.hr_ssp585/individual_projections/proj_mpi.esm1.2.hr_ssp585_Achillea.atrata_PA5_RUN5_ANN.tif
[2026-08-02 06:27:34] 		Writing projection on hard drive...
[2026-08-02 06:27:34] 		 /work/data/output_disk_sp1_6cpu/Achillea.atrata/proj_mpi.esm1.2.hr_ssp585/individual_projections/proj_mpi.esm1.2.hr_ssp585_Achillea.atrata_PA5_RUN3_MAXNET.tif
[2026-08-02 06:27:41] 	> Projecting Achillea.atrata_PA5_RUN5_GLM ...
[2026-08-02 06:27:41] 		Writing projection on hard drive...
[2026-08-02 06:27:42] 		 /work/data/output_disk_sp1_6cpu/Achillea.atrata/proj_mpi.esm1.2.hr_ssp585/individual_projections/proj_mpi.esm1.2.hr_ssp585_Achillea.atrata_PA5_RUN5_MAXNET.tif
[2026-08-02 06:27:43] 		Writing projection on hard drive...
[2026-08-02 06:27:46] 		 /work/data/output_disk_sp1_6cpu/Achillea.atrata/proj_mpi.esm1.2.hr_ssp585/individual_projections/proj_mpi.esm1.2.hr_ssp585_Achillea.atrata_PA5_RUN5_FDA.tif
[2026-08-02 06:27:47] 		Writing projection on hard drive...
[2026-08-02 06:27:47] 		 /work/data/output_disk_sp1_6cpu/Achillea.atrata/proj_mpi.esm1.2.hr_ssp585/individual_projections/proj_mpi.esm1.2.hr_ssp585_Achillea.atrata_PA5_RUN4_GLM.tif
[2026-08-02 06:28:10] 	> Projecting Achillea.atrata_PA5_RUN5_GBM ...
[2026-08-02 06:28:11] 		Writing projection on hard drive...
[2026-08-02 06:41:26] 		 /work/data/output_disk_sp1_6cpu/Achillea.atrata/proj_mpi.esm1.2.hr_ssp585/individual_projections/proj_mpi.esm1.2.hr_ssp585_Achillea.atrata_PA5_RUN5_GLM.tif
[2026-08-02 06:41:27] 		Writing projection on hard drive...
[2026-08-02 06:41:27] 		 /work/data/output_disk_sp1_6cpu/Achillea.atrata/proj_mpi.esm1.2.hr_ssp585/individual_projections/proj_mpi.esm1.2.hr_ssp585_Achillea.atrata_PA5_RUN5_GBM.tif
[2026-08-02 06:41:27] -=-=-=-=-=-=-=-=-=-=-=-=-=-=-=-=-=-= Done -=-=-=-=-=-=-=-=-=-=-=-=-=-=-=-=-=-=
[2026-08-02 06:41:27] 
[2026-08-02 06:41:27] -=-=-=-=-=-=-=-=-=-=-=-= Do Ensemble Models Projection -=-=-=-=-=-=-=-=-=-=-=-=
[2026-08-02 06:41:27] 
[2026-08-02 06:41:27] Creating suitable Workdir...
[2026-08-02 06:41:27] 
[2026-08-02 06:41:27] 	> Projecting Achillea.atrata_EMmeanByAUCroc_mergedData_mergedRun_mergedAlgo ...|---------|---------|---------|---------|
[2026-08-02 06:57:24] 	> Projecting Achillea.atrata_EMcvByAUCroc_mergedData_mergedRun_mergedAlgo ...|---------|---------|---------|---------|===================================================                                          
[2026-08-02 07:05:14] 		Writing projection on hard drive...===============================                                          
[2026-08-02 07:05:16] 		Writing projection on hard drive...
[2026-08-02 07:05:16] 
[2026-08-02 07:05:16] ! Binary/Filtered transformation automatically desactivated for ensemble models with coefficient of variation or confidence intervals
[2026-08-02 07:05:21] 	> Building TSS binaries / filtered
[2026-08-02 07:05:26] 	> Building AUCroc binaries / filtered
[2026-08-02 07:05:31] 	> Building KAPPA binaries / filtered
[2026-08-02 07:05:31] 
[2026-08-02 07:05:31] -=-=-=-=-=-=-=-=-=-=-=-=-=-=-=-=-=-= Done -=-=-=-=-=-=-=-=-=-=-=-=-=-=-=-=-=-=
[2026-08-02 07:05:32] 
[2026-08-02 07:05:32] 
[2026-08-02 07:05:32] DEBUG: Processing future scenario 7 of 8 : /work/data/input/climate_vars/future/mri.esm2.0/ssp370 
[2026-08-02 07:05:32] DEBUG: Raster loaded, ncell = 63951097 , hasValues = TRUE 
[2026-08-02 07:05:32] 
[2026-08-02 07:05:32] -=-=-=-=-=-=-=-=-=-=-=-=-= Do Single Models Projection -=-=-=-=-=-=-=-=-=-=-=-=-=
[2026-08-02 07:05:56] 
[2026-08-02 07:05:56] 		! 'overwrite' arg is set as FALSE. Projections that have already been saved will not be redone. 
[2026-08-02 07:05:56]         Please be carfeul if you have changed the models in the meantime. 
[2026-08-02 07:05:56] 	> Building clamping mask
[2026-08-02 07:06:59] 
[2026-08-02 07:06:59] 	> Projecting Achillea.atrata_PA1_RUN1_GLM ...
[2026-08-02 07:06:59] 	> Projecting Achillea.atrata_PA1_RUN1_GBM ...
[2026-08-02 07:07:00] 	> Projecting Achillea.atrata_PA1_RUN1_ANN ...
[2026-08-02 07:07:00] 	> Projecting Achillea.atrata_PA1_RUN1_FDA ...
[2026-08-02 07:07:00] 	> Projecting Achillea.atrata_PA1_RUN1_MAXNET ...
[2026-08-02 07:07:44] 	> Projecting Achillea.atrata_PA1_RUN2_GLM ...
[2026-08-02 07:07:45] 		Writing projection on hard drive...
[2026-08-02 07:07:45] 		Writing projection on hard drive...
[2026-08-02 07:07:45] 		 /work/data/output_disk_sp1_6cpu/Achillea.atrata/proj_mri.esm2.0_ssp370/individual_projections/proj_mri.esm2.0_ssp370_Achillea.atrata_PA1_RUN1_GLM.tif
[2026-08-02 07:07:46] 	> Projecting Achillea.atrata_PA1_RUN2_GBM ...
[2026-08-02 07:07:46] 		 /work/data/output_disk_sp1_6cpu/Achillea.atrata/proj_mri.esm2.0_ssp370/individual_projections/proj_mri.esm2.0_ssp370_Achillea.atrata_PA1_RUN2_GLM.tif
[2026-08-02 07:07:49] 	> Projecting Achillea.atrata_PA1_RUN3_GBM ...
[2026-08-02 07:07:50] 		Writing projection on hard drive...
[2026-08-02 07:07:50] 		 /work/data/output_disk_sp1_6cpu/Achillea.atrata/proj_mri.esm2.0_ssp370/individual_projections/proj_mri.esm2.0_ssp370_Achillea.atrata_PA1_RUN1_MAXNET.tif
[2026-08-02 07:08:04] 	> Projecting Achillea.atrata_PA1_RUN3_GLM ...
[2026-08-02 07:08:05] 		Writing projection on hard drive...
[2026-08-02 07:08:05] 		 /work/data/output_disk_sp1_6cpu/Achillea.atrata/proj_mri.esm2.0_ssp370/individual_projections/proj_mri.esm2.0_ssp370_Achillea.atrata_PA1_RUN1_FDA.tif
[2026-08-02 07:08:17] 	> Projecting Achillea.atrata_PA1_RUN2_MAXNET ...
[2026-08-02 07:08:18] 		Writing projection on hard drive...
[2026-08-02 07:08:18] 		 /work/data/output_disk_sp1_6cpu/Achillea.atrata/proj_mri.esm2.0_ssp370/individual_projections/proj_mri.esm2.0_ssp370_Achillea.atrata_PA1_RUN1_ANN.tif
[2026-08-02 07:08:32] 	> Projecting Achillea.atrata_PA1_RUN2_FDA ...
[2026-08-02 07:08:33] 		Writing projection on hard drive...
[2026-08-02 07:08:33] 		 /work/data/output_disk_sp1_6cpu/Achillea.atrata/proj_mri.esm2.0_ssp370/individual_projections/proj_mri.esm2.0_ssp370_Achillea.atrata_PA1_RUN3_GLM.tif
[2026-08-02 07:08:55] 	> Projecting Achillea.atrata_PA1_RUN4_GBM ...
[2026-08-02 07:08:56] 		Writing projection on hard drive...
[2026-08-02 07:08:56] 		 /work/data/output_disk_sp1_6cpu/Achillea.atrata/proj_mri.esm2.0_ssp370/individual_projections/proj_mri.esm2.0_ssp370_Achillea.atrata_PA1_RUN2_MAXNET.tif
[2026-08-02 07:09:12] 	> Projecting Achillea.atrata_PA1_RUN4_GLM ...
[2026-08-02 07:09:13] 		Writing projection on hard drive...
[2026-08-02 07:09:13] 		 /work/data/output_disk_sp1_6cpu/Achillea.atrata/proj_mri.esm2.0_ssp370/individual_projections/proj_mri.esm2.0_ssp370_Achillea.atrata_PA1_RUN2_FDA.tif
[2026-08-02 07:09:31] 	> Projecting Achillea.atrata_PA1_RUN3_MAXNET ...
[2026-08-02 07:09:32] 		Writing projection on hard drive...
[2026-08-02 07:09:32] 		 /work/data/output_disk_sp1_6cpu/Achillea.atrata/proj_mri.esm2.0_ssp370/individual_projections/proj_mri.esm2.0_ssp370_Achillea.atrata_PA1_RUN4_GLM.tif
[2026-08-02 07:10:00] 	> Projecting Achillea.atrata_PA1_RUN5_GBM ...
[2026-08-02 07:10:01] 		Writing projection on hard drive...
[2026-08-02 07:10:01] 		 /work/data/output_disk_sp1_6cpu/Achillea.atrata/proj_mri.esm2.0_ssp370/individual_projections/proj_mri.esm2.0_ssp370_Achillea.atrata_PA1_RUN3_MAXNET.tif
[2026-08-02 07:10:37] 	> Projecting Achillea.atrata_PA1_RUN5_GLM ...
[2026-08-02 07:10:38] 		Writing projection on hard drive...
[2026-08-02 07:10:38] 		 /work/data/output_disk_sp1_6cpu/Achillea.atrata/proj_mri.esm2.0_ssp370/individual_projections/proj_mri.esm2.0_ssp370_Achillea.atrata_PA1_RUN5_GLM.tif
[2026-08-02 07:21:16] 	> Projecting Achillea.atrata_PA2_RUN1_GBM ...
[2026-08-02 07:21:17] 		Writing projection on hard drive...
[2026-08-02 07:21:17] 		 /work/data/output_disk_sp1_6cpu/Achillea.atrata/proj_mri.esm2.0_ssp370/individual_projections/proj_mri.esm2.0_ssp370_Achillea.atrata_PA1_RUN1_GBM.tif
[2026-08-02 07:21:56] 	> Projecting Achillea.atrata_PA1_RUN2_ANN ...
[2026-08-02 07:21:57] 		Writing projection on hard drive...
[2026-08-02 07:21:57] 		 /work/data/output_disk_sp1_6cpu/Achillea.atrata/proj_mri.esm2.0_ssp370/individual_projections/proj_mri.esm2.0_ssp370_Achillea.atrata_PA1_RUN2_GBM.tif
[2026-08-02 07:22:12] 	> Projecting Achillea.atrata_PA1_RUN3_ANN ...
[2026-08-02 07:22:13] 		Writing projection on hard drive...
[2026-08-02 07:22:13] 		 /work/data/output_disk_sp1_6cpu/Achillea.atrata/proj_mri.esm2.0_ssp370/individual_projections/proj_mri.esm2.0_ssp370_Achillea.atrata_PA1_RUN3_GBM.tif
[2026-08-02 07:22:29] 	> Projecting Achillea.atrata_PA1_RUN4_ANN ...
[2026-08-02 07:22:30] 		Writing projection on hard drive...
[2026-08-02 07:22:30] 		 /work/data/output_disk_sp1_6cpu/Achillea.atrata/proj_mri.esm2.0_ssp370/individual_projections/proj_mri.esm2.0_ssp370_Achillea.atrata_PA1_RUN2_ANN.tif
[2026-08-02 07:22:39] 	> Projecting Achillea.atrata_PA1_RUN3_FDA ...
[2026-08-02 07:22:40] 		Writing projection on hard drive...
[2026-08-02 07:22:40] 		 /work/data/output_disk_sp1_6cpu/Achillea.atrata/proj_mri.esm2.0_ssp370/individual_projections/proj_mri.esm2.0_ssp370_Achillea.atrata_PA1_RUN4_GBM.tif
[2026-08-02 07:22:56] 	> Projecting Achillea.atrata_PA1_RUN5_ANN ...
[2026-08-02 07:22:57] 		Writing projection on hard drive...
[2026-08-02 07:22:57] 		 /work/data/output_disk_sp1_6cpu/Achillea.atrata/proj_mri.esm2.0_ssp370/individual_projections/proj_mri.esm2.0_ssp370_Achillea.atrata_PA1_RUN3_ANN.tif
[2026-08-02 07:23:13] 	> Projecting Achillea.atrata_PA1_RUN4_FDA ...
[2026-08-02 07:23:14] 		Writing projection on hard drive...
[2026-08-02 07:23:14] 		 /work/data/output_disk_sp1_6cpu/Achillea.atrata/proj_mri.esm2.0_ssp370/individual_projections/proj_mri.esm2.0_ssp370_Achillea.atrata_PA1_RUN4_ANN.tif
[2026-08-02 07:23:32] 	> Projecting Achillea.atrata_PA1_RUN5_FDA ...
[2026-08-02 07:23:33] 		Writing projection on hard drive...
[2026-08-02 07:23:33] 		 /work/data/output_disk_sp1_6cpu/Achillea.atrata/proj_mri.esm2.0_ssp370/individual_projections/proj_mri.esm2.0_ssp370_Achillea.atrata_PA1_RUN3_FDA.tif
[2026-08-02 07:23:45] 	> Projecting Achillea.atrata_PA1_RUN4_MAXNET ...
[2026-08-02 07:23:45] 		Writing projection on hard drive...
[2026-08-02 07:23:45] 		 /work/data/output_disk_sp1_6cpu/Achillea.atrata/proj_mri.esm2.0_ssp370/individual_projections/proj_mri.esm2.0_ssp370_Achillea.atrata_PA1_RUN5_ANN.tif
[2026-08-02 07:24:00] 	> Projecting Achillea.atrata_PA2_RUN1_FDA ...
[2026-08-02 07:24:01] 		Writing projection on hard drive...
[2026-08-02 07:24:01] 		 /work/data/output_disk_sp1_6cpu/Achillea.atrata/proj_mri.esm2.0_ssp370/individual_projections/proj_mri.esm2.0_ssp370_Achillea.atrata_PA1_RUN4_FDA.tif
[2026-08-02 07:24:02] 	> Projecting Achillea.atrata_PA1_RUN5_MAXNET ...
[2026-08-02 07:24:03] 		Writing projection on hard drive...
[2026-08-02 07:24:03] 		 /work/data/output_disk_sp1_6cpu/Achillea.atrata/proj_mri.esm2.0_ssp370/individual_projections/proj_mri.esm2.0_ssp370_Achillea.atrata_PA1_RUN5_GBM.tif
[2026-08-02 07:24:17] 	> Projecting Achillea.atrata_PA2_RUN1_ANN ...
[2026-08-02 07:24:18] 		Writing projection on hard drive...
[2026-08-02 07:24:18] 		Writing projection on hard drive...
[2026-08-02 07:24:18] 		 /work/data/output_disk_sp1_6cpu/Achillea.atrata/proj_mri.esm2.0_ssp370/individual_projections/proj_mri.esm2.0_ssp370_Achillea.atrata_PA1_RUN5_FDA.tif
[2026-08-02 07:24:19] 	> Projecting Achillea.atrata_PA2_RUN1_MAXNET ...
[2026-08-02 07:24:19] 		 /work/data/output_disk_sp1_6cpu/Achillea.atrata/proj_mri.esm2.0_ssp370/individual_projections/proj_mri.esm2.0_ssp370_Achillea.atrata_PA1_RUN4_MAXNET.tif
[2026-08-02 07:24:39] 	> Projecting Achillea.atrata_PA2_RUN1_GLM ...
[2026-08-02 07:24:40] 		Writing projection on hard drive...
[2026-08-02 07:24:40] 		 /work/data/output_disk_sp1_6cpu/Achillea.atrata/proj_mri.esm2.0_ssp370/individual_projections/proj_mri.esm2.0_ssp370_Achillea.atrata_PA2_RUN1_FDA.tif
[2026-08-02 07:24:53] 	> Projecting Achillea.atrata_PA2_RUN2_MAXNET ...
[2026-08-02 07:24:54] 		Writing projection on hard drive...
[2026-08-02 07:24:54] 		 /work/data/output_disk_sp1_6cpu/Achillea.atrata/proj_mri.esm2.0_ssp370/individual_projections/proj_mri.esm2.0_ssp370_Achillea.atrata_PA1_RUN5_MAXNET.tif
[2026-08-02 07:24:57] 	> Projecting Achillea.atrata_PA2_RUN2_GLM ...
[2026-08-02 07:24:58] 		Writing projection on hard drive...
[2026-08-02 07:24:58] 		 /work/data/output_disk_sp1_6cpu/Achillea.atrata/proj_mri.esm2.0_ssp370/individual_projections/proj_mri.esm2.0_ssp370_Achillea.atrata_PA2_RUN1_GLM.tif
[2026-08-02 07:25:03] 	> Projecting Achillea.atrata_PA2_RUN2_GBM ...
[2026-08-02 07:25:03] 		Writing projection on hard drive...
[2026-08-02 07:25:03] 		 /work/data/output_disk_sp1_6cpu/Achillea.atrata/proj_mri.esm2.0_ssp370/individual_projections/proj_mri.esm2.0_ssp370_Achillea.atrata_PA2_RUN1_GBM.tif
[2026-08-02 07:25:11] 	> Projecting Achillea.atrata_PA2_RUN2_ANN ...
[2026-08-02 07:25:12] 		Writing projection on hard drive...
[2026-08-02 07:25:12] 		 /work/data/output_disk_sp1_6cpu/Achillea.atrata/proj_mri.esm2.0_ssp370/individual_projections/proj_mri.esm2.0_ssp370_Achillea.atrata_PA2_RUN1_MAXNET.tif
[2026-08-02 07:25:14] 	> Projecting Achillea.atrata_PA2_RUN3_GLM ...
[2026-08-02 07:25:15] 		Writing projection on hard drive...
[2026-08-02 07:25:15] 		 /work/data/output_disk_sp1_6cpu/Achillea.atrata/proj_mri.esm2.0_ssp370/individual_projections/proj_mri.esm2.0_ssp370_Achillea.atrata_PA2_RUN1_ANN.tif
[2026-08-02 07:25:26] 	> Projecting Achillea.atrata_PA2_RUN2_FDA ...
[2026-08-02 07:25:27] 		Writing projection on hard drive...
[2026-08-02 07:25:27] 		 /work/data/output_disk_sp1_6cpu/Achillea.atrata/proj_mri.esm2.0_ssp370/individual_projections/proj_mri.esm2.0_ssp370_Achillea.atrata_PA2_RUN2_MAXNET.tif
[2026-08-02 07:25:37] 	> Projecting Achillea.atrata_PA2_RUN4_GLM ...
[2026-08-02 07:25:38] 		Writing projection on hard drive...
[2026-08-02 07:25:38] 		 /work/data/output_disk_sp1_6cpu/Achillea.atrata/proj_mri.esm2.0_ssp370/individual_projections/proj_mri.esm2.0_ssp370_Achillea.atrata_PA2_RUN2_GLM.tif
[2026-08-02 07:25:53] 	> Projecting Achillea.atrata_PA2_RUN3_GBM ...
[2026-08-02 07:25:54] 		Writing projection on hard drive...
[2026-08-02 07:25:54] 		 /work/data/output_disk_sp1_6cpu/Achillea.atrata/proj_mri.esm2.0_ssp370/individual_projections/proj_mri.esm2.0_ssp370_Achillea.atrata_PA2_RUN3_GLM.tif
[2026-08-02 07:26:02] 	> Projecting Achillea.atrata_PA2_RUN4_GBM ...
[2026-08-02 07:26:02] 		Writing projection on hard drive...
[2026-08-02 07:26:02] 		 /work/data/output_disk_sp1_6cpu/Achillea.atrata/proj_mri.esm2.0_ssp370/individual_projections/proj_mri.esm2.0_ssp370_Achillea.atrata_PA2_RUN2_ANN.tif
[2026-08-02 07:26:07] 	> Projecting Achillea.atrata_PA2_RUN3_FDA ...
[2026-08-02 07:26:07] 		Writing projection on hard drive...
[2026-08-02 07:26:08] 		Writing projection on hard drive...
[2026-08-02 07:26:08] 		 /work/data/output_disk_sp1_6cpu/Achillea.atrata/proj_mri.esm2.0_ssp370/individual_projections/proj_mri.esm2.0_ssp370_Achillea.atrata_PA2_RUN2_FDA.tif
[2026-08-02 07:26:08] 	> Projecting Achillea.atrata_PA2_RUN3_MAXNET ...
[2026-08-02 07:26:08] 		 /work/data/output_disk_sp1_6cpu/Achillea.atrata/proj_mri.esm2.0_ssp370/individual_projections/proj_mri.esm2.0_ssp370_Achillea.atrata_PA2_RUN4_GLM.tif
[2026-08-02 07:26:47] 	> Projecting Achillea.atrata_PA2_RUN5_GBM ...
[2026-08-02 07:26:48] 		Writing projection on hard drive...
[2026-08-02 07:26:48] 		 /work/data/output_disk_sp1_6cpu/Achillea.atrata/proj_mri.esm2.0_ssp370/individual_projections/proj_mri.esm2.0_ssp370_Achillea.atrata_PA2_RUN3_MAXNET.tif
[2026-08-02 07:26:53] 	> Projecting Achillea.atrata_PA2_RUN5_GLM ...
[2026-08-02 07:26:53] 		Writing projection on hard drive...
[2026-08-02 07:26:53] 		 /work/data/output_disk_sp1_6cpu/Achillea.atrata/proj_mri.esm2.0_ssp370/individual_projections/proj_mri.esm2.0_ssp370_Achillea.atrata_PA2_RUN3_FDA.tif
[2026-08-02 07:27:19] 	> Projecting Achillea.atrata_PA2_RUN4_MAXNET ...
[2026-08-02 07:27:20] 		Writing projection on hard drive...
[2026-08-02 07:27:20] 		 /work/data/output_disk_sp1_6cpu/Achillea.atrata/proj_mri.esm2.0_ssp370/individual_projections/proj_mri.esm2.0_ssp370_Achillea.atrata_PA2_RUN5_GLM.tif
[2026-08-02 07:27:36] 	> Projecting Achillea.atrata_PA3_RUN1_GBM ...
[2026-08-02 07:27:37] 		Writing projection on hard drive...
[2026-08-02 07:27:37] 		 /work/data/output_disk_sp1_6cpu/Achillea.atrata/proj_mri.esm2.0_ssp370/individual_projections/proj_mri.esm2.0_ssp370_Achillea.atrata_PA2_RUN4_MAXNET.tif
[2026-08-02 07:28:16] 	> Projecting Achillea.atrata_PA3_RUN1_GLM ...
[2026-08-02 07:28:17] 		Writing projection on hard drive...
[2026-08-02 07:28:17] 		 /work/data/output_disk_sp1_6cpu/Achillea.atrata/proj_mri.esm2.0_ssp370/individual_projections/proj_mri.esm2.0_ssp370_Achillea.atrata_PA3_RUN1_GLM.tif
[2026-08-02 07:39:30] 	> Projecting Achillea.atrata_PA3_RUN2_GBM ...
[2026-08-02 07:39:30] 		Writing projection on hard drive...
[2026-08-02 07:39:30] 		 /work/data/output_disk_sp1_6cpu/Achillea.atrata/proj_mri.esm2.0_ssp370/individual_projections/proj_mri.esm2.0_ssp370_Achillea.atrata_PA2_RUN2_GBM.tif
[2026-08-02 07:39:47] 	> Projecting Achillea.atrata_PA2_RUN3_ANN ...
[2026-08-02 07:39:48] 		Writing projection on hard drive...
[2026-08-02 07:39:48] 		 /work/data/output_disk_sp1_6cpu/Achillea.atrata/proj_mri.esm2.0_ssp370/individual_projections/proj_mri.esm2.0_ssp370_Achillea.atrata_PA2_RUN3_GBM.tif
[2026-08-02 07:40:10] 	> Projecting Achillea.atrata_PA2_RUN4_ANN ...
[2026-08-02 07:40:11] 		Writing projection on hard drive...
[2026-08-02 07:40:11] 		 /work/data/output_disk_sp1_6cpu/Achillea.atrata/proj_mri.esm2.0_ssp370/individual_projections/proj_mri.esm2.0_ssp370_Achillea.atrata_PA2_RUN4_GBM.tif
[2026-08-02 07:40:22] 	> Projecting Achillea.atrata_PA2_RUN5_ANN ...
[2026-08-02 07:40:23] 		Writing projection on hard drive...
[2026-08-02 07:40:23] 		 /work/data/output_disk_sp1_6cpu/Achillea.atrata/proj_mri.esm2.0_ssp370/individual_projections/proj_mri.esm2.0_ssp370_Achillea.atrata_PA2_RUN5_GBM.tif
[2026-08-02 07:40:36] 	> Projecting Achillea.atrata_PA3_RUN1_ANN ...
[2026-08-02 07:40:36] 		Writing projection on hard drive...
[2026-08-02 07:40:36] 		 /work/data/output_disk_sp1_6cpu/Achillea.atrata/proj_mri.esm2.0_ssp370/individual_projections/proj_mri.esm2.0_ssp370_Achillea.atrata_PA2_RUN3_ANN.tif
[2026-08-02 07:40:54] 	> Projecting Achillea.atrata_PA2_RUN4_FDA ...
[2026-08-02 07:40:54] 		Writing projection on hard drive...
[2026-08-02 07:40:54] 		 /work/data/output_disk_sp1_6cpu/Achillea.atrata/proj_mri.esm2.0_ssp370/individual_projections/proj_mri.esm2.0_ssp370_Achillea.atrata_PA2_RUN4_ANN.tif
[2026-08-02 07:41:12] 	> Projecting Achillea.atrata_PA2_RUN5_FDA ...
[2026-08-02 07:41:13] 		Writing projection on hard drive...
[2026-08-02 07:41:13] 		Writing projection on hard drive...
[2026-08-02 07:41:13] 		 /work/data/output_disk_sp1_6cpu/Achillea.atrata/proj_mri.esm2.0_ssp370/individual_projections/proj_mri.esm2.0_ssp370_Achillea.atrata_PA3_RUN1_GBM.tif
[2026-08-02 07:41:14] 	> Projecting Achillea.atrata_PA3_RUN2_ANN ...
[2026-08-02 07:41:14] 		 /work/data/output_disk_sp1_6cpu/Achillea.atrata/proj_mri.esm2.0_ssp370/individual_projections/proj_mri.esm2.0_ssp370_Achillea.atrata_PA2_RUN5_ANN.tif
[2026-08-02 07:41:22] 	> Projecting Achillea.atrata_PA3_RUN1_FDA ...
[2026-08-02 07:41:22] 		Writing projection on hard drive...
[2026-08-02 07:41:22] 		 /work/data/output_disk_sp1_6cpu/Achillea.atrata/proj_mri.esm2.0_ssp370/individual_projections/proj_mri.esm2.0_ssp370_Achillea.atrata_PA3_RUN1_ANN.tif
[2026-08-02 07:41:32] 	> Projecting Achillea.atrata_PA3_RUN2_FDA ...
[2026-08-02 07:41:32] 		Writing projection on hard drive...
[2026-08-02 07:41:32] 		 /work/data/output_disk_sp1_6cpu/Achillea.atrata/proj_mri.esm2.0_ssp370/individual_projections/proj_mri.esm2.0_ssp370_Achillea.atrata_PA2_RUN4_FDA.tif
[2026-08-02 07:41:36] 	> Projecting Achillea.atrata_PA2_RUN5_MAXNET ...
[2026-08-02 07:41:37] 		Writing projection on hard drive...
[2026-08-02 07:41:37] 		 /work/data/output_disk_sp1_6cpu/Achillea.atrata/proj_mri.esm2.0_ssp370/individual_projections/proj_mri.esm2.0_ssp370_Achillea.atrata_PA3_RUN2_GBM.tif
[2026-08-02 07:41:55] 	> Projecting Achillea.atrata_PA3_RUN3_ANN ...
[2026-08-02 07:41:56] 		Writing projection on hard drive...
[2026-08-02 07:41:56] 		 /work/data/output_disk_sp1_6cpu/Achillea.atrata/proj_mri.esm2.0_ssp370/individual_projections/proj_mri.esm2.0_ssp370_Achillea.atrata_PA2_RUN5_FDA.tif
[2026-08-02 07:42:04] 	> Projecting Achillea.atrata_PA3_RUN1_MAXNET ...
[2026-08-02 07:42:04] 		Writing projection on hard drive...
[2026-08-02 07:42:04] 		 /work/data/output_disk_sp1_6cpu/Achillea.atrata/proj_mri.esm2.0_ssp370/individual_projections/proj_mri.esm2.0_ssp370_Achillea.atrata_PA3_RUN1_FDA.tif
[2026-08-02 07:42:10] 	> Projecting Achillea.atrata_PA3_RUN2_MAXNET ...
[2026-08-02 07:42:11] 		Writing projection on hard drive...
[2026-08-02 07:42:11] 		 /work/data/output_disk_sp1_6cpu/Achillea.atrata/proj_mri.esm2.0_ssp370/individual_projections/proj_mri.esm2.0_ssp370_Achillea.atrata_PA3_RUN2_ANN.tif
[2026-08-02 07:42:17] 	> Projecting Achillea.atrata_PA3_RUN3_FDA ...
[2026-08-02 07:42:18] 		Writing projection on hard drive...
[2026-08-02 07:42:18] 		 /work/data/output_disk_sp1_6cpu/Achillea.atrata/proj_mri.esm2.0_ssp370/individual_projections/proj_mri.esm2.0_ssp370_Achillea.atrata_PA3_RUN2_FDA.tif
[2026-08-02 07:42:22] 	> Projecting Achillea.atrata_PA3_RUN3_MAXNET ...
[2026-08-02 07:42:22] 		Writing projection on hard drive...
[2026-08-02 07:42:22] 		 /work/data/output_disk_sp1_6cpu/Achillea.atrata/proj_mri.esm2.0_ssp370/individual_projections/proj_mri.esm2.0_ssp370_Achillea.atrata_PA2_RUN5_MAXNET.tif
[2026-08-02 07:42:37] 	> Projecting Achillea.atrata_PA3_RUN2_GLM ...
[2026-08-02 07:42:38] 		Writing projection on hard drive...
[2026-08-02 07:42:38] 		 /work/data/output_disk_sp1_6cpu/Achillea.atrata/proj_mri.esm2.0_ssp370/individual_projections/proj_mri.esm2.0_ssp370_Achillea.atrata_PA3_RUN3_ANN.tif
[2026-08-02 07:42:45] 	> Projecting Achillea.atrata_PA3_RUN4_FDA ...
[2026-08-02 07:42:45] 		Writing projection on hard drive...
[2026-08-02 07:42:45] 		 /work/data/output_disk_sp1_6cpu/Achillea.atrata/proj_mri.esm2.0_ssp370/individual_projections/proj_mri.esm2.0_ssp370_Achillea.atrata_PA3_RUN1_MAXNET.tif
[2026-08-02 07:42:47] 	> Projecting Achillea.atrata_PA3_RUN3_GLM ...
[2026-08-02 07:42:47] 		Writing projection on hard drive...
[2026-08-02 07:42:47] 		 /work/data/output_disk_sp1_6cpu/Achillea.atrata/proj_mri.esm2.0_ssp370/individual_projections/proj_mri.esm2.0_ssp370_Achillea.atrata_PA3_RUN2_MAXNET.tif
[2026-08-02 07:43:02] 	> Projecting Achillea.atrata_PA3_RUN4_GLM ...
[2026-08-02 07:43:02] 		Writing projection on hard drive...
[2026-08-02 07:43:02] 		 /work/data/output_disk_sp1_6cpu/Achillea.atrata/proj_mri.esm2.0_ssp370/individual_projections/proj_mri.esm2.0_ssp370_Achillea.atrata_PA3_RUN3_MAXNET.tif
[2026-08-02 07:43:05] 	> Projecting Achillea.atrata_PA3_RUN5_GLM ...
[2026-08-02 07:43:06] 		Writing projection on hard drive...
[2026-08-02 07:43:06] 		 /work/data/output_disk_sp1_6cpu/Achillea.atrata/proj_mri.esm2.0_ssp370/individual_projections/proj_mri.esm2.0_ssp370_Achillea.atrata_PA3_RUN2_GLM.tif
[2026-08-02 07:43:08] 	> Projecting Achillea.atrata_PA3_RUN3_GBM ...
[2026-08-02 07:43:08] 		Writing projection on hard drive...
[2026-08-02 07:43:08] 		 /work/data/output_disk_sp1_6cpu/Achillea.atrata/proj_mri.esm2.0_ssp370/individual_projections/proj_mri.esm2.0_ssp370_Achillea.atrata_PA3_RUN3_FDA.tif
[2026-08-02 07:43:22] 	> Projecting Achillea.atrata_PA3_RUN4_MAXNET ...
[2026-08-02 07:43:22] 		Writing projection on hard drive...
[2026-08-02 07:43:22] 		 /work/data/output_disk_sp1_6cpu/Achillea.atrata/proj_mri.esm2.0_ssp370/individual_projections/proj_mri.esm2.0_ssp370_Achillea.atrata_PA3_RUN4_GLM.tif
[2026-08-02 07:43:23] 	> Projecting Achillea.atrata_PA3_RUN5_GBM ...
[2026-08-02 07:43:24] 		Writing projection on hard drive...
[2026-08-02 07:43:24] 		 /work/data/output_disk_sp1_6cpu/Achillea.atrata/proj_mri.esm2.0_ssp370/individual_projections/proj_mri.esm2.0_ssp370_Achillea.atrata_PA3_RUN3_GLM.tif
[2026-08-02 07:43:28] 	> Projecting Achillea.atrata_PA3_RUN4_GBM ...
[2026-08-02 07:43:29] 		Writing projection on hard drive...
[2026-08-02 07:43:29] 		 /work/data/output_disk_sp1_6cpu/Achillea.atrata/proj_mri.esm2.0_ssp370/individual_projections/proj_mri.esm2.0_ssp370_Achillea.atrata_PA3_RUN4_FDA.tif
[2026-08-02 07:43:38] 	> Projecting Achillea.atrata_PA3_RUN5_MAXNET ...
[2026-08-02 07:43:39] 		Writing projection on hard drive...
[2026-08-02 07:43:39] 		 /work/data/output_disk_sp1_6cpu/Achillea.atrata/proj_mri.esm2.0_ssp370/individual_projections/proj_mri.esm2.0_ssp370_Achillea.atrata_PA3_RUN5_GLM.tif
[2026-08-02 07:43:53] 	> Projecting Achillea.atrata_PA4_RUN1_GBM ...
[2026-08-02 07:43:54] 		Writing projection on hard drive...
[2026-08-02 07:43:54] 		 /work/data/output_disk_sp1_6cpu/Achillea.atrata/proj_mri.esm2.0_ssp370/individual_projections/proj_mri.esm2.0_ssp370_Achillea.atrata_PA3_RUN4_MAXNET.tif
[2026-08-02 07:44:09] 	> Projecting Achillea.atrata_PA4_RUN1_GLM ...
[2026-08-02 07:44:09] 		Writing projection on hard drive...
[2026-08-02 07:44:09] 		 /work/data/output_disk_sp1_6cpu/Achillea.atrata/proj_mri.esm2.0_ssp370/individual_projections/proj_mri.esm2.0_ssp370_Achillea.atrata_PA3_RUN5_MAXNET.tif
[2026-08-02 07:44:28] 	> Projecting Achillea.atrata_PA4_RUN2_GLM ...
[2026-08-02 07:44:29] 		Writing projection on hard drive...
[2026-08-02 07:44:29] 		 /work/data/output_disk_sp1_6cpu/Achillea.atrata/proj_mri.esm2.0_ssp370/individual_projections/proj_mri.esm2.0_ssp370_Achillea.atrata_PA4_RUN1_GLM.tif
[2026-08-02 07:44:46] 	> Projecting Achillea.atrata_PA4_RUN2_GBM ...
[2026-08-02 07:44:46] 		Writing projection on hard drive...
[2026-08-02 07:44:46] 		 /work/data/output_disk_sp1_6cpu/Achillea.atrata/proj_mri.esm2.0_ssp370/individual_projections/proj_mri.esm2.0_ssp370_Achillea.atrata_PA4_RUN2_GLM.tif
[2026-08-02 07:57:00] 	> Projecting Achillea.atrata_PA4_RUN3_GBM ...
[2026-08-02 07:57:01] 		Writing projection on hard drive...
[2026-08-02 07:57:01] 		 /work/data/output_disk_sp1_6cpu/Achillea.atrata/proj_mri.esm2.0_ssp370/individual_projections/proj_mri.esm2.0_ssp370_Achillea.atrata_PA3_RUN5_GBM.tif
[2026-08-02 07:57:21] 	> Projecting Achillea.atrata_PA4_RUN1_ANN ...
[2026-08-02 07:57:22] 		Writing projection on hard drive...
[2026-08-02 07:57:22] 		 /work/data/output_disk_sp1_6cpu/Achillea.atrata/proj_mri.esm2.0_ssp370/individual_projections/proj_mri.esm2.0_ssp370_Achillea.atrata_PA3_RUN3_GBM.tif
[2026-08-02 07:57:24] 	> Projecting Achillea.atrata_PA3_RUN4_ANN ...
[2026-08-02 07:57:25] 		Writing projection on hard drive...
[2026-08-02 07:57:25] 		 /work/data/output_disk_sp1_6cpu/Achillea.atrata/proj_mri.esm2.0_ssp370/individual_projections/proj_mri.esm2.0_ssp370_Achillea.atrata_PA3_RUN4_GBM.tif
[2026-08-02 07:57:48] 	> Projecting Achillea.atrata_PA3_RUN5_ANN ...
[2026-08-02 07:57:49] 		Writing projection on hard drive...
[2026-08-02 07:57:49] 		 /work/data/output_disk_sp1_6cpu/Achillea.atrata/proj_mri.esm2.0_ssp370/individual_projections/proj_mri.esm2.0_ssp370_Achillea.atrata_PA4_RUN1_GBM.tif
[2026-08-02 07:58:02] 	> Projecting Achillea.atrata_PA4_RUN2_ANN ...
[2026-08-02 07:58:03] 		Writing projection on hard drive...
[2026-08-02 07:58:03] 		 /work/data/output_disk_sp1_6cpu/Achillea.atrata/proj_mri.esm2.0_ssp370/individual_projections/proj_mri.esm2.0_ssp370_Achillea.atrata_PA4_RUN1_ANN.tif
[2026-08-02 07:58:24] 	> Projecting Achillea.atrata_PA4_RUN2_FDA ...
[2026-08-02 07:58:24] 		Writing projection on hard drive...
[2026-08-02 07:58:25] 		Writing projection on hard drive...
[2026-08-02 07:58:25] 		 /work/data/output_disk_sp1_6cpu/Achillea.atrata/proj_mri.esm2.0_ssp370/individual_projections/proj_mri.esm2.0_ssp370_Achillea.atrata_PA3_RUN4_ANN.tif
[2026-08-02 07:58:25] 	> Projecting Achillea.atrata_PA3_RUN5_FDA ...
[2026-08-02 07:58:25] 		 /work/data/output_disk_sp1_6cpu/Achillea.atrata/proj_mri.esm2.0_ssp370/individual_projections/proj_mri.esm2.0_ssp370_Achillea.atrata_PA3_RUN5_ANN.tif
[2026-08-02 07:58:29] 	> Projecting Achillea.atrata_PA4_RUN1_FDA ...
[2026-08-02 07:58:30] 		Writing projection on hard drive...
[2026-08-02 07:58:30] 		Writing projection on hard drive...
[2026-08-02 07:58:30] 		 /work/data/output_disk_sp1_6cpu/Achillea.atrata/proj_mri.esm2.0_ssp370/individual_projections/proj_mri.esm2.0_ssp370_Achillea.atrata_PA4_RUN3_GBM.tif
[2026-08-02 07:58:31] 	> Projecting Achillea.atrata_PA4_RUN4_ANN ...
[2026-08-02 07:58:31] 		 /work/data/output_disk_sp1_6cpu/Achillea.atrata/proj_mri.esm2.0_ssp370/individual_projections/proj_mri.esm2.0_ssp370_Achillea.atrata_PA4_RUN2_GBM.tif
[2026-08-02 07:58:47] 	> Projecting Achillea.atrata_PA4_RUN3_ANN ...
[2026-08-02 07:58:48] 		Writing projection on hard drive...
[2026-08-02 07:58:48] 		 /work/data/output_disk_sp1_6cpu/Achillea.atrata/proj_mri.esm2.0_ssp370/individual_projections/proj_mri.esm2.0_ssp370_Achillea.atrata_PA4_RUN2_FDA.tif
[2026-08-02 07:58:53] 	> Projecting Achillea.atrata_PA4_RUN3_MAXNET ...
[2026-08-02 07:58:53] 		Writing projection on hard drive...
[2026-08-02 07:58:53] 		 /work/data/output_disk_sp1_6cpu/Achillea.atrata/proj_mri.esm2.0_ssp370/individual_projections/proj_mri.esm2.0_ssp370_Achillea.atrata_PA4_RUN2_ANN.tif
[2026-08-02 07:59:17] 	> Projecting Achillea.atrata_PA4_RUN3_FDA ...
[2026-08-02 07:59:17] 		Writing projection on hard drive...
[2026-08-02 07:59:17] 		 /work/data/output_disk_sp1_6cpu/Achillea.atrata/proj_mri.esm2.0_ssp370/individual_projections/proj_mri.esm2.0_ssp370_Achillea.atrata_PA4_RUN1_FDA.tif
[2026-08-02 07:59:24] 	> Projecting Achillea.atrata_PA4_RUN2_MAXNET ...
[2026-08-02 07:59:24] 		Writing projection on hard drive...
[2026-08-02 07:59:24] 		 /work/data/output_disk_sp1_6cpu/Achillea.atrata/proj_mri.esm2.0_ssp370/individual_projections/proj_mri.esm2.0_ssp370_Achillea.atrata_PA3_RUN5_FDA.tif
[2026-08-02 07:59:32] 	> Projecting Achillea.atrata_PA4_RUN1_MAXNET ...
[2026-08-02 07:59:32] 		Writing projection on hard drive...
[2026-08-02 07:59:32] 		 /work/data/output_disk_sp1_6cpu/Achillea.atrata/proj_mri.esm2.0_ssp370/individual_projections/proj_mri.esm2.0_ssp370_Achillea.atrata_PA4_RUN3_MAXNET.tif
[2026-08-02 07:59:33] 	> Projecting Achillea.atrata_PA4_RUN5_GLM ...
[2026-08-02 07:59:33] 		Writing projection on hard drive...
[2026-08-02 07:59:33] 		 /work/data/output_disk_sp1_6cpu/Achillea.atrata/proj_mri.esm2.0_ssp370/individual_projections/proj_mri.esm2.0_ssp370_Achillea.atrata_PA4_RUN4_ANN.tif
[2026-08-02 07:59:34] 	> Projecting Achillea.atrata_PA4_RUN5_FDA ...
[2026-08-02 07:59:35] 		Writing projection on hard drive...
[2026-08-02 07:59:35] 		 /work/data/output_disk_sp1_6cpu/Achillea.atrata/proj_mri.esm2.0_ssp370/individual_projections/proj_mri.esm2.0_ssp370_Achillea.atrata_PA4_RUN3_ANN.tif
[2026-08-02 07:59:55] 	> Projecting Achillea.atrata_PA4_RUN4_FDA ...
[2026-08-02 07:59:56] 		Writing projection on hard drive...
[2026-08-02 07:59:56] 		 /work/data/output_disk_sp1_6cpu/Achillea.atrata/proj_mri.esm2.0_ssp370/individual_projections/proj_mri.esm2.0_ssp370_Achillea.atrata_PA4_RUN3_FDA.tif
[2026-08-02 08:00:06] 	> Projecting Achillea.atrata_PA4_RUN4_MAXNET ...
[2026-08-02 08:00:07] 		Writing projection on hard drive...
[2026-08-02 08:00:07] 		 /work/data/output_disk_sp1_6cpu/Achillea.atrata/proj_mri.esm2.0_ssp370/individual_projections/proj_mri.esm2.0_ssp370_Achillea.atrata_PA4_RUN2_MAXNET.tif
[2026-08-02 08:00:10] 	> Projecting Achillea.atrata_PA4_RUN4_GLM ...
[2026-08-02 08:00:11] 		Writing projection on hard drive...
[2026-08-02 08:00:11] 		 /work/data/output_disk_sp1_6cpu/Achillea.atrata/proj_mri.esm2.0_ssp370/individual_projections/proj_mri.esm2.0_ssp370_Achillea.atrata_PA4_RUN5_GLM.tif
[2026-08-02 08:00:14] 	> Projecting Achillea.atrata_PA5_RUN1_GBM ...
[2026-08-02 08:00:15] 		Writing projection on hard drive...
[2026-08-02 08:00:15] 		 /work/data/output_disk_sp1_6cpu/Achillea.atrata/proj_mri.esm2.0_ssp370/individual_projections/proj_mri.esm2.0_ssp370_Achillea.atrata_PA4_RUN1_MAXNET.tif
[2026-08-02 08:00:23] 	> Projecting Achillea.atrata_PA4_RUN3_GLM ...
[2026-08-02 08:00:24] 		Writing projection on hard drive...
[2026-08-02 08:00:24] 		 /work/data/output_disk_sp1_6cpu/Achillea.atrata/proj_mri.esm2.0_ssp370/individual_projections/proj_mri.esm2.0_ssp370_Achillea.atrata_PA4_RUN5_FDA.tif
[2026-08-02 08:00:29] 	> Projecting Achillea.atrata_PA5_RUN1_MAXNET ...
[2026-08-02 08:00:30] 		Writing projection on hard drive...
[2026-08-02 08:00:30] 		 /work/data/output_disk_sp1_6cpu/Achillea.atrata/proj_mri.esm2.0_ssp370/individual_projections/proj_mri.esm2.0_ssp370_Achillea.atrata_PA4_RUN4_FDA.tif
[2026-08-02 08:00:42] 	> Projecting Achillea.atrata_PA4_RUN5_MAXNET ...
[2026-08-02 08:00:43] 		Writing projection on hard drive...
[2026-08-02 08:00:43] 		 /work/data/output_disk_sp1_6cpu/Achillea.atrata/proj_mri.esm2.0_ssp370/individual_projections/proj_mri.esm2.0_ssp370_Achillea.atrata_PA4_RUN4_MAXNET.tif
[2026-08-02 08:00:43] 	> Projecting Achillea.atrata_PA5_RUN1_GLM ...
[2026-08-02 08:00:44] 		Writing projection on hard drive...
[2026-08-02 08:00:44] 		 /work/data/output_disk_sp1_6cpu/Achillea.atrata/proj_mri.esm2.0_ssp370/individual_projections/proj_mri.esm2.0_ssp370_Achillea.atrata_PA4_RUN4_GLM.tif
[2026-08-02 08:00:54] 	> Projecting Achillea.atrata_PA4_RUN5_GBM ...
[2026-08-02 08:00:55] 		Writing projection on hard drive...
[2026-08-02 08:00:55] 		 /work/data/output_disk_sp1_6cpu/Achillea.atrata/proj_mri.esm2.0_ssp370/individual_projections/proj_mri.esm2.0_ssp370_Achillea.atrata_PA4_RUN3_GLM.tif
[2026-08-02 08:01:07] 	> Projecting Achillea.atrata_PA4_RUN4_GBM ...
[2026-08-02 08:01:08] 		Writing projection on hard drive...
[2026-08-02 08:01:08] 		 /work/data/output_disk_sp1_6cpu/Achillea.atrata/proj_mri.esm2.0_ssp370/individual_projections/proj_mri.esm2.0_ssp370_Achillea.atrata_PA5_RUN1_MAXNET.tif
[2026-08-02 08:01:17] 	> Projecting Achillea.atrata_PA5_RUN3_GLM ...
[2026-08-02 08:01:18] 		Writing projection on hard drive...
[2026-08-02 08:01:18] 		 /work/data/output_disk_sp1_6cpu/Achillea.atrata/proj_mri.esm2.0_ssp370/individual_projections/proj_mri.esm2.0_ssp370_Achillea.atrata_PA4_RUN5_MAXNET.tif
[2026-08-02 08:01:23] 	> Projecting Achillea.atrata_PA5_RUN2_GLM ...
[2026-08-02 08:01:24] 		Writing projection on hard drive...
[2026-08-02 08:01:24] 		 /work/data/output_disk_sp1_6cpu/Achillea.atrata/proj_mri.esm2.0_ssp370/individual_projections/proj_mri.esm2.0_ssp370_Achillea.atrata_PA5_RUN1_GLM.tif
[2026-08-02 08:01:44] 	> Projecting Achillea.atrata_PA5_RUN2_GBM ...
[2026-08-02 08:01:45] 		Writing projection on hard drive...
[2026-08-02 08:01:45] 		 /work/data/output_disk_sp1_6cpu/Achillea.atrata/proj_mri.esm2.0_ssp370/individual_projections/proj_mri.esm2.0_ssp370_Achillea.atrata_PA5_RUN3_GLM.tif
[2026-08-02 08:01:56] 	> Projecting Achillea.atrata_PA5_RUN4_GBM ...
[2026-08-02 08:01:57] 		Writing projection on hard drive...
[2026-08-02 08:01:57] 		 /work/data/output_disk_sp1_6cpu/Achillea.atrata/proj_mri.esm2.0_ssp370/individual_projections/proj_mri.esm2.0_ssp370_Achillea.atrata_PA5_RUN2_GLM.tif
[2026-08-02 08:14:08] 	> Projecting Achillea.atrata_PA5_RUN3_GBM ...
[2026-08-02 08:14:08] 		Writing projection on hard drive...
[2026-08-02 08:14:08] 		 /work/data/output_disk_sp1_6cpu/Achillea.atrata/proj_mri.esm2.0_ssp370/individual_projections/proj_mri.esm2.0_ssp370_Achillea.atrata_PA5_RUN1_GBM.tif
[2026-08-02 08:14:46] 	> Projecting Achillea.atrata_PA5_RUN2_ANN ...
[2026-08-02 08:14:47] 		Writing projection on hard drive...
[2026-08-02 08:14:47] 		 /work/data/output_disk_sp1_6cpu/Achillea.atrata/proj_mri.esm2.0_ssp370/individual_projections/proj_mri.esm2.0_ssp370_Achillea.atrata_PA4_RUN5_GBM.tif
[2026-08-02 08:14:57] 	> Projecting Achillea.atrata_PA5_RUN1_ANN ...
[2026-08-02 08:14:58] 		Writing projection on hard drive...
[2026-08-02 08:14:58] 		 /work/data/output_disk_sp1_6cpu/Achillea.atrata/proj_mri.esm2.0_ssp370/individual_projections/proj_mri.esm2.0_ssp370_Achillea.atrata_PA5_RUN2_ANN.tif
[2026-08-02 08:15:02] 	> Projecting Achillea.atrata_PA5_RUN3_FDA ...
[2026-08-02 08:15:03] 		Writing projection on hard drive...
[2026-08-02 08:15:03] 		 /work/data/output_disk_sp1_6cpu/Achillea.atrata/proj_mri.esm2.0_ssp370/individual_projections/proj_mri.esm2.0_ssp370_Achillea.atrata_PA4_RUN4_GBM.tif
[2026-08-02 08:15:08] 	> Projecting Achillea.atrata_PA4_RUN5_ANN ...
[2026-08-02 08:15:08] 		Writing projection on hard drive...
[2026-08-02 08:15:08] 		 /work/data/output_disk_sp1_6cpu/Achillea.atrata/proj_mri.esm2.0_ssp370/individual_projections/proj_mri.esm2.0_ssp370_Achillea.atrata_PA5_RUN2_GBM.tif
[2026-08-02 08:15:41] 	> Projecting Achillea.atrata_PA5_RUN3_ANN ...
[2026-08-02 08:15:42] 		Writing projection on hard drive...
[2026-08-02 08:15:42] 		 /work/data/output_disk_sp1_6cpu/Achillea.atrata/proj_mri.esm2.0_ssp370/individual_projections/proj_mri.esm2.0_ssp370_Achillea.atrata_PA5_RUN3_GBM.tif
[2026-08-02 08:15:44] 	> Projecting Achillea.atrata_PA5_RUN4_ANN ...
[2026-08-02 08:15:45] 		Writing projection on hard drive...
[2026-08-02 08:15:45] 		 /work/data/output_disk_sp1_6cpu/Achillea.atrata/proj_mri.esm2.0_ssp370/individual_projections/proj_mri.esm2.0_ssp370_Achillea.atrata_PA5_RUN3_FDA.tif
[2026-08-02 08:15:45] 	> Projecting Achillea.atrata_PA5_RUN4_MAXNET ...
[2026-08-02 08:15:46] 		Writing projection on hard drive...
[2026-08-02 08:15:46] 		 /work/data/output_disk_sp1_6cpu/Achillea.atrata/proj_mri.esm2.0_ssp370/individual_projections/proj_mri.esm2.0_ssp370_Achillea.atrata_PA5_RUN1_ANN.tif
[2026-08-02 08:15:49] 	> Projecting Achillea.atrata_PA5_RUN2_FDA ...
[2026-08-02 08:15:50] 		Writing projection on hard drive...
[2026-08-02 08:15:50] 		 /work/data/output_disk_sp1_6cpu/Achillea.atrata/proj_mri.esm2.0_ssp370/individual_projections/proj_mri.esm2.0_ssp370_Achillea.atrata_PA5_RUN4_GBM.tif
[2026-08-02 08:16:08] 	> Projecting Achillea.atrata_PA5_RUN5_ANN ...
[2026-08-02 08:16:09] 		Writing projection on hard drive...
[2026-08-02 08:16:09] 		Writing projection on hard drive...
[2026-08-02 08:16:09] 		 /work/data/output_disk_sp1_6cpu/Achillea.atrata/proj_mri.esm2.0_ssp370/individual_projections/proj_mri.esm2.0_ssp370_Achillea.atrata_PA5_RUN3_ANN.tif
[2026-08-02 08:16:09] 	> Projecting Achillea.atrata_PA5_RUN4_FDA ...
[2026-08-02 08:16:09] 		 /work/data/output_disk_sp1_6cpu/Achillea.atrata/proj_mri.esm2.0_ssp370/individual_projections/proj_mri.esm2.0_ssp370_Achillea.atrata_PA4_RUN5_ANN.tif
[2026-08-02 08:16:25] 	> Projecting Achillea.atrata_PA5_RUN1_FDA ...
[2026-08-02 08:16:26] 		Writing projection on hard drive...
[2026-08-02 08:16:34] 		 /work/data/output_disk_sp1_6cpu/Achillea.atrata/proj_mri.esm2.0_ssp370/individual_projections/proj_mri.esm2.0_ssp370_Achillea.atrata_PA5_RUN4_MAXNET.tif
[2026-08-02 08:16:35] 		Writing projection on hard drive...
[2026-08-02 08:16:35] 		 /work/data/output_disk_sp1_6cpu/Achillea.atrata/proj_mri.esm2.0_ssp370/individual_projections/proj_mri.esm2.0_ssp370_Achillea.atrata_PA5_RUN2_FDA.tif
[2026-08-02 08:16:42] 	> Projecting Achillea.atrata_PA5_RUN3_MAXNET ...
[2026-08-02 08:16:43] 		Writing projection on hard drive...
[2026-08-02 08:16:43] 		 /work/data/output_disk_sp1_6cpu/Achillea.atrata/proj_mri.esm2.0_ssp370/individual_projections/proj_mri.esm2.0_ssp370_Achillea.atrata_PA5_RUN4_ANN.tif
[2026-08-02 08:16:49] 	> Projecting Achillea.atrata_PA5_RUN5_FDA ...
[2026-08-02 08:16:50] 		Writing projection on hard drive...
[2026-08-02 08:17:02] 		 /work/data/output_disk_sp1_6cpu/Achillea.atrata/proj_mri.esm2.0_ssp370/individual_projections/proj_mri.esm2.0_ssp370_Achillea.atrata_PA5_RUN5_ANN.tif
[2026-08-02 08:17:03] 		Writing projection on hard drive...
[2026-08-02 08:17:03] 		 /work/data/output_disk_sp1_6cpu/Achillea.atrata/proj_mri.esm2.0_ssp370/individual_projections/proj_mri.esm2.0_ssp370_Achillea.atrata_PA5_RUN4_FDA.tif
[2026-08-02 08:17:05] 	> Projecting Achillea.atrata_PA5_RUN5_MAXNET ...
[2026-08-02 08:17:06] 		Writing projection on hard drive...
[2026-08-02 08:17:06] 		 /work/data/output_disk_sp1_6cpu/Achillea.atrata/proj_mri.esm2.0_ssp370/individual_projections/proj_mri.esm2.0_ssp370_Achillea.atrata_PA5_RUN1_FDA.tif
[2026-08-02 08:17:21] 	> Projecting Achillea.atrata_PA5_RUN2_MAXNET ...
[2026-08-02 08:17:22] 		Writing projection on hard drive...
[2026-08-02 08:17:22] 		 /work/data/output_disk_sp1_6cpu/Achillea.atrata/proj_mri.esm2.0_ssp370/individual_projections/proj_mri.esm2.0_ssp370_Achillea.atrata_PA5_RUN3_MAXNET.tif
[2026-08-02 08:17:38] 	> Projecting Achillea.atrata_PA5_RUN5_GLM ...
[2026-08-02 08:17:38] 		Writing projection on hard drive...
[2026-08-02 08:17:45] 		 /work/data/output_disk_sp1_6cpu/Achillea.atrata/proj_mri.esm2.0_ssp370/individual_projections/proj_mri.esm2.0_ssp370_Achillea.atrata_PA5_RUN5_FDA.tif
[2026-08-02 08:17:46] 		Writing projection on hard drive...
[2026-08-02 08:17:49] 		 /work/data/output_disk_sp1_6cpu/Achillea.atrata/proj_mri.esm2.0_ssp370/individual_projections/proj_mri.esm2.0_ssp370_Achillea.atrata_PA5_RUN5_MAXNET.tif
[2026-08-02 08:17:50] 		Writing projection on hard drive...
[2026-08-02 08:17:50] 		 /work/data/output_disk_sp1_6cpu/Achillea.atrata/proj_mri.esm2.0_ssp370/individual_projections/proj_mri.esm2.0_ssp370_Achillea.atrata_PA5_RUN2_MAXNET.tif
[2026-08-02 08:17:57] 	> Projecting Achillea.atrata_PA5_RUN4_GLM ...
[2026-08-02 08:17:58] 		Writing projection on hard drive...
[2026-08-02 08:18:26] 		 /work/data/output_disk_sp1_6cpu/Achillea.atrata/proj_mri.esm2.0_ssp370/individual_projections/proj_mri.esm2.0_ssp370_Achillea.atrata_PA5_RUN5_GLM.tif
[2026-08-02 08:18:27] 		Writing projection on hard drive...
[2026-08-02 08:18:27] 		 /work/data/output_disk_sp1_6cpu/Achillea.atrata/proj_mri.esm2.0_ssp370/individual_projections/proj_mri.esm2.0_ssp370_Achillea.atrata_PA5_RUN4_GLM.tif
[2026-08-02 08:32:09] 	> Projecting Achillea.atrata_PA5_RUN5_GBM ...
[2026-08-02 08:32:10] 		Writing projection on hard drive...
[2026-08-02 08:32:10] 		 /work/data/output_disk_sp1_6cpu/Achillea.atrata/proj_mri.esm2.0_ssp370/individual_projections/proj_mri.esm2.0_ssp370_Achillea.atrata_PA5_RUN5_GBM.tif
[2026-08-02 08:32:10] -=-=-=-=-=-=-=-=-=-=-=-=-=-=-=-=-=-= Done -=-=-=-=-=-=-=-=-=-=-=-=-=-=-=-=-=-=
[2026-08-02 08:32:10] 
[2026-08-02 08:32:10] -=-=-=-=-=-=-=-=-=-=-=-= Do Ensemble Models Projection -=-=-=-=-=-=-=-=-=-=-=-=
[2026-08-02 08:32:10] 
[2026-08-02 08:32:10] Creating suitable Workdir...
[2026-08-02 08:32:10] 
[2026-08-02 08:32:11] 	> Projecting Achillea.atrata_EMmeanByAUCroc_mergedData_mergedRun_mergedAlgo ...|---------|---------|---------|---------|
[2026-08-02 08:48:10] 	> Projecting Achillea.atrata_EMcvByAUCroc_mergedData_mergedRun_mergedAlgo ...|---------|---------|---------|---------|===================================================                                          
[2026-08-02 08:56:12] 		Writing projection on hard drive...===============================                                          
[2026-08-02 08:56:14] 		Writing projection on hard drive...
[2026-08-02 08:56:14] 
[2026-08-02 08:56:14] ! Binary/Filtered transformation automatically desactivated for ensemble models with coefficient of variation or confidence intervals
[2026-08-02 08:56:19] 	> Building TSS binaries / filtered
[2026-08-02 08:56:24] 	> Building AUCroc binaries / filtered
[2026-08-02 08:56:29] 	> Building KAPPA binaries / filtered
[2026-08-02 08:56:30] 
[2026-08-02 08:56:30] -=-=-=-=-=-=-=-=-=-=-=-=-=-=-=-=-=-= Done -=-=-=-=-=-=-=-=-=-=-=-=-=-=-=-=-=-=
[2026-08-02 08:56:30] 
[2026-08-02 08:56:30] 
[2026-08-02 08:56:30] DEBUG: Processing future scenario 8 of 8 : /work/data/input/climate_vars/future/mri.esm2.0/ssp585 
[2026-08-02 08:56:30] DEBUG: Raster loaded, ncell = 63951097 , hasValues = TRUE 
[2026-08-02 08:56:30] 
[2026-08-02 08:56:30] -=-=-=-=-=-=-=-=-=-=-=-=-= Do Single Models Projection -=-=-=-=-=-=-=-=-=-=-=-=-=
[2026-08-02 08:56:55] 
[2026-08-02 08:56:55] 		! 'overwrite' arg is set as FALSE. Projections that have already been saved will not be redone. 
[2026-08-02 08:56:55]         Please be carfeul if you have changed the models in the meantime. 
[2026-08-02 08:56:55] 	> Building clamping mask
[2026-08-02 08:57:58] 
[2026-08-02 08:57:58] 	> Projecting Achillea.atrata_PA1_RUN1_GLM ...
[2026-08-02 08:57:58] 	> Projecting Achillea.atrata_PA1_RUN1_GBM ...
[2026-08-02 08:57:58] 	> Projecting Achillea.atrata_PA1_RUN1_ANN ...
[2026-08-02 08:57:58] 	> Projecting Achillea.atrata_PA1_RUN1_FDA ...
[2026-08-02 08:57:58] 	> Projecting Achillea.atrata_PA1_RUN1_MAXNET ...
[2026-08-02 08:58:43] 	> Projecting Achillea.atrata_PA1_RUN2_GLM ...
[2026-08-02 08:58:43] 		Writing projection on hard drive...
[2026-08-02 08:58:44] 		Writing projection on hard drive...
[2026-08-02 08:58:44] 		 /work/data/output_disk_sp1_6cpu/Achillea.atrata/proj_mri.esm2.0_ssp585/individual_projections/proj_mri.esm2.0_ssp585_Achillea.atrata_PA1_RUN1_GLM.tif
[2026-08-02 08:58:44] 	> Projecting Achillea.atrata_PA1_RUN2_GBM ...
[2026-08-02 08:58:44] 		 /work/data/output_disk_sp1_6cpu/Achillea.atrata/proj_mri.esm2.0_ssp585/individual_projections/proj_mri.esm2.0_ssp585_Achillea.atrata_PA1_RUN2_GLM.tif
[2026-08-02 08:58:47] 	> Projecting Achillea.atrata_PA1_RUN3_GBM ...
[2026-08-02 08:58:48] 		Writing projection on hard drive...
[2026-08-02 08:58:48] 		 /work/data/output_disk_sp1_6cpu/Achillea.atrata/proj_mri.esm2.0_ssp585/individual_projections/proj_mri.esm2.0_ssp585_Achillea.atrata_PA1_RUN1_MAXNET.tif
[2026-08-02 08:59:03] 	> Projecting Achillea.atrata_PA1_RUN3_GLM ...
[2026-08-02 08:59:04] 		Writing projection on hard drive...
[2026-08-02 08:59:04] 		 /work/data/output_disk_sp1_6cpu/Achillea.atrata/proj_mri.esm2.0_ssp585/individual_projections/proj_mri.esm2.0_ssp585_Achillea.atrata_PA1_RUN1_FDA.tif
[2026-08-02 08:59:16] 	> Projecting Achillea.atrata_PA1_RUN2_MAXNET ...
[2026-08-02 08:59:17] 		Writing projection on hard drive...
[2026-08-02 08:59:17] 		 /work/data/output_disk_sp1_6cpu/Achillea.atrata/proj_mri.esm2.0_ssp585/individual_projections/proj_mri.esm2.0_ssp585_Achillea.atrata_PA1_RUN1_ANN.tif
[2026-08-02 08:59:29] 	> Projecting Achillea.atrata_PA1_RUN2_FDA ...
[2026-08-02 08:59:30] 		Writing projection on hard drive...
[2026-08-02 08:59:30] 		 /work/data/output_disk_sp1_6cpu/Achillea.atrata/proj_mri.esm2.0_ssp585/individual_projections/proj_mri.esm2.0_ssp585_Achillea.atrata_PA1_RUN3_GLM.tif
[2026-08-02 08:59:54] 	> Projecting Achillea.atrata_PA1_RUN4_GBM ...
[2026-08-02 08:59:55] 		Writing projection on hard drive...
[2026-08-02 08:59:55] 		 /work/data/output_disk_sp1_6cpu/Achillea.atrata/proj_mri.esm2.0_ssp585/individual_projections/proj_mri.esm2.0_ssp585_Achillea.atrata_PA1_RUN2_MAXNET.tif
[2026-08-02 09:00:17] 	> Projecting Achillea.atrata_PA1_RUN4_GLM ...
[2026-08-02 09:00:18] 		Writing projection on hard drive...
[2026-08-02 09:00:18] 		 /work/data/output_disk_sp1_6cpu/Achillea.atrata/proj_mri.esm2.0_ssp585/individual_projections/proj_mri.esm2.0_ssp585_Achillea.atrata_PA1_RUN2_FDA.tif
[2026-08-02 09:00:35] 	> Projecting Achillea.atrata_PA1_RUN3_MAXNET ...
[2026-08-02 09:00:35] 		Writing projection on hard drive...
[2026-08-02 09:00:35] 		 /work/data/output_disk_sp1_6cpu/Achillea.atrata/proj_mri.esm2.0_ssp585/individual_projections/proj_mri.esm2.0_ssp585_Achillea.atrata_PA1_RUN4_GLM.tif
[2026-08-02 09:01:05] 	> Projecting Achillea.atrata_PA1_RUN5_GBM ...
[2026-08-02 09:01:05] 		Writing projection on hard drive...
[2026-08-02 09:01:05] 		 /work/data/output_disk_sp1_6cpu/Achillea.atrata/proj_mri.esm2.0_ssp585/individual_projections/proj_mri.esm2.0_ssp585_Achillea.atrata_PA1_RUN3_MAXNET.tif
[2026-08-02 09:01:43] 	> Projecting Achillea.atrata_PA1_RUN5_GLM ...
[2026-08-02 09:01:43] 		Writing projection on hard drive...
[2026-08-02 09:01:43] 		 /work/data/output_disk_sp1_6cpu/Achillea.atrata/proj_mri.esm2.0_ssp585/individual_projections/proj_mri.esm2.0_ssp585_Achillea.atrata_PA1_RUN5_GLM.tif
[2026-08-02 09:12:07] 	> Projecting Achillea.atrata_PA2_RUN1_GBM ...
[2026-08-02 09:12:08] 		Writing projection on hard drive...
[2026-08-02 09:12:08] 		 /work/data/output_disk_sp1_6cpu/Achillea.atrata/proj_mri.esm2.0_ssp585/individual_projections/proj_mri.esm2.0_ssp585_Achillea.atrata_PA1_RUN1_GBM.tif
[2026-08-02 09:12:56] 	> Projecting Achillea.atrata_PA1_RUN2_ANN ...
[2026-08-02 09:12:57] 		Writing projection on hard drive...
[2026-08-02 09:12:57] 		 /work/data/output_disk_sp1_6cpu/Achillea.atrata/proj_mri.esm2.0_ssp585/individual_projections/proj_mri.esm2.0_ssp585_Achillea.atrata_PA1_RUN2_GBM.tif
[2026-08-02 09:13:02] 	> Projecting Achillea.atrata_PA1_RUN3_ANN ...
[2026-08-02 09:13:03] 		Writing projection on hard drive...
[2026-08-02 09:13:03] 		 /work/data/output_disk_sp1_6cpu/Achillea.atrata/proj_mri.esm2.0_ssp585/individual_projections/proj_mri.esm2.0_ssp585_Achillea.atrata_PA1_RUN3_GBM.tif
[2026-08-02 09:13:17] 	> Projecting Achillea.atrata_PA1_RUN4_ANN ...
[2026-08-02 09:13:18] 		Writing projection on hard drive...
[2026-08-02 09:13:18] 		 /work/data/output_disk_sp1_6cpu/Achillea.atrata/proj_mri.esm2.0_ssp585/individual_projections/proj_mri.esm2.0_ssp585_Achillea.atrata_PA1_RUN2_ANN.tif
[2026-08-02 09:13:41] 	> Projecting Achillea.atrata_PA1_RUN3_FDA ...
[2026-08-02 09:13:42] 		Writing projection on hard drive...
[2026-08-02 09:13:42] 		 /work/data/output_disk_sp1_6cpu/Achillea.atrata/proj_mri.esm2.0_ssp585/individual_projections/proj_mri.esm2.0_ssp585_Achillea.atrata_PA1_RUN4_GBM.tif
[2026-08-02 09:14:02] 	> Projecting Achillea.atrata_PA1_RUN5_ANN ...
[2026-08-02 09:14:03] 		Writing projection on hard drive...
[2026-08-02 09:14:03] 		 /work/data/output_disk_sp1_6cpu/Achillea.atrata/proj_mri.esm2.0_ssp585/individual_projections/proj_mri.esm2.0_ssp585_Achillea.atrata_PA1_RUN3_ANN.tif
[2026-08-02 09:14:08] 	> Projecting Achillea.atrata_PA1_RUN4_FDA ...
[2026-08-02 09:14:09] 		Writing projection on hard drive...
[2026-08-02 09:14:09] 		 /work/data/output_disk_sp1_6cpu/Achillea.atrata/proj_mri.esm2.0_ssp585/individual_projections/proj_mri.esm2.0_ssp585_Achillea.atrata_PA1_RUN4_ANN.tif
[2026-08-02 09:14:13] 	> Projecting Achillea.atrata_PA1_RUN5_FDA ...
[2026-08-02 09:14:14] 		Writing projection on hard drive...
[2026-08-02 09:14:14] 		 /work/data/output_disk_sp1_6cpu/Achillea.atrata/proj_mri.esm2.0_ssp585/individual_projections/proj_mri.esm2.0_ssp585_Achillea.atrata_PA1_RUN3_FDA.tif
[2026-08-02 09:14:43] 	> Projecting Achillea.atrata_PA1_RUN4_MAXNET ...
[2026-08-02 09:14:44] 		Writing projection on hard drive...
[2026-08-02 09:14:44] 		 /work/data/output_disk_sp1_6cpu/Achillea.atrata/proj_mri.esm2.0_ssp585/individual_projections/proj_mri.esm2.0_ssp585_Achillea.atrata_PA1_RUN5_ANN.tif
[2026-08-02 09:15:00] 	> Projecting Achillea.atrata_PA2_RUN1_FDA ...
[2026-08-02 09:15:01] 		Writing projection on hard drive...
[2026-08-02 09:15:01] 		Writing projection on hard drive...
[2026-08-02 09:15:01] 		Writing projection on hard drive...
[2026-08-02 09:15:01] 		 /work/data/output_disk_sp1_6cpu/Achillea.atrata/proj_mri.esm2.0_ssp585/individual_projections/proj_mri.esm2.0_ssp585_Achillea.atrata_PA1_RUN4_FDA.tif
[2026-08-02 09:15:01] 	> Projecting Achillea.atrata_PA1_RUN5_MAXNET ...
[2026-08-02 09:15:01] 		 /work/data/output_disk_sp1_6cpu/Achillea.atrata/proj_mri.esm2.0_ssp585/individual_projections/proj_mri.esm2.0_ssp585_Achillea.atrata_PA1_RUN4_MAXNET.tif
[2026-08-02 09:15:02] 	> Projecting Achillea.atrata_PA2_RUN1_GLM ...
[2026-08-02 09:15:02] 		 /work/data/output_disk_sp1_6cpu/Achillea.atrata/proj_mri.esm2.0_ssp585/individual_projections/proj_mri.esm2.0_ssp585_Achillea.atrata_PA1_RUN5_GBM.tif
[2026-08-02 09:15:06] 	> Projecting Achillea.atrata_PA2_RUN1_ANN ...
[2026-08-02 09:15:07] 		Writing projection on hard drive...
[2026-08-02 09:15:07] 		 /work/data/output_disk_sp1_6cpu/Achillea.atrata/proj_mri.esm2.0_ssp585/individual_projections/proj_mri.esm2.0_ssp585_Achillea.atrata_PA1_RUN5_FDA.tif
[2026-08-02 09:15:37] 	> Projecting Achillea.atrata_PA2_RUN1_MAXNET ...
[2026-08-02 09:15:38] 		Writing projection on hard drive...
[2026-08-02 09:15:38] 		 /work/data/output_disk_sp1_6cpu/Achillea.atrata/proj_mri.esm2.0_ssp585/individual_projections/proj_mri.esm2.0_ssp585_Achillea.atrata_PA2_RUN1_FDA.tif
[2026-08-02 09:15:39] 	> Projecting Achillea.atrata_PA2_RUN2_MAXNET ...
[2026-08-02 09:15:40] 		Writing projection on hard drive...
[2026-08-02 09:15:40] 		 /work/data/output_disk_sp1_6cpu/Achillea.atrata/proj_mri.esm2.0_ssp585/individual_projections/proj_mri.esm2.0_ssp585_Achillea.atrata_PA2_RUN1_GLM.tif
[2026-08-02 09:15:53] 	> Projecting Achillea.atrata_PA2_RUN2_GBM ...
[2026-08-02 09:15:53] 		Writing projection on hard drive...
[2026-08-02 09:15:53] 		 /work/data/output_disk_sp1_6cpu/Achillea.atrata/proj_mri.esm2.0_ssp585/individual_projections/proj_mri.esm2.0_ssp585_Achillea.atrata_PA1_RUN5_MAXNET.tif
[2026-08-02 09:15:58] 	> Projecting Achillea.atrata_PA2_RUN2_GLM ...
[2026-08-02 09:15:59] 		Writing projection on hard drive...
[2026-08-02 09:15:59] 		 /work/data/output_disk_sp1_6cpu/Achillea.atrata/proj_mri.esm2.0_ssp585/individual_projections/proj_mri.esm2.0_ssp585_Achillea.atrata_PA2_RUN1_MAXNET.tif
[2026-08-02 09:16:05] 	> Projecting Achillea.atrata_PA2_RUN3_GLM ...
[2026-08-02 09:16:06] 		Writing projection on hard drive...
[2026-08-02 09:16:06] 		 /work/data/output_disk_sp1_6cpu/Achillea.atrata/proj_mri.esm2.0_ssp585/individual_projections/proj_mri.esm2.0_ssp585_Achillea.atrata_PA2_RUN1_ANN.tif
[2026-08-02 09:16:10] 	> Projecting Achillea.atrata_PA2_RUN2_FDA ...
[2026-08-02 09:16:11] 		Writing projection on hard drive...
[2026-08-02 09:16:11] 		 /work/data/output_disk_sp1_6cpu/Achillea.atrata/proj_mri.esm2.0_ssp585/individual_projections/proj_mri.esm2.0_ssp585_Achillea.atrata_PA2_RUN1_GBM.tif
[2026-08-02 09:16:29] 	> Projecting Achillea.atrata_PA2_RUN2_ANN ...
[2026-08-02 09:16:30] 		Writing projection on hard drive...
[2026-08-02 09:16:30] 		 /work/data/output_disk_sp1_6cpu/Achillea.atrata/proj_mri.esm2.0_ssp585/individual_projections/proj_mri.esm2.0_ssp585_Achillea.atrata_PA2_RUN2_MAXNET.tif
[2026-08-02 09:16:35] 	> Projecting Achillea.atrata_PA2_RUN4_GLM ...
[2026-08-02 09:16:36] 		Writing projection on hard drive...
[2026-08-02 09:16:36] 		 /work/data/output_disk_sp1_6cpu/Achillea.atrata/proj_mri.esm2.0_ssp585/individual_projections/proj_mri.esm2.0_ssp585_Achillea.atrata_PA2_RUN2_GLM.tif
[2026-08-02 09:16:41] 	> Projecting Achillea.atrata_PA2_RUN3_GBM ...
[2026-08-02 09:16:41] 		Writing projection on hard drive...
[2026-08-02 09:16:41] 		 /work/data/output_disk_sp1_6cpu/Achillea.atrata/proj_mri.esm2.0_ssp585/individual_projections/proj_mri.esm2.0_ssp585_Achillea.atrata_PA2_RUN3_GLM.tif
[2026-08-02 09:16:57] 	> Projecting Achillea.atrata_PA2_RUN4_GBM ...
[2026-08-02 09:16:58] 		Writing projection on hard drive...
[2026-08-02 09:16:58] 		 /work/data/output_disk_sp1_6cpu/Achillea.atrata/proj_mri.esm2.0_ssp585/individual_projections/proj_mri.esm2.0_ssp585_Achillea.atrata_PA2_RUN2_FDA.tif
[2026-08-02 09:17:07] 	> Projecting Achillea.atrata_PA2_RUN3_MAXNET ...
[2026-08-02 09:17:08] 		Writing projection on hard drive...
[2026-08-02 09:17:08] 		 /work/data/output_disk_sp1_6cpu/Achillea.atrata/proj_mri.esm2.0_ssp585/individual_projections/proj_mri.esm2.0_ssp585_Achillea.atrata_PA2_RUN4_GLM.tif
[2026-08-02 09:17:15] 	> Projecting Achillea.atrata_PA2_RUN5_GBM ...
[2026-08-02 09:17:16] 		Writing projection on hard drive...
[2026-08-02 09:17:16] 		 /work/data/output_disk_sp1_6cpu/Achillea.atrata/proj_mri.esm2.0_ssp585/individual_projections/proj_mri.esm2.0_ssp585_Achillea.atrata_PA2_RUN2_ANN.tif
[2026-08-02 09:17:42] 	> Projecting Achillea.atrata_PA2_RUN3_FDA ...
[2026-08-02 09:17:43] 		Writing projection on hard drive...
[2026-08-02 09:17:43] 		 /work/data/output_disk_sp1_6cpu/Achillea.atrata/proj_mri.esm2.0_ssp585/individual_projections/proj_mri.esm2.0_ssp585_Achillea.atrata_PA2_RUN3_MAXNET.tif
[2026-08-02 09:18:16] 	> Projecting Achillea.atrata_PA2_RUN5_GLM ...
[2026-08-02 09:18:17] 		Writing projection on hard drive...
[2026-08-02 09:18:17] 		 /work/data/output_disk_sp1_6cpu/Achillea.atrata/proj_mri.esm2.0_ssp585/individual_projections/proj_mri.esm2.0_ssp585_Achillea.atrata_PA2_RUN3_FDA.tif
[2026-08-02 09:18:18] 	> Projecting Achillea.atrata_PA2_RUN4_MAXNET ...
[2026-08-02 09:18:18] 		Writing projection on hard drive...
[2026-08-02 09:18:18] 		 /work/data/output_disk_sp1_6cpu/Achillea.atrata/proj_mri.esm2.0_ssp585/individual_projections/proj_mri.esm2.0_ssp585_Achillea.atrata_PA2_RUN5_GLM.tif
[2026-08-02 09:19:03] 	> Projecting Achillea.atrata_PA3_RUN1_GBM ...
[2026-08-02 09:19:04] 		Writing projection on hard drive...
[2026-08-02 09:19:04] 		 /work/data/output_disk_sp1_6cpu/Achillea.atrata/proj_mri.esm2.0_ssp585/individual_projections/proj_mri.esm2.0_ssp585_Achillea.atrata_PA2_RUN4_MAXNET.tif
[2026-08-02 09:19:38] 	> Projecting Achillea.atrata_PA3_RUN1_GLM ...
[2026-08-02 09:19:39] 		Writing projection on hard drive...
[2026-08-02 09:19:39] 		 /work/data/output_disk_sp1_6cpu/Achillea.atrata/proj_mri.esm2.0_ssp585/individual_projections/proj_mri.esm2.0_ssp585_Achillea.atrata_PA3_RUN1_GLM.tif
[2026-08-02 09:30:03] 	> Projecting Achillea.atrata_PA3_RUN2_GBM ...
[2026-08-02 09:30:04] 		Writing projection on hard drive...
[2026-08-02 09:30:04] 		 /work/data/output_disk_sp1_6cpu/Achillea.atrata/proj_mri.esm2.0_ssp585/individual_projections/proj_mri.esm2.0_ssp585_Achillea.atrata_PA2_RUN2_GBM.tif
[2026-08-02 09:30:45] 	> Projecting Achillea.atrata_PA2_RUN3_ANN ...
[2026-08-02 09:30:46] 		Writing projection on hard drive...
[2026-08-02 09:30:46] 		 /work/data/output_disk_sp1_6cpu/Achillea.atrata/proj_mri.esm2.0_ssp585/individual_projections/proj_mri.esm2.0_ssp585_Achillea.atrata_PA2_RUN3_GBM.tif
[2026-08-02 09:30:50] 	> Projecting Achillea.atrata_PA2_RUN4_ANN ...
[2026-08-02 09:30:51] 		Writing projection on hard drive...
[2026-08-02 09:30:51] 		 /work/data/output_disk_sp1_6cpu/Achillea.atrata/proj_mri.esm2.0_ssp585/individual_projections/proj_mri.esm2.0_ssp585_Achillea.atrata_PA2_RUN4_GBM.tif
[2026-08-02 09:31:09] 	> Projecting Achillea.atrata_PA2_RUN5_ANN ...
[2026-08-02 09:31:10] 		Writing projection on hard drive...
[2026-08-02 09:31:10] 		 /work/data/output_disk_sp1_6cpu/Achillea.atrata/proj_mri.esm2.0_ssp585/individual_projections/proj_mri.esm2.0_ssp585_Achillea.atrata_PA2_RUN3_ANN.tif
[2026-08-02 09:31:34] 	> Projecting Achillea.atrata_PA2_RUN4_FDA ...
[2026-08-02 09:31:35] 		Writing projection on hard drive...
[2026-08-02 09:31:35] 		 /work/data/output_disk_sp1_6cpu/Achillea.atrata/proj_mri.esm2.0_ssp585/individual_projections/proj_mri.esm2.0_ssp585_Achillea.atrata_PA2_RUN5_GBM.tif
[2026-08-02 09:31:46] 	> Projecting Achillea.atrata_PA3_RUN1_ANN ...
[2026-08-02 09:31:47] 		Writing projection on hard drive...
[2026-08-02 09:31:47] 		 /work/data/output_disk_sp1_6cpu/Achillea.atrata/proj_mri.esm2.0_ssp585/individual_projections/proj_mri.esm2.0_ssp585_Achillea.atrata_PA2_RUN5_ANN.tif
[2026-08-02 09:32:01] 	> Projecting Achillea.atrata_PA3_RUN1_FDA ...
[2026-08-02 09:32:01] 		Writing projection on hard drive...
[2026-08-02 09:32:01] 		Writing projection on hard drive...
[2026-08-02 09:32:01] 		 /work/data/output_disk_sp1_6cpu/Achillea.atrata/proj_mri.esm2.0_ssp585/individual_projections/proj_mri.esm2.0_ssp585_Achillea.atrata_PA2_RUN4_ANN.tif
[2026-08-02 09:32:02] 	> Projecting Achillea.atrata_PA2_RUN5_FDA ...
[2026-08-02 09:32:02] 		 /work/data/output_disk_sp1_6cpu/Achillea.atrata/proj_mri.esm2.0_ssp585/individual_projections/proj_mri.esm2.0_ssp585_Achillea.atrata_PA2_RUN4_FDA.tif
[2026-08-02 09:32:14] 	> Projecting Achillea.atrata_PA2_RUN5_MAXNET ...
[2026-08-02 09:32:15] 		Writing projection on hard drive...
[2026-08-02 09:32:15] 		 /work/data/output_disk_sp1_6cpu/Achillea.atrata/proj_mri.esm2.0_ssp585/individual_projections/proj_mri.esm2.0_ssp585_Achillea.atrata_PA3_RUN1_GBM.tif
[2026-08-02 09:32:37] 	> Projecting Achillea.atrata_PA3_RUN2_ANN ...
[2026-08-02 09:32:37] 		Writing projection on hard drive...
[2026-08-02 09:32:37] 		 /work/data/output_disk_sp1_6cpu/Achillea.atrata/proj_mri.esm2.0_ssp585/individual_projections/proj_mri.esm2.0_ssp585_Achillea.atrata_PA3_RUN1_FDA.tif
[2026-08-02 09:32:45] 	> Projecting Achillea.atrata_PA3_RUN2_MAXNET ...
[2026-08-02 09:32:46] 		Writing projection on hard drive...
[2026-08-02 09:32:46] 		 /work/data/output_disk_sp1_6cpu/Achillea.atrata/proj_mri.esm2.0_ssp585/individual_projections/proj_mri.esm2.0_ssp585_Achillea.atrata_PA3_RUN1_ANN.tif
[2026-08-02 09:32:46] 	> Projecting Achillea.atrata_PA3_RUN2_FDA ...
[2026-08-02 09:32:47] 		Writing projection on hard drive...
[2026-08-02 09:32:47] 		 /work/data/output_disk_sp1_6cpu/Achillea.atrata/proj_mri.esm2.0_ssp585/individual_projections/proj_mri.esm2.0_ssp585_Achillea.atrata_PA2_RUN5_MAXNET.tif
[2026-08-02 09:32:50] 	> Projecting Achillea.atrata_PA3_RUN2_GLM ...
[2026-08-02 09:32:50] 		Writing projection on hard drive...
[2026-08-02 09:32:50] 		 /work/data/output_disk_sp1_6cpu/Achillea.atrata/proj_mri.esm2.0_ssp585/individual_projections/proj_mri.esm2.0_ssp585_Achillea.atrata_PA3_RUN2_GBM.tif
[2026-08-02 09:32:54] 	> Projecting Achillea.atrata_PA3_RUN3_ANN ...
[2026-08-02 09:32:55] 		Writing projection on hard drive...
[2026-08-02 09:32:55] 		 /work/data/output_disk_sp1_6cpu/Achillea.atrata/proj_mri.esm2.0_ssp585/individual_projections/proj_mri.esm2.0_ssp585_Achillea.atrata_PA2_RUN5_FDA.tif
[2026-08-02 09:33:15] 	> Projecting Achillea.atrata_PA3_RUN1_MAXNET ...
[2026-08-02 09:33:16] 		Writing projection on hard drive...
[2026-08-02 09:33:16] 		 /work/data/output_disk_sp1_6cpu/Achillea.atrata/proj_mri.esm2.0_ssp585/individual_projections/proj_mri.esm2.0_ssp585_Achillea.atrata_PA3_RUN2_ANN.tif
[2026-08-02 09:33:17] 	> Projecting Achillea.atrata_PA3_RUN3_FDA ...
[2026-08-02 09:33:18] 		Writing projection on hard drive...
[2026-08-02 09:33:18] 		 /work/data/output_disk_sp1_6cpu/Achillea.atrata/proj_mri.esm2.0_ssp585/individual_projections/proj_mri.esm2.0_ssp585_Achillea.atrata_PA3_RUN2_MAXNET.tif
[2026-08-02 09:33:30] 	> Projecting Achillea.atrata_PA3_RUN4_GLM ...
[2026-08-02 09:33:30] 		Writing projection on hard drive...
[2026-08-02 09:33:30] 		 /work/data/output_disk_sp1_6cpu/Achillea.atrata/proj_mri.esm2.0_ssp585/individual_projections/proj_mri.esm2.0_ssp585_Achillea.atrata_PA3_RUN2_GLM.tif
[2026-08-02 09:33:41] 	> Projecting Achillea.atrata_PA3_RUN3_GBM ...
[2026-08-02 09:33:41] 		Writing projection on hard drive...
[2026-08-02 09:33:41] 		Writing projection on hard drive...
[2026-08-02 09:33:41] 		 /work/data/output_disk_sp1_6cpu/Achillea.atrata/proj_mri.esm2.0_ssp585/individual_projections/proj_mri.esm2.0_ssp585_Achillea.atrata_PA3_RUN1_MAXNET.tif
[2026-08-02 09:33:42] 	> Projecting Achillea.atrata_PA3_RUN3_GLM ...
[2026-08-02 09:33:42] 		 /work/data/output_disk_sp1_6cpu/Achillea.atrata/proj_mri.esm2.0_ssp585/individual_projections/proj_mri.esm2.0_ssp585_Achillea.atrata_PA3_RUN2_FDA.tif
[2026-08-02 09:33:46] 	> Projecting Achillea.atrata_PA3_RUN3_MAXNET ...
[2026-08-02 09:33:47] 		Writing projection on hard drive...
[2026-08-02 09:33:47] 		 /work/data/output_disk_sp1_6cpu/Achillea.atrata/proj_mri.esm2.0_ssp585/individual_projections/proj_mri.esm2.0_ssp585_Achillea.atrata_PA3_RUN3_ANN.tif
[2026-08-02 09:33:57] 	> Projecting Achillea.atrata_PA3_RUN4_FDA ...
[2026-08-02 09:33:58] 		Writing projection on hard drive...
[2026-08-02 09:33:58] 		 /work/data/output_disk_sp1_6cpu/Achillea.atrata/proj_mri.esm2.0_ssp585/individual_projections/proj_mri.esm2.0_ssp585_Achillea.atrata_PA3_RUN4_GLM.tif
[2026-08-02 09:34:07] 	> Projecting Achillea.atrata_PA3_RUN5_GBM ...
[2026-08-02 09:34:08] 		Writing projection on hard drive...
[2026-08-02 09:34:08] 		 /work/data/output_disk_sp1_6cpu/Achillea.atrata/proj_mri.esm2.0_ssp585/individual_projections/proj_mri.esm2.0_ssp585_Achillea.atrata_PA3_RUN3_FDA.tif
[2026-08-02 09:34:16] 	> Projecting Achillea.atrata_PA3_RUN4_MAXNET ...
[2026-08-02 09:34:17] 		Writing projection on hard drive...
[2026-08-02 09:34:17] 		 /work/data/output_disk_sp1_6cpu/Achillea.atrata/proj_mri.esm2.0_ssp585/individual_projections/proj_mri.esm2.0_ssp585_Achillea.atrata_PA3_RUN3_GLM.tif
[2026-08-02 09:34:25] 	> Projecting Achillea.atrata_PA3_RUN4_GBM ...
[2026-08-02 09:34:26] 		Writing projection on hard drive...
[2026-08-02 09:34:26] 		 /work/data/output_disk_sp1_6cpu/Achillea.atrata/proj_mri.esm2.0_ssp585/individual_projections/proj_mri.esm2.0_ssp585_Achillea.atrata_PA3_RUN3_MAXNET.tif
[2026-08-02 09:34:37] 	> Projecting Achillea.atrata_PA3_RUN5_GLM ...
[2026-08-02 09:34:37] 		Writing projection on hard drive...
[2026-08-02 09:34:37] 		 /work/data/output_disk_sp1_6cpu/Achillea.atrata/proj_mri.esm2.0_ssp585/individual_projections/proj_mri.esm2.0_ssp585_Achillea.atrata_PA3_RUN4_FDA.tif
[2026-08-02 09:34:57] 	> Projecting Achillea.atrata_PA3_RUN5_MAXNET ...
[2026-08-02 09:34:58] 		Writing projection on hard drive...
[2026-08-02 09:34:58] 		 /work/data/output_disk_sp1_6cpu/Achillea.atrata/proj_mri.esm2.0_ssp585/individual_projections/proj_mri.esm2.0_ssp585_Achillea.atrata_PA3_RUN4_MAXNET.tif
[2026-08-02 09:35:02] 	> Projecting Achillea.atrata_PA4_RUN1_GLM ...
[2026-08-02 09:35:03] 		Writing projection on hard drive...
[2026-08-02 09:35:03] 		 /work/data/output_disk_sp1_6cpu/Achillea.atrata/proj_mri.esm2.0_ssp585/individual_projections/proj_mri.esm2.0_ssp585_Achillea.atrata_PA3_RUN5_GLM.tif
[2026-08-02 09:35:18] 	> Projecting Achillea.atrata_PA4_RUN1_GBM ...
[2026-08-02 09:35:19] 		Writing projection on hard drive...
[2026-08-02 09:35:19] 		 /work/data/output_disk_sp1_6cpu/Achillea.atrata/proj_mri.esm2.0_ssp585/individual_projections/proj_mri.esm2.0_ssp585_Achillea.atrata_PA3_RUN5_MAXNET.tif
[2026-08-02 09:35:37] 	> Projecting Achillea.atrata_PA4_RUN2_GLM ...
[2026-08-02 09:35:38] 		Writing projection on hard drive...
[2026-08-02 09:35:38] 		 /work/data/output_disk_sp1_6cpu/Achillea.atrata/proj_mri.esm2.0_ssp585/individual_projections/proj_mri.esm2.0_ssp585_Achillea.atrata_PA4_RUN1_GLM.tif
[2026-08-02 09:35:55] 	> Projecting Achillea.atrata_PA4_RUN2_GBM ...
[2026-08-02 09:35:56] 		Writing projection on hard drive...
[2026-08-02 09:35:56] 		 /work/data/output_disk_sp1_6cpu/Achillea.atrata/proj_mri.esm2.0_ssp585/individual_projections/proj_mri.esm2.0_ssp585_Achillea.atrata_PA4_RUN2_GLM.tif
[2026-08-02 09:47:29] 	> Projecting Achillea.atrata_PA4_RUN3_GBM ...
[2026-08-02 09:47:30] 		Writing projection on hard drive...
[2026-08-02 09:47:30] 		 /work/data/output_disk_sp1_6cpu/Achillea.atrata/proj_mri.esm2.0_ssp585/individual_projections/proj_mri.esm2.0_ssp585_Achillea.atrata_PA3_RUN5_GBM.tif
[2026-08-02 09:47:34] 	> Projecting Achillea.atrata_PA4_RUN1_ANN ...
[2026-08-02 09:47:35] 		Writing projection on hard drive...
[2026-08-02 09:47:35] 		 /work/data/output_disk_sp1_6cpu/Achillea.atrata/proj_mri.esm2.0_ssp585/individual_projections/proj_mri.esm2.0_ssp585_Achillea.atrata_PA3_RUN3_GBM.tif
[2026-08-02 09:48:21] 	> Projecting Achillea.atrata_PA3_RUN4_ANN ...
[2026-08-02 09:48:21] 		Writing projection on hard drive...
[2026-08-02 09:48:21] 		 /work/data/output_disk_sp1_6cpu/Achillea.atrata/proj_mri.esm2.0_ssp585/individual_projections/proj_mri.esm2.0_ssp585_Achillea.atrata_PA3_RUN4_GBM.tif
[2026-08-02 09:48:30] 	> Projecting Achillea.atrata_PA3_RUN5_ANN ...
[2026-08-02 09:48:31] 		Writing projection on hard drive...
[2026-08-02 09:48:31] 		 /work/data/output_disk_sp1_6cpu/Achillea.atrata/proj_mri.esm2.0_ssp585/individual_projections/proj_mri.esm2.0_ssp585_Achillea.atrata_PA4_RUN1_ANN.tif
[2026-08-02 09:48:34] 	> Projecting Achillea.atrata_PA4_RUN2_FDA ...
[2026-08-02 09:48:34] 		Writing projection on hard drive...
[2026-08-02 09:48:34] 		 /work/data/output_disk_sp1_6cpu/Achillea.atrata/proj_mri.esm2.0_ssp585/individual_projections/proj_mri.esm2.0_ssp585_Achillea.atrata_PA3_RUN4_ANN.tif
[2026-08-02 09:49:06] 	> Projecting Achillea.atrata_PA3_RUN5_FDA ...
[2026-08-02 09:49:07] 		Writing projection on hard drive...
[2026-08-02 09:49:07] 		 /work/data/output_disk_sp1_6cpu/Achillea.atrata/proj_mri.esm2.0_ssp585/individual_projections/proj_mri.esm2.0_ssp585_Achillea.atrata_PA4_RUN1_GBM.tif
[2026-08-02 09:49:17] 	> Projecting Achillea.atrata_PA4_RUN2_ANN ...
[2026-08-02 09:49:18] 		Writing projection on hard drive...
[2026-08-02 09:49:18] 		 /work/data/output_disk_sp1_6cpu/Achillea.atrata/proj_mri.esm2.0_ssp585/individual_projections/proj_mri.esm2.0_ssp585_Achillea.atrata_PA3_RUN5_ANN.tif
[2026-08-02 09:49:21] 	> Projecting Achillea.atrata_PA4_RUN1_FDA ...
[2026-08-02 09:49:22] 		Writing projection on hard drive...
[2026-08-02 09:49:22] 		 /work/data/output_disk_sp1_6cpu/Achillea.atrata/proj_mri.esm2.0_ssp585/individual_projections/proj_mri.esm2.0_ssp585_Achillea.atrata_PA4_RUN2_FDA.tif
[2026-08-02 09:49:23] 	> Projecting Achillea.atrata_PA4_RUN3_MAXNET ...
[2026-08-02 09:49:24] 		Writing projection on hard drive...
[2026-08-02 09:49:24] 		 /work/data/output_disk_sp1_6cpu/Achillea.atrata/proj_mri.esm2.0_ssp585/individual_projections/proj_mri.esm2.0_ssp585_Achillea.atrata_PA3_RUN5_FDA.tif
[2026-08-02 09:49:39] 	> Projecting Achillea.atrata_PA4_RUN1_MAXNET ...
[2026-08-02 09:49:40] 		Writing projection on hard drive...
[2026-08-02 09:49:40] 		 /work/data/output_disk_sp1_6cpu/Achillea.atrata/proj_mri.esm2.0_ssp585/individual_projections/proj_mri.esm2.0_ssp585_Achillea.atrata_PA4_RUN3_GBM.tif
[2026-08-02 09:49:40] 	> Projecting Achillea.atrata_PA4_RUN4_ANN ...
[2026-08-02 09:49:41] 		Writing projection on hard drive...
[2026-08-02 09:49:41] 		 /work/data/output_disk_sp1_6cpu/Achillea.atrata/proj_mri.esm2.0_ssp585/individual_projections/proj_mri.esm2.0_ssp585_Achillea.atrata_PA4_RUN2_GBM.tif
[2026-08-02 09:50:07] 	> Projecting Achillea.atrata_PA4_RUN3_ANN ...
[2026-08-02 09:50:07] 		Writing projection on hard drive...
[2026-08-02 09:50:07] 		 /work/data/output_disk_sp1_6cpu/Achillea.atrata/proj_mri.esm2.0_ssp585/individual_projections/proj_mri.esm2.0_ssp585_Achillea.atrata_PA4_RUN3_MAXNET.tif
[2026-08-02 09:50:08] 	> Projecting Achillea.atrata_PA4_RUN5_GLM ...
[2026-08-02 09:50:09] 		Writing projection on hard drive...
[2026-08-02 09:50:09] 		 /work/data/output_disk_sp1_6cpu/Achillea.atrata/proj_mri.esm2.0_ssp585/individual_projections/proj_mri.esm2.0_ssp585_Achillea.atrata_PA4_RUN2_ANN.tif
[2026-08-02 09:50:10] 	> Projecting Achillea.atrata_PA4_RUN3_FDA ...
[2026-08-02 09:50:11] 		Writing projection on hard drive...
[2026-08-02 09:50:11] 		 /work/data/output_disk_sp1_6cpu/Achillea.atrata/proj_mri.esm2.0_ssp585/individual_projections/proj_mri.esm2.0_ssp585_Achillea.atrata_PA4_RUN1_MAXNET.tif
[2026-08-02 09:50:14] 	> Projecting Achillea.atrata_PA4_RUN3_GLM ...
[2026-08-02 09:50:14] 		Writing projection on hard drive...
[2026-08-02 09:50:14] 		 /work/data/output_disk_sp1_6cpu/Achillea.atrata/proj_mri.esm2.0_ssp585/individual_projections/proj_mri.esm2.0_ssp585_Achillea.atrata_PA4_RUN1_FDA.tif
[2026-08-02 09:50:39] 	> Projecting Achillea.atrata_PA4_RUN2_MAXNET ...
[2026-08-02 09:50:40] 		Writing projection on hard drive...
[2026-08-02 09:50:40] 		 /work/data/output_disk_sp1_6cpu/Achillea.atrata/proj_mri.esm2.0_ssp585/individual_projections/proj_mri.esm2.0_ssp585_Achillea.atrata_PA4_RUN4_ANN.tif
[2026-08-02 09:50:41] 	> Projecting Achillea.atrata_PA4_RUN5_FDA ...
[2026-08-02 09:50:42] 		Writing projection on hard drive...
[2026-08-02 09:50:42] 		 /work/data/output_disk_sp1_6cpu/Achillea.atrata/proj_mri.esm2.0_ssp585/individual_projections/proj_mri.esm2.0_ssp585_Achillea.atrata_PA4_RUN3_ANN.tif
[2026-08-02 09:50:43] 	> Projecting Achillea.atrata_PA4_RUN4_FDA ...
[2026-08-02 09:50:44] 		Writing projection on hard drive...
[2026-08-02 09:50:44] 		 /work/data/output_disk_sp1_6cpu/Achillea.atrata/proj_mri.esm2.0_ssp585/individual_projections/proj_mri.esm2.0_ssp585_Achillea.atrata_PA4_RUN3_GLM.tif
[2026-08-02 09:50:44] 	> Projecting Achillea.atrata_PA4_RUN4_GBM ...
[2026-08-02 09:50:45] 		Writing projection on hard drive...
[2026-08-02 09:50:45] 		 /work/data/output_disk_sp1_6cpu/Achillea.atrata/proj_mri.esm2.0_ssp585/individual_projections/proj_mri.esm2.0_ssp585_Achillea.atrata_PA4_RUN5_GLM.tif
[2026-08-02 09:50:55] 	> Projecting Achillea.atrata_PA5_RUN1_GBM ...
[2026-08-02 09:50:56] 		Writing projection on hard drive...
[2026-08-02 09:50:56] 		 /work/data/output_disk_sp1_6cpu/Achillea.atrata/proj_mri.esm2.0_ssp585/individual_projections/proj_mri.esm2.0_ssp585_Achillea.atrata_PA4_RUN3_FDA.tif
[2026-08-02 09:51:04] 	> Projecting Achillea.atrata_PA4_RUN4_MAXNET ...
[2026-08-02 09:51:05] 		Writing projection on hard drive...
[2026-08-02 09:51:05] 		 /work/data/output_disk_sp1_6cpu/Achillea.atrata/proj_mri.esm2.0_ssp585/individual_projections/proj_mri.esm2.0_ssp585_Achillea.atrata_PA4_RUN2_MAXNET.tif
[2026-08-02 09:51:31] 	> Projecting Achillea.atrata_PA4_RUN4_GLM ...
[2026-08-02 09:51:32] 		Writing projection on hard drive...
[2026-08-02 09:51:32] 		 /work/data/output_disk_sp1_6cpu/Achillea.atrata/proj_mri.esm2.0_ssp585/individual_projections/proj_mri.esm2.0_ssp585_Achillea.atrata_PA4_RUN5_FDA.tif
[2026-08-02 09:51:33] 	> Projecting Achillea.atrata_PA5_RUN1_MAXNET ...
[2026-08-02 09:51:33] 		Writing projection on hard drive...
[2026-08-02 09:51:33] 		 /work/data/output_disk_sp1_6cpu/Achillea.atrata/proj_mri.esm2.0_ssp585/individual_projections/proj_mri.esm2.0_ssp585_Achillea.atrata_PA4_RUN4_FDA.tif
[2026-08-02 09:51:36] 	> Projecting Achillea.atrata_PA4_RUN5_MAXNET ...
[2026-08-02 09:51:37] 		Writing projection on hard drive...
[2026-08-02 09:51:37] 		 /work/data/output_disk_sp1_6cpu/Achillea.atrata/proj_mri.esm2.0_ssp585/individual_projections/proj_mri.esm2.0_ssp585_Achillea.atrata_PA4_RUN4_MAXNET.tif
[2026-08-02 09:51:44] 	> Projecting Achillea.atrata_PA5_RUN1_GLM ...
[2026-08-02 09:51:45] 		Writing projection on hard drive...
[2026-08-02 09:51:45] 		 /work/data/output_disk_sp1_6cpu/Achillea.atrata/proj_mri.esm2.0_ssp585/individual_projections/proj_mri.esm2.0_ssp585_Achillea.atrata_PA4_RUN4_GLM.tif
[2026-08-02 09:52:11] 	> Projecting Achillea.atrata_PA4_RUN5_GBM ...
[2026-08-02 09:52:12] 		Writing projection on hard drive...
[2026-08-02 09:52:12] 		 /work/data/output_disk_sp1_6cpu/Achillea.atrata/proj_mri.esm2.0_ssp585/individual_projections/proj_mri.esm2.0_ssp585_Achillea.atrata_PA5_RUN1_MAXNET.tif
[2026-08-02 09:52:14] 	> Projecting Achillea.atrata_PA5_RUN3_GLM ...
[2026-08-02 09:52:15] 		Writing projection on hard drive...
[2026-08-02 09:52:15] 		 /work/data/output_disk_sp1_6cpu/Achillea.atrata/proj_mri.esm2.0_ssp585/individual_projections/proj_mri.esm2.0_ssp585_Achillea.atrata_PA4_RUN5_MAXNET.tif
[2026-08-02 09:52:17] 	> Projecting Achillea.atrata_PA5_RUN2_GLM ...
[2026-08-02 09:52:18] 		Writing projection on hard drive...
[2026-08-02 09:52:18] 		 /work/data/output_disk_sp1_6cpu/Achillea.atrata/proj_mri.esm2.0_ssp585/individual_projections/proj_mri.esm2.0_ssp585_Achillea.atrata_PA5_RUN1_GLM.tif
[2026-08-02 09:52:49] 	> Projecting Achillea.atrata_PA5_RUN2_GBM ...
[2026-08-02 09:52:50] 		Writing projection on hard drive...
[2026-08-02 09:52:50] 		 /work/data/output_disk_sp1_6cpu/Achillea.atrata/proj_mri.esm2.0_ssp585/individual_projections/proj_mri.esm2.0_ssp585_Achillea.atrata_PA5_RUN3_GLM.tif
[2026-08-02 09:52:53] 	> Projecting Achillea.atrata_PA5_RUN4_GBM ...
[2026-08-02 09:52:54] 		Writing projection on hard drive...
[2026-08-02 09:52:54] 		 /work/data/output_disk_sp1_6cpu/Achillea.atrata/proj_mri.esm2.0_ssp585/individual_projections/proj_mri.esm2.0_ssp585_Achillea.atrata_PA5_RUN2_GLM.tif
[2026-08-02 10:04:37] 	> Projecting Achillea.atrata_PA5_RUN3_GBM ...
[2026-08-02 10:04:38] 		Writing projection on hard drive...
[2026-08-02 10:04:38] 		 /work/data/output_disk_sp1_6cpu/Achillea.atrata/proj_mri.esm2.0_ssp585/individual_projections/proj_mri.esm2.0_ssp585_Achillea.atrata_PA5_RUN1_GBM.tif
[2026-08-02 10:04:39] 	> Projecting Achillea.atrata_PA5_RUN2_ANN ...
[2026-08-02 10:04:40] 		Writing projection on hard drive...
[2026-08-02 10:04:40] 		 /work/data/output_disk_sp1_6cpu/Achillea.atrata/proj_mri.esm2.0_ssp585/individual_projections/proj_mri.esm2.0_ssp585_Achillea.atrata_PA4_RUN4_GBM.tif
[2026-08-02 10:05:33] 	> Projecting Achillea.atrata_PA4_RUN5_ANN ...
[2026-08-02 10:05:34] 		Writing projection on hard drive...
[2026-08-02 10:05:34] 		 /work/data/output_disk_sp1_6cpu/Achillea.atrata/proj_mri.esm2.0_ssp585/individual_projections/proj_mri.esm2.0_ssp585_Achillea.atrata_PA5_RUN2_ANN.tif
[2026-08-02 10:05:43] 	> Projecting Achillea.atrata_PA5_RUN3_FDA ...
[2026-08-02 10:05:44] 		Writing projection on hard drive...
[2026-08-02 10:05:44] 		 /work/data/output_disk_sp1_6cpu/Achillea.atrata/proj_mri.esm2.0_ssp585/individual_projections/proj_mri.esm2.0_ssp585_Achillea.atrata_PA4_RUN5_ANN.tif
[2026-08-02 10:05:50] 	> Projecting Achillea.atrata_PA5_RUN1_FDA ...
[2026-08-02 10:05:51] 		Writing projection on hard drive...
[2026-08-02 10:05:51] 		 /work/data/output_disk_sp1_6cpu/Achillea.atrata/proj_mri.esm2.0_ssp585/individual_projections/proj_mri.esm2.0_ssp585_Achillea.atrata_PA4_RUN5_GBM.tif
[2026-08-02 10:05:58] 	> Projecting Achillea.atrata_PA5_RUN1_ANN ...
[2026-08-02 10:05:59] 		Writing projection on hard drive...
[2026-08-02 10:05:59] 		 /work/data/output_disk_sp1_6cpu/Achillea.atrata/proj_mri.esm2.0_ssp585/individual_projections/proj_mri.esm2.0_ssp585_Achillea.atrata_PA5_RUN2_GBM.tif
[2026-08-02 10:06:25] 	> Projecting Achillea.atrata_PA5_RUN3_ANN ...
[2026-08-02 10:06:26] 		Writing projection on hard drive...
[2026-08-02 10:06:26] 		 /work/data/output_disk_sp1_6cpu/Achillea.atrata/proj_mri.esm2.0_ssp585/individual_projections/proj_mri.esm2.0_ssp585_Achillea.atrata_PA5_RUN3_FDA.tif
[2026-08-02 10:06:36] 	> Projecting Achillea.atrata_PA5_RUN4_MAXNET ...
[2026-08-02 10:06:36] 		Writing projection on hard drive...
[2026-08-02 10:06:36] 		 /work/data/output_disk_sp1_6cpu/Achillea.atrata/proj_mri.esm2.0_ssp585/individual_projections/proj_mri.esm2.0_ssp585_Achillea.atrata_PA5_RUN1_FDA.tif
[2026-08-02 10:06:44] 	> Projecting Achillea.atrata_PA5_RUN2_MAXNET ...
[2026-08-02 10:06:45] 		Writing projection on hard drive...
[2026-08-02 10:06:45] 		 /work/data/output_disk_sp1_6cpu/Achillea.atrata/proj_mri.esm2.0_ssp585/individual_projections/proj_mri.esm2.0_ssp585_Achillea.atrata_PA5_RUN3_GBM.tif
[2026-08-02 10:06:47] 	> Projecting Achillea.atrata_PA5_RUN4_ANN ...
[2026-08-02 10:06:48] 		Writing projection on hard drive...
[2026-08-02 10:06:48] 		 /work/data/output_disk_sp1_6cpu/Achillea.atrata/proj_mri.esm2.0_ssp585/individual_projections/proj_mri.esm2.0_ssp585_Achillea.atrata_PA5_RUN4_GBM.tif
[2026-08-02 10:06:49] 	> Projecting Achillea.atrata_PA5_RUN5_ANN ...
[2026-08-02 10:06:50] 		Writing projection on hard drive...
[2026-08-02 10:06:50] 		 /work/data/output_disk_sp1_6cpu/Achillea.atrata/proj_mri.esm2.0_ssp585/individual_projections/proj_mri.esm2.0_ssp585_Achillea.atrata_PA5_RUN1_ANN.tif
[2026-08-02 10:07:01] 	> Projecting Achillea.atrata_PA5_RUN2_FDA ...
[2026-08-02 10:07:02] 		Writing projection on hard drive...
[2026-08-02 10:07:11] 		 /work/data/output_disk_sp1_6cpu/Achillea.atrata/proj_mri.esm2.0_ssp585/individual_projections/proj_mri.esm2.0_ssp585_Achillea.atrata_PA5_RUN4_MAXNET.tif
[2026-08-02 10:07:11] 		Writing projection on hard drive...
[2026-08-02 10:07:11] 		 /work/data/output_disk_sp1_6cpu/Achillea.atrata/proj_mri.esm2.0_ssp585/individual_projections/proj_mri.esm2.0_ssp585_Achillea.atrata_PA5_RUN3_ANN.tif
[2026-08-02 10:07:22] 	> Projecting Achillea.atrata_PA5_RUN4_FDA ...
[2026-08-02 10:07:23] 		Writing projection on hard drive...
[2026-08-02 10:07:23] 		 /work/data/output_disk_sp1_6cpu/Achillea.atrata/proj_mri.esm2.0_ssp585/individual_projections/proj_mri.esm2.0_ssp585_Achillea.atrata_PA5_RUN2_MAXNET.tif
[2026-08-02 10:07:44] 	> Projecting Achillea.atrata_PA5_RUN4_GLM ...
[2026-08-02 10:07:45] 		Writing projection on hard drive...
[2026-08-02 10:07:45] 		Writing projection on hard drive...
[2026-08-02 10:07:45] 		 /work/data/output_disk_sp1_6cpu/Achillea.atrata/proj_mri.esm2.0_ssp585/individual_projections/proj_mri.esm2.0_ssp585_Achillea.atrata_PA5_RUN2_FDA.tif
[2026-08-02 10:07:45] 	> Projecting Achillea.atrata_PA5_RUN3_MAXNET ...
[2026-08-02 10:07:45] 		Writing projection on hard drive...
[2026-08-02 10:07:45] 		 /work/data/output_disk_sp1_6cpu/Achillea.atrata/proj_mri.esm2.0_ssp585/individual_projections/proj_mri.esm2.0_ssp585_Achillea.atrata_PA5_RUN4_ANN.tif
[2026-08-02 10:07:46] 	> Projecting Achillea.atrata_PA5_RUN5_FDA ...
[2026-08-02 10:08:00] 		 /work/data/output_disk_sp1_6cpu/Achillea.atrata/proj_mri.esm2.0_ssp585/individual_projections/proj_mri.esm2.0_ssp585_Achillea.atrata_PA5_RUN5_ANN.tif
[2026-08-02 10:08:00] 		Writing projection on hard drive...
[2026-08-02 10:08:00] 		 /work/data/output_disk_sp1_6cpu/Achillea.atrata/proj_mri.esm2.0_ssp585/individual_projections/proj_mri.esm2.0_ssp585_Achillea.atrata_PA5_RUN4_GLM.tif
[2026-08-02 10:08:02] 	> Projecting Achillea.atrata_PA5_RUN5_GBM ...
[2026-08-02 10:08:03] 		Writing projection on hard drive...
[2026-08-02 10:08:03] 		 /work/data/output_disk_sp1_6cpu/Achillea.atrata/proj_mri.esm2.0_ssp585/individual_projections/proj_mri.esm2.0_ssp585_Achillea.atrata_PA5_RUN4_FDA.tif
[2026-08-02 10:08:30] 	> Projecting Achillea.atrata_PA5_RUN5_MAXNET ...
[2026-08-02 10:08:31] 		Writing projection on hard drive...
[2026-08-02 10:08:31] 		 /work/data/output_disk_sp1_6cpu/Achillea.atrata/proj_mri.esm2.0_ssp585/individual_projections/proj_mri.esm2.0_ssp585_Achillea.atrata_PA5_RUN3_MAXNET.tif
[2026-08-02 10:08:36] 	> Projecting Achillea.atrata_PA5_RUN5_GLM ...
[2026-08-02 10:08:36] 		Writing projection on hard drive...
[2026-08-02 10:08:43] 		 /work/data/output_disk_sp1_6cpu/Achillea.atrata/proj_mri.esm2.0_ssp585/individual_projections/proj_mri.esm2.0_ssp585_Achillea.atrata_PA5_RUN5_FDA.tif
[2026-08-02 10:08:43] 		Writing projection on hard drive...
[2026-08-02 10:09:08] 		 /work/data/output_disk_sp1_6cpu/Achillea.atrata/proj_mri.esm2.0_ssp585/individual_projections/proj_mri.esm2.0_ssp585_Achillea.atrata_PA5_RUN5_MAXNET.tif
[2026-08-02 10:09:09] 		Writing projection on hard drive...
[2026-08-02 10:21:39] 		 /work/data/output_disk_sp1_6cpu/Achillea.atrata/proj_mri.esm2.0_ssp585/individual_projections/proj_mri.esm2.0_ssp585_Achillea.atrata_PA5_RUN5_GLM.tif
[2026-08-02 10:21:40] 		Writing projection on hard drive...
[2026-08-02 10:21:40] 		 /work/data/output_disk_sp1_6cpu/Achillea.atrata/proj_mri.esm2.0_ssp585/individual_projections/proj_mri.esm2.0_ssp585_Achillea.atrata_PA5_RUN5_GBM.tif
[2026-08-02 10:21:40] -=-=-=-=-=-=-=-=-=-=-=-=-=-=-=-=-=-= Done -=-=-=-=-=-=-=-=-=-=-=-=-=-=-=-=-=-=
[2026-08-02 10:21:40] 
[2026-08-02 10:21:40] -=-=-=-=-=-=-=-=-=-=-=-= Do Ensemble Models Projection -=-=-=-=-=-=-=-=-=-=-=-=
[2026-08-02 10:21:40] 
[2026-08-02 10:21:40] Creating suitable Workdir...
[2026-08-02 10:21:41] 
[2026-08-02 10:21:41] 	> Projecting Achillea.atrata_EMmeanByAUCroc_mergedData_mergedRun_mergedAlgo ...|---------|---------|---------|---------|
[2026-08-02 10:37:42] 	> Projecting Achillea.atrata_EMcvByAUCroc_mergedData_mergedRun_mergedAlgo ...|---------|---------|---------|---------|===================================================                                          
[2026-08-02 10:45:35] 		Writing projection on hard drive...===============================                                          
[2026-08-02 10:45:37] 		Writing projection on hard drive...
[2026-08-02 10:45:37] 
[2026-08-02 10:45:37] ! Binary/Filtered transformation automatically desactivated for ensemble models with coefficient of variation or confidence intervals
[2026-08-02 10:45:42] 	> Building TSS binaries / filtered
[2026-08-02 10:45:47] 	> Building AUCroc binaries / filtered
[2026-08-02 10:45:52] 	> Building KAPPA binaries / filtered
[2026-08-02 10:45:52] 
[2026-08-02 10:45:52] -=-=-=-=-=-=-=-=-=-=-=-=-=-=-=-=-=-= Done -=-=-=-=-=-=-=-=-=-=-=-=-=-=-=-=-=-=
[2026-08-02 10:45:53] > end.time <- Sys.time()
[2026-08-02 10:45:53] > time.fut_proj <- end.time - start.time
[2026-08-02 10:45:53] > 
[2026-08-02 10:45:53] > # force seconds: write.table strips difftime units and R auto-picks a unit per value,
[2026-08-02 10:45:53] > # so columns aren't comparable. as.numeric(., units="secs") makes them uniform.
[2026-08-02 10:45:53] > time <- data.frame(
[2026-08-02 10:45:53] +   formating = as.numeric(time.formating, units = "secs"),
[2026-08-02 10:45:53] +   modeling = as.numeric(time.modeling, units = "secs"),
[2026-08-02 10:45:53] +   modeling_EM = as.numeric(time.modeling_EM, units = "secs"),
[2026-08-02 10:45:53] +   cur_projection = as.numeric(time.cur_proj, units = "secs"),
[2026-08-02 10:45:53] +   cur_projection_EM = as.numeric(time.cur_proj_EM, units = "secs"),
[2026-08-02 10:45:53] +   fut_projection = as.numeric(time.fut_proj, units = "secs")
[2026-08-02 10:45:53] + )
[2026-08-02 10:45:53] > write.table(time, paste0("time_", species_name, ".txt"), sep = "\t")
[2026-08-02 10:45:53] > write.table(
[2026-08-02 10:45:53] +   future_timings,
[2026-08-02 10:45:53] +   paste0("time_future_", species_name, ".txt"),
[2026-08-02 10:45:53] +   sep = "\t",
[2026-08-02 10:45:53] +   row.names = FALSE
[2026-08-02 10:45:53] + )
[2026-08-02 10:45:53] > writeLines(
[2026-08-02 10:45:53] +   c(
[2026-08-02 10:45:53] +     paste("species", species_name),
[2026-08-02 10:45:53] +     paste("task_id", task_id),
[2026-08-02 10:45:53] +     paste("biomod_ncpu", n_cpu),
[2026-08-02 10:45:53] +     paste("ensemble_ncpu", ensemble_n_cpu),
[2026-08-02 10:45:53] +     paste("completed_at", format(Sys.time(), "%Y-%m-%d %H:%M:%S"))
[2026-08-02 10:45:53] +   ),
[2026-08-02 10:45:53] +   file.path(species_dir, "_SUCCESS")
[2026-08-02 10:45:53] + )
[2026-08-02 10:45:53] > 
Finished: 2026-08-02T10:45:54+02:00
Elapsed: 0d 17h 50m 53s
