Job: id=49844162 array_task=1 node=lrdn4376
Resources: cpus=4 memory=all-node
R script: /work/R/base_sequential_analysis.R
Started: 2026-07-19T20:03:38+02:00
Resource log: /leonardo_work/IscrC_SPECC/logs/resources_49844162_1.txt
[2026-07-19 20:03:43] > options(warn = 1) # stampa i warning quando accadono (non in blocco a fine run)
[2026-07-19 20:03:43] > 
[2026-07-19 20:03:43] > env_true <- function(name, default) {
[2026-07-19 20:03:43] +   tolower(Sys.getenv(name, default)) %in% c("1", "true", "yes", "y")
[2026-07-19 20:03:43] + }
[2026-07-19 20:03:43] > 
[2026-07-19 20:03:43] > # Global worker count for BIOMOD_Modeling and BIOMOD_Projection. By default it
[2026-07-19 20:03:43] > # follows the CPUs allocated by Slurm; BIOMOD_NCPU can override it for tests.
[2026-07-19 20:03:43] > n_cpu <- suppressWarnings(as.integer(Sys.getenv(
[2026-07-19 20:03:43] +   "BIOMOD_NCPU",
[2026-07-19 20:03:43] +   Sys.getenv("SLURM_CPUS_PER_TASK", "5")
[2026-07-19 20:03:43] + )))
[2026-07-19 20:03:43] > if (is.na(n_cpu) || n_cpu < 1L) {
[2026-07-19 20:03:43] +   stop("BIOMOD_NCPU must be a positive integer")
[2026-07-19 20:03:43] + }
[2026-07-19 20:03:43] > allocated_cpus <- suppressWarnings(as.integer(Sys.getenv("SLURM_CPUS_PER_TASK", "")))
[2026-07-19 20:03:43] > if (!is.na(allocated_cpus) && n_cpu > allocated_cpus) {
[2026-07-19 20:03:43] +   stop("BIOMOD_NCPU cannot exceed SLURM_CPUS_PER_TASK (", allocated_cpus, ")")
[2026-07-19 20:03:43] + }
[2026-07-19 20:03:43] > ensemble_n_cpu <- min(n_cpu, 2L)
[2026-07-19 20:03:43] > projection_keep_in_memory <- env_true("PROJ_KEEP_IN_MEMORY", "false")
[2026-07-19 20:03:43] > projection_do_stack <- env_true("PROJ_DO_STACK", "true")
[2026-07-19 20:03:43] > cat(
[2026-07-19 20:03:43] +   "DEBUG: BIOMOD workers =", n_cpu,
[2026-07-19 20:03:43] +   "| ensemble workers =", ensemble_n_cpu,
[2026-07-19 20:03:43] +   "| Slurm CPUs =", ifelse(is.na(allocated_cpus), "unknown", allocated_cpus), "\n",
[2026-07-19 20:03:43] +   "DEBUG: projection keep.in.memory =", projection_keep_in_memory,
[2026-07-19 20:03:43] +   "| do.stack =", projection_do_stack, "\n"
[2026-07-19 20:03:43] + )
[2026-07-19 20:03:43] DEBUG: BIOMOD workers = 4 | ensemble workers = 2 | Slurm CPUs = 4 
[2026-07-19 20:03:43]  DEBUG: projection keep.in.memory = FALSE | do.stack = FALSE 
[2026-07-19 20:03:43] > 
[2026-07-19 20:03:43] > library(biomod2)
[2026-07-19 20:03:49] biomod2 4.3-4-5 loaded.
[2026-07-19 20:03:49]  /!\ Welcome to augmented biomod2 with abundance modeling available! (*o*)
[2026-07-19 20:03:49]  Take a look at the HOME and NEWS section on the website to see all the features!
[2026-07-19 20:03:49] 
[2026-07-19 20:03:49] Loading required package: nnet
[2026-07-19 20:03:49] Loading required package: rpart
[2026-07-19 20:03:49] Loading required package: cito
[2026-07-19 20:03:49] Warning in library(package, lib.loc = lib.loc, character.only = TRUE, logical.return = TRUE,  :
[2026-07-19 20:03:49]   there is no package called ‘cito’
[2026-07-19 20:03:49] Loading required package: mda
[2026-07-19 20:03:49] Loading required package: class
[2026-07-19 20:03:49] Loaded mda 0.5-5
[2026-07-19 20:03:49] 
[2026-07-19 20:03:49] Loading required package: gam
[2026-07-19 20:03:49] Loading required package: splines
[2026-07-19 20:03:49] Loading required package: foreach
[2026-07-19 20:03:49] Loaded gam 1.22-7
[2026-07-19 20:03:49] 
[2026-07-19 20:03:49] Loading required package: mgcv
[2026-07-19 20:03:49] Loading required package: nlme
[2026-07-19 20:03:49] This is mgcv 1.9-4. For overview type '?mgcv'.
[2026-07-19 20:03:49] 
[2026-07-19 20:03:49] Attaching package: ‘mgcv’
[2026-07-19 20:03:49] 
[2026-07-19 20:03:49] The following objects are masked from ‘package:gam’:
[2026-07-19 20:03:49] 
[2026-07-19 20:03:49]     gam, gam.control, gam.fit, s
[2026-07-19 20:03:49] 
[2026-07-19 20:03:49] The following object is masked from ‘package:nnet’:
[2026-07-19 20:03:49] 
[2026-07-19 20:03:49]     multinom
[2026-07-19 20:03:49] 
[2026-07-19 20:03:49] Loading required package: gbm
[2026-07-19 20:03:49] Loaded gbm 2.2.3
[2026-07-19 20:03:49] This version of gbm is no longer under development. Consider transitioning to gbm3, https://github.com/gbm-developers/gbm3
[2026-07-19 20:03:49] Loading required package: earth
[2026-07-19 20:03:49] Loading required package: Formula
[2026-07-19 20:03:49] Loading required package: plotmo
[2026-07-19 20:03:49] Loading required package: plotrix
[2026-07-19 20:03:49] Loading required package: maxnet
[2026-07-19 20:03:49] Loading required package: randomForest
[2026-07-19 20:03:49] randomForest 4.7-1.2
[2026-07-19 20:03:49] Type rfNews() to see new features/changes/bug fixes.
[2026-07-19 20:03:49] Loading required package: xgboost
[2026-07-19 20:03:49] > library(terra)
[2026-07-19 20:03:49] terra 1.9.11
[2026-07-19 20:03:49] 
[2026-07-19 20:03:49] Attaching package: ‘terra’
[2026-07-19 20:03:49] 
[2026-07-19 20:03:49] The following object is masked from ‘package:plotrix’:
[2026-07-19 20:03:49] 
[2026-07-19 20:03:49]     rescale
[2026-07-19 20:03:49] 
[2026-07-19 20:03:49] > library(gbm)
[2026-07-19 20:03:49] > library(mda)
[2026-07-19 20:03:49] > library(randomForest)
[2026-07-19 20:03:49] > 
[2026-07-19 20:03:49] > # biomod2 registers its own doParallel backend from nb.cpu; an external cluster
[2026-07-19 20:03:49] > # is unnecessary and previously hung inside the Singularity container.
[2026-07-19 20:03:49] > 
[2026-07-19 20:03:49] > root <- normalizePath(".")
[2026-07-19 20:03:49] > in_dir <- file.path(root, "data/input")
[2026-07-19 20:03:49] > out_dir <- Sys.getenv("BIOMOD_OUTPUT_DIR", file.path(root, "data/output"))
[2026-07-19 20:03:49] > dir.create(out_dir, showWarnings = FALSE)
[2026-07-19 20:03:49] > 
[2026-07-19 20:03:49] > ####################################
[2026-07-19 20:03:49] > # loading species occurrences data
[2026-07-19 20:03:49] > ####################################
[2026-07-19 20:03:49] > spocc <- read.csv(file.path(in_dir, "full_1km_EUNIS.csv"), head = TRUE)
[2026-07-19 20:03:57] > spocc <- spocc[, -1] # drop id -> cols: sp_name, x, y, pseudo-absences
[2026-07-19 20:03:57] > spocc$sp_name <- sub(" ", ".", spocc$sp_name)
[2026-07-19 20:03:57] > sp.names <- levels(factor(spocc[, 1]))
[2026-07-19 20:03:58] > num_sp <- length(sp.names)
[2026-07-19 20:03:58] > cat("DEBUG: num_sp =", num_sp, "| total rows =", nrow(spocc), "\n")
[2026-07-19 20:03:58] DEBUG: num_sp = 167 | total rows = 2583359 
[2026-07-19 20:03:58] > 
[2026-07-19 20:03:58] > #####################################
[2026-07-19 20:03:58] > # CALIBRATION environmental data
[2026-07-19 20:03:58] > #####################################
[2026-07-19 20:03:58] > cat("DEBUG: loading calibration rasters...\n")
[2026-07-19 20:03:58] DEBUG: loading calibration rasters...
[2026-07-19 20:03:58] > clim_cal <- rast(dir(file.path(in_dir, "climate_vars/baseline"), full.names = T))
[2026-07-19 20:03:58] > tri_cal <- rast(dir(file.path(in_dir, "TRI_vars"), full.names = T))
[2026-07-19 20:03:58] > soil_cal <- rast(dir(file.path(in_dir, "soil_vars"), full.names = T))
[2026-07-19 20:03:58] > cur_cal <- c(clim_cal, tri_cal, soil_cal)
[2026-07-19 20:03:58] > names(cur_cal) <- c("PC1_clim", "PC2_clim", "tri", "PC1_soil", "PC2_soil")
[2026-07-19 20:03:58] > cat("DEBUG: raster dim =", dim(cur_cal)[1], "x", dim(cur_cal)[2], "| ncell =", ncell(cur_cal), "\n")
[2026-07-19 20:03:58] DEBUG: raster dim = 5873 x 10889 | ncell = 63951097 
[2026-07-19 20:03:58] > 
[2026-07-19 20:03:58] > #####################################
[2026-07-19 20:03:58] > # PROJECTION environmental data
[2026-07-19 20:03:58] > #####################################
[2026-07-19 20:03:58] > # Projection and calibration use the same baseline rasters. Reuse their handles
[2026-07-19 20:03:58] > # instead of loading a second copy into the R process.
[2026-07-19 20:03:58] > cur_proj <- cur_cal
[2026-07-19 20:03:58] > tri_proj <- tri_cal
[2026-07-19 20:03:58] > soil_proj <- soil_cal
[2026-07-19 20:03:58] > 
[2026-07-19 20:03:58] > #####################################
[2026-07-19 20:03:58] > # loading FUTURE list (leaf dirs containing tif)
[2026-07-19 20:03:58] > #####################################
[2026-07-19 20:03:58] > lf <- list.dirs(file.path(in_dir, "climate_vars/future"), full.names = T, recursive = T)[-1]
[2026-07-19 20:03:58] > lf <- lf[sapply(lf, function(d) length(list.files(d, pattern = "\\.tif$")) > 0)]
[2026-07-19 20:03:58] > cat("DEBUG: testing with", length(lf), "future scenarios\n")
[2026-07-19 20:03:58] DEBUG: testing with 8 future scenarios
[2026-07-19 20:03:58] > 
[2026-07-19 20:03:58] > # outputs (biomod2 writes species folders into the working dir)
[2026-07-19 20:03:58] > setwd(out_dir)
[2026-07-19 20:03:58] > 
[2026-07-19 20:03:58] > selModels <- c("GLM", "GBM", "ANN", "FDA", "MAXNET")
[2026-07-19 20:03:58] > 
[2026-07-19 20:03:58] > # One Slurm array task processes exactly one species.
[2026-07-19 20:03:58] > task_id <- suppressWarnings(as.integer(Sys.getenv("SLURM_ARRAY_TASK_ID", "1")))
[2026-07-19 20:03:58] > if (is.na(task_id) || task_id < 1L || task_id > num_sp) {
[2026-07-19 20:03:58] +   stop("SLURM_ARRAY_TASK_ID must be between 1 and ", num_sp)
[2026-07-19 20:03:58] + }
[2026-07-19 20:03:58] > species_name <- sp.names[[task_id]]
[2026-07-19 20:03:58] > spocc1 <- spocc[spocc[, 1] == species_name, , drop = FALSE]
[2026-07-19 20:03:58] > cat(
[2026-07-19 20:03:58] +   "DEBUG: array task", task_id,
[2026-07-19 20:03:58] +   "-> species =", species_name,
[2026-07-19 20:03:58] +   "| occurrences =", nrow(spocc1), "\n"
[2026-07-19 20:03:58] + )
[2026-07-19 20:03:58] DEBUG: array task 1 -> species = Achillea.atrata | occurrences = 1475 
[2026-07-19 20:03:58] > 
[2026-07-19 20:03:58] > # The full occurrence table is no longer needed by this isolated species task.
[2026-07-19 20:03:58] > rm(spocc)
[2026-07-19 20:03:58] > gc(verbose = FALSE)
[2026-07-19 20:03:58]           used  (Mb) gc trigger  (Mb) max used  (Mb)
[2026-07-19 20:03:58] Ncells 3150380 168.3    9576217 511.5  5743825 306.8
[2026-07-19 20:03:58] Vcells 6887112  52.6   40573017 309.6 50145794 382.6
[2026-07-19 20:03:58] > 
[2026-07-19 20:03:58] > # Per-species cleanup is safe when different array tasks process distinct species.
[2026-07-19 20:03:58] > species_dir <- file.path(out_dir, species_name)
[2026-07-19 20:03:58] > unlink(species_dir, recursive = TRUE)
[2026-07-19 20:03:58] > 
[2026-07-19 20:03:58] > ###########################################################################
[2026-07-19 20:03:58] > ######################     CALIBRATION ON EUROPE      #####################
[2026-07-19 20:03:58] > ###########################################################################
[2026-07-19 20:03:58] > 
[2026-07-19 20:03:58] > start.time <- Sys.time()
[2026-07-19 20:03:58] > myRespName <- species_name
[2026-07-19 20:03:58] > myRespXY <- spocc1[, 2:3] # coordinates of points
[2026-07-19 20:03:58] > myResp <- rep(1, nrow(spocc1)) # species occurences
[2026-07-19 20:03:58] > 
[2026-07-19 20:03:58] > cat("DEBUG: starting BIOMOD_FormatingData at", format(Sys.time(), "%H:%M:%S"), "\n")
[2026-07-19 20:03:58] DEBUG: starting BIOMOD_FormatingData at 20:03:58 
[2026-07-19 20:03:58] > flush.console()
[2026-07-19 20:03:58] > 
[2026-07-19 20:03:58] > # 1. Formatting Data (5 sets of pseudo-absences, 10000 absences each, random strategy)
[2026-07-19 20:03:58] > # resp è la distribuzione della specie
[2026-07-19 20:03:58] > # expl sono le variabili che vanno a spiegare la distribuzione della specie (spiegano la resp) (caldo, freddo, neve, etc)
[2026-07-19 20:03:58] > 
[2026-07-19 20:03:58] > myBiomodData <- BIOMOD_FormatingData(
[2026-07-19 20:03:58] +   resp.var = myResp, # response variable
[2026-07-19 20:03:58] +   expl.var = cur_cal, # explenatory variable
[2026-07-19 20:03:58] +   resp.xy = myRespXY, # longitude and latitude of species occurrences
[2026-07-19 20:03:58] +   resp.name = myRespName,
[2026-07-19 20:03:58] +   PA.nb.rep = 5, # value used by the original analysis
[2026-07-19 20:03:58] +   PA.nb.absences = 10000, # production value (was toy 10); grows modeling only, projection unchanged
[2026-07-19 20:03:58] +   PA.strategy = "random",
[2026-07-19 20:03:58] +   na.rm = TRUE,
[2026-07-19 20:03:58] +   filter.raster = F # se la response var deve essere filtrata (se troppi punti vanno nella stessa cella), se true si rischia di andare a sovrastimare (overfitting)
[2026-07-19 20:03:58] + )
[2026-07-19 20:03:58] 
[2026-07-19 20:03:58] -=-=-=-=-=-=-=-=-=-=-=-= Achillea.atrata Data Formating -=-=-=-=-=-=-=-=-=-=-=-=
[2026-07-19 20:03:58] 
[2026-07-19 20:03:58] 
[2026-07-19 20:03:58] Checking Pseudo-absence selection arguments...
[2026-07-19 20:03:58] 
[2026-07-19 20:03:58]    > random pseudo absences selection
[2026-07-19 21:19:14]    > Pseudo absences are selected in explanatory variables
[2026-07-19 21:19:14] 
[2026-07-19 21:19:26]  ! Some NAs have been automatically removed from your data
[2026-07-19 21:19:26] -=-=-=-=-=-=-=-=-=-=-=-=-=-=-=-=-=-= Done -=-=-=-=-=-=-=-=-=-=-=-=-=-=-=-=-=-=
[2026-07-19 21:19:26] > 
[2026-07-19 21:19:26] > cat("DEBUG: BIOMOD_FormatingData done at", format(Sys.time(), "%H:%M:%S"), "\n")
[2026-07-19 21:19:26] DEBUG: BIOMOD_FormatingData done at 21:19:26 
[2026-07-19 21:19:26] > end.time <- Sys.time()
[2026-07-19 21:19:26] > time.formating <- end.time - start.time
[2026-07-19 21:19:26] > 
[2026-07-19 21:19:26] > start.time <- Sys.time()
[2026-07-19 21:19:26] > # 2. Defining Models Options (bigboss preset)
[2026-07-19 21:19:26] > opt.b <- bm_ModelingOptions(
[2026-07-19 21:19:26] +   data.type = "binary",
[2026-07-19 21:19:26] +   models = selModels,
[2026-07-19 21:19:26] +   strategy = "bigboss", # statistic method, parametri definiti dal team di biomod2, strategia già definita, parametri ottimali, ps: non sono quelli di default, sono quelli ottimali
[2026-07-19 21:19:26] +   bm.format = myBiomodData
[2026-07-19 21:19:26] + )
[2026-07-19 21:19:26] 
[2026-07-19 21:19:26] -=-=-=-=-=-=-=-=-=-=-=-=-=-= Build Modeling Options -=-=-=-=-=-=-=-=-=-=-=-=-=-=
[2026-07-19 21:19:26] 
[2026-07-19 21:19:26] 	>  GLM options ( datatype: binary , package: stats , function: glm )...
[2026-07-19 21:19:26] 	>  GBM options ( datatype: binary , package: gbm , function: gbm )...
[2026-07-19 21:19:26] 	>  ANN options ( datatype: binary , package: nnet , function: nnet )...
[2026-07-19 21:19:26] 	>  FDA options ( datatype: binary , package: mda , function: fda )...
[2026-07-19 21:19:26] 	>  MAXNET options ( datatype: binary , package: maxnet , function: maxnet )...
[2026-07-19 21:19:26] 
[2026-07-19 21:19:26] -=-=-=-=-=-=-=-=-=-=-=-=-=-=-=-=-=-= Done -=-=-=-=-=-=-=-=-=-=-=-=-=-=-=-=-=-=
[2026-07-19 21:19:26] > 
[2026-07-19 21:19:26] > # 3. Computing the models
[2026-07-19 21:19:26] > myBiomodModelOut <- BIOMOD_Modeling(
[2026-07-19 21:19:26] +   myBiomodData,
[2026-07-19 21:19:26] +   models = selModels,
[2026-07-19 21:19:26] +   CV.strategy = "random",
[2026-07-19 21:19:26] +   CV.nb.rep = 5, # number of repetitions for cross validation, in order to validate the performance of the single model/algorithm
[2026-07-19 21:19:26] +   CV.perc = 0.7, # valuta sul 70% dei dati e anche per calibrarsi (training) e testa querllo che ha imparato sul 30% dei dati, e va a fare un cross validation per vedere quanto è stato performante il modello rispetto al testing
[2026-07-19 21:19:26] +   OPT.strategy = "bigboss",
[2026-07-19 21:19:26] +   metric.eval = c("TSS", "AUCroc", "KAPPA", "POD", "FAR"),
[2026-07-19 21:19:26] +   scale.models = FALSE, # default, chiede se tutte le proiezioni debbano essere scalate in binomiale (TODO check if we can delete this param, as it is default false)
[2026-07-19 21:19:26] +   CV.do.full.models = FALSE, # default a false, chiede se venga fatta calibrazione e valutazione anche sulle pseudo-assenze
[2026-07-19 21:19:26] +   nb.cpu = n_cpu,
[2026-07-19 21:19:26] +   do.progress = T
[2026-07-19 21:19:26] + )
[2026-07-19 21:19:26] 
[2026-07-19 21:19:26] -=-=-=-=-=-=-=-=-=-=-=-=-=-=-= Build Single Models -=-=-=-=-=-=-=-=-=-=-=-=-=-=-=
[2026-07-19 21:19:26] 
[2026-07-19 21:19:26] 
[2026-07-19 21:19:26] Checking Models arguments...
[2026-07-19 21:19:26] 
[2026-07-19 21:19:26] 	> Automatic weights creation to rise a 0.5 prevalence
[2026-07-19 21:19:26] Creating suitable Workdir...
[2026-07-19 21:19:29] 
[2026-07-19 21:19:29] 
[2026-07-19 21:19:29] Checking Cross-Validation arguments...
[2026-07-19 21:19:29] 
[2026-07-19 21:19:29]    > Random cross-validation selection
[2026-07-19 21:19:29] 
[2026-07-19 21:19:29] -=-=-=-=-=-=-=-=-=-=-=-=-=-= Build Modeling Options -=-=-=-=-=-=-=-=-=-=-=-=-=-=
[2026-07-19 21:19:29] 
[2026-07-19 21:19:29] 	>  GLM options ( datatype: binary , package: stats , function: glm )...
[2026-07-19 21:19:29] 	>  GBM options ( datatype: binary , package: gbm , function: gbm )...
[2026-07-19 21:19:29] 	>  ANN options ( datatype: binary , package: nnet , function: nnet )...
[2026-07-19 21:19:29] 	>  FDA options ( datatype: binary , package: mda , function: fda )...
[2026-07-19 21:19:29] 	>  MAXNET options ( datatype: binary , package: maxnet , function: maxnet )...
[2026-07-19 21:19:29] 
[2026-07-19 21:19:29] -=-=-=-=-=-=-=-=-=-=-=-=-=-=-=-=-=-= Done -=-=-=-=-=-=-=-=-=-=-=-=-=-=-=-=-=-=
[2026-07-19 21:19:29] 
[2026-07-19 21:19:29] 
[2026-07-19 21:19:29] 
[2026-07-19 21:19:29] -=-=-=-=-=-=-=-=-=-=-=-= Achillea.atrata Modeling Summary -=-=-=-=-=-=-=-=-=-=-=-=
[2026-07-19 21:19:29] 
[2026-07-19 21:19:29] > 5 environmental variables ( PC1_clim PC2_clim tri PC1_soil PC2_soil )
[2026-07-19 21:19:29] 
[2026-07-19 21:19:29] > Number of PA datasets : 5
[2026-07-19 21:19:29] 
[2026-07-19 21:19:29] > Number of calibration/validation splits : 5
[2026-07-19 21:19:29] 
[2026-07-19 21:19:29] > Algorithms selected : GLM GBM ANN FDA MAXNET
[2026-07-19 21:19:29]  25 models for each algorithm
[2026-07-19 21:19:29] 
[2026-07-19 21:19:29] Total number of model runs: 125 
[2026-07-19 21:19:29] 
[2026-07-19 21:19:29] -=-=-=-=-=-=-=-=-=-=-=-=-=-=-=-=-=-=-=-=-=-=-=-=-=-=-=-=-=-=-=-=-=-=-=-=-=-=-=-=
[2026-07-19 21:19:29] 
[2026-07-19 21:19:29] 
[2026-07-19 21:19:29] -=-=-=--=-=-=- Achillea.atrata_PA1_RUN1_GLM 
[2026-07-19 21:19:29] 
[2026-07-19 21:19:29] 
[2026-07-19 21:19:29] -=-=-=--=-=-=- Achillea.atrata_PA1_RUN1_GBM 
[2026-07-19 21:19:29] CV: 1 
[2026-07-19 21:19:29] Warning: glm.fit: fitted probabilities numerically 0 or 1 occurred
[2026-07-19 21:19:29] 
[2026-07-19 21:19:29] 	Evaluating Model stuff...
[2026-07-19 21:19:29] 
[2026-07-19 21:19:29] -=-=-=--=-=-=- Achillea.atrata_PA1_RUN1_ANN 
[2026-07-19 21:19:29] 
[2026-07-19 21:19:29] 
[2026-07-19 21:19:29] -=-=-=--=-=-=- Achillea.atrata_PA1_RUN1_FDA 
[2026-07-19 21:19:30] 
[2026-07-19 21:19:30] 	Model scaling...
[2026-07-19 21:19:30] 	Model scaling...
[2026-07-19 21:19:30] 	Evaluating Model stuff...
[2026-07-19 21:19:31] 	Evaluating Model stuff...
[2026-07-19 21:19:31] 
[2026-07-19 21:19:31] -=-=-=--=-=-=- Achillea.atrata_PA1_RUN1_MAXNET 
[2026-07-19 21:19:31] 
[2026-07-19 21:19:31] 
[2026-07-19 21:19:31] -=-=-=--=-=-=- Achillea.atrata_PA1_RUN2_GBM 
[2026-07-19 21:19:31] CV: 1 
[2026-07-19 21:19:31] 
[2026-07-19 21:19:31] 
[2026-07-19 21:19:31] -=-=-=--=-=-=- Achillea.atrata_PA1_RUN2_ANN 
[2026-07-19 21:19:31] 
[2026-07-19 21:19:31] 	Model scaling...
[2026-07-19 21:19:32] 	Evaluating Model stuff...
[2026-07-19 21:19:32] 
[2026-07-19 21:19:32] -=-=-=--=-=-=- Achillea.atrata_PA1_RUN3_GBM 
[2026-07-19 21:19:32] CV: 1 
[2026-07-19 21:19:34] CV: 2 
[2026-07-19 21:19:35] CV: 2 
[2026-07-19 21:19:36] CV: 2 
[2026-07-19 21:19:38] CV: 3 
[2026-07-19 21:19:40] CV: 3 
[2026-07-19 21:19:41] CV: 3 
[2026-07-19 21:19:42] 
[2026-07-19 21:19:43] 	Evaluating Model stuff...
[2026-07-19 21:19:43] 
[2026-07-19 21:19:43] -=-=-=--=-=-=- Achillea.atrata_PA1_RUN2_FDA 
[2026-07-19 21:19:43] 
[2026-07-19 21:19:43] 	Model scaling...
[2026-07-19 21:19:44] 	Evaluating Model stuff...
[2026-07-19 21:19:44] 
[2026-07-19 21:19:44] -=-=-=--=-=-=- Achillea.atrata_PA1_RUN3_ANN 
[2026-07-19 21:19:44] 
[2026-07-19 21:19:44] 	Model scaling...
[2026-07-19 21:19:45] 	Evaluating Model stuff...
[2026-07-19 21:19:45] 
[2026-07-19 21:19:45] -=-=-=--=-=-=- Achillea.atrata_PA1_RUN4_GBM 
[2026-07-19 21:19:45] CV: 1 
[2026-07-19 21:19:50] CV: 2 
[2026-07-19 21:19:50] 
[2026-07-19 21:19:51] 	Evaluating Model stuff...
[2026-07-19 21:19:51] 
[2026-07-19 21:19:51] -=-=-=--=-=-=- Achillea.atrata_PA1_RUN2_GLM 
[2026-07-19 21:19:51] Warning: glm.fit: fitted probabilities numerically 0 or 1 occurred
[2026-07-19 21:19:51] 
[2026-07-19 21:19:51] 	Evaluating Model stuff...
[2026-07-19 21:19:52] 	Evaluating Model stuff...
[2026-07-19 21:19:52] 
[2026-07-19 21:19:52] -=-=-=--=-=-=- Achillea.atrata_PA1_RUN2_MAXNET 
[2026-07-19 21:19:52] 
[2026-07-19 21:19:52] 
[2026-07-19 21:19:52] -=-=-=--=-=-=- Achillea.atrata_PA1_RUN3_GLM 
[2026-07-19 21:19:52] Warning: glm.fit: fitted probabilities numerically 0 or 1 occurred
[2026-07-19 21:19:52] 
[2026-07-19 21:19:53] 	Evaluating Model stuff...
[2026-07-19 21:19:53] 	Evaluating Model stuff...
[2026-07-19 21:19:53] 
[2026-07-19 21:19:53] -=-=-=--=-=-=- Achillea.atrata_PA1_RUN3_MAXNET 
[2026-07-19 21:19:54] 
[2026-07-19 21:19:54] 
[2026-07-19 21:19:54] -=-=-=--=-=-=- Achillea.atrata_PA1_RUN4_GLM 
[2026-07-19 21:19:54] Warning: glm.fit: fitted probabilities numerically 0 or 1 occurred
[2026-07-19 21:19:54] 
[2026-07-19 21:19:54] 	Evaluating Model stuff...CV: 3 
[2026-07-19 21:19:55] 
[2026-07-19 21:19:55] 
[2026-07-19 21:19:55] -=-=-=--=-=-=- Achillea.atrata_PA1_RUN4_MAXNET 
[2026-07-19 21:20:04] 
[2026-07-19 21:20:04] 	Evaluating Model stuff...
[2026-07-19 21:20:04] 
[2026-07-19 21:20:04] -=-=-=--=-=-=- Achillea.atrata_PA1_RUN3_FDA 
[2026-07-19 21:20:05] 
[2026-07-19 21:20:05] 	Model scaling...
[2026-07-19 21:20:05] 	Evaluating Model stuff...
[2026-07-19 21:20:06] 	Evaluating Model stuff...
[2026-07-19 21:20:06] 
[2026-07-19 21:20:06] -=-=-=--=-=-=- Achillea.atrata_PA1_RUN4_ANN 
[2026-07-19 21:20:06] 
[2026-07-19 21:20:06] 	Model scaling...
[2026-07-19 21:20:06] 	Evaluating Model stuff...
[2026-07-19 21:20:06] 
[2026-07-19 21:20:06] -=-=-=--=-=-=- Achillea.atrata_PA1_RUN4_FDA 
[2026-07-19 21:20:06] 
[2026-07-19 21:20:06] 	Model scaling...
[2026-07-19 21:20:06] 	Evaluating Model stuff...
[2026-07-19 21:20:06] 	Evaluating Model stuff...
[2026-07-19 21:20:07] 	Evaluating Model stuff...
[2026-07-19 21:20:07] 
[2026-07-19 21:20:07] -=-=-=--=-=-=- Achillea.atrata_PA1_RUN5_GBM 
[2026-07-19 21:20:07] CV: 1 
[2026-07-19 21:20:07] 
[2026-07-19 21:20:07] 
[2026-07-19 21:20:07] -=-=-=--=-=-=- Achillea.atrata_PA1_RUN5_ANN 
[2026-07-19 21:20:07] 
[2026-07-19 21:20:07] 
[2026-07-19 21:20:07] -=-=-=--=-=-=- Achillea.atrata_PA1_RUN5_GLM 
[2026-07-19 21:20:07] Warning: glm.fit: fitted probabilities numerically 0 or 1 occurred
[2026-07-19 21:20:07] 
[2026-07-19 21:20:07] 	Evaluating Model stuff...
[2026-07-19 21:20:07] 	Model scaling...
[2026-07-19 21:20:07] 	Evaluating Model stuff...
[2026-07-19 21:20:07] 
[2026-07-19 21:20:07] -=-=-=--=-=-=- Achillea.atrata_PA1_RUN5_FDA 
[2026-07-19 21:20:07] 
[2026-07-19 21:20:07] 	Model scaling...
[2026-07-19 21:20:08] 	Evaluating Model stuff...
[2026-07-19 21:20:08] 
[2026-07-19 21:20:08] -=-=-=--=-=-=- Achillea.atrata_PA1_RUN5_MAXNET 
[2026-07-19 21:20:08] 
[2026-07-19 21:20:08] 
[2026-07-19 21:20:08] -=-=-=--=-=-=- Achillea.atrata_PA2_RUN1_GBM 
[2026-07-19 21:20:08] CV: 1 
[2026-07-19 21:20:08] 
[2026-07-19 21:20:08] 
[2026-07-19 21:20:08] -=-=-=--=-=-=- Achillea.atrata_PA2_RUN1_ANN 
[2026-07-19 21:20:09] 
[2026-07-19 21:20:09] 	Model scaling...
[2026-07-19 21:20:09] 	Evaluating Model stuff...
[2026-07-19 21:20:09] 
[2026-07-19 21:20:09] -=-=-=--=-=-=- Achillea.atrata_PA2_RUN2_GBM 
[2026-07-19 21:20:09] CV: 1 
[2026-07-19 21:20:11] CV: 2 
[2026-07-19 21:20:12] CV: 2 
[2026-07-19 21:20:14] CV: 2 
[2026-07-19 21:20:16] CV: 3 
[2026-07-19 21:20:17] CV: 3 
[2026-07-19 21:20:18] CV: 3 
[2026-07-19 21:20:19] 
[2026-07-19 21:20:20] 	Evaluating Model stuff...
[2026-07-19 21:20:20] 
[2026-07-19 21:20:20] -=-=-=--=-=-=- Achillea.atrata_PA2_RUN1_FDA 
[2026-07-19 21:20:20] 
[2026-07-19 21:20:20] 	Model scaling...
[2026-07-19 21:20:21] 	Evaluating Model stuff...
[2026-07-19 21:20:21] 
[2026-07-19 21:20:21] -=-=-=--=-=-=- Achillea.atrata_PA2_RUN2_ANN 
[2026-07-19 21:20:21] 
[2026-07-19 21:20:21] 	Model scaling...
[2026-07-19 21:20:22] 	Evaluating Model stuff...
[2026-07-19 21:20:22] 
[2026-07-19 21:20:22] -=-=-=--=-=-=- Achillea.atrata_PA2_RUN3_GBM 
[2026-07-19 21:20:22] CV: 1 
[2026-07-19 21:20:27] CV: 2 
[2026-07-19 21:20:27] 
[2026-07-19 21:20:28] 	Evaluating Model stuff...
[2026-07-19 21:20:28] 
[2026-07-19 21:20:28] -=-=-=--=-=-=- Achillea.atrata_PA2_RUN1_GLM 
[2026-07-19 21:20:28] Warning: glm.fit: fitted probabilities numerically 0 or 1 occurred
[2026-07-19 21:20:28] 
[2026-07-19 21:20:29] 	Evaluating Model stuff...
[2026-07-19 21:20:29] 	Evaluating Model stuff...
[2026-07-19 21:20:29] 
[2026-07-19 21:20:29] -=-=-=--=-=-=- Achillea.atrata_PA2_RUN1_MAXNET 
[2026-07-19 21:20:30] 
[2026-07-19 21:20:30] 
[2026-07-19 21:20:30] -=-=-=--=-=-=- Achillea.atrata_PA2_RUN2_GLM 
[2026-07-19 21:20:30] Warning: glm.fit: fitted probabilities numerically 0 or 1 occurred
[2026-07-19 21:20:30] 
[2026-07-19 21:20:30] 	Evaluating Model stuff...
[2026-07-19 21:20:31] 	Evaluating Model stuff...
[2026-07-19 21:20:31] 
[2026-07-19 21:20:31] -=-=-=--=-=-=- Achillea.atrata_PA2_RUN2_MAXNET 
[2026-07-19 21:20:31] Warning in max(calcStat, na.rm = TRUE) :
[2026-07-19 21:20:31]   no non-missing arguments to max; returning -Inf
[2026-07-19 21:20:31] 
[2026-07-19 21:20:31] 
[2026-07-19 21:20:31] -=-=-=--=-=-=- Achillea.atrata_PA2_RUN3_GLM 
[2026-07-19 21:20:31] Warning: glm.fit: fitted probabilities numerically 0 or 1 occurred
[2026-07-19 21:20:31] 
[2026-07-19 21:20:31] 	Evaluating Model stuff...CV: 3 
[2026-07-19 21:20:32] 
[2026-07-19 21:20:32] 
[2026-07-19 21:20:32] -=-=-=--=-=-=- Achillea.atrata_PA2_RUN3_MAXNET 
[2026-07-19 21:20:41] 
[2026-07-19 21:20:41] 	Evaluating Model stuff...
[2026-07-19 21:20:41] 
[2026-07-19 21:20:41] -=-=-=--=-=-=- Achillea.atrata_PA2_RUN2_FDA 
[2026-07-19 21:20:41] 
[2026-07-19 21:20:42] 	Model scaling...
[2026-07-19 21:20:42] 	Evaluating Model stuff...
[2026-07-19 21:20:42] 	Evaluating Model stuff...
[2026-07-19 21:20:42] 
[2026-07-19 21:20:42] -=-=-=--=-=-=- Achillea.atrata_PA2_RUN3_ANN 
[2026-07-19 21:20:43] 
[2026-07-19 21:20:43] 	Model scaling...
[2026-07-19 21:20:43] 	Evaluating Model stuff...Warning in max(calcStat, na.rm = TRUE) :
[2026-07-19 21:20:43]   no non-missing arguments to max; returning -Inf
[2026-07-19 21:20:43] 
[2026-07-19 21:20:43] 
[2026-07-19 21:20:43] -=-=-=--=-=-=- Achillea.atrata_PA2_RUN3_FDA 
[2026-07-19 21:20:43] 
[2026-07-19 21:20:43] 	Evaluating Model stuff...
[2026-07-19 21:20:43] 	Model scaling...
[2026-07-19 21:20:43] 	Evaluating Model stuff...
[2026-07-19 21:20:44] 	Evaluating Model stuff...
[2026-07-19 21:20:44] 
[2026-07-19 21:20:44] -=-=-=--=-=-=- Achillea.atrata_PA2_RUN4_GBM 
[2026-07-19 21:20:44] CV: 1 
[2026-07-19 21:20:44] 
[2026-07-19 21:20:44] 
[2026-07-19 21:20:44] -=-=-=--=-=-=- Achillea.atrata_PA2_RUN4_GLM 
[2026-07-19 21:20:44] Warning: glm.fit: fitted probabilities numerically 0 or 1 occurred
[2026-07-19 21:20:44] 
[2026-07-19 21:20:44] 	Evaluating Model stuff...
[2026-07-19 21:20:44] 
[2026-07-19 21:20:44] -=-=-=--=-=-=- Achillea.atrata_PA2_RUN4_ANN 
[2026-07-19 21:20:44] 
[2026-07-19 21:20:44] 	Model scaling...
[2026-07-19 21:20:44] 	Evaluating Model stuff...Warning in max(calcStat, na.rm = TRUE) :
[2026-07-19 21:20:44]   no non-missing arguments to max; returning -Inf
[2026-07-19 21:20:44] 
[2026-07-19 21:20:44] 
[2026-07-19 21:20:44] -=-=-=--=-=-=- Achillea.atrata_PA2_RUN4_FDA 
[2026-07-19 21:20:44] 
[2026-07-19 21:20:44] 	Model scaling...
[2026-07-19 21:20:45] 	Evaluating Model stuff...
[2026-07-19 21:20:45] 
[2026-07-19 21:20:45] -=-=-=--=-=-=- Achillea.atrata_PA2_RUN4_MAXNET 
[2026-07-19 21:20:45] 
[2026-07-19 21:20:45] 
[2026-07-19 21:20:45] -=-=-=--=-=-=- Achillea.atrata_PA2_RUN5_GBM 
[2026-07-19 21:20:45] CV: 1 
[2026-07-19 21:20:45] 
[2026-07-19 21:20:45] 
[2026-07-19 21:20:45] -=-=-=--=-=-=- Achillea.atrata_PA2_RUN5_ANN 
[2026-07-19 21:20:45] 
[2026-07-19 21:20:45] 	Model scaling...
[2026-07-19 21:20:46] 	Evaluating Model stuff...
[2026-07-19 21:20:46] 
[2026-07-19 21:20:46] -=-=-=--=-=-=- Achillea.atrata_PA3_RUN1_GBM 
[2026-07-19 21:20:46] CV: 1 
[2026-07-19 21:20:48] CV: 2 
[2026-07-19 21:20:49] CV: 2 
[2026-07-19 21:20:51] CV: 2 
[2026-07-19 21:20:53] CV: 3 
[2026-07-19 21:20:54] CV: 3 
[2026-07-19 21:20:55] CV: 3 
[2026-07-19 21:20:56] 
[2026-07-19 21:20:57] 	Evaluating Model stuff...Warning in max(calcStat, na.rm = TRUE) :
[2026-07-19 21:20:57]   no non-missing arguments to max; returning -Inf
[2026-07-19 21:20:57] 
[2026-07-19 21:20:57] 
[2026-07-19 21:20:57] -=-=-=--=-=-=- Achillea.atrata_PA2_RUN5_FDA 
[2026-07-19 21:20:57] 
[2026-07-19 21:20:57] 	Model scaling...
[2026-07-19 21:20:58] 	Evaluating Model stuff...
[2026-07-19 21:20:58] 
[2026-07-19 21:20:58] -=-=-=--=-=-=- Achillea.atrata_PA3_RUN1_ANN 
[2026-07-19 21:20:58] 
[2026-07-19 21:20:58] 	Model scaling...
[2026-07-19 21:20:59] 	Evaluating Model stuff...
[2026-07-19 21:20:59] 
[2026-07-19 21:20:59] -=-=-=--=-=-=- Achillea.atrata_PA3_RUN2_GBM 
[2026-07-19 21:20:59] CV: 1 
[2026-07-19 21:21:04] CV: 2 
[2026-07-19 21:21:04] 
[2026-07-19 21:21:05] 	Evaluating Model stuff...Warning in max(calcStat, na.rm = TRUE) :
[2026-07-19 21:21:05]   no non-missing arguments to max; returning -Inf
[2026-07-19 21:21:05] 
[2026-07-19 21:21:05] 
[2026-07-19 21:21:05] -=-=-=--=-=-=- Achillea.atrata_PA2_RUN5_GLM 
[2026-07-19 21:21:05] Warning: glm.fit: fitted probabilities numerically 0 or 1 occurred
[2026-07-19 21:21:05] 
[2026-07-19 21:21:06] 	Evaluating Model stuff...
[2026-07-19 21:21:06] 	Evaluating Model stuff...
[2026-07-19 21:21:06] 
[2026-07-19 21:21:06] -=-=-=--=-=-=- Achillea.atrata_PA2_RUN5_MAXNET 
[2026-07-19 21:21:07] 
[2026-07-19 21:21:07] 
[2026-07-19 21:21:07] -=-=-=--=-=-=- Achillea.atrata_PA3_RUN1_GLM 
[2026-07-19 21:21:07] Warning: glm.fit: fitted probabilities numerically 0 or 1 occurred
[2026-07-19 21:21:07] 
[2026-07-19 21:21:07] 	Evaluating Model stuff...
[2026-07-19 21:21:08] 	Evaluating Model stuff...
[2026-07-19 21:21:08] 
[2026-07-19 21:21:08] -=-=-=--=-=-=- Achillea.atrata_PA3_RUN1_MAXNET 
[2026-07-19 21:21:08] Warning in max(calcStat, na.rm = TRUE) :
[2026-07-19 21:21:08]   no non-missing arguments to max; returning -Inf
[2026-07-19 21:21:08] 
[2026-07-19 21:21:08] 
[2026-07-19 21:21:08] -=-=-=--=-=-=- Achillea.atrata_PA3_RUN2_GLM 
[2026-07-19 21:21:08] Warning: glm.fit: fitted probabilities numerically 0 or 1 occurred
[2026-07-19 21:21:08] 
[2026-07-19 21:21:08] 	Evaluating Model stuff...CV: 3 
[2026-07-19 21:21:09] 
[2026-07-19 21:21:09] 
[2026-07-19 21:21:09] -=-=-=--=-=-=- Achillea.atrata_PA3_RUN2_MAXNET 
[2026-07-19 21:21:18] 
[2026-07-19 21:21:19] 	Evaluating Model stuff...
[2026-07-19 21:21:19] 
[2026-07-19 21:21:19] -=-=-=--=-=-=- Achillea.atrata_PA3_RUN1_FDA 
[2026-07-19 21:21:19] 
[2026-07-19 21:21:19] 	Model scaling...
[2026-07-19 21:21:19] 	Evaluating Model stuff...
[2026-07-19 21:21:20] 	Evaluating Model stuff...
[2026-07-19 21:21:20] 
[2026-07-19 21:21:20] -=-=-=--=-=-=- Achillea.atrata_PA3_RUN2_ANN 
[2026-07-19 21:21:20] 
[2026-07-19 21:21:20] 
[2026-07-19 21:21:20] -=-=-=--=-=-=- Achillea.atrata_PA3_RUN2_FDA 
[2026-07-19 21:21:20] 
[2026-07-19 21:21:20] 	Model scaling...
[2026-07-19 21:21:20] 	Evaluating Model stuff...
[2026-07-19 21:21:20] 	Model scaling...
[2026-07-19 21:21:20] 	Evaluating Model stuff...
[2026-07-19 21:21:21] 	Evaluating Model stuff...
[2026-07-19 21:21:21] 	Evaluating Model stuff...
[2026-07-19 21:21:21] 
[2026-07-19 21:21:21] -=-=-=--=-=-=- Achillea.atrata_PA3_RUN3_GBM 
[2026-07-19 21:21:21] CV: 1 
[2026-07-19 21:21:21] Warning in max(calcStat, na.rm = TRUE) :
[2026-07-19 21:21:21]   no non-missing arguments to max; returning -Inf
[2026-07-19 21:21:21] 
[2026-07-19 21:21:21] 
[2026-07-19 21:21:21] -=-=-=--=-=-=- Achillea.atrata_PA3_RUN3_ANN 
[2026-07-19 21:21:21] 
[2026-07-19 21:21:21] 
[2026-07-19 21:21:21] -=-=-=--=-=-=- Achillea.atrata_PA3_RUN3_GLM 
[2026-07-19 21:21:21] Warning: glm.fit: fitted probabilities numerically 0 or 1 occurred
[2026-07-19 21:21:21] 
[2026-07-19 21:21:21] 	Evaluating Model stuff...
[2026-07-19 21:21:21] 	Model scaling...
[2026-07-19 21:21:21] 	Evaluating Model stuff...
[2026-07-19 21:21:21] 
[2026-07-19 21:21:21] -=-=-=--=-=-=- Achillea.atrata_PA3_RUN3_FDA 
[2026-07-19 21:21:21] 
[2026-07-19 21:21:21] 	Model scaling...
[2026-07-19 21:21:22] 	Evaluating Model stuff...
[2026-07-19 21:21:22] 
[2026-07-19 21:21:22] -=-=-=--=-=-=- Achillea.atrata_PA3_RUN3_MAXNET 
[2026-07-19 21:21:22] 
[2026-07-19 21:21:22] 
[2026-07-19 21:21:22] -=-=-=--=-=-=- Achillea.atrata_PA3_RUN4_GBM 
[2026-07-19 21:21:22] CV: 1 
[2026-07-19 21:21:22] 
[2026-07-19 21:21:22] 
[2026-07-19 21:21:22] -=-=-=--=-=-=- Achillea.atrata_PA3_RUN4_ANN 
[2026-07-19 21:21:23] 
[2026-07-19 21:21:23] 	Model scaling...
[2026-07-19 21:21:24] 	Evaluating Model stuff...
[2026-07-19 21:21:24] 
[2026-07-19 21:21:24] -=-=-=--=-=-=- Achillea.atrata_PA3_RUN5_GBM 
[2026-07-19 21:21:24] CV: 1 
[2026-07-19 21:21:25] CV: 2 
[2026-07-19 21:21:27] CV: 2 
[2026-07-19 21:21:28] CV: 2 
[2026-07-19 21:21:30] CV: 3 
[2026-07-19 21:21:31] CV: 3 
[2026-07-19 21:21:33] CV: 3 
[2026-07-19 21:21:33] 
[2026-07-19 21:21:34] 	Evaluating Model stuff...
[2026-07-19 21:21:34] 
[2026-07-19 21:21:34] -=-=-=--=-=-=- Achillea.atrata_PA3_RUN4_FDA 
[2026-07-19 21:21:34] 
[2026-07-19 21:21:34] 	Model scaling...
[2026-07-19 21:21:35] 	Evaluating Model stuff...
[2026-07-19 21:21:35] 
[2026-07-19 21:21:35] -=-=-=--=-=-=- Achillea.atrata_PA3_RUN5_ANN 
[2026-07-19 21:21:35] 
[2026-07-19 21:21:35] 	Model scaling...
[2026-07-19 21:21:36] 	Evaluating Model stuff...
[2026-07-19 21:21:36] 
[2026-07-19 21:21:36] -=-=-=--=-=-=- Achillea.atrata_PA4_RUN1_GBM 
[2026-07-19 21:21:36] CV: 1 
[2026-07-19 21:21:40] CV: 2 
[2026-07-19 21:21:42] 
[2026-07-19 21:21:42] 	Evaluating Model stuff...
[2026-07-19 21:21:42] 
[2026-07-19 21:21:42] -=-=-=--=-=-=- Achillea.atrata_PA3_RUN4_GLM 
[2026-07-19 21:21:43] Warning: glm.fit: fitted probabilities numerically 0 or 1 occurred
[2026-07-19 21:21:43] 
[2026-07-19 21:21:43] 	Evaluating Model stuff...
[2026-07-19 21:21:43] 	Evaluating Model stuff...
[2026-07-19 21:21:43] 
[2026-07-19 21:21:43] -=-=-=--=-=-=- Achillea.atrata_PA3_RUN4_MAXNET 
[2026-07-19 21:21:44] 
[2026-07-19 21:21:44] 
[2026-07-19 21:21:44] -=-=-=--=-=-=- Achillea.atrata_PA3_RUN5_GLM 
[2026-07-19 21:21:44] Warning: glm.fit: fitted probabilities numerically 0 or 1 occurred
[2026-07-19 21:21:44] 
[2026-07-19 21:21:44] 	Evaluating Model stuff...
[2026-07-19 21:21:45] 	Evaluating Model stuff...CV: 3 
[2026-07-19 21:21:45] 
[2026-07-19 21:21:45] 
[2026-07-19 21:21:45] -=-=-=--=-=-=- Achillea.atrata_PA3_RUN5_MAXNET 
[2026-07-19 21:21:45] Warning in max(calcStat, na.rm = TRUE) :
[2026-07-19 21:21:45]   no non-missing arguments to max; returning -Inf
[2026-07-19 21:21:45] 
[2026-07-19 21:21:45] 
[2026-07-19 21:21:45] -=-=-=--=-=-=- Achillea.atrata_PA4_RUN1_GLM 
[2026-07-19 21:21:45] Warning: glm.fit: fitted probabilities numerically 0 or 1 occurred
[2026-07-19 21:21:45] 
[2026-07-19 21:21:46] 	Evaluating Model stuff...
[2026-07-19 21:21:46] 
[2026-07-19 21:21:46] -=-=-=--=-=-=- Achillea.atrata_PA4_RUN1_MAXNET 
[2026-07-19 21:21:55] 
[2026-07-19 21:21:55] 	Evaluating Model stuff...
[2026-07-19 21:21:55] 
[2026-07-19 21:21:55] -=-=-=--=-=-=- Achillea.atrata_PA3_RUN5_FDA 
[2026-07-19 21:21:55] 
[2026-07-19 21:21:55] 	Model scaling...
[2026-07-19 21:21:56] 	Evaluating Model stuff...
[2026-07-19 21:21:56] 	Evaluating Model stuff...
[2026-07-19 21:21:56] 
[2026-07-19 21:21:56] -=-=-=--=-=-=- Achillea.atrata_PA4_RUN1_ANN 
[2026-07-19 21:21:57] 
[2026-07-19 21:21:57] 	Model scaling...
[2026-07-19 21:21:57] 	Evaluating Model stuff...
[2026-07-19 21:21:57] 	Evaluating Model stuff...Warning in max(calcStat, na.rm = TRUE) :
[2026-07-19 21:21:57]   no non-missing arguments to max; returning -Inf
[2026-07-19 21:21:57] 
[2026-07-19 21:21:57] 
[2026-07-19 21:21:57] -=-=-=--=-=-=- Achillea.atrata_PA4_RUN1_FDA 
[2026-07-19 21:21:57] 
[2026-07-19 21:21:57] 	Model scaling...
[2026-07-19 21:21:57] 	Evaluating Model stuff...
[2026-07-19 21:21:58] 	Evaluating Model stuff...
[2026-07-19 21:21:58] 
[2026-07-19 21:21:58] -=-=-=--=-=-=- Achillea.atrata_PA4_RUN2_GLM 
[2026-07-19 21:21:58] 
[2026-07-19 21:21:58] 
[2026-07-19 21:21:58] -=-=-=--=-=-=- Achillea.atrata_PA4_RUN2_GBM 
[2026-07-19 21:21:58] CV: 1 
[2026-07-19 21:21:58] Warning: glm.fit: fitted probabilities numerically 0 or 1 occurred
[2026-07-19 21:21:58] 
[2026-07-19 21:21:58] 	Evaluating Model stuff...
[2026-07-19 21:21:58] 
[2026-07-19 21:21:58] -=-=-=--=-=-=- Achillea.atrata_PA4_RUN2_ANN 
[2026-07-19 21:21:58] 
[2026-07-19 21:21:58] 	Model scaling...
[2026-07-19 21:21:58] 	Evaluating Model stuff...Warning in max(calcStat, na.rm = TRUE) :
[2026-07-19 21:21:58]   no non-missing arguments to max; returning -Inf
[2026-07-19 21:21:58] 
[2026-07-19 21:21:58] 
[2026-07-19 21:21:58] -=-=-=--=-=-=- Achillea.atrata_PA4_RUN2_FDA 
[2026-07-19 21:21:58] 
[2026-07-19 21:21:58] 	Model scaling...
[2026-07-19 21:21:59] 	Evaluating Model stuff...
[2026-07-19 21:21:59] 
[2026-07-19 21:21:59] -=-=-=--=-=-=- Achillea.atrata_PA4_RUN2_MAXNET 
[2026-07-19 21:21:59] 
[2026-07-19 21:21:59] 
[2026-07-19 21:21:59] -=-=-=--=-=-=- Achillea.atrata_PA4_RUN3_GBM 
[2026-07-19 21:21:59] CV: 1 
[2026-07-19 21:21:59] 
[2026-07-19 21:21:59] 
[2026-07-19 21:21:59] -=-=-=--=-=-=- Achillea.atrata_PA4_RUN3_ANN 
[2026-07-19 21:21:59] 
[2026-07-19 21:21:59] 	Model scaling...
[2026-07-19 21:22:00] 	Evaluating Model stuff...
[2026-07-19 21:22:00] 
[2026-07-19 21:22:00] -=-=-=--=-=-=- Achillea.atrata_PA4_RUN4_GBM 
[2026-07-19 21:22:00] CV: 1 
[2026-07-19 21:22:02] CV: 2 
[2026-07-19 21:22:03] CV: 2 
[2026-07-19 21:22:05] CV: 2 
[2026-07-19 21:22:07] CV: 3 
[2026-07-19 21:22:08] CV: 3 
[2026-07-19 21:22:09] CV: 3 
[2026-07-19 21:22:10] 
[2026-07-19 21:22:10] 	Evaluating Model stuff...Warning in max(calcStat, na.rm = TRUE) :
[2026-07-19 21:22:10]   no non-missing arguments to max; returning -Inf
[2026-07-19 21:22:10] 
[2026-07-19 21:22:10] 
[2026-07-19 21:22:10] -=-=-=--=-=-=- Achillea.atrata_PA4_RUN3_FDA 
[2026-07-19 21:22:10] 
[2026-07-19 21:22:10] 	Model scaling...
[2026-07-19 21:22:11] 	Evaluating Model stuff...
[2026-07-19 21:22:11] 
[2026-07-19 21:22:11] -=-=-=--=-=-=- Achillea.atrata_PA4_RUN4_ANN 
[2026-07-19 21:22:12] 
[2026-07-19 21:22:12] 	Model scaling...
[2026-07-19 21:22:13] 	Evaluating Model stuff...
[2026-07-19 21:22:13] 
[2026-07-19 21:22:13] -=-=-=--=-=-=- Achillea.atrata_PA4_RUN5_GBM 
[2026-07-19 21:22:13] CV: 1 
[2026-07-19 21:22:17] CV: 2 
[2026-07-19 21:22:18] 
[2026-07-19 21:22:19] 	Evaluating Model stuff...Warning in max(calcStat, na.rm = TRUE) :
[2026-07-19 21:22:19]   no non-missing arguments to max; returning -Inf
[2026-07-19 21:22:19] 
[2026-07-19 21:22:19] 
[2026-07-19 21:22:19] -=-=-=--=-=-=- Achillea.atrata_PA4_RUN3_GLM 
[2026-07-19 21:22:19] Warning: glm.fit: fitted probabilities numerically 0 or 1 occurred
[2026-07-19 21:22:19] 
[2026-07-19 21:22:20] 	Evaluating Model stuff...
[2026-07-19 21:22:20] 	Evaluating Model stuff...
[2026-07-19 21:22:20] 
[2026-07-19 21:22:20] -=-=-=--=-=-=- Achillea.atrata_PA4_RUN3_MAXNET 
[2026-07-19 21:22:21] Warning in max(calcStat, na.rm = TRUE) :
[2026-07-19 21:22:21]   no non-missing arguments to max; returning -Inf
[2026-07-19 21:22:21] 
[2026-07-19 21:22:21] 
[2026-07-19 21:22:21] -=-=-=--=-=-=- Achillea.atrata_PA4_RUN4_GLM 
[2026-07-19 21:22:21] Warning: glm.fit: fitted probabilities numerically 0 or 1 occurred
[2026-07-19 21:22:21] 
[2026-07-19 21:22:21] 	Evaluating Model stuff...
[2026-07-19 21:22:21] 	Evaluating Model stuff...CV: 3 
[2026-07-19 21:22:22] 
[2026-07-19 21:22:22] 
[2026-07-19 21:22:22] -=-=-=--=-=-=- Achillea.atrata_PA4_RUN4_MAXNET 
[2026-07-19 21:22:22] Warning in max(calcStat, na.rm = TRUE) :
[2026-07-19 21:22:22]   no non-missing arguments to max; returning -Inf
[2026-07-19 21:22:22] 
[2026-07-19 21:22:22] 
[2026-07-19 21:22:22] -=-=-=--=-=-=- Achillea.atrata_PA4_RUN5_GLM 
[2026-07-19 21:22:22] Warning: glm.fit: fitted probabilities numerically 0 or 1 occurred
[2026-07-19 21:22:22] 
[2026-07-19 21:22:23] 	Evaluating Model stuff...
[2026-07-19 21:22:23] 
[2026-07-19 21:22:23] -=-=-=--=-=-=- Achillea.atrata_PA4_RUN5_MAXNET 
[2026-07-19 21:22:31] 
[2026-07-19 21:22:32] 	Evaluating Model stuff...Warning in max(calcStat, na.rm = TRUE) :
[2026-07-19 21:22:32]   no non-missing arguments to max; returning -Inf
[2026-07-19 21:22:32] 
[2026-07-19 21:22:32] 
[2026-07-19 21:22:32] -=-=-=--=-=-=- Achillea.atrata_PA4_RUN4_FDA 
[2026-07-19 21:22:32] 
[2026-07-19 21:22:32] 	Model scaling...
[2026-07-19 21:22:33] 	Evaluating Model stuff...
[2026-07-19 21:22:33] 	Evaluating Model stuff...
[2026-07-19 21:22:33] 
[2026-07-19 21:22:33] -=-=-=--=-=-=- Achillea.atrata_PA4_RUN5_ANN 
[2026-07-19 21:22:33] 
[2026-07-19 21:22:34] 	Evaluating Model stuff...
[2026-07-19 21:22:34] 	Model scaling...
[2026-07-19 21:22:34] 	Evaluating Model stuff...Warning in max(calcStat, na.rm = TRUE) :
[2026-07-19 21:22:34]   no non-missing arguments to max; returning -Inf
[2026-07-19 21:22:34] 
[2026-07-19 21:22:34] 
[2026-07-19 21:22:34] -=-=-=--=-=-=- Achillea.atrata_PA4_RUN5_FDA 
[2026-07-19 21:22:34] 
[2026-07-19 21:22:34] 	Model scaling...
[2026-07-19 21:22:34] 	Evaluating Model stuff...Warning in max(calcStat, na.rm = TRUE) :
[2026-07-19 21:22:34]   no non-missing arguments to max; returning -Inf
[2026-07-19 21:22:34] 
[2026-07-19 21:22:34] 	Evaluating Model stuff...
[2026-07-19 21:22:34] 
[2026-07-19 21:22:34] -=-=-=--=-=-=- Achillea.atrata_PA5_RUN1_GLM 
[2026-07-19 21:22:34] Warning: glm.fit: fitted probabilities numerically 0 or 1 occurred
[2026-07-19 21:22:34] 
[2026-07-19 21:22:35] 	Evaluating Model stuff...
[2026-07-19 21:22:35] 
[2026-07-19 21:22:35] -=-=-=--=-=-=- Achillea.atrata_PA5_RUN1_GBM 
[2026-07-19 21:22:35] CV: 1 
[2026-07-19 21:22:35] 
[2026-07-19 21:22:35] 
[2026-07-19 21:22:35] -=-=-=--=-=-=- Achillea.atrata_PA5_RUN1_ANN 
[2026-07-19 21:22:35] 
[2026-07-19 21:22:35] 
[2026-07-19 21:22:35] -=-=-=--=-=-=- Achillea.atrata_PA5_RUN1_FDA 
[2026-07-19 21:22:35] 
[2026-07-19 21:22:35] 	Model scaling...
[2026-07-19 21:22:35] 	Evaluating Model stuff...
[2026-07-19 21:22:35] 	Model scaling...
[2026-07-19 21:22:35] 	Evaluating Model stuff...
[2026-07-19 21:22:35] 
[2026-07-19 21:22:35] -=-=-=--=-=-=- Achillea.atrata_PA5_RUN1_MAXNET 
[2026-07-19 21:22:36] 
[2026-07-19 21:22:36] 
[2026-07-19 21:22:36] -=-=-=--=-=-=- Achillea.atrata_PA5_RUN2_GBM 
[2026-07-19 21:22:36] CV: 1 
[2026-07-19 21:22:36] 
[2026-07-19 21:22:36] 
[2026-07-19 21:22:36] -=-=-=--=-=-=- Achillea.atrata_PA5_RUN2_ANN 
[2026-07-19 21:22:36] 
[2026-07-19 21:22:36] 	Model scaling...
[2026-07-19 21:22:37] 	Evaluating Model stuff...
[2026-07-19 21:22:37] 
[2026-07-19 21:22:37] -=-=-=--=-=-=- Achillea.atrata_PA5_RUN3_GBM 
[2026-07-19 21:22:37] CV: 1 
[2026-07-19 21:22:39] CV: 2 
[2026-07-19 21:22:40] CV: 2 
[2026-07-19 21:22:41] CV: 2 
[2026-07-19 21:22:43] CV: 3 
[2026-07-19 21:22:45] CV: 3 
[2026-07-19 21:22:46] CV: 3 
[2026-07-19 21:22:46] 
[2026-07-19 21:22:47] 	Evaluating Model stuff...
[2026-07-19 21:22:47] 
[2026-07-19 21:22:47] -=-=-=--=-=-=- Achillea.atrata_PA5_RUN2_FDA 
[2026-07-19 21:22:47] 
[2026-07-19 21:22:47] 	Model scaling...
[2026-07-19 21:22:48] 	Evaluating Model stuff...
[2026-07-19 21:22:48] 
[2026-07-19 21:22:48] -=-=-=--=-=-=- Achillea.atrata_PA5_RUN3_ANN 
[2026-07-19 21:22:48] 
[2026-07-19 21:22:48] 	Model scaling...
[2026-07-19 21:22:49] 	Evaluating Model stuff...
[2026-07-19 21:22:49] 
[2026-07-19 21:22:49] -=-=-=--=-=-=- Achillea.atrata_PA5_RUN4_GBM 
[2026-07-19 21:22:49] CV: 1 
[2026-07-19 21:22:54] CV: 2 
[2026-07-19 21:22:55] 
[2026-07-19 21:22:56] 	Evaluating Model stuff...
[2026-07-19 21:22:56] 
[2026-07-19 21:22:56] -=-=-=--=-=-=- Achillea.atrata_PA5_RUN2_GLM 
[2026-07-19 21:22:56] Warning: glm.fit: fitted probabilities numerically 0 or 1 occurred
[2026-07-19 21:22:56] 
[2026-07-19 21:22:56] 	Evaluating Model stuff...
[2026-07-19 21:22:57] 	Evaluating Model stuff...
[2026-07-19 21:22:57] 
[2026-07-19 21:22:57] -=-=-=--=-=-=- Achillea.atrata_PA5_RUN2_MAXNET 
[2026-07-19 21:22:57] 
[2026-07-19 21:22:57] 
[2026-07-19 21:22:57] -=-=-=--=-=-=- Achillea.atrata_PA5_RUN3_GLM 
[2026-07-19 21:22:57] Warning: glm.fit: fitted probabilities numerically 0 or 1 occurred
[2026-07-19 21:22:57] 
[2026-07-19 21:22:58] 	Evaluating Model stuff...
[2026-07-19 21:22:58] 	Evaluating Model stuff...
[2026-07-19 21:22:58] 
[2026-07-19 21:22:58] -=-=-=--=-=-=- Achillea.atrata_PA5_RUN3_MAXNET 
[2026-07-19 21:22:58] CV: 3 
[2026-07-19 21:22:58] Warning in max(calcStat, na.rm = TRUE) :
[2026-07-19 21:22:58]   no non-missing arguments to max; returning -Inf
[2026-07-19 21:22:59] 
[2026-07-19 21:22:59] 
[2026-07-19 21:22:59] -=-=-=--=-=-=- Achillea.atrata_PA5_RUN4_GLM 
[2026-07-19 21:22:59] Warning: glm.fit: fitted probabilities numerically 0 or 1 occurred
[2026-07-19 21:22:59] 
[2026-07-19 21:23:00] 	Evaluating Model stuff...
[2026-07-19 21:23:00] 
[2026-07-19 21:23:00] -=-=-=--=-=-=- Achillea.atrata_PA5_RUN4_MAXNET 
[2026-07-19 21:23:08] 
[2026-07-19 21:23:09] 	Evaluating Model stuff...
[2026-07-19 21:23:09] 
[2026-07-19 21:23:09] -=-=-=--=-=-=- Achillea.atrata_PA5_RUN3_FDA 
[2026-07-19 21:23:09] 
[2026-07-19 21:23:09] 	Model scaling...
[2026-07-19 21:23:10] 	Evaluating Model stuff...
[2026-07-19 21:23:10] 	Evaluating Model stuff...
[2026-07-19 21:23:10] 
[2026-07-19 21:23:10] -=-=-=--=-=-=- Achillea.atrata_PA5_RUN4_ANN 
[2026-07-19 21:23:10] 
[2026-07-19 21:23:10] 	Evaluating Model stuff...
[2026-07-19 21:23:10] 	Model scaling...
[2026-07-19 21:23:10] 	Evaluating Model stuff...
[2026-07-19 21:23:10] 
[2026-07-19 21:23:10] -=-=-=--=-=-=- Achillea.atrata_PA5_RUN4_FDA 
[2026-07-19 21:23:10] 
[2026-07-19 21:23:10] 	Model scaling...
[2026-07-19 21:23:11] 	Evaluating Model stuff...Warning in max(calcStat, na.rm = TRUE) :
[2026-07-19 21:23:11]   no non-missing arguments to max; returning -Inf
[2026-07-19 21:23:11] 
[2026-07-19 21:23:11] 	Evaluating Model stuff...
[2026-07-19 21:23:11] 
[2026-07-19 21:23:11] -=-=-=--=-=-=- Achillea.atrata_PA5_RUN5_GLM 
[2026-07-19 21:23:11] Warning: glm.fit: fitted probabilities numerically 0 or 1 occurred
[2026-07-19 21:23:11] 
[2026-07-19 21:23:11] 	Evaluating Model stuff...
[2026-07-19 21:23:11] 
[2026-07-19 21:23:11] -=-=-=--=-=-=- Achillea.atrata_PA5_RUN5_GBM 
[2026-07-19 21:23:11] CV: 1 
[2026-07-19 21:23:11] 
[2026-07-19 21:23:11] 
[2026-07-19 21:23:11] -=-=-=--=-=-=- Achillea.atrata_PA5_RUN5_ANN 
[2026-07-19 21:23:12] 
[2026-07-19 21:23:12] 
[2026-07-19 21:23:12] -=-=-=--=-=-=- Achillea.atrata_PA5_RUN5_FDA 
[2026-07-19 21:23:12] 
[2026-07-19 21:23:12] 	Model scaling...
[2026-07-19 21:23:12] 	Model scaling...
[2026-07-19 21:23:12] 	Evaluating Model stuff...
[2026-07-19 21:23:12] 	Evaluating Model stuff...
[2026-07-19 21:23:12] 
[2026-07-19 21:23:12] -=-=-=--=-=-=- Achillea.atrata_PA5_RUN5_MAXNET 
[2026-07-19 21:23:16] CV: 2 
[2026-07-19 21:23:20] CV: 3 
[2026-07-19 21:23:23] 
[2026-07-19 21:23:32] 	Evaluating Model stuff...
[2026-07-19 21:23:33] 	Evaluating Model stuff...Warning in max(calcStat, na.rm = TRUE) :
[2026-07-19 21:23:33]   no non-missing arguments to max; returning -Inf
[2026-07-19 21:23:35] 
[2026-07-19 21:23:35] -=-=-=-=-=-=-=-=-=-=-=-=-=-=-=-=-=-= Done -=-=-=-=-=-=-=-=-=-=-=-=-=-=-=-=-=-=
[2026-07-19 21:23:35] > end.time <- Sys.time()
[2026-07-19 21:23:35] > time.modeling <- end.time - start.time
[2026-07-19 21:23:35] > 
[2026-07-19 21:23:35] > # Modeling leaves its global foreach backend registered. Select the intended
[2026-07-19 21:23:35] > # backend explicitly before building the two ensemble algorithms.
[2026-07-19 21:23:35] > doParallel::registerDoParallel(cores = ensemble_n_cpu)
[2026-07-19 21:23:35] > 
[2026-07-19 21:23:35] > start.time <- Sys.time()
[2026-07-19 21:23:35] > # 4. Model ensemble models
[2026-07-19 21:23:35] > myBiomodEM <- BIOMOD_EnsembleModeling(
[2026-07-19 21:23:35] +   bm.mod = myBiomodModelOut,
[2026-07-19 21:23:35] +   models.chosen = "all",
[2026-07-19 21:23:35] +   em.by = "all",
[2026-07-19 21:23:35] +   em.algo = c("EMmean", "EMcv"), # c(...) is for multiple options, chose these 2 algorithms because we do not need the median. it does the mean of all models and then does a standard deviation of them (covariance)
[2026-07-19 21:23:35] +   metric.select = "AUCroc", # standard, most used, various articles say it's the best
[2026-07-19 21:23:35] +   metric.select.thresh = 0.6, # threshold value for exclude the models that are not performing over a certain threshold, in this case 0.6
[2026-07-19 21:23:35] +   metric.eval = c("TSS", "AUCroc", "KAPPA"), # 3 most used
[2026-07-19 21:23:35] +   nb.cpu = ensemble_n_cpu
[2026-07-19 21:23:35] + )
[2026-07-19 21:23:35] 
[2026-07-19 21:23:35] -=-=-=-=-=-=-=-=-=-=-=-=-=-= Build Ensemble Models -=-=-=-=-=-=-=-=-=-=-=-=-=-=
[2026-07-19 21:23:35] 
[2026-07-19 21:23:35]    ! all models available will be included in ensemble.modeling
[2026-07-19 21:23:35]   ! Ensemble Models will be filtered and/or weighted using validation dataset (if possible). Please use `metric.select.dataset` for alternative options.
[2026-07-19 21:23:35]    > Evaluation & Weighting methods summary :
[2026-07-19 21:23:35]       AUCroc over 0.6
[2026-07-19 21:23:37] 
[2026-07-19 21:23:37] 
[2026-07-19 21:23:42]   > mergedData_mergedRun_mergedAlgo ensemble modeling
[2026-07-19 21:23:45]    ! Additional projection required for ensemble models merging several pseudo-absence dataset...
[2026-07-19 21:23:45] -=-=-=-=-=-=-=-=-=-=-=-=-= Do Single Models Projection -=-=-=-=-=-=-=-=-=-=-=-=-=
[2026-07-19 21:23:45] 
[2026-07-19 21:23:45] 	> Projecting Achillea.atrata_PA1_RUN1_GLM ...
[2026-07-19 21:23:45] 	> Projecting Achillea.atrata_PA1_RUN1_GBM ...
[2026-07-19 21:23:45] 	> Projecting Achillea.atrata_PA1_RUN1_ANN ...
[2026-07-19 21:23:46] 	> Projecting Achillea.atrata_PA1_RUN1_MAXNET ...
[2026-07-19 21:23:47] 	> Projecting Achillea.atrata_PA1_RUN2_GBM ...
[2026-07-19 21:23:47] 	> Projecting Achillea.atrata_PA1_RUN1_FDA ...
[2026-07-19 21:23:47] 	> Projecting Achillea.atrata_PA1_RUN2_GLM ...
[2026-07-19 21:23:47] 	> Projecting Achillea.atrata_PA1_RUN2_ANN ...
[2026-07-19 21:23:47] 	> Projecting Achillea.atrata_PA1_RUN2_MAXNET ...
[2026-07-19 21:23:47] 	> Projecting Achillea.atrata_PA1_RUN2_FDA ...
[2026-07-19 21:23:47] 	> Projecting Achillea.atrata_PA1_RUN3_GLM ...
[2026-07-19 21:23:47] 	> Projecting Achillea.atrata_PA1_RUN3_GBM ...
[2026-07-19 21:23:48] 	> Projecting Achillea.atrata_PA1_RUN3_ANN ...
[2026-07-19 21:23:48] 	> Projecting Achillea.atrata_PA1_RUN3_MAXNET ...
[2026-07-19 21:23:49] 	> Projecting Achillea.atrata_PA1_RUN4_GBM ...
[2026-07-19 21:23:49] 	> Projecting Achillea.atrata_PA1_RUN3_FDA ...
[2026-07-19 21:23:49] 	> Projecting Achillea.atrata_PA1_RUN4_GLM ...
[2026-07-19 21:23:49] 	> Projecting Achillea.atrata_PA1_RUN4_ANN ...
[2026-07-19 21:23:50] 	> Projecting Achillea.atrata_PA1_RUN4_MAXNET ...
[2026-07-19 21:23:50] 	> Projecting Achillea.atrata_PA1_RUN4_FDA ...
[2026-07-19 21:23:50] 	> Projecting Achillea.atrata_PA1_RUN5_GLM ...
[2026-07-19 21:23:50] 	> Projecting Achillea.atrata_PA1_RUN5_GBM ...
[2026-07-19 21:23:50] 	> Projecting Achillea.atrata_PA1_RUN5_ANN ...
[2026-07-19 21:23:51] 	> Projecting Achillea.atrata_PA1_RUN5_MAXNET ...
[2026-07-19 21:23:58] 	> Projecting Achillea.atrata_PA1_RUN5_FDA ...
[2026-07-19 21:23:58] -=-=-=-=-=-=-=-=-=-=-=-=-=-=-=-=-=-= Done -=-=-=-=-=-=-=-=-=-=-=-=-=-=-=-=-=-=
[2026-07-19 21:24:01] 
[2026-07-19 21:24:01] -=-=-=-=-=-=-=-=-=-=-=-=-= Do Single Models Projection -=-=-=-=-=-=-=-=-=-=-=-=-=
[2026-07-19 21:24:01] 
[2026-07-19 21:24:01] 	> Projecting Achillea.atrata_PA2_RUN1_GLM ...
[2026-07-19 21:24:02] 	> Projecting Achillea.atrata_PA2_RUN1_GBM ...
[2026-07-19 21:24:02] 	> Projecting Achillea.atrata_PA2_RUN1_ANN ...
[2026-07-19 21:24:02] 	> Projecting Achillea.atrata_PA2_RUN1_MAXNET ...
[2026-07-19 21:24:03] 	> Projecting Achillea.atrata_PA2_RUN2_GBM ...
[2026-07-19 21:24:03] 	> Projecting Achillea.atrata_PA2_RUN1_FDA ...
[2026-07-19 21:24:04] 	> Projecting Achillea.atrata_PA2_RUN2_GLM ...
[2026-07-19 21:24:04] 	> Projecting Achillea.atrata_PA2_RUN2_ANN ...
[2026-07-19 21:24:04] 	> Projecting Achillea.atrata_PA2_RUN2_FDA ...
[2026-07-19 21:24:04] 	> Projecting Achillea.atrata_PA2_RUN2_MAXNET ...
[2026-07-19 21:24:04] 	> Projecting Achillea.atrata_PA2_RUN3_GLM ...
[2026-07-19 21:24:04] 	> Projecting Achillea.atrata_PA2_RUN3_ANN ...
[2026-07-19 21:24:04] 	> Projecting Achillea.atrata_PA2_RUN3_GBM ...
[2026-07-19 21:24:04] 	> Projecting Achillea.atrata_PA2_RUN3_MAXNET ...
[2026-07-19 21:24:06] 	> Projecting Achillea.atrata_PA2_RUN4_GBM ...
[2026-07-19 21:24:06] 	> Projecting Achillea.atrata_PA2_RUN3_FDA ...
[2026-07-19 21:24:06] 	> Projecting Achillea.atrata_PA2_RUN4_GLM ...
[2026-07-19 21:24:06] 	> Projecting Achillea.atrata_PA2_RUN4_ANN ...
[2026-07-19 21:24:06] 	> Projecting Achillea.atrata_PA2_RUN4_FDA ...
[2026-07-19 21:24:06] 	> Projecting Achillea.atrata_PA2_RUN4_MAXNET ...
[2026-07-19 21:24:06] 	> Projecting Achillea.atrata_PA2_RUN5_GLM ...
[2026-07-19 21:24:06] 	> Projecting Achillea.atrata_PA2_RUN5_ANN ...
[2026-07-19 21:24:06] 	> Projecting Achillea.atrata_PA2_RUN5_GBM ...
[2026-07-19 21:24:08] 	> Projecting Achillea.atrata_PA2_RUN5_MAXNET ...
[2026-07-19 21:24:15] 	> Projecting Achillea.atrata_PA2_RUN5_FDA ...
[2026-07-19 21:24:15] -=-=-=-=-=-=-=-=-=-=-=-=-=-=-=-=-=-= Done -=-=-=-=-=-=-=-=-=-=-=-=-=-=-=-=-=-=
[2026-07-19 21:24:19] 
[2026-07-19 21:24:19] -=-=-=-=-=-=-=-=-=-=-=-=-= Do Single Models Projection -=-=-=-=-=-=-=-=-=-=-=-=-=
[2026-07-19 21:24:19] 
[2026-07-19 21:24:19] 	> Projecting Achillea.atrata_PA3_RUN1_GLM ...
[2026-07-19 21:24:20] 	> Projecting Achillea.atrata_PA3_RUN1_GBM ...
[2026-07-19 21:24:20] 	> Projecting Achillea.atrata_PA3_RUN1_ANN ...
[2026-07-19 21:24:20] 	> Projecting Achillea.atrata_PA3_RUN1_MAXNET ...
[2026-07-19 21:24:22] 	> Projecting Achillea.atrata_PA3_RUN2_GBM ...
[2026-07-19 21:24:22] 	> Projecting Achillea.atrata_PA3_RUN1_FDA ...
[2026-07-19 21:24:22] 	> Projecting Achillea.atrata_PA3_RUN2_GLM ...
[2026-07-19 21:24:22] 	> Projecting Achillea.atrata_PA3_RUN2_ANN ...
[2026-07-19 21:24:22] 	> Projecting Achillea.atrata_PA3_RUN2_MAXNET ...
[2026-07-19 21:24:22] 	> Projecting Achillea.atrata_PA3_RUN2_FDA ...
[2026-07-19 21:24:22] 	> Projecting Achillea.atrata_PA3_RUN3_GBM ...
[2026-07-19 21:24:22] 	> Projecting Achillea.atrata_PA3_RUN3_GLM ...
[2026-07-19 21:24:22] 	> Projecting Achillea.atrata_PA3_RUN3_ANN ...
[2026-07-19 21:24:23] 	> Projecting Achillea.atrata_PA3_RUN3_MAXNET ...
[2026-07-19 21:24:24] 	> Projecting Achillea.atrata_PA3_RUN4_GBM ...
[2026-07-19 21:24:24] 	> Projecting Achillea.atrata_PA3_RUN3_FDA ...
[2026-07-19 21:24:24] 	> Projecting Achillea.atrata_PA3_RUN4_GLM ...
[2026-07-19 21:24:24] 	> Projecting Achillea.atrata_PA3_RUN4_ANN ...
[2026-07-19 21:24:24] 	> Projecting Achillea.atrata_PA3_RUN4_FDA ...
[2026-07-19 21:24:24] 	> Projecting Achillea.atrata_PA3_RUN4_MAXNET ...
[2026-07-19 21:24:24] 	> Projecting Achillea.atrata_PA3_RUN5_GLM ...
[2026-07-19 21:24:24] 	> Projecting Achillea.atrata_PA3_RUN5_GBM ...
[2026-07-19 21:24:25] 	> Projecting Achillea.atrata_PA3_RUN5_ANN ...
[2026-07-19 21:24:26] 	> Projecting Achillea.atrata_PA3_RUN5_MAXNET ...
[2026-07-19 21:24:34] 	> Projecting Achillea.atrata_PA3_RUN5_FDA ...
[2026-07-19 21:24:34] -=-=-=-=-=-=-=-=-=-=-=-=-=-=-=-=-=-= Done -=-=-=-=-=-=-=-=-=-=-=-=-=-=-=-=-=-=
[2026-07-19 21:24:38] 
[2026-07-19 21:24:38] -=-=-=-=-=-=-=-=-=-=-=-=-= Do Single Models Projection -=-=-=-=-=-=-=-=-=-=-=-=-=
[2026-07-19 21:24:38] 
[2026-07-19 21:24:38] 	> Projecting Achillea.atrata_PA4_RUN1_GLM ...
[2026-07-19 21:24:38] 	> Projecting Achillea.atrata_PA4_RUN1_GBM ...
[2026-07-19 21:24:38] 	> Projecting Achillea.atrata_PA4_RUN1_ANN ...
[2026-07-19 21:24:38] 	> Projecting Achillea.atrata_PA4_RUN1_MAXNET ...
[2026-07-19 21:24:39] 	> Projecting Achillea.atrata_PA4_RUN2_GBM ...
[2026-07-19 21:24:40] 	> Projecting Achillea.atrata_PA4_RUN1_FDA ...
[2026-07-19 21:24:40] 	> Projecting Achillea.atrata_PA4_RUN2_GLM ...
[2026-07-19 21:24:40] 	> Projecting Achillea.atrata_PA4_RUN2_ANN ...
[2026-07-19 21:24:40] 	> Projecting Achillea.atrata_PA4_RUN2_FDA ...
[2026-07-19 21:24:40] 	> Projecting Achillea.atrata_PA4_RUN2_MAXNET ...
[2026-07-19 21:24:40] 	> Projecting Achillea.atrata_PA4_RUN3_GLM ...
[2026-07-19 21:24:40] 	> Projecting Achillea.atrata_PA4_RUN3_GBM ...
[2026-07-19 21:24:40] 	> Projecting Achillea.atrata_PA4_RUN3_ANN ...
[2026-07-19 21:24:41] 	> Projecting Achillea.atrata_PA4_RUN3_MAXNET ...
[2026-07-19 21:24:42] 	> Projecting Achillea.atrata_PA4_RUN4_GBM ...
[2026-07-19 21:24:42] 	> Projecting Achillea.atrata_PA4_RUN3_FDA ...
[2026-07-19 21:24:42] 	> Projecting Achillea.atrata_PA4_RUN4_GLM ...
[2026-07-19 21:24:42] 	> Projecting Achillea.atrata_PA4_RUN4_ANN ...
[2026-07-19 21:24:42] 	> Projecting Achillea.atrata_PA4_RUN4_FDA ...
[2026-07-19 21:24:42] 	> Projecting Achillea.atrata_PA4_RUN4_MAXNET ...
[2026-07-19 21:24:43] 	> Projecting Achillea.atrata_PA4_RUN5_GLM ...
[2026-07-19 21:24:43] 	> Projecting Achillea.atrata_PA4_RUN5_GBM ...
[2026-07-19 21:24:43] 	> Projecting Achillea.atrata_PA4_RUN5_ANN ...
[2026-07-19 21:24:44] 	> Projecting Achillea.atrata_PA4_RUN5_MAXNET ...
[2026-07-19 21:24:53] 	> Projecting Achillea.atrata_PA4_RUN5_FDA ...
[2026-07-19 21:24:53] -=-=-=-=-=-=-=-=-=-=-=-=-=-=-=-=-=-= Done -=-=-=-=-=-=-=-=-=-=-=-=-=-=-=-=-=-=
[2026-07-19 21:24:57] 
[2026-07-19 21:24:57] -=-=-=-=-=-=-=-=-=-=-=-=-= Do Single Models Projection -=-=-=-=-=-=-=-=-=-=-=-=-=
[2026-07-19 21:24:57] 
[2026-07-19 21:24:57] 	> Projecting Achillea.atrata_PA5_RUN1_GLM ...
[2026-07-19 21:24:57] 	> Projecting Achillea.atrata_PA5_RUN1_GBM ...
[2026-07-19 21:24:57] 	> Projecting Achillea.atrata_PA5_RUN1_ANN ...
[2026-07-19 21:24:58] 	> Projecting Achillea.atrata_PA5_RUN1_MAXNET ...
[2026-07-19 21:24:59] 	> Projecting Achillea.atrata_PA5_RUN2_GBM ...
[2026-07-19 21:24:59] 	> Projecting Achillea.atrata_PA5_RUN1_FDA ...
[2026-07-19 21:24:59] 	> Projecting Achillea.atrata_PA5_RUN2_GLM ...
[2026-07-19 21:24:59] 	> Projecting Achillea.atrata_PA5_RUN2_ANN ...
[2026-07-19 21:24:59] 	> Projecting Achillea.atrata_PA5_RUN2_MAXNET ...
[2026-07-19 21:24:59] 	> Projecting Achillea.atrata_PA5_RUN2_FDA ...
[2026-07-19 21:24:59] 	> Projecting Achillea.atrata_PA5_RUN3_GLM ...
[2026-07-19 21:25:00] 	> Projecting Achillea.atrata_PA5_RUN3_GBM ...
[2026-07-19 21:25:00] 	> Projecting Achillea.atrata_PA5_RUN3_ANN ...
[2026-07-19 21:25:00] 	> Projecting Achillea.atrata_PA5_RUN3_MAXNET ...
[2026-07-19 21:25:01] 	> Projecting Achillea.atrata_PA5_RUN4_GBM ...
[2026-07-19 21:25:01] 	> Projecting Achillea.atrata_PA5_RUN3_FDA ...
[2026-07-19 21:25:01] 	> Projecting Achillea.atrata_PA5_RUN4_GLM ...
[2026-07-19 21:25:02] 	> Projecting Achillea.atrata_PA5_RUN4_ANN ...
[2026-07-19 21:25:02] 	> Projecting Achillea.atrata_PA5_RUN4_FDA ...
[2026-07-19 21:25:02] 	> Projecting Achillea.atrata_PA5_RUN4_MAXNET ...
[2026-07-19 21:25:02] 	> Projecting Achillea.atrata_PA5_RUN5_GLM ...
[2026-07-19 21:25:02] 	> Projecting Achillea.atrata_PA5_RUN5_GBM ...
[2026-07-19 21:25:02] 	> Projecting Achillea.atrata_PA5_RUN5_ANN ...
[2026-07-19 21:25:03] 	> Projecting Achillea.atrata_PA5_RUN5_MAXNET ...
[2026-07-19 21:25:12] 	> Projecting Achillea.atrata_PA5_RUN5_FDA ...
[2026-07-19 21:25:12] -=-=-=-=-=-=-=-=-=-=-=-=-=-=-=-=-=-= Done -=-=-=-=-=-=-=-=-=-=-=-=-=-=-=-=-=-=
[2026-07-19 21:25:21] 
[2026-07-19 21:25:21] 
[2026-07-19 21:25:21] 
[2026-07-19 21:25:21]    > Mean of probabilities by AUCroc ...
[2026-07-19 21:25:21] 
[2026-07-19 21:25:49]    > Coef of variation of probabilities by AUCroc ...
[2026-07-19 21:25:52] 			Evaluating Model stuff...Warning in forecast_0 * observed_0 : NAs produced by integer overflow
[2026-07-19 21:25:52] Warning in forecast_0 * observed_0 : NAs produced by integer overflow
[2026-07-19 21:25:52] Warning in forecast_0 * observed_0 : NAs produced by integer overflow
[2026-07-19 21:25:52] Warning in forecast_0 * observed_0 : NAs produced by integer overflow
[2026-07-19 21:25:52] Warning in forecast_0 * observed_0 : NAs produced by integer overflow
[2026-07-19 21:25:52] Warning in forecast_0 * observed_0 : NAs produced by integer overflow
[2026-07-19 21:25:52] Warning in forecast_0 * observed_0 : NAs produced by integer overflow
[2026-07-19 21:25:52] Warning in forecast_0 * observed_0 : NAs produced by integer overflow
[2026-07-19 21:25:52] Warning in forecast_0 * observed_0 : NAs produced by integer overflow
[2026-07-19 21:25:52] Warning in forecast_0 * observed_0 : NAs produced by integer overflow
[2026-07-19 21:25:52] Warning in forecast_0 * observed_0 : NAs produced by integer overflow
[2026-07-19 21:25:52] Warning in forecast_0 * observed_0 : NAs produced by integer overflow
[2026-07-19 21:25:52] Warning in forecast_0 * observed_0 : NAs produced by integer overflow
[2026-07-19 21:25:52] Warning in forecast_0 * observed_0 : NAs produced by integer overflow
[2026-07-19 21:25:52] Warning in forecast_0 * observed_0 : NAs produced by integer overflow
[2026-07-19 21:25:52] Warning in forecast_0 * observed_0 : NAs produced by integer overflow
[2026-07-19 21:25:52] Warning in forecast_0 * observed_0 : NAs produced by integer overflow
[2026-07-19 21:25:52] Warning in forecast_0 * observed_0 : NAs produced by integer overflow
[2026-07-19 21:25:52] Warning in forecast_0 * observed_0 : NAs produced by integer overflow
[2026-07-19 21:25:52] Warning in forecast_0 * observed_0 : NAs produced by integer overflow
[2026-07-19 21:25:52] Warning in forecast_0 * observed_0 : NAs produced by integer overflow
[2026-07-19 21:25:52] Warning in forecast_0 * observed_0 : NAs produced by integer overflow
[2026-07-19 21:25:52] Warning in forecast_0 * observed_0 : NAs produced by integer overflow
[2026-07-19 21:25:52] Warning in forecast_0 * observed_0 : NAs produced by integer overflow
[2026-07-19 21:25:52] Warning in forecast_0 * observed_0 : NAs produced by integer overflow
[2026-07-19 21:25:52] Warning in forecast_0 * observed_0 : NAs produced by integer overflow
[2026-07-19 21:25:52] Warning in forecast_0 * observed_0 : NAs produced by integer overflow
[2026-07-19 21:25:52] Warning in forecast_0 * observed_0 : NAs produced by integer overflow
[2026-07-19 21:25:52] Warning in forecast_0 * observed_0 : NAs produced by integer overflow
[2026-07-19 21:25:52] Warning in forecast_0 * observed_0 : NAs produced by integer overflow
[2026-07-19 21:25:52] Warning in forecast_0 * observed_0 : NAs produced by integer overflow
[2026-07-19 21:25:52] Warning in forecast_0 * observed_0 : NAs produced by integer overflow
[2026-07-19 21:25:52] Warning in forecast_0 * observed_0 : NAs produced by integer overflow
[2026-07-19 21:25:52] Warning in forecast_0 * observed_0 : NAs produced by integer overflow
[2026-07-19 21:25:52] Warning in forecast_0 * observed_0 : NAs produced by integer overflow
[2026-07-19 21:25:52] Warning in forecast_0 * observed_0 : NAs produced by integer overflow
[2026-07-19 21:25:52] Warning in forecast_0 * observed_0 : NAs produced by integer overflow
[2026-07-19 21:25:52] Warning in forecast_0 * observed_0 : NAs produced by integer overflow
[2026-07-19 21:25:52] Warning in forecast_0 * observed_0 : NAs produced by integer overflow
[2026-07-19 21:25:52] Warning in forecast_0 * observed_0 : NAs produced by integer overflow
[2026-07-19 21:25:52] Warning in forecast_0 * observed_0 : NAs produced by integer overflow
[2026-07-19 21:25:52] Warning in forecast_0 * observed_0 : NAs produced by integer overflow
[2026-07-19 21:25:52] Warning in forecast_0 * observed_0 : NAs produced by integer overflow
[2026-07-19 21:25:52] Warning in forecast_0 * observed_0 : NAs produced by integer overflow
[2026-07-19 21:25:52] Warning in forecast_0 * observed_0 : NAs produced by integer overflow
[2026-07-19 21:25:52] Warning in forecast_0 * observed_0 : NAs produced by integer overflow
[2026-07-19 21:25:52] Warning in forecast_0 * observed_0 : NAs produced by integer overflow
[2026-07-19 21:25:52] Warning in forecast_0 * observed_0 : NAs produced by integer overflow
[2026-07-19 21:25:52] Warning in forecast_0 * observed_0 : NAs produced by integer overflow
[2026-07-19 21:25:52] Warning in forecast_0 * observed_0 : NAs produced by integer overflow
[2026-07-19 21:25:52] Warning in forecast_0 * observed_0 : NAs produced by integer overflow
[2026-07-19 21:25:52] Warning in forecast_0 * observed_0 : NAs produced by integer overflow
[2026-07-19 21:25:52] Warning in forecast_0 * observed_0 : NAs produced by integer overflow
[2026-07-19 21:25:52] Warning in forecast_0 * observed_0 : NAs produced by integer overflow
[2026-07-19 21:25:52] Warning in forecast_0 * observed_0 : NAs produced by integer overflow
[2026-07-19 21:25:52] Warning in forecast_0 * observed_0 : NAs produced by integer overflow
[2026-07-19 21:25:52] Warning in forecast_0 * observed_0 : NAs produced by integer overflow
[2026-07-19 21:25:52] Warning in forecast_0 * observed_0 : NAs produced by integer overflow
[2026-07-19 21:25:52] Warning in forecast_0 * observed_0 : NAs produced by integer overflow
[2026-07-19 21:25:52] Warning in forecast_0 * observed_0 : NAs produced by integer overflow
[2026-07-19 21:25:52] Warning in forecast_0 * observed_0 : NAs produced by integer overflow
[2026-07-19 21:25:52] Warning in forecast_0 * observed_0 : NAs produced by integer overflow
[2026-07-19 21:25:52] Warning in forecast_0 * observed_0 : NAs produced by integer overflow
[2026-07-19 21:25:52] Warning in forecast_0 * observed_0 : NAs produced by integer overflow
[2026-07-19 21:25:52] Warning in forecast_0 * observed_0 : NAs produced by integer overflow
[2026-07-19 21:25:52] Warning in forecast_0 * observed_0 : NAs produced by integer overflow
[2026-07-19 21:25:52] Warning in forecast_0 * observed_0 : NAs produced by integer overflow
[2026-07-19 21:25:52] Warning in forecast_0 * observed_0 : NAs produced by integer overflow
[2026-07-19 21:25:52] Warning in forecast_0 * observed_0 : NAs produced by integer overflow
[2026-07-19 21:25:52] Warning in forecast_0 * observed_0 : NAs produced by integer overflow
[2026-07-19 21:25:52] Warning in forecast_0 * observed_0 : NAs produced by integer overflow
[2026-07-19 21:25:52] Warning in forecast_0 * observed_0 : NAs produced by integer overflow
[2026-07-19 21:25:52] Warning in forecast_0 * observed_0 : NAs produced by integer overflow
[2026-07-19 21:25:52] Warning in forecast_0 * observed_0 : NAs produced by integer overflow
[2026-07-19 21:25:52] Warning in forecast_0 * observed_0 : NAs produced by integer overflow
[2026-07-19 21:25:52] Warning in forecast_0 * observed_0 : NAs produced by integer overflow
[2026-07-19 21:25:52] Warning in forecast_0 * observed_0 : NAs produced by integer overflow
[2026-07-19 21:25:52] Warning in forecast_0 * observed_0 : NAs produced by integer overflow
[2026-07-19 21:25:52] Warning in forecast_0 * observed_0 : NAs produced by integer overflow
[2026-07-19 21:25:52] Warning in forecast_0 * observed_0 : NAs produced by integer overflow
[2026-07-19 21:25:52] Warning in forecast_0 * observed_0 : NAs produced by integer overflow
[2026-07-19 21:25:52] Warning in forecast_0 * observed_0 : NAs produced by integer overflow
[2026-07-19 21:25:52] Warning in forecast_0 * observed_0 : NAs produced by integer overflow
[2026-07-19 21:25:52] Warning in forecast_0 * observed_0 : NAs produced by integer overflow
[2026-07-19 21:25:52] Warning in forecast_0 * observed_0 : NAs produced by integer overflow
[2026-07-19 21:25:52] Warning in forecast_0 * observed_0 : NAs produced by integer overflow
[2026-07-19 21:25:52] Warning in forecast_0 * observed_0 : NAs produced by integer overflow
[2026-07-19 21:25:52] Warning in forecast_0 * observed_0 : NAs produced by integer overflow
[2026-07-19 21:25:52] Warning in forecast_0 * observed_0 : NAs produced by integer overflow
[2026-07-19 21:25:52] Warning in forecast_0 * observed_0 : NAs produced by integer overflow
[2026-07-19 21:25:52] Warning in forecast_0 * observed_0 : NAs produced by integer overflow
[2026-07-19 21:25:52] Warning in forecast_0 * observed_0 : NAs produced by integer overflow
[2026-07-19 21:25:52] Warning in forecast_0 * observed_0 : NAs produced by integer overflow
[2026-07-19 21:25:52] Warning in forecast_0 * observed_0 : NAs produced by integer overflow
[2026-07-19 21:25:52] Warning in forecast_0 * observed_0 : NAs produced by integer overflow
[2026-07-19 21:25:52] Warning in forecast_0 * observed_0 : NAs produced by integer overflow
[2026-07-19 21:25:52] Warning in forecast_0 * observed_0 : NAs produced by integer overflow
[2026-07-19 21:25:52] Warning in forecast_0 * observed_0 : NAs produced by integer overflow
[2026-07-19 21:25:52] Warning in forecast_0 * observed_0 : NAs produced by integer overflow
[2026-07-19 21:25:53] 
[2026-07-19 21:25:53] -=-=-=-=-=-=-=-=-=-=-=-=-=-=-=-=-=-= Done -=-=-=-=-=-=-=-=-=-=-=-=-=-=-=-=-=-=
[2026-07-19 21:25:53] > end.time <- Sys.time()
[2026-07-19 21:25:53] > time.modeling_EM <- end.time - start.time
[2026-07-19 21:25:53] > 
[2026-07-19 21:25:53] > ### Models evaluations
[2026-07-19 21:25:53] > myBiomodModelEval <- get_evaluations(myBiomodModelOut)
[2026-07-19 21:25:53] > myBiomodModelEval_ensamble <- get_evaluations(myBiomodEM)
[2026-07-19 21:25:53] > 
[2026-07-19 21:25:53] > # TODO change output to csv
[2026-07-19 21:25:53] > nome <- paste0("Eval_", species_name, ".txt", sep = "")
[2026-07-19 21:25:53] > write.table(myBiomodModelEval, file = nome, sep = "\t")
[2026-07-19 21:25:53] > 
[2026-07-19 21:25:53] > nome1 <- paste0("Eval_EM_", species_name, ".txt", sep = "")
[2026-07-19 21:25:53] > write.table(myBiomodModelEval_ensamble, file = nome1, sep = "\t")
[2026-07-19 21:25:53] > 
[2026-07-19 21:25:53] > ###########################################################################
[2026-07-19 21:25:53] > ######################      PROJECTION ON ALPS        #####################
[2026-07-19 21:25:53] > ###########################################################################
[2026-07-19 21:25:53] > 
[2026-07-19 21:25:53] > ###########################################################################
[2026-07-19 21:25:53] > ###########################           CURRENT   ###########################
[2026-07-19 21:25:53] > ###########################################################################
[2026-07-19 21:25:53] > 
[2026-07-19 21:25:53] > # 5. Individual models projections on current environmental conditions
[2026-07-19 21:25:53] > start.time <- Sys.time()
[2026-07-19 21:25:53] > myBiomodProj <- BIOMOD_Projection(
[2026-07-19 21:25:53] +   bm.mod = myBiomodModelOut,
[2026-07-19 21:25:53] +   proj.name = "current",
[2026-07-19 21:25:53] +   new.env = cur_proj,
[2026-07-19 21:25:53] +   models.chosen = "all",
[2026-07-19 21:25:53] +   build.clamping.mask = T, # opzione per avere un'idea delle località in cui la predizione è incerta, dove non è sicuro di quello che sta predicendo, predizione potrebbe essere incerta, perchè i dati ambientali potrebbero non essere così fedeli alle variabili attinenti alla presenza vera delal specie (un modo per capire l'incertezza della predizione per ogni cella (km quadrato))
[2026-07-19 21:25:53] +   keep.in.memory = projection_keep_in_memory,
[2026-07-19 21:25:53] +   do.stack = projection_do_stack,
[2026-07-19 21:25:53] +   nb.cpu = n_cpu
[2026-07-19 21:25:53] + )
[2026-07-19 21:25:53] 
[2026-07-19 21:25:53] -=-=-=-=-=-=-=-=-=-=-=-=-= Do Single Models Projection -=-=-=-=-=-=-=-=-=-=-=-=-=
[2026-07-19 21:26:15] 
[2026-07-19 21:26:15] 		! 'overwrite' arg is set as FALSE. Projections that have already been saved will not be redone. 
[2026-07-19 21:26:15]         Please be carfeul if you have changed the models in the meantime. 
[2026-07-19 21:26:15] 	> Building clamping mask
[2026-07-19 21:27:19] 
[2026-07-19 21:27:19] 	> Projecting Achillea.atrata_PA1_RUN1_GLM ...
[2026-07-19 21:27:19] 	> Projecting Achillea.atrata_PA1_RUN1_GBM ...
[2026-07-19 21:27:20] 	> Projecting Achillea.atrata_PA1_RUN1_ANN ...
[2026-07-19 21:28:01] 	> Projecting Achillea.atrata_PA1_RUN1_FDA ...
[2026-07-19 21:28:02] 		Writing projection on hard drive...
[2026-07-19 21:28:02] 		 /work/data/output_disk_sp1_4cpu/Achillea.atrata/proj_current/individual_projections/proj_current_Achillea.atrata_PA1_RUN1_GLM.tif
[2026-07-19 21:28:20] 	> Projecting Achillea.atrata_PA1_RUN1_MAXNET ...
[2026-07-19 21:28:21] 		Writing projection on hard drive...
[2026-07-19 21:28:21] 		 /work/data/output_disk_sp1_4cpu/Achillea.atrata/proj_current/individual_projections/proj_current_Achillea.atrata_PA1_RUN1_FDA.tif
[2026-07-19 21:28:34] 	> Projecting Achillea.atrata_PA1_RUN2_ANN ...
[2026-07-19 21:28:35] 		Writing projection on hard drive...
[2026-07-19 21:28:35] 		 /work/data/output_disk_sp1_4cpu/Achillea.atrata/proj_current/individual_projections/proj_current_Achillea.atrata_PA1_RUN1_ANN.tif
[2026-07-19 21:28:45] 	> Projecting Achillea.atrata_PA1_RUN2_GBM ...
[2026-07-19 21:28:46] 		Writing projection on hard drive...
[2026-07-19 21:28:46] 		 /work/data/output_disk_sp1_4cpu/Achillea.atrata/proj_current/individual_projections/proj_current_Achillea.atrata_PA1_RUN1_MAXNET.tif
[2026-07-19 21:29:28] 	> Projecting Achillea.atrata_PA1_RUN2_FDA ...
[2026-07-19 21:29:29] 		Writing projection on hard drive...
[2026-07-19 21:29:29] 		Writing projection on hard drive...
[2026-07-19 21:29:29] 		 /work/data/output_disk_sp1_4cpu/Achillea.atrata/proj_current/individual_projections/proj_current_Achillea.atrata_PA1_RUN2_ANN.tif
[2026-07-19 21:29:30] 	> Projecting Achillea.atrata_PA1_RUN3_GBM ...
[2026-07-19 21:29:30] 		 /work/data/output_disk_sp1_4cpu/Achillea.atrata/proj_current/individual_projections/proj_current_Achillea.atrata_PA1_RUN2_FDA.tif
[2026-07-19 21:30:36] 	> Projecting Achillea.atrata_PA1_RUN3_ANN ...
[2026-07-19 21:30:37] 		Writing projection on hard drive...
[2026-07-19 21:30:37] 		 /work/data/output_disk_sp1_4cpu/Achillea.atrata/proj_current/individual_projections/proj_current_Achillea.atrata_PA1_RUN3_ANN.tif
[2026-07-19 21:41:26] 	> Projecting Achillea.atrata_PA1_RUN4_GBM ...
[2026-07-19 21:41:27] 		Writing projection on hard drive...
[2026-07-19 21:41:27] 		 /work/data/output_disk_sp1_4cpu/Achillea.atrata/proj_current/individual_projections/proj_current_Achillea.atrata_PA1_RUN1_GBM.tif
[2026-07-19 21:42:07] 	> Projecting Achillea.atrata_PA1_RUN2_GLM ...
[2026-07-19 21:42:08] 		Writing projection on hard drive...
[2026-07-19 21:42:08] 		 /work/data/output_disk_sp1_4cpu/Achillea.atrata/proj_current/individual_projections/proj_current_Achillea.atrata_PA1_RUN2_GLM.tif
[2026-07-19 21:42:45] 	> Projecting Achillea.atrata_PA1_RUN2_MAXNET ...
[2026-07-19 21:42:46] 		Writing projection on hard drive...
[2026-07-19 21:42:46] 		 /work/data/output_disk_sp1_4cpu/Achillea.atrata/proj_current/individual_projections/proj_current_Achillea.atrata_PA1_RUN2_GBM.tif
[2026-07-19 21:42:53] 	> Projecting Achillea.atrata_PA1_RUN3_GLM ...
[2026-07-19 21:42:54] 		Writing projection on hard drive...
[2026-07-19 21:42:54] 		 /work/data/output_disk_sp1_4cpu/Achillea.atrata/proj_current/individual_projections/proj_current_Achillea.atrata_PA1_RUN2_MAXNET.tif
[2026-07-19 21:43:22] 	> Projecting Achillea.atrata_PA1_RUN3_FDA ...
[2026-07-19 21:43:23] 		Writing projection on hard drive...
[2026-07-19 21:43:23] 		 /work/data/output_disk_sp1_4cpu/Achillea.atrata/proj_current/individual_projections/proj_current_Achillea.atrata_PA1_RUN3_GLM.tif
[2026-07-19 21:43:40] 	> Projecting Achillea.atrata_PA1_RUN3_MAXNET ...
[2026-07-19 21:43:41] 		Writing projection on hard drive...
[2026-07-19 21:43:41] 		 /work/data/output_disk_sp1_4cpu/Achillea.atrata/proj_current/individual_projections/proj_current_Achillea.atrata_PA1_RUN3_FDA.tif
[2026-07-19 21:43:44] 	> Projecting Achillea.atrata_PA1_RUN4_ANN ...
[2026-07-19 21:43:45] 		Writing projection on hard drive...
[2026-07-19 21:43:45] 		 /work/data/output_disk_sp1_4cpu/Achillea.atrata/proj_current/individual_projections/proj_current_Achillea.atrata_PA1_RUN3_GBM.tif
[2026-07-19 21:44:10] 	> Projecting Achillea.atrata_PA1_RUN4_GLM ...
[2026-07-19 21:44:11] 		Writing projection on hard drive...
[2026-07-19 21:44:11] 		 /work/data/output_disk_sp1_4cpu/Achillea.atrata/proj_current/individual_projections/proj_current_Achillea.atrata_PA1_RUN3_MAXNET.tif
[2026-07-19 21:44:23] 	> Projecting Achillea.atrata_PA1_RUN4_FDA ...
[2026-07-19 21:44:24] 		Writing projection on hard drive...
[2026-07-19 21:44:24] 		 /work/data/output_disk_sp1_4cpu/Achillea.atrata/proj_current/individual_projections/proj_current_Achillea.atrata_PA1_RUN4_GLM.tif
[2026-07-19 21:44:41] 	> Projecting Achillea.atrata_PA1_RUN4_MAXNET ...
[2026-07-19 21:44:42] 		Writing projection on hard drive...
[2026-07-19 21:44:42] 		 /work/data/output_disk_sp1_4cpu/Achillea.atrata/proj_current/individual_projections/proj_current_Achillea.atrata_PA1_RUN4_ANN.tif
[2026-07-19 21:44:59] 	> Projecting Achillea.atrata_PA1_RUN5_GBM ...
[2026-07-19 21:45:00] 		Writing projection on hard drive...
[2026-07-19 21:45:00] 		 /work/data/output_disk_sp1_4cpu/Achillea.atrata/proj_current/individual_projections/proj_current_Achillea.atrata_PA1_RUN4_GBM.tif
[2026-07-19 21:45:01] 	> Projecting Achillea.atrata_PA1_RUN5_GLM ...
[2026-07-19 21:45:02] 		Writing projection on hard drive...
[2026-07-19 21:45:02] 		 /work/data/output_disk_sp1_4cpu/Achillea.atrata/proj_current/individual_projections/proj_current_Achillea.atrata_PA1_RUN4_FDA.tif
[2026-07-19 21:45:12] 	> Projecting Achillea.atrata_PA1_RUN5_ANN ...
[2026-07-19 21:45:13] 		Writing projection on hard drive...
[2026-07-19 21:45:13] 		 /work/data/output_disk_sp1_4cpu/Achillea.atrata/proj_current/individual_projections/proj_current_Achillea.atrata_PA1_RUN4_MAXNET.tif
[2026-07-19 21:45:32] 	> Projecting Achillea.atrata_PA1_RUN5_FDA ...
[2026-07-19 21:45:33] 		Writing projection on hard drive...
[2026-07-19 21:45:33] 		 /work/data/output_disk_sp1_4cpu/Achillea.atrata/proj_current/individual_projections/proj_current_Achillea.atrata_PA1_RUN5_GLM.tif
[2026-07-19 21:45:56] 	> Projecting Achillea.atrata_PA1_RUN5_MAXNET ...
[2026-07-19 21:45:57] 		Writing projection on hard drive...
[2026-07-19 21:45:57] 		 /work/data/output_disk_sp1_4cpu/Achillea.atrata/proj_current/individual_projections/proj_current_Achillea.atrata_PA1_RUN5_ANN.tif
[2026-07-19 21:46:01] 	> Projecting Achillea.atrata_PA2_RUN1_GBM ...
[2026-07-19 21:46:01] 		Writing projection on hard drive...
[2026-07-19 21:46:01] 		 /work/data/output_disk_sp1_4cpu/Achillea.atrata/proj_current/individual_projections/proj_current_Achillea.atrata_PA1_RUN5_FDA.tif
[2026-07-19 21:46:08] 	> Projecting Achillea.atrata_PA2_RUN1_ANN ...
[2026-07-19 21:46:09] 		Writing projection on hard drive...
[2026-07-19 21:46:09] 		 /work/data/output_disk_sp1_4cpu/Achillea.atrata/proj_current/individual_projections/proj_current_Achillea.atrata_PA1_RUN5_MAXNET.tif
[2026-07-19 21:46:49] 	> Projecting Achillea.atrata_PA2_RUN1_FDA ...
[2026-07-19 21:46:49] 		Writing projection on hard drive...
[2026-07-19 21:46:49] 		 /work/data/output_disk_sp1_4cpu/Achillea.atrata/proj_current/individual_projections/proj_current_Achillea.atrata_PA2_RUN1_FDA.tif
[2026-07-19 21:46:56] 	> Projecting Achillea.atrata_PA2_RUN2_ANN ...
[2026-07-19 21:46:57] 		Writing projection on hard drive...
[2026-07-19 21:46:57] 		 /work/data/output_disk_sp1_4cpu/Achillea.atrata/proj_current/individual_projections/proj_current_Achillea.atrata_PA2_RUN1_ANN.tif
[2026-07-19 21:47:42] 	> Projecting Achillea.atrata_PA2_RUN2_GBM ...
[2026-07-19 21:47:42] 		Writing projection on hard drive...
[2026-07-19 21:47:42] 		 /work/data/output_disk_sp1_4cpu/Achillea.atrata/proj_current/individual_projections/proj_current_Achillea.atrata_PA2_RUN2_ANN.tif
[2026-07-19 21:58:44] 	> Projecting Achillea.atrata_PA2_RUN3_GBM ...
[2026-07-19 21:58:45] 		Writing projection on hard drive...
[2026-07-19 21:58:45] 		 /work/data/output_disk_sp1_4cpu/Achillea.atrata/proj_current/individual_projections/proj_current_Achillea.atrata_PA1_RUN5_GBM.tif
[2026-07-19 21:59:17] 	> Projecting Achillea.atrata_PA2_RUN1_GLM ...
[2026-07-19 21:59:18] 		Writing projection on hard drive...
[2026-07-19 21:59:18] 		 /work/data/output_disk_sp1_4cpu/Achillea.atrata/proj_current/individual_projections/proj_current_Achillea.atrata_PA2_RUN1_GLM.tif
[2026-07-19 22:00:02] 	> Projecting Achillea.atrata_PA2_RUN1_MAXNET ...
[2026-07-19 22:00:03] 		Writing projection on hard drive...
[2026-07-19 22:00:03] 		 /work/data/output_disk_sp1_4cpu/Achillea.atrata/proj_current/individual_projections/proj_current_Achillea.atrata_PA2_RUN1_MAXNET.tif
[2026-07-19 22:00:13] 	> Projecting Achillea.atrata_PA2_RUN2_FDA ...
[2026-07-19 22:00:14] 		Writing projection on hard drive...
[2026-07-19 22:00:14] 		 /work/data/output_disk_sp1_4cpu/Achillea.atrata/proj_current/individual_projections/proj_current_Achillea.atrata_PA2_RUN1_GBM.tif
[2026-07-19 22:00:47] 	> Projecting Achillea.atrata_PA2_RUN2_GLM ...
[2026-07-19 22:00:48] 		Writing projection on hard drive...
[2026-07-19 22:00:48] 		 /work/data/output_disk_sp1_4cpu/Achillea.atrata/proj_current/individual_projections/proj_current_Achillea.atrata_PA2_RUN2_FDA.tif
[2026-07-19 22:00:49] 	> Projecting Achillea.atrata_PA2_RUN3_ANN ...
[2026-07-19 22:00:50] 		Writing projection on hard drive...
[2026-07-19 22:00:50] 		 /work/data/output_disk_sp1_4cpu/Achillea.atrata/proj_current/individual_projections/proj_current_Achillea.atrata_PA2_RUN2_GBM.tif
[2026-07-19 22:00:51] 	> Projecting Achillea.atrata_PA2_RUN3_GLM ...
[2026-07-19 22:00:52] 		Writing projection on hard drive...
[2026-07-19 22:00:52] 		 /work/data/output_disk_sp1_4cpu/Achillea.atrata/proj_current/individual_projections/proj_current_Achillea.atrata_PA2_RUN2_GLM.tif
[2026-07-19 22:01:23] 	> Projecting Achillea.atrata_PA2_RUN2_MAXNET ...
[2026-07-19 22:01:24] 		Writing projection on hard drive...
[2026-07-19 22:01:24] 		 /work/data/output_disk_sp1_4cpu/Achillea.atrata/proj_current/individual_projections/proj_current_Achillea.atrata_PA2_RUN3_GLM.tif
[2026-07-19 22:01:33] 	> Projecting Achillea.atrata_PA2_RUN3_MAXNET ...
[2026-07-19 22:01:34] 		Writing projection on hard drive...
[2026-07-19 22:01:34] 		 /work/data/output_disk_sp1_4cpu/Achillea.atrata/proj_current/individual_projections/proj_current_Achillea.atrata_PA2_RUN2_MAXNET.tif
[2026-07-19 22:01:34] 	> Projecting Achillea.atrata_PA2_RUN3_FDA ...
[2026-07-19 22:01:35] 		Writing projection on hard drive...
[2026-07-19 22:01:35] 		 /work/data/output_disk_sp1_4cpu/Achillea.atrata/proj_current/individual_projections/proj_current_Achillea.atrata_PA2_RUN3_GBM.tif
[2026-07-19 22:01:39] 	> Projecting Achillea.atrata_PA2_RUN4_GLM ...
[2026-07-19 22:01:40] 		Writing projection on hard drive...
[2026-07-19 22:01:40] 		 /work/data/output_disk_sp1_4cpu/Achillea.atrata/proj_current/individual_projections/proj_current_Achillea.atrata_PA2_RUN3_ANN.tif
[2026-07-19 22:02:06] 	> Projecting Achillea.atrata_PA2_RUN4_GBM ...
[2026-07-19 22:02:06] 		Writing projection on hard drive...
[2026-07-19 22:02:06] 		Writing projection on hard drive...
[2026-07-19 22:02:06] 		 /work/data/output_disk_sp1_4cpu/Achillea.atrata/proj_current/individual_projections/proj_current_Achillea.atrata_PA2_RUN4_GLM.tif
[2026-07-19 22:02:07] 	> Projecting Achillea.atrata_PA2_RUN4_MAXNET ...
[2026-07-19 22:02:07] 		 /work/data/output_disk_sp1_4cpu/Achillea.atrata/proj_current/individual_projections/proj_current_Achillea.atrata_PA2_RUN3_MAXNET.tif
[2026-07-19 22:02:19] 	> Projecting Achillea.atrata_PA2_RUN4_FDA ...
[2026-07-19 22:02:20] 		Writing projection on hard drive...
[2026-07-19 22:02:20] 		 /work/data/output_disk_sp1_4cpu/Achillea.atrata/proj_current/individual_projections/proj_current_Achillea.atrata_PA2_RUN3_FDA.tif
[2026-07-19 22:02:48] 	> Projecting Achillea.atrata_PA2_RUN4_ANN ...
[2026-07-19 22:02:49] 		Writing projection on hard drive...
[2026-07-19 22:02:49] 		 /work/data/output_disk_sp1_4cpu/Achillea.atrata/proj_current/individual_projections/proj_current_Achillea.atrata_PA2_RUN4_MAXNET.tif
[2026-07-19 22:02:54] 	> Projecting Achillea.atrata_PA2_RUN5_FDA ...
[2026-07-19 22:02:55] 		Writing projection on hard drive...
[2026-07-19 22:02:55] 		 /work/data/output_disk_sp1_4cpu/Achillea.atrata/proj_current/individual_projections/proj_current_Achillea.atrata_PA2_RUN4_FDA.tif
[2026-07-19 22:03:14] 	> Projecting Achillea.atrata_PA2_RUN5_ANN ...
[2026-07-19 22:03:15] 		Writing projection on hard drive...
[2026-07-19 22:03:15] 		 /work/data/output_disk_sp1_4cpu/Achillea.atrata/proj_current/individual_projections/proj_current_Achillea.atrata_PA2_RUN4_ANN.tif
[2026-07-19 22:03:30] 	> Projecting Achillea.atrata_PA2_RUN5_GBM ...
[2026-07-19 22:03:31] 		Writing projection on hard drive...
[2026-07-19 22:03:31] 		 /work/data/output_disk_sp1_4cpu/Achillea.atrata/proj_current/individual_projections/proj_current_Achillea.atrata_PA2_RUN5_FDA.tif
[2026-07-19 22:03:47] 	> Projecting Achillea.atrata_PA3_RUN1_ANN ...
[2026-07-19 22:03:48] 		Writing projection on hard drive...
[2026-07-19 22:03:48] 		 /work/data/output_disk_sp1_4cpu/Achillea.atrata/proj_current/individual_projections/proj_current_Achillea.atrata_PA2_RUN5_ANN.tif
[2026-07-19 22:04:22] 	> Projecting Achillea.atrata_PA3_RUN1_GBM ...
[2026-07-19 22:04:23] 		Writing projection on hard drive...
[2026-07-19 22:04:23] 		 /work/data/output_disk_sp1_4cpu/Achillea.atrata/proj_current/individual_projections/proj_current_Achillea.atrata_PA3_RUN1_ANN.tif
[2026-07-19 22:15:30] 	> Projecting Achillea.atrata_PA3_RUN2_GBM ...
[2026-07-19 22:15:31] 		Writing projection on hard drive...
[2026-07-19 22:15:31] 		 /work/data/output_disk_sp1_4cpu/Achillea.atrata/proj_current/individual_projections/proj_current_Achillea.atrata_PA2_RUN4_GBM.tif
[2026-07-19 22:16:03] 	> Projecting Achillea.atrata_PA2_RUN5_GLM ...
[2026-07-19 22:16:04] 		Writing projection on hard drive...
[2026-07-19 22:16:04] 		 /work/data/output_disk_sp1_4cpu/Achillea.atrata/proj_current/individual_projections/proj_current_Achillea.atrata_PA2_RUN5_GLM.tif
[2026-07-19 22:16:47] 	> Projecting Achillea.atrata_PA2_RUN5_MAXNET ...
[2026-07-19 22:16:47] 		Writing projection on hard drive...
[2026-07-19 22:16:47] 		 /work/data/output_disk_sp1_4cpu/Achillea.atrata/proj_current/individual_projections/proj_current_Achillea.atrata_PA2_RUN5_MAXNET.tif
[2026-07-19 22:17:17] 	> Projecting Achillea.atrata_PA3_RUN1_FDA ...
[2026-07-19 22:17:18] 		Writing projection on hard drive...
[2026-07-19 22:17:18] 		 /work/data/output_disk_sp1_4cpu/Achillea.atrata/proj_current/individual_projections/proj_current_Achillea.atrata_PA2_RUN5_GBM.tif
[2026-07-19 22:17:33] 	> Projecting Achillea.atrata_PA3_RUN1_GLM ...
[2026-07-19 22:17:34] 		Writing projection on hard drive...
[2026-07-19 22:17:34] 		 /work/data/output_disk_sp1_4cpu/Achillea.atrata/proj_current/individual_projections/proj_current_Achillea.atrata_PA3_RUN1_FDA.tif
[2026-07-19 22:17:50] 	> Projecting Achillea.atrata_PA3_RUN2_ANN ...
[2026-07-19 22:17:51] 		Writing projection on hard drive...
[2026-07-19 22:17:51] 		 /work/data/output_disk_sp1_4cpu/Achillea.atrata/proj_current/individual_projections/proj_current_Achillea.atrata_PA3_RUN1_GLM.tif
[2026-07-19 22:18:19] 	> Projecting Achillea.atrata_PA3_RUN1_MAXNET ...
[2026-07-19 22:18:20] 		Writing projection on hard drive...
[2026-07-19 22:18:20] 		 /work/data/output_disk_sp1_4cpu/Achillea.atrata/proj_current/individual_projections/proj_current_Achillea.atrata_PA3_RUN1_GBM.tif
[2026-07-19 22:18:26] 	> Projecting Achillea.atrata_PA3_RUN2_GLM ...
[2026-07-19 22:18:27] 		Writing projection on hard drive...
[2026-07-19 22:18:27] 		 /work/data/output_disk_sp1_4cpu/Achillea.atrata/proj_current/individual_projections/proj_current_Achillea.atrata_PA3_RUN2_ANN.tif
[2026-07-19 22:18:31] 	> Projecting Achillea.atrata_PA3_RUN3_GBM ...
[2026-07-19 22:18:32] 		Writing projection on hard drive...
[2026-07-19 22:18:32] 		 /work/data/output_disk_sp1_4cpu/Achillea.atrata/proj_current/individual_projections/proj_current_Achillea.atrata_PA3_RUN1_MAXNET.tif
[2026-07-19 22:18:46] 	> Projecting Achillea.atrata_PA3_RUN2_FDA ...
[2026-07-19 22:18:47] 		Writing projection on hard drive...
[2026-07-19 22:18:47] 		 /work/data/output_disk_sp1_4cpu/Achillea.atrata/proj_current/individual_projections/proj_current_Achillea.atrata_PA3_RUN2_GBM.tif
[2026-07-19 22:18:54] 	> Projecting Achillea.atrata_PA3_RUN3_GLM ...
[2026-07-19 22:18:55] 		Writing projection on hard drive...
[2026-07-19 22:18:55] 		 /work/data/output_disk_sp1_4cpu/Achillea.atrata/proj_current/individual_projections/proj_current_Achillea.atrata_PA3_RUN2_GLM.tif
[2026-07-19 22:19:19] 	> Projecting Achillea.atrata_PA3_RUN2_MAXNET ...
[2026-07-19 22:19:19] 		Writing projection on hard drive...
[2026-07-19 22:19:19] 		 /work/data/output_disk_sp1_4cpu/Achillea.atrata/proj_current/individual_projections/proj_current_Achillea.atrata_PA3_RUN3_GLM.tif
[2026-07-19 22:19:24] 	> Projecting Achillea.atrata_PA3_RUN3_MAXNET ...
[2026-07-19 22:19:25] 		Writing projection on hard drive...
[2026-07-19 22:19:25] 		 /work/data/output_disk_sp1_4cpu/Achillea.atrata/proj_current/individual_projections/proj_current_Achillea.atrata_PA3_RUN2_FDA.tif
[2026-07-19 22:19:40] 	> Projecting Achillea.atrata_PA3_RUN3_ANN ...
[2026-07-19 22:19:41] 		Writing projection on hard drive...
[2026-07-19 22:19:41] 		 /work/data/output_disk_sp1_4cpu/Achillea.atrata/proj_current/individual_projections/proj_current_Achillea.atrata_PA3_RUN2_MAXNET.tif
[2026-07-19 22:19:59] 	> Projecting Achillea.atrata_PA3_RUN3_FDA ...
[2026-07-19 22:20:00] 		Writing projection on hard drive...
[2026-07-19 22:20:00] 		 /work/data/output_disk_sp1_4cpu/Achillea.atrata/proj_current/individual_projections/proj_current_Achillea.atrata_PA3_RUN3_MAXNET.tif
[2026-07-19 22:20:18] 	> Projecting Achillea.atrata_PA3_RUN4_FDA ...
[2026-07-19 22:20:19] 		Writing projection on hard drive...
[2026-07-19 22:20:19] 		 /work/data/output_disk_sp1_4cpu/Achillea.atrata/proj_current/individual_projections/proj_current_Achillea.atrata_PA3_RUN3_ANN.tif
[2026-07-19 22:20:27] 	> Projecting Achillea.atrata_PA3_RUN4_GBM ...
[2026-07-19 22:20:28] 		Writing projection on hard drive...
[2026-07-19 22:20:28] 		 /work/data/output_disk_sp1_4cpu/Achillea.atrata/proj_current/individual_projections/proj_current_Achillea.atrata_PA3_RUN3_FDA.tif
[2026-07-19 22:20:46] 	> Projecting Achillea.atrata_PA3_RUN4_ANN ...
[2026-07-19 22:20:47] 		Writing projection on hard drive...
[2026-07-19 22:20:47] 		 /work/data/output_disk_sp1_4cpu/Achillea.atrata/proj_current/individual_projections/proj_current_Achillea.atrata_PA3_RUN4_FDA.tif
[2026-07-19 22:21:21] 	> Projecting Achillea.atrata_PA3_RUN5_ANN ...
[2026-07-19 22:21:22] 		Writing projection on hard drive...
[2026-07-19 22:21:22] 		 /work/data/output_disk_sp1_4cpu/Achillea.atrata/proj_current/individual_projections/proj_current_Achillea.atrata_PA3_RUN4_ANN.tif
[2026-07-19 22:21:35] 	> Projecting Achillea.atrata_PA3_RUN5_GBM ...
[2026-07-19 22:21:36] 		Writing projection on hard drive...
[2026-07-19 22:21:36] 		 /work/data/output_disk_sp1_4cpu/Achillea.atrata/proj_current/individual_projections/proj_current_Achillea.atrata_PA3_RUN5_ANN.tif
[2026-07-19 22:32:34] 	> Projecting Achillea.atrata_PA4_RUN1_GBM ...
[2026-07-19 22:32:35] 		Writing projection on hard drive...
[2026-07-19 22:32:35] 		 /work/data/output_disk_sp1_4cpu/Achillea.atrata/proj_current/individual_projections/proj_current_Achillea.atrata_PA3_RUN3_GBM.tif
[2026-07-19 22:33:07] 	> Projecting Achillea.atrata_PA3_RUN4_GLM ...
[2026-07-19 22:33:08] 		Writing projection on hard drive...
[2026-07-19 22:33:08] 		 /work/data/output_disk_sp1_4cpu/Achillea.atrata/proj_current/individual_projections/proj_current_Achillea.atrata_PA3_RUN4_GLM.tif
[2026-07-19 22:33:44] 	> Projecting Achillea.atrata_PA3_RUN4_MAXNET ...
[2026-07-19 22:33:44] 		Writing projection on hard drive...
[2026-07-19 22:33:44] 		 /work/data/output_disk_sp1_4cpu/Achillea.atrata/proj_current/individual_projections/proj_current_Achillea.atrata_PA3_RUN4_MAXNET.tif
[2026-07-19 22:34:12] 	> Projecting Achillea.atrata_PA3_RUN5_FDA ...
[2026-07-19 22:34:13] 		Writing projection on hard drive...
[2026-07-19 22:34:13] 		 /work/data/output_disk_sp1_4cpu/Achillea.atrata/proj_current/individual_projections/proj_current_Achillea.atrata_PA3_RUN4_GBM.tif
[2026-07-19 22:34:33] 	> Projecting Achillea.atrata_PA3_RUN5_GLM ...
[2026-07-19 22:34:34] 		Writing projection on hard drive...
[2026-07-19 22:34:34] 		 /work/data/output_disk_sp1_4cpu/Achillea.atrata/proj_current/individual_projections/proj_current_Achillea.atrata_PA3_RUN5_FDA.tif
[2026-07-19 22:34:47] 	> Projecting Achillea.atrata_PA4_RUN1_ANN ...
[2026-07-19 22:34:48] 		Writing projection on hard drive...
[2026-07-19 22:34:48] 		 /work/data/output_disk_sp1_4cpu/Achillea.atrata/proj_current/individual_projections/proj_current_Achillea.atrata_PA3_RUN5_GLM.tif
[2026-07-19 22:35:25] 	> Projecting Achillea.atrata_PA3_RUN5_MAXNET ...
[2026-07-19 22:35:26] 		Writing projection on hard drive...
[2026-07-19 22:35:26] 		Writing projection on hard drive...
[2026-07-19 22:35:26] 		 /work/data/output_disk_sp1_4cpu/Achillea.atrata/proj_current/individual_projections/proj_current_Achillea.atrata_PA3_RUN5_GBM.tif
[2026-07-19 22:35:26] 	> Projecting Achillea.atrata_PA4_RUN1_GLM ...
[2026-07-19 22:35:26] 		 /work/data/output_disk_sp1_4cpu/Achillea.atrata/proj_current/individual_projections/proj_current_Achillea.atrata_PA4_RUN1_ANN.tif
[2026-07-19 22:35:34] 	> Projecting Achillea.atrata_PA4_RUN2_GBM ...
[2026-07-19 22:35:34] 		Writing projection on hard drive...
[2026-07-19 22:35:34] 		 /work/data/output_disk_sp1_4cpu/Achillea.atrata/proj_current/individual_projections/proj_current_Achillea.atrata_PA3_RUN5_MAXNET.tif
[2026-07-19 22:35:52] 	> Projecting Achillea.atrata_PA4_RUN1_FDA ...
[2026-07-19 22:35:53] 		Writing projection on hard drive...
[2026-07-19 22:35:53] 		 /work/data/output_disk_sp1_4cpu/Achillea.atrata/proj_current/individual_projections/proj_current_Achillea.atrata_PA4_RUN1_GBM.tif
[2026-07-19 22:36:00] 	> Projecting Achillea.atrata_PA4_RUN2_GLM ...
[2026-07-19 22:36:01] 		Writing projection on hard drive...
[2026-07-19 22:36:01] 		 /work/data/output_disk_sp1_4cpu/Achillea.atrata/proj_current/individual_projections/proj_current_Achillea.atrata_PA4_RUN1_GLM.tif
[2026-07-19 22:36:21] 	> Projecting Achillea.atrata_PA4_RUN1_MAXNET ...
[2026-07-19 22:36:22] 		Writing projection on hard drive...
[2026-07-19 22:36:22] 		 /work/data/output_disk_sp1_4cpu/Achillea.atrata/proj_current/individual_projections/proj_current_Achillea.atrata_PA4_RUN1_FDA.tif
[2026-07-19 22:36:26] 	> Projecting Achillea.atrata_PA4_RUN2_ANN ...
[2026-07-19 22:36:26] 		Writing projection on hard drive...
[2026-07-19 22:36:26] 		 /work/data/output_disk_sp1_4cpu/Achillea.atrata/proj_current/individual_projections/proj_current_Achillea.atrata_PA4_RUN2_GLM.tif
[2026-07-19 22:36:45] 	> Projecting Achillea.atrata_PA4_RUN2_MAXNET ...
[2026-07-19 22:36:46] 		Writing projection on hard drive...
[2026-07-19 22:36:46] 		 /work/data/output_disk_sp1_4cpu/Achillea.atrata/proj_current/individual_projections/proj_current_Achillea.atrata_PA4_RUN1_MAXNET.tif
[2026-07-19 22:37:08] 	> Projecting Achillea.atrata_PA4_RUN2_FDA ...
[2026-07-19 22:37:09] 		Writing projection on hard drive...
[2026-07-19 22:37:09] 		 /work/data/output_disk_sp1_4cpu/Achillea.atrata/proj_current/individual_projections/proj_current_Achillea.atrata_PA4_RUN2_MAXNET.tif
[2026-07-19 22:37:09] 	> Projecting Achillea.atrata_PA4_RUN3_FDA ...
[2026-07-19 22:37:10] 		Writing projection on hard drive...
[2026-07-19 22:37:10] 		 /work/data/output_disk_sp1_4cpu/Achillea.atrata/proj_current/individual_projections/proj_current_Achillea.atrata_PA4_RUN2_ANN.tif
[2026-07-19 22:37:21] 	> Projecting Achillea.atrata_PA4_RUN3_GBM ...
[2026-07-19 22:37:22] 		Writing projection on hard drive...
[2026-07-19 22:37:22] 		 /work/data/output_disk_sp1_4cpu/Achillea.atrata/proj_current/individual_projections/proj_current_Achillea.atrata_PA4_RUN2_FDA.tif
[2026-07-19 22:37:52] 	> Projecting Achillea.atrata_PA4_RUN3_ANN ...
[2026-07-19 22:37:52] 		Writing projection on hard drive...
[2026-07-19 22:37:52] 		 /work/data/output_disk_sp1_4cpu/Achillea.atrata/proj_current/individual_projections/proj_current_Achillea.atrata_PA4_RUN3_FDA.tif
[2026-07-19 22:38:24] 	> Projecting Achillea.atrata_PA4_RUN4_ANN ...
[2026-07-19 22:38:24] 		Writing projection on hard drive...
[2026-07-19 22:38:24] 		 /work/data/output_disk_sp1_4cpu/Achillea.atrata/proj_current/individual_projections/proj_current_Achillea.atrata_PA4_RUN3_ANN.tif
[2026-07-19 22:38:43] 	> Projecting Achillea.atrata_PA4_RUN4_GBM ...
[2026-07-19 22:38:43] 		Writing projection on hard drive...
[2026-07-19 22:38:43] 		 /work/data/output_disk_sp1_4cpu/Achillea.atrata/proj_current/individual_projections/proj_current_Achillea.atrata_PA4_RUN4_ANN.tif
[2026-07-19 22:49:26] 	> Projecting Achillea.atrata_PA4_RUN5_GBM ...
[2026-07-19 22:49:27] 		Writing projection on hard drive...
[2026-07-19 22:49:27] 		 /work/data/output_disk_sp1_4cpu/Achillea.atrata/proj_current/individual_projections/proj_current_Achillea.atrata_PA4_RUN2_GBM.tif
[2026-07-19 22:49:58] 	> Projecting Achillea.atrata_PA4_RUN3_GLM ...
[2026-07-19 22:49:59] 		Writing projection on hard drive...
[2026-07-19 22:49:59] 		 /work/data/output_disk_sp1_4cpu/Achillea.atrata/proj_current/individual_projections/proj_current_Achillea.atrata_PA4_RUN3_GLM.tif
[2026-07-19 22:50:35] 	> Projecting Achillea.atrata_PA4_RUN3_MAXNET ...
[2026-07-19 22:50:35] 		Writing projection on hard drive...
[2026-07-19 22:50:35] 		 /work/data/output_disk_sp1_4cpu/Achillea.atrata/proj_current/individual_projections/proj_current_Achillea.atrata_PA4_RUN3_MAXNET.tif
[2026-07-19 22:51:16] 	> Projecting Achillea.atrata_PA4_RUN4_FDA ...
[2026-07-19 22:51:16] 		Writing projection on hard drive...
[2026-07-19 22:51:16] 		 /work/data/output_disk_sp1_4cpu/Achillea.atrata/proj_current/individual_projections/proj_current_Achillea.atrata_PA4_RUN4_FDA.tif
[2026-07-19 22:51:25] 	> Projecting Achillea.atrata_PA4_RUN5_ANN ...
[2026-07-19 22:51:25] 		Writing projection on hard drive...
[2026-07-19 22:51:25] 		 /work/data/output_disk_sp1_4cpu/Achillea.atrata/proj_current/individual_projections/proj_current_Achillea.atrata_PA4_RUN3_GBM.tif
[2026-07-19 22:51:58] 	> Projecting Achillea.atrata_PA4_RUN4_GLM ...
[2026-07-19 22:51:59] 		Writing projection on hard drive...
[2026-07-19 22:51:59] 		 /work/data/output_disk_sp1_4cpu/Achillea.atrata/proj_current/individual_projections/proj_current_Achillea.atrata_PA4_RUN4_GLM.tif
[2026-07-19 22:52:16] 	> Projecting Achillea.atrata_PA4_RUN4_MAXNET ...
[2026-07-19 22:52:17] 		Writing projection on hard drive...
[2026-07-19 22:52:17] 		 /work/data/output_disk_sp1_4cpu/Achillea.atrata/proj_current/individual_projections/proj_current_Achillea.atrata_PA4_RUN5_ANN.tif
[2026-07-19 22:52:34] 	> Projecting Achillea.atrata_PA5_RUN1_GBM ...
[2026-07-19 22:52:34] 		Writing projection on hard drive...
[2026-07-19 22:52:34] 		 /work/data/output_disk_sp1_4cpu/Achillea.atrata/proj_current/individual_projections/proj_current_Achillea.atrata_PA4_RUN4_MAXNET.tif
[2026-07-19 22:52:44] 	> Projecting Achillea.atrata_PA4_RUN5_FDA ...
[2026-07-19 22:52:45] 		Writing projection on hard drive...
[2026-07-19 22:52:45] 		 /work/data/output_disk_sp1_4cpu/Achillea.atrata/proj_current/individual_projections/proj_current_Achillea.atrata_PA4_RUN4_GBM.tif
[2026-07-19 22:52:56] 	> Projecting Achillea.atrata_PA4_RUN5_GLM ...
[2026-07-19 22:52:57] 		Writing projection on hard drive...
[2026-07-19 22:52:57] 		 /work/data/output_disk_sp1_4cpu/Achillea.atrata/proj_current/individual_projections/proj_current_Achillea.atrata_PA4_RUN5_GBM.tif
[2026-07-19 22:53:14] 	> Projecting Achillea.atrata_PA5_RUN1_GLM ...
[2026-07-19 22:53:15] 		Writing projection on hard drive...
[2026-07-19 22:53:15] 		 /work/data/output_disk_sp1_4cpu/Achillea.atrata/proj_current/individual_projections/proj_current_Achillea.atrata_PA4_RUN5_FDA.tif
[2026-07-19 22:53:19] 	> Projecting Achillea.atrata_PA5_RUN1_ANN ...
[2026-07-19 22:53:20] 		Writing projection on hard drive...
[2026-07-19 22:53:20] 		 /work/data/output_disk_sp1_4cpu/Achillea.atrata/proj_current/individual_projections/proj_current_Achillea.atrata_PA4_RUN5_GLM.tif
[2026-07-19 22:53:29] 	> Projecting Achillea.atrata_PA4_RUN5_MAXNET ...
[2026-07-19 22:53:30] 		Writing projection on hard drive...
[2026-07-19 22:53:30] 		 /work/data/output_disk_sp1_4cpu/Achillea.atrata/proj_current/individual_projections/proj_current_Achillea.atrata_PA5_RUN1_GLM.tif
[2026-07-19 22:54:02] 	> Projecting Achillea.atrata_PA5_RUN1_MAXNET ...
[2026-07-19 22:54:03] 		Writing projection on hard drive...
[2026-07-19 22:54:03] 		 /work/data/output_disk_sp1_4cpu/Achillea.atrata/proj_current/individual_projections/proj_current_Achillea.atrata_PA4_RUN5_MAXNET.tif
[2026-07-19 22:54:11] 	> Projecting Achillea.atrata_PA5_RUN1_FDA ...
[2026-07-19 22:54:11] 		Writing projection on hard drive...
[2026-07-19 22:54:11] 		 /work/data/output_disk_sp1_4cpu/Achillea.atrata/proj_current/individual_projections/proj_current_Achillea.atrata_PA5_RUN1_ANN.tif
[2026-07-19 22:54:13] 	> Projecting Achillea.atrata_PA5_RUN2_GBM ...
[2026-07-19 22:54:14] 		Writing projection on hard drive...
[2026-07-19 22:54:14] 		 /work/data/output_disk_sp1_4cpu/Achillea.atrata/proj_current/individual_projections/proj_current_Achillea.atrata_PA5_RUN1_MAXNET.tif
[2026-07-19 22:54:47] 	> Projecting Achillea.atrata_PA5_RUN2_FDA ...
[2026-07-19 22:54:48] 		Writing projection on hard drive...
[2026-07-19 22:54:48] 		 /work/data/output_disk_sp1_4cpu/Achillea.atrata/proj_current/individual_projections/proj_current_Achillea.atrata_PA5_RUN1_FDA.tif
[2026-07-19 22:54:57] 	> Projecting Achillea.atrata_PA5_RUN2_ANN ...
[2026-07-19 22:54:58] 		Writing projection on hard drive...
[2026-07-19 22:54:58] 		 /work/data/output_disk_sp1_4cpu/Achillea.atrata/proj_current/individual_projections/proj_current_Achillea.atrata_PA5_RUN2_FDA.tif
[2026-07-19 22:55:38] 	> Projecting Achillea.atrata_PA5_RUN3_ANN ...
[2026-07-19 22:55:39] 		Writing projection on hard drive...
[2026-07-19 22:55:39] 		 /work/data/output_disk_sp1_4cpu/Achillea.atrata/proj_current/individual_projections/proj_current_Achillea.atrata_PA5_RUN2_ANN.tif
[2026-07-19 22:55:43] 	> Projecting Achillea.atrata_PA5_RUN3_GBM ...
[2026-07-19 22:55:44] 		Writing projection on hard drive...
[2026-07-19 22:55:44] 		 /work/data/output_disk_sp1_4cpu/Achillea.atrata/proj_current/individual_projections/proj_current_Achillea.atrata_PA5_RUN3_ANN.tif
[2026-07-19 23:06:12] 	> Projecting Achillea.atrata_PA5_RUN4_GBM ...
[2026-07-19 23:06:12] 		Writing projection on hard drive...
[2026-07-19 23:06:12] 		 /work/data/output_disk_sp1_4cpu/Achillea.atrata/proj_current/individual_projections/proj_current_Achillea.atrata_PA5_RUN1_GBM.tif
[2026-07-19 23:06:42] 	> Projecting Achillea.atrata_PA5_RUN2_GLM ...
[2026-07-19 23:06:42] 		Writing projection on hard drive...
[2026-07-19 23:06:42] 		 /work/data/output_disk_sp1_4cpu/Achillea.atrata/proj_current/individual_projections/proj_current_Achillea.atrata_PA5_RUN2_GLM.tif
[2026-07-19 23:07:22] 	> Projecting Achillea.atrata_PA5_RUN2_MAXNET ...
[2026-07-19 23:07:23] 		Writing projection on hard drive...
[2026-07-19 23:07:23] 		 /work/data/output_disk_sp1_4cpu/Achillea.atrata/proj_current/individual_projections/proj_current_Achillea.atrata_PA5_RUN2_MAXNET.tif
[2026-07-19 23:07:44] 	> Projecting Achillea.atrata_PA5_RUN3_FDA ...
[2026-07-19 23:07:45] 		Writing projection on hard drive...
[2026-07-19 23:07:45] 		 /work/data/output_disk_sp1_4cpu/Achillea.atrata/proj_current/individual_projections/proj_current_Achillea.atrata_PA5_RUN2_GBM.tif
[2026-07-19 23:08:09] 	> Projecting Achillea.atrata_PA5_RUN3_GLM ...
[2026-07-19 23:08:10] 		Writing projection on hard drive...
[2026-07-19 23:08:10] 		 /work/data/output_disk_sp1_4cpu/Achillea.atrata/proj_current/individual_projections/proj_current_Achillea.atrata_PA5_RUN3_FDA.tif
[2026-07-19 23:08:19] 	> Projecting Achillea.atrata_PA5_RUN4_ANN ...
[2026-07-19 23:08:19] 		Writing projection on hard drive...
[2026-07-19 23:08:19] 		 /work/data/output_disk_sp1_4cpu/Achillea.atrata/proj_current/individual_projections/proj_current_Achillea.atrata_PA5_RUN3_GLM.tif
[2026-07-19 23:08:55] 	> Projecting Achillea.atrata_PA5_RUN3_MAXNET ...
[2026-07-19 23:08:56] 		Writing projection on hard drive...
[2026-07-19 23:08:56] 		 /work/data/output_disk_sp1_4cpu/Achillea.atrata/proj_current/individual_projections/proj_current_Achillea.atrata_PA5_RUN3_MAXNET.tif
[2026-07-19 23:09:01] 	> Projecting Achillea.atrata_PA5_RUN4_FDA ...
[2026-07-19 23:09:02] 		Writing projection on hard drive...
[2026-07-19 23:09:02] 		 /work/data/output_disk_sp1_4cpu/Achillea.atrata/proj_current/individual_projections/proj_current_Achillea.atrata_PA5_RUN4_ANN.tif
[2026-07-19 23:09:34] 	> Projecting Achillea.atrata_PA5_RUN5_GBM ...
[2026-07-19 23:09:34] 		Writing projection on hard drive...
[2026-07-19 23:09:34] 		 /work/data/output_disk_sp1_4cpu/Achillea.atrata/proj_current/individual_projections/proj_current_Achillea.atrata_PA5_RUN4_FDA.tif
[2026-07-19 23:09:46] 	> Projecting Achillea.atrata_PA5_RUN5_ANN ...
[2026-07-19 23:09:47] 		Writing projection on hard drive...
[2026-07-19 23:09:47] 		 /work/data/output_disk_sp1_4cpu/Achillea.atrata/proj_current/individual_projections/proj_current_Achillea.atrata_PA5_RUN3_GBM.tif
[2026-07-19 23:09:55] 	> Projecting Achillea.atrata_PA5_RUN4_GLM ...
[2026-07-19 23:09:56] 		Writing projection on hard drive...
[2026-07-19 23:09:56] 		 /work/data/output_disk_sp1_4cpu/Achillea.atrata/proj_current/individual_projections/proj_current_Achillea.atrata_PA5_RUN4_GBM.tif
[2026-07-19 23:10:22] 	> Projecting Achillea.atrata_PA5_RUN5_GLM ...
[2026-07-19 23:10:22] 		Writing projection on hard drive...
[2026-07-19 23:10:22] 		 /work/data/output_disk_sp1_4cpu/Achillea.atrata/proj_current/individual_projections/proj_current_Achillea.atrata_PA5_RUN4_GLM.tif
[2026-07-19 23:10:29] 	> Projecting Achillea.atrata_PA5_RUN4_MAXNET ...
[2026-07-19 23:10:29] 		Writing projection on hard drive...
[2026-07-19 23:10:29] 		 /work/data/output_disk_sp1_4cpu/Achillea.atrata/proj_current/individual_projections/proj_current_Achillea.atrata_PA5_RUN5_GLM.tif
[2026-07-19 23:10:30] 	> Projecting Achillea.atrata_PA5_RUN5_MAXNET ...
[2026-07-19 23:10:31] 		Writing projection on hard drive...
[2026-07-19 23:11:07] 		 /work/data/output_disk_sp1_4cpu/Achillea.atrata/proj_current/individual_projections/proj_current_Achillea.atrata_PA5_RUN5_ANN.tif
[2026-07-19 23:11:07] 		Writing projection on hard drive...
[2026-07-19 23:11:08] 		Writing projection on hard drive...
[2026-07-19 23:11:08] 		 /work/data/output_disk_sp1_4cpu/Achillea.atrata/proj_current/individual_projections/proj_current_Achillea.atrata_PA5_RUN4_MAXNET.tif
[2026-07-19 23:11:08] 	> Projecting Achillea.atrata_PA5_RUN5_FDA ...
[2026-07-19 23:11:55] 		 /work/data/output_disk_sp1_4cpu/Achillea.atrata/proj_current/individual_projections/proj_current_Achillea.atrata_PA5_RUN5_MAXNET.tif
[2026-07-19 23:11:55] 		Writing projection on hard drive...
[2026-07-19 23:23:19] 		 /work/data/output_disk_sp1_4cpu/Achillea.atrata/proj_current/individual_projections/proj_current_Achillea.atrata_PA5_RUN5_FDA.tif
[2026-07-19 23:23:20] 		Writing projection on hard drive...
[2026-07-19 23:23:20] 		 /work/data/output_disk_sp1_4cpu/Achillea.atrata/proj_current/individual_projections/proj_current_Achillea.atrata_PA5_RUN5_GBM.tif
[2026-07-19 23:23:20] -=-=-=-=-=-=-=-=-=-=-=-=-=-=-=-=-=-= Done -=-=-=-=-=-=-=-=-=-=-=-=-=-=-=-=-=-=
[2026-07-19 23:23:20] > end.time <- Sys.time()
[2026-07-19 23:23:20] > time.cur_proj <- end.time - start.time
[2026-07-19 23:23:20] > 
[2026-07-19 23:23:20] > # BIOMOD_Projection leaves its global foreach backend registered. Ensemble
[2026-07-19 23:23:20] > # forecasting receives bm.proj, so select its two-worker backend explicitly.
[2026-07-19 23:23:20] > doParallel::registerDoParallel(cores = ensemble_n_cpu)
[2026-07-19 23:23:20] > 
[2026-07-19 23:23:20] > # 6. Project ensemble models (reuse bm.proj to avoid internal re-projection)
[2026-07-19 23:23:20] > start.time <- Sys.time()
[2026-07-19 23:23:20] > myBiomodEMProj <- BIOMOD_EnsembleForecasting(
[2026-07-19 23:23:20] +   # """nuovo raster con altri dati ambientali""" (proiezione della proiezione)
[2026-07-19 23:23:20] +   bm.em = myBiomodEM,
[2026-07-19 23:23:20] +   bm.proj = myBiomodProj, # reuse computed projection; biomod2 wants XOR(bm.proj, new.env)
[2026-07-19 23:23:20] +   proj.name = "CurrentEM",
[2026-07-19 23:23:20] +   models.chosen = "all",
[2026-07-19 23:23:20] +   metric.binary = "all",
[2026-07-19 23:23:20] +   metric.filter = "all",
[2026-07-19 23:23:20] +   nb.cpu = ensemble_n_cpu
[2026-07-19 23:23:20] + )
[2026-07-19 23:23:20] 
[2026-07-19 23:23:20] -=-=-=-=-=-=-=-=-=-=-=-= Do Ensemble Models Projection -=-=-=-=-=-=-=-=-=-=-=-=
[2026-07-19 23:23:20] 
[2026-07-19 23:23:20] Creating suitable Workdir...
[2026-07-19 23:23:21] 
[2026-07-19 23:23:21] 	> Projecting Achillea.atrata_EMmeanByAUCroc_mergedData_mergedRun_mergedAlgo ...
[2026-07-19 23:38:39] 	> Projecting Achillea.atrata_EMcvByAUCroc_mergedData_mergedRun_mergedAlgo ...|---------|---------|---------|---------||---------|---------|---------|---------|=======================================================                                          
[2026-07-19 23:46:45] 		Writing projection on hard drive...===========================                                          
[2026-07-19 23:46:47] 		Writing projection on hard drive...
[2026-07-19 23:46:47] 
[2026-07-19 23:46:47] ! Binary/Filtered transformation automatically desactivated for ensemble models with coefficient of variation or confidence intervals
[2026-07-19 23:46:52] 	> Building TSS binaries / filtered
[2026-07-19 23:46:57] 	> Building AUCroc binaries / filtered
[2026-07-19 23:47:02] 	> Building KAPPA binaries / filtered
[2026-07-19 23:47:02] 
[2026-07-19 23:47:02] -=-=-=-=-=-=-=-=-=-=-=-=-=-=-=-=-=-= Done -=-=-=-=-=-=-=-=-=-=-=-=-=-=-=-=-=-=
[2026-07-19 23:47:02] > end.time <- Sys.time()
[2026-07-19 23:47:02] > time.cur_proj_EM <- end.time - start.time
[2026-07-19 23:47:02] > 
[2026-07-19 23:47:02] > ###########################################################################
[2026-07-19 23:47:02] > #######################################   FUTURE     ######################
[2026-07-19 23:47:02] > ###########################################################################
[2026-07-19 23:47:02] > 
[2026-07-19 23:47:02] > ## Number of future projections
[2026-07-19 23:47:02] > # 5 global circulation models (GCM), variazione di gas serra, metano, etc, nell'atmosfera nel futuro, e all'interno di ognuno ci sono due scenari (ottimista SSP370 e pessimista SSP585), TODO check acronyms
[2026-07-19 23:47:02] > # 10 future projections (5 GCM x 2 SSP) -> 10 proiezioni future per ogni specie
[2026-07-19 23:47:02] > # calibrazione solo su current (presente), per avere una base di partenza, e la proiezione serve due volte
[2026-07-19 23:47:02] > # proiezione sul futuro viene fatta partendo dai dati del primo (e unico) biomod modelling e sulle var ambientali future, per vedere come cambiano le predizioni
[2026-07-19 23:47:02] > 
[2026-07-19 23:47:02] > nf <- length(lf)
[2026-07-19 23:47:02] > future_timings <- data.frame(
[2026-07-19 23:47:02] +   scenario = character(),
[2026-07-19 23:47:02] +   projection_secs = numeric(),
[2026-07-19 23:47:02] +   ensemble_secs = numeric(),
[2026-07-19 23:47:02] +   total_secs = numeric()
[2026-07-19 23:47:02] + )
[2026-07-19 23:47:02] > 
[2026-07-19 23:47:02] > start.time <- Sys.time()
[2026-07-19 23:47:02] > for (k in 1:nf) {
[2026-07-19 23:47:02] +   scenario_start <- Sys.time()
[2026-07-19 23:47:02] +   name <- lf[k]
[2026-07-19 23:47:02] +   cat("\n\nDEBUG: Processing future scenario", k, "of", nf, ":", name, "\n")
[2026-07-19 23:47:02] + 
[2026-07-19 23:47:02] +   fut_files <- dir(lf[k], full.names = T)
[2026-07-19 23:47:02] +   fut1 <- rast(fut_files)
[2026-07-19 23:47:02] +   cat("DEBUG: Raster loaded, ncell =", ncell(fut1), ", hasValues =", hasValues(fut1), "\n")
[2026-07-19 23:47:02] + 
[2026-07-19 23:47:02] +   fut_proj <- c(fut1[[1]], fut1[[2]], tri_proj, soil_proj[[1]], soil_proj[[2]])
[2026-07-19 23:47:02] +   names(fut_proj) <- c("PC1_clim", "PC2_clim", "tri", "PC1_soil", "PC2_soil")
[2026-07-19 23:47:02] + 
[2026-07-19 23:47:02] +   # path-depth independent: <gcm>/<ssp> are the last two path components
[2026-07-19 23:47:02] +   nm1 <- strsplit(name, "/")[[1]]
[2026-07-19 23:47:02] +   nm <- paste0(nm1[length(nm1) - 1], "_", nm1[length(nm1)])
[2026-07-19 23:47:02] +   nm2 <- paste0("futureEM_", nm1[length(nm1) - 1], "_", nm1[length(nm1)])
[2026-07-19 23:47:02] + 
[2026-07-19 23:47:02] +   # 5. Individual models projections on future environmental conditions
[2026-07-19 23:47:02] +   projection_start <- Sys.time()
[2026-07-19 23:47:02] +   myBiomodProj_fut <- BIOMOD_Projection(
[2026-07-19 23:47:02] +     bm.mod = myBiomodModelOut,
[2026-07-19 23:47:02] +     proj.name = nm,
[2026-07-19 23:47:02] +     new.env = fut_proj,
[2026-07-19 23:47:02] +     models.chosen = "all",
[2026-07-19 23:47:02] +     build.clamping.mask = T,
[2026-07-19 23:47:02] +     keep.in.memory = projection_keep_in_memory,
[2026-07-19 23:47:02] +     do.stack = projection_do_stack,
[2026-07-19 23:47:02] +     nb.cpu = n_cpu
[2026-07-19 23:47:02] +   )
[2026-07-19 23:47:02] +   projection_end <- Sys.time()
[2026-07-19 23:47:02] + 
[2026-07-19 23:47:02] +   doParallel::registerDoParallel(cores = ensemble_n_cpu)
[2026-07-19 23:47:02] +   ensemble_start <- Sys.time()
[2026-07-19 23:47:02] +   myBiomodEMProj_fut <- BIOMOD_EnsembleForecasting(
[2026-07-19 23:47:02] +     bm.em = myBiomodEM,
[2026-07-19 23:47:02] +     bm.proj = myBiomodProj_fut, # reuse computed projection; biomod2 wants XOR(bm.proj, new.env)
[2026-07-19 23:47:02] +     proj.name = nm2,
[2026-07-19 23:47:02] +     models.chosen = "all",
[2026-07-19 23:47:02] +     metric.binary = "all",
[2026-07-19 23:47:02] +     metric.filter = "all",
[2026-07-19 23:47:02] +     nb.cpu = ensemble_n_cpu
[2026-07-19 23:47:02] +   )
[2026-07-19 23:47:02] +   ensemble_end <- Sys.time()
[2026-07-19 23:47:02] + 
[2026-07-19 23:47:02] +   future_timings <- rbind(
[2026-07-19 23:47:02] +     future_timings,
[2026-07-19 23:47:02] +     data.frame(
[2026-07-19 23:47:02] +       scenario = nm,
[2026-07-19 23:47:02] +       projection_secs = as.numeric(projection_end - projection_start, units = "secs"),
[2026-07-19 23:47:02] +       ensemble_secs = as.numeric(ensemble_end - ensemble_start, units = "secs"),
[2026-07-19 23:47:02] +       total_secs = as.numeric(ensemble_end - scenario_start, units = "secs")
[2026-07-19 23:47:02] +     )
[2026-07-19 23:47:02] +   )
[2026-07-19 23:47:02] + 
[2026-07-19 23:47:02] +   rm(fut1, fut_proj, myBiomodProj_fut, myBiomodEMProj_fut)
[2026-07-19 23:47:02] +   gc(verbose = FALSE)
[2026-07-19 23:47:02] + }
[2026-07-19 23:47:02] 
[2026-07-19 23:47:02] 
[2026-07-19 23:47:02] DEBUG: Processing future scenario 1 of 8 : /work/data/input/climate_vars/future/gfdl.esm4/ssp370 
[2026-07-19 23:47:02] DEBUG: Raster loaded, ncell = 63951097 , hasValues = TRUE 
[2026-07-19 23:47:02] 
[2026-07-19 23:47:02] -=-=-=-=-=-=-=-=-=-=-=-=-= Do Single Models Projection -=-=-=-=-=-=-=-=-=-=-=-=-=
[2026-07-19 23:47:26] 
[2026-07-19 23:47:26] 		! 'overwrite' arg is set as FALSE. Projections that have already been saved will not be redone. 
[2026-07-19 23:47:26]         Please be carfeul if you have changed the models in the meantime. 
[2026-07-19 23:47:26] 	> Building clamping mask
[2026-07-19 23:48:29] 
[2026-07-19 23:48:29] 	> Projecting Achillea.atrata_PA1_RUN1_GLM ...
[2026-07-19 23:48:29] 	> Projecting Achillea.atrata_PA1_RUN1_GBM ...
[2026-07-19 23:48:29] 	> Projecting Achillea.atrata_PA1_RUN1_ANN ...
[2026-07-19 23:49:12] 	> Projecting Achillea.atrata_PA1_RUN1_FDA ...
[2026-07-19 23:49:13] 		Writing projection on hard drive...
[2026-07-19 23:49:13] 		 /work/data/output_disk_sp1_4cpu/Achillea.atrata/proj_gfdl.esm4_ssp370/individual_projections/proj_gfdl.esm4_ssp370_Achillea.atrata_PA1_RUN1_GLM.tif
[2026-07-19 23:49:30] 	> Projecting Achillea.atrata_PA1_RUN1_MAXNET ...
[2026-07-19 23:49:31] 		Writing projection on hard drive...
[2026-07-19 23:49:31] 		 /work/data/output_disk_sp1_4cpu/Achillea.atrata/proj_gfdl.esm4_ssp370/individual_projections/proj_gfdl.esm4_ssp370_Achillea.atrata_PA1_RUN1_FDA.tif
[2026-07-19 23:49:42] 	> Projecting Achillea.atrata_PA1_RUN2_ANN ...
[2026-07-19 23:49:43] 		Writing projection on hard drive...
[2026-07-19 23:49:43] 		 /work/data/output_disk_sp1_4cpu/Achillea.atrata/proj_gfdl.esm4_ssp370/individual_projections/proj_gfdl.esm4_ssp370_Achillea.atrata_PA1_RUN1_ANN.tif
[2026-07-19 23:49:59] 	> Projecting Achillea.atrata_PA1_RUN2_GBM ...
[2026-07-19 23:50:00] 		Writing projection on hard drive...
[2026-07-19 23:50:00] 		 /work/data/output_disk_sp1_4cpu/Achillea.atrata/proj_gfdl.esm4_ssp370/individual_projections/proj_gfdl.esm4_ssp370_Achillea.atrata_PA1_RUN1_MAXNET.tif
[2026-07-19 23:50:32] 	> Projecting Achillea.atrata_PA1_RUN2_FDA ...
[2026-07-19 23:50:33] 		Writing projection on hard drive...
[2026-07-19 23:50:33] 		 /work/data/output_disk_sp1_4cpu/Achillea.atrata/proj_gfdl.esm4_ssp370/individual_projections/proj_gfdl.esm4_ssp370_Achillea.atrata_PA1_RUN2_ANN.tif
[2026-07-19 23:50:42] 	> Projecting Achillea.atrata_PA1_RUN3_GBM ...
[2026-07-19 23:50:43] 		Writing projection on hard drive...
[2026-07-19 23:50:43] 		 /work/data/output_disk_sp1_4cpu/Achillea.atrata/proj_gfdl.esm4_ssp370/individual_projections/proj_gfdl.esm4_ssp370_Achillea.atrata_PA1_RUN2_FDA.tif
[2026-07-19 23:51:40] 	> Projecting Achillea.atrata_PA1_RUN3_ANN ...
[2026-07-19 23:51:41] 		Writing projection on hard drive...
[2026-07-19 23:51:41] 		 /work/data/output_disk_sp1_4cpu/Achillea.atrata/proj_gfdl.esm4_ssp370/individual_projections/proj_gfdl.esm4_ssp370_Achillea.atrata_PA1_RUN3_ANN.tif
[2026-07-20 00:02:25] 	> Projecting Achillea.atrata_PA1_RUN4_GBM ...
[2026-07-20 00:02:26] 		Writing projection on hard drive...
[2026-07-20 00:02:26] 		 /work/data/output_disk_sp1_4cpu/Achillea.atrata/proj_gfdl.esm4_ssp370/individual_projections/proj_gfdl.esm4_ssp370_Achillea.atrata_PA1_RUN1_GBM.tif
[2026-07-20 00:03:06] 	> Projecting Achillea.atrata_PA1_RUN2_GLM ...
[2026-07-20 00:03:07] 		Writing projection on hard drive...
[2026-07-20 00:03:07] 		 /work/data/output_disk_sp1_4cpu/Achillea.atrata/proj_gfdl.esm4_ssp370/individual_projections/proj_gfdl.esm4_ssp370_Achillea.atrata_PA1_RUN2_GLM.tif
[2026-07-20 00:03:47] 	> Projecting Achillea.atrata_PA1_RUN2_MAXNET ...
[2026-07-20 00:03:48] 		Writing projection on hard drive...
[2026-07-20 00:03:48] 		 /work/data/output_disk_sp1_4cpu/Achillea.atrata/proj_gfdl.esm4_ssp370/individual_projections/proj_gfdl.esm4_ssp370_Achillea.atrata_PA1_RUN2_GBM.tif
[2026-07-20 00:03:52] 	> Projecting Achillea.atrata_PA1_RUN3_GLM ...
[2026-07-20 00:03:53] 		Writing projection on hard drive...
[2026-07-20 00:03:53] 		 /work/data/output_disk_sp1_4cpu/Achillea.atrata/proj_gfdl.esm4_ssp370/individual_projections/proj_gfdl.esm4_ssp370_Achillea.atrata_PA1_RUN2_MAXNET.tif
[2026-07-20 00:04:22] 	> Projecting Achillea.atrata_PA1_RUN3_FDA ...
[2026-07-20 00:04:23] 		Writing projection on hard drive...
[2026-07-20 00:04:23] 		 /work/data/output_disk_sp1_4cpu/Achillea.atrata/proj_gfdl.esm4_ssp370/individual_projections/proj_gfdl.esm4_ssp370_Achillea.atrata_PA1_RUN3_GLM.tif
[2026-07-20 00:04:32] 	> Projecting Achillea.atrata_PA1_RUN3_MAXNET ...
[2026-07-20 00:04:33] 		Writing projection on hard drive...
[2026-07-20 00:04:33] 		 /work/data/output_disk_sp1_4cpu/Achillea.atrata/proj_gfdl.esm4_ssp370/individual_projections/proj_gfdl.esm4_ssp370_Achillea.atrata_PA1_RUN3_GBM.tif
[2026-07-20 00:04:35] 	> Projecting Achillea.atrata_PA1_RUN4_GLM ...
[2026-07-20 00:04:35] 		Writing projection on hard drive...
[2026-07-20 00:04:35] 		 /work/data/output_disk_sp1_4cpu/Achillea.atrata/proj_gfdl.esm4_ssp370/individual_projections/proj_gfdl.esm4_ssp370_Achillea.atrata_PA1_RUN3_FDA.tif
[2026-07-20 00:05:10] 	> Projecting Achillea.atrata_PA1_RUN4_ANN ...
[2026-07-20 00:05:11] 		Writing projection on hard drive...
[2026-07-20 00:05:11] 		 /work/data/output_disk_sp1_4cpu/Achillea.atrata/proj_gfdl.esm4_ssp370/individual_projections/proj_gfdl.esm4_ssp370_Achillea.atrata_PA1_RUN3_MAXNET.tif
[2026-07-20 00:05:12] 	> Projecting Achillea.atrata_PA1_RUN4_FDA ...
[2026-07-20 00:05:13] 		Writing projection on hard drive...
[2026-07-20 00:05:13] 		 /work/data/output_disk_sp1_4cpu/Achillea.atrata/proj_gfdl.esm4_ssp370/individual_projections/proj_gfdl.esm4_ssp370_Achillea.atrata_PA1_RUN4_GLM.tif
[2026-07-20 00:05:42] 	> Projecting Achillea.atrata_PA1_RUN4_MAXNET ...
[2026-07-20 00:05:42] 		Writing projection on hard drive...
[2026-07-20 00:05:42] 		 /work/data/output_disk_sp1_4cpu/Achillea.atrata/proj_gfdl.esm4_ssp370/individual_projections/proj_gfdl.esm4_ssp370_Achillea.atrata_PA1_RUN4_ANN.tif
[2026-07-20 00:05:55] 	> Projecting Achillea.atrata_PA1_RUN5_GBM ...
[2026-07-20 00:05:56] 		Writing projection on hard drive...
[2026-07-20 00:05:56] 		 /work/data/output_disk_sp1_4cpu/Achillea.atrata/proj_gfdl.esm4_ssp370/individual_projections/proj_gfdl.esm4_ssp370_Achillea.atrata_PA1_RUN4_GBM.tif
[2026-07-20 00:06:00] 	> Projecting Achillea.atrata_PA1_RUN5_GLM ...
[2026-07-20 00:06:00] 		Writing projection on hard drive...
[2026-07-20 00:06:00] 		 /work/data/output_disk_sp1_4cpu/Achillea.atrata/proj_gfdl.esm4_ssp370/individual_projections/proj_gfdl.esm4_ssp370_Achillea.atrata_PA1_RUN4_FDA.tif
[2026-07-20 00:06:01] 	> Projecting Achillea.atrata_PA1_RUN5_ANN ...
[2026-07-20 00:06:02] 		Writing projection on hard drive...
[2026-07-20 00:06:02] 		 /work/data/output_disk_sp1_4cpu/Achillea.atrata/proj_gfdl.esm4_ssp370/individual_projections/proj_gfdl.esm4_ssp370_Achillea.atrata_PA1_RUN4_MAXNET.tif
[2026-07-20 00:06:31] 	> Projecting Achillea.atrata_PA1_RUN5_FDA ...
[2026-07-20 00:06:31] 		Writing projection on hard drive...
[2026-07-20 00:06:31] 		 /work/data/output_disk_sp1_4cpu/Achillea.atrata/proj_gfdl.esm4_ssp370/individual_projections/proj_gfdl.esm4_ssp370_Achillea.atrata_PA1_RUN5_GLM.tif
[2026-07-20 00:06:51] 	> Projecting Achillea.atrata_PA1_RUN5_MAXNET ...
[2026-07-20 00:06:52] 		Writing projection on hard drive...
[2026-07-20 00:06:52] 		 /work/data/output_disk_sp1_4cpu/Achillea.atrata/proj_gfdl.esm4_ssp370/individual_projections/proj_gfdl.esm4_ssp370_Achillea.atrata_PA1_RUN5_FDA.tif
[2026-07-20 00:06:55] 	> Projecting Achillea.atrata_PA2_RUN1_ANN ...
[2026-07-20 00:06:56] 		Writing projection on hard drive...
[2026-07-20 00:06:56] 		 /work/data/output_disk_sp1_4cpu/Achillea.atrata/proj_gfdl.esm4_ssp370/individual_projections/proj_gfdl.esm4_ssp370_Achillea.atrata_PA1_RUN5_ANN.tif
[2026-07-20 00:07:13] 	> Projecting Achillea.atrata_PA2_RUN1_GBM ...
[2026-07-20 00:07:13] 		Writing projection on hard drive...
[2026-07-20 00:07:13] 		 /work/data/output_disk_sp1_4cpu/Achillea.atrata/proj_gfdl.esm4_ssp370/individual_projections/proj_gfdl.esm4_ssp370_Achillea.atrata_PA1_RUN5_MAXNET.tif
[2026-07-20 00:07:49] 	> Projecting Achillea.atrata_PA2_RUN1_FDA ...
[2026-07-20 00:07:50] 		Writing projection on hard drive...
[2026-07-20 00:07:50] 		 /work/data/output_disk_sp1_4cpu/Achillea.atrata/proj_gfdl.esm4_ssp370/individual_projections/proj_gfdl.esm4_ssp370_Achillea.atrata_PA2_RUN1_ANN.tif
[2026-07-20 00:08:01] 	> Projecting Achillea.atrata_PA2_RUN2_GBM ...
[2026-07-20 00:08:02] 		Writing projection on hard drive...
[2026-07-20 00:08:02] 		 /work/data/output_disk_sp1_4cpu/Achillea.atrata/proj_gfdl.esm4_ssp370/individual_projections/proj_gfdl.esm4_ssp370_Achillea.atrata_PA2_RUN1_FDA.tif
[2026-07-20 00:08:55] 	> Projecting Achillea.atrata_PA2_RUN2_ANN ...
[2026-07-20 00:08:55] 		Writing projection on hard drive...
[2026-07-20 00:08:55] 		 /work/data/output_disk_sp1_4cpu/Achillea.atrata/proj_gfdl.esm4_ssp370/individual_projections/proj_gfdl.esm4_ssp370_Achillea.atrata_PA2_RUN2_ANN.tif
[2026-07-20 00:19:32] 	> Projecting Achillea.atrata_PA2_RUN3_GBM ...
[2026-07-20 00:19:32] 		Writing projection on hard drive...
[2026-07-20 00:19:32] 		 /work/data/output_disk_sp1_4cpu/Achillea.atrata/proj_gfdl.esm4_ssp370/individual_projections/proj_gfdl.esm4_ssp370_Achillea.atrata_PA1_RUN5_GBM.tif
[2026-07-20 00:20:08] 	> Projecting Achillea.atrata_PA2_RUN1_GLM ...
[2026-07-20 00:20:08] 		Writing projection on hard drive...
[2026-07-20 00:20:08] 		 /work/data/output_disk_sp1_4cpu/Achillea.atrata/proj_gfdl.esm4_ssp370/individual_projections/proj_gfdl.esm4_ssp370_Achillea.atrata_PA2_RUN1_GLM.tif
[2026-07-20 00:20:51] 	> Projecting Achillea.atrata_PA2_RUN1_MAXNET ...
[2026-07-20 00:20:52] 		Writing projection on hard drive...
[2026-07-20 00:20:52] 		 /work/data/output_disk_sp1_4cpu/Achillea.atrata/proj_gfdl.esm4_ssp370/individual_projections/proj_gfdl.esm4_ssp370_Achillea.atrata_PA2_RUN1_MAXNET.tif
[2026-07-20 00:21:13] 	> Projecting Achillea.atrata_PA2_RUN2_FDA ...
[2026-07-20 00:21:14] 		Writing projection on hard drive...
[2026-07-20 00:21:14] 		 /work/data/output_disk_sp1_4cpu/Achillea.atrata/proj_gfdl.esm4_ssp370/individual_projections/proj_gfdl.esm4_ssp370_Achillea.atrata_PA2_RUN1_GBM.tif
[2026-07-20 00:21:16] 	> Projecting Achillea.atrata_PA2_RUN2_GLM ...
[2026-07-20 00:21:17] 		Writing projection on hard drive...
[2026-07-20 00:21:17] 		 /work/data/output_disk_sp1_4cpu/Achillea.atrata/proj_gfdl.esm4_ssp370/individual_projections/proj_gfdl.esm4_ssp370_Achillea.atrata_PA2_RUN2_GBM.tif
[2026-07-20 00:21:39] 	> Projecting Achillea.atrata_PA2_RUN3_GLM ...
[2026-07-20 00:21:40] 		Writing projection on hard drive...
[2026-07-20 00:21:40] 		 /work/data/output_disk_sp1_4cpu/Achillea.atrata/proj_gfdl.esm4_ssp370/individual_projections/proj_gfdl.esm4_ssp370_Achillea.atrata_PA2_RUN2_FDA.tif
[2026-07-20 00:21:46] 	> Projecting Achillea.atrata_PA2_RUN3_ANN ...
[2026-07-20 00:21:47] 		Writing projection on hard drive...
[2026-07-20 00:21:47] 		 /work/data/output_disk_sp1_4cpu/Achillea.atrata/proj_gfdl.esm4_ssp370/individual_projections/proj_gfdl.esm4_ssp370_Achillea.atrata_PA2_RUN2_GLM.tif
[2026-07-20 00:21:55] 	> Projecting Achillea.atrata_PA2_RUN2_MAXNET ...
[2026-07-20 00:21:55] 		Writing projection on hard drive...
[2026-07-20 00:21:55] 		 /work/data/output_disk_sp1_4cpu/Achillea.atrata/proj_gfdl.esm4_ssp370/individual_projections/proj_gfdl.esm4_ssp370_Achillea.atrata_PA2_RUN3_GLM.tif
[2026-07-20 00:22:27] 	> Projecting Achillea.atrata_PA2_RUN3_MAXNET ...
[2026-07-20 00:22:28] 		Writing projection on hard drive...
[2026-07-20 00:22:28] 		 /work/data/output_disk_sp1_4cpu/Achillea.atrata/proj_gfdl.esm4_ssp370/individual_projections/proj_gfdl.esm4_ssp370_Achillea.atrata_PA2_RUN2_MAXNET.tif
[2026-07-20 00:22:31] 	> Projecting Achillea.atrata_PA2_RUN3_FDA ...
[2026-07-20 00:22:32] 		Writing projection on hard drive...
[2026-07-20 00:22:32] 		 /work/data/output_disk_sp1_4cpu/Achillea.atrata/proj_gfdl.esm4_ssp370/individual_projections/proj_gfdl.esm4_ssp370_Achillea.atrata_PA2_RUN3_ANN.tif
[2026-07-20 00:22:37] 	> Projecting Achillea.atrata_PA2_RUN4_GBM ...
[2026-07-20 00:22:37] 		Writing projection on hard drive...
[2026-07-20 00:22:37] 		 /work/data/output_disk_sp1_4cpu/Achillea.atrata/proj_gfdl.esm4_ssp370/individual_projections/proj_gfdl.esm4_ssp370_Achillea.atrata_PA2_RUN3_MAXNET.tif
[2026-07-20 00:22:42] 	> Projecting Achillea.atrata_PA2_RUN4_FDA ...
[2026-07-20 00:22:43] 		Writing projection on hard drive...
[2026-07-20 00:22:43] 		 /work/data/output_disk_sp1_4cpu/Achillea.atrata/proj_gfdl.esm4_ssp370/individual_projections/proj_gfdl.esm4_ssp370_Achillea.atrata_PA2_RUN3_GBM.tif
[2026-07-20 00:23:13] 	> Projecting Achillea.atrata_PA2_RUN4_GLM ...
[2026-07-20 00:23:14] 		Writing projection on hard drive...
[2026-07-20 00:23:14] 		 /work/data/output_disk_sp1_4cpu/Achillea.atrata/proj_gfdl.esm4_ssp370/individual_projections/proj_gfdl.esm4_ssp370_Achillea.atrata_PA2_RUN3_FDA.tif
[2026-07-20 00:23:21] 	> Projecting Achillea.atrata_PA2_RUN4_ANN ...
[2026-07-20 00:23:21] 		Writing projection on hard drive...
[2026-07-20 00:23:22] 		Writing projection on hard drive...
[2026-07-20 00:23:22] 		 /work/data/output_disk_sp1_4cpu/Achillea.atrata/proj_gfdl.esm4_ssp370/individual_projections/proj_gfdl.esm4_ssp370_Achillea.atrata_PA2_RUN4_FDA.tif
[2026-07-20 00:23:22] 	> Projecting Achillea.atrata_PA2_RUN5_ANN ...
[2026-07-20 00:23:22] 		 /work/data/output_disk_sp1_4cpu/Achillea.atrata/proj_gfdl.esm4_ssp370/individual_projections/proj_gfdl.esm4_ssp370_Achillea.atrata_PA2_RUN4_GLM.tif
[2026-07-20 00:24:03] 	> Projecting Achillea.atrata_PA2_RUN4_MAXNET ...
[2026-07-20 00:24:04] 		Writing projection on hard drive...
[2026-07-20 00:24:04] 		 /work/data/output_disk_sp1_4cpu/Achillea.atrata/proj_gfdl.esm4_ssp370/individual_projections/proj_gfdl.esm4_ssp370_Achillea.atrata_PA2_RUN4_ANN.tif
[2026-07-20 00:24:07] 	> Projecting Achillea.atrata_PA2_RUN5_GBM ...
[2026-07-20 00:24:08] 		Writing projection on hard drive...
[2026-07-20 00:24:08] 		 /work/data/output_disk_sp1_4cpu/Achillea.atrata/proj_gfdl.esm4_ssp370/individual_projections/proj_gfdl.esm4_ssp370_Achillea.atrata_PA2_RUN4_MAXNET.tif
[2026-07-20 00:24:10] 	> Projecting Achillea.atrata_PA2_RUN5_FDA ...
[2026-07-20 00:24:10] 		Writing projection on hard drive...
[2026-07-20 00:24:10] 		 /work/data/output_disk_sp1_4cpu/Achillea.atrata/proj_gfdl.esm4_ssp370/individual_projections/proj_gfdl.esm4_ssp370_Achillea.atrata_PA2_RUN5_ANN.tif
[2026-07-20 00:24:58] 	> Projecting Achillea.atrata_PA3_RUN1_GBM ...
[2026-07-20 00:24:58] 		Writing projection on hard drive...
[2026-07-20 00:24:58] 		 /work/data/output_disk_sp1_4cpu/Achillea.atrata/proj_gfdl.esm4_ssp370/individual_projections/proj_gfdl.esm4_ssp370_Achillea.atrata_PA2_RUN5_FDA.tif
[2026-07-20 00:25:56] 	> Projecting Achillea.atrata_PA3_RUN1_ANN ...
[2026-07-20 00:25:57] 		Writing projection on hard drive...
[2026-07-20 00:25:57] 		 /work/data/output_disk_sp1_4cpu/Achillea.atrata/proj_gfdl.esm4_ssp370/individual_projections/proj_gfdl.esm4_ssp370_Achillea.atrata_PA3_RUN1_ANN.tif
[2026-07-20 00:36:12] 	> Projecting Achillea.atrata_PA3_RUN2_GBM ...
[2026-07-20 00:36:13] 		Writing projection on hard drive...
[2026-07-20 00:36:13] 		 /work/data/output_disk_sp1_4cpu/Achillea.atrata/proj_gfdl.esm4_ssp370/individual_projections/proj_gfdl.esm4_ssp370_Achillea.atrata_PA2_RUN4_GBM.tif
[2026-07-20 00:36:45] 	> Projecting Achillea.atrata_PA2_RUN5_GLM ...
[2026-07-20 00:36:46] 		Writing projection on hard drive...
[2026-07-20 00:36:46] 		 /work/data/output_disk_sp1_4cpu/Achillea.atrata/proj_gfdl.esm4_ssp370/individual_projections/proj_gfdl.esm4_ssp370_Achillea.atrata_PA2_RUN5_GLM.tif
[2026-07-20 00:37:23] 	> Projecting Achillea.atrata_PA2_RUN5_MAXNET ...
[2026-07-20 00:37:23] 		Writing projection on hard drive...
[2026-07-20 00:37:23] 		 /work/data/output_disk_sp1_4cpu/Achillea.atrata/proj_gfdl.esm4_ssp370/individual_projections/proj_gfdl.esm4_ssp370_Achillea.atrata_PA2_RUN5_MAXNET.tif
[2026-07-20 00:38:03] 	> Projecting Achillea.atrata_PA3_RUN1_FDA ...
[2026-07-20 00:38:04] 		Writing projection on hard drive...
[2026-07-20 00:38:04] 		 /work/data/output_disk_sp1_4cpu/Achillea.atrata/proj_gfdl.esm4_ssp370/individual_projections/proj_gfdl.esm4_ssp370_Achillea.atrata_PA2_RUN5_GBM.tif
[2026-07-20 00:38:04] 	> Projecting Achillea.atrata_PA3_RUN1_GLM ...
[2026-07-20 00:38:05] 		Writing projection on hard drive...
[2026-07-20 00:38:05] 		 /work/data/output_disk_sp1_4cpu/Achillea.atrata/proj_gfdl.esm4_ssp370/individual_projections/proj_gfdl.esm4_ssp370_Achillea.atrata_PA3_RUN1_FDA.tif
[2026-07-20 00:38:08] 	> Projecting Achillea.atrata_PA3_RUN2_ANN ...
[2026-07-20 00:38:09] 		Writing projection on hard drive...
[2026-07-20 00:38:09] 		 /work/data/output_disk_sp1_4cpu/Achillea.atrata/proj_gfdl.esm4_ssp370/individual_projections/proj_gfdl.esm4_ssp370_Achillea.atrata_PA3_RUN1_GBM.tif
[2026-07-20 00:38:41] 	> Projecting Achillea.atrata_PA3_RUN2_GLM ...
[2026-07-20 00:38:42] 		Writing projection on hard drive...
[2026-07-20 00:38:42] 		 /work/data/output_disk_sp1_4cpu/Achillea.atrata/proj_gfdl.esm4_ssp370/individual_projections/proj_gfdl.esm4_ssp370_Achillea.atrata_PA3_RUN1_GLM.tif
[2026-07-20 00:38:42] 	> Projecting Achillea.atrata_PA3_RUN1_MAXNET ...
[2026-07-20 00:38:43] 		Writing projection on hard drive...
[2026-07-20 00:38:43] 		 /work/data/output_disk_sp1_4cpu/Achillea.atrata/proj_gfdl.esm4_ssp370/individual_projections/proj_gfdl.esm4_ssp370_Achillea.atrata_PA3_RUN2_GLM.tif
[2026-07-20 00:39:05] 	> Projecting Achillea.atrata_PA3_RUN2_MAXNET ...
[2026-07-20 00:39:06] 		Writing projection on hard drive...
[2026-07-20 00:39:06] 		 /work/data/output_disk_sp1_4cpu/Achillea.atrata/proj_gfdl.esm4_ssp370/individual_projections/proj_gfdl.esm4_ssp370_Achillea.atrata_PA3_RUN2_ANN.tif
[2026-07-20 00:39:22] 	> Projecting Achillea.atrata_PA3_RUN3_GBM ...
[2026-07-20 00:39:23] 		Writing projection on hard drive...
[2026-07-20 00:39:23] 		 /work/data/output_disk_sp1_4cpu/Achillea.atrata/proj_gfdl.esm4_ssp370/individual_projections/proj_gfdl.esm4_ssp370_Achillea.atrata_PA3_RUN1_MAXNET.tif
[2026-07-20 00:39:23] 	> Projecting Achillea.atrata_PA3_RUN2_FDA ...
[2026-07-20 00:39:23] 		Writing projection on hard drive...
[2026-07-20 00:39:23] 		 /work/data/output_disk_sp1_4cpu/Achillea.atrata/proj_gfdl.esm4_ssp370/individual_projections/proj_gfdl.esm4_ssp370_Achillea.atrata_PA3_RUN2_MAXNET.tif
[2026-07-20 00:40:02] 	> Projecting Achillea.atrata_PA3_RUN3_FDA ...
[2026-07-20 00:40:03] 		Writing projection on hard drive...
[2026-07-20 00:40:03] 		 /work/data/output_disk_sp1_4cpu/Achillea.atrata/proj_gfdl.esm4_ssp370/individual_projections/proj_gfdl.esm4_ssp370_Achillea.atrata_PA3_RUN2_FDA.tif
[2026-07-20 00:40:06] 	> Projecting Achillea.atrata_PA3_RUN3_ANN ...
[2026-07-20 00:40:06] 		Writing projection on hard drive...
[2026-07-20 00:40:06] 		 /work/data/output_disk_sp1_4cpu/Achillea.atrata/proj_gfdl.esm4_ssp370/individual_projections/proj_gfdl.esm4_ssp370_Achillea.atrata_PA3_RUN3_FDA.tif
[2026-07-20 00:40:15] 	> Projecting Achillea.atrata_PA3_RUN4_ANN ...
[2026-07-20 00:40:16] 		Writing projection on hard drive...
[2026-07-20 00:40:16] 		 /work/data/output_disk_sp1_4cpu/Achillea.atrata/proj_gfdl.esm4_ssp370/individual_projections/proj_gfdl.esm4_ssp370_Achillea.atrata_PA3_RUN2_GBM.tif
[2026-07-20 00:40:52] 	> Projecting Achillea.atrata_PA3_RUN3_GLM ...
[2026-07-20 00:40:53] 		Writing projection on hard drive...
[2026-07-20 00:40:53] 		 /work/data/output_disk_sp1_4cpu/Achillea.atrata/proj_gfdl.esm4_ssp370/individual_projections/proj_gfdl.esm4_ssp370_Achillea.atrata_PA3_RUN4_ANN.tif
[2026-07-20 00:40:53] 	> Projecting Achillea.atrata_PA3_RUN5_GBM ...
[2026-07-20 00:40:54] 		Writing projection on hard drive...
[2026-07-20 00:40:54] 		 /work/data/output_disk_sp1_4cpu/Achillea.atrata/proj_gfdl.esm4_ssp370/individual_projections/proj_gfdl.esm4_ssp370_Achillea.atrata_PA3_RUN3_GLM.tif
[2026-07-20 00:40:55] 	> Projecting Achillea.atrata_PA3_RUN3_MAXNET ...
[2026-07-20 00:40:56] 		Writing projection on hard drive...
[2026-07-20 00:40:56] 		 /work/data/output_disk_sp1_4cpu/Achillea.atrata/proj_gfdl.esm4_ssp370/individual_projections/proj_gfdl.esm4_ssp370_Achillea.atrata_PA3_RUN3_ANN.tif
[2026-07-20 00:41:36] 	> Projecting Achillea.atrata_PA3_RUN4_GBM ...
[2026-07-20 00:41:37] 		Writing projection on hard drive...
[2026-07-20 00:41:37] 		 /work/data/output_disk_sp1_4cpu/Achillea.atrata/proj_gfdl.esm4_ssp370/individual_projections/proj_gfdl.esm4_ssp370_Achillea.atrata_PA3_RUN3_MAXNET.tif
[2026-07-20 00:42:25] 	> Projecting Achillea.atrata_PA3_RUN4_FDA ...
[2026-07-20 00:42:25] 		Writing projection on hard drive...
[2026-07-20 00:42:25] 		 /work/data/output_disk_sp1_4cpu/Achillea.atrata/proj_gfdl.esm4_ssp370/individual_projections/proj_gfdl.esm4_ssp370_Achillea.atrata_PA3_RUN4_FDA.tif
[2026-07-20 00:43:14] 	> Projecting Achillea.atrata_PA3_RUN5_ANN ...
[2026-07-20 00:43:14] 		Writing projection on hard drive...
[2026-07-20 00:43:14] 		 /work/data/output_disk_sp1_4cpu/Achillea.atrata/proj_gfdl.esm4_ssp370/individual_projections/proj_gfdl.esm4_ssp370_Achillea.atrata_PA3_RUN5_ANN.tif
[2026-07-20 00:53:02] 	> Projecting Achillea.atrata_PA4_RUN1_GBM ...
[2026-07-20 00:53:03] 		Writing projection on hard drive...
[2026-07-20 00:53:03] 		 /work/data/output_disk_sp1_4cpu/Achillea.atrata/proj_gfdl.esm4_ssp370/individual_projections/proj_gfdl.esm4_ssp370_Achillea.atrata_PA3_RUN3_GBM.tif
[2026-07-20 00:53:31] 	> Projecting Achillea.atrata_PA3_RUN4_GLM ...
[2026-07-20 00:53:31] 		Writing projection on hard drive...
[2026-07-20 00:53:31] 		 /work/data/output_disk_sp1_4cpu/Achillea.atrata/proj_gfdl.esm4_ssp370/individual_projections/proj_gfdl.esm4_ssp370_Achillea.atrata_PA3_RUN4_GLM.tif
[2026-07-20 00:54:03] 	> Projecting Achillea.atrata_PA3_RUN4_MAXNET ...
[2026-07-20 00:54:04] 		Writing projection on hard drive...
[2026-07-20 00:54:04] 		 /work/data/output_disk_sp1_4cpu/Achillea.atrata/proj_gfdl.esm4_ssp370/individual_projections/proj_gfdl.esm4_ssp370_Achillea.atrata_PA3_RUN4_MAXNET.tif
[2026-07-20 00:54:37] 	> Projecting Achillea.atrata_PA3_RUN5_FDA ...
[2026-07-20 00:54:37] 		Writing projection on hard drive...
[2026-07-20 00:54:37] 		 /work/data/output_disk_sp1_4cpu/Achillea.atrata/proj_gfdl.esm4_ssp370/individual_projections/proj_gfdl.esm4_ssp370_Achillea.atrata_PA3_RUN5_GBM.tif
[2026-07-20 00:54:38] 	> Projecting Achillea.atrata_PA4_RUN1_GLM ...
[2026-07-20 00:54:39] 		Writing projection on hard drive...
[2026-07-20 00:54:39] 		 /work/data/output_disk_sp1_4cpu/Achillea.atrata/proj_gfdl.esm4_ssp370/individual_projections/proj_gfdl.esm4_ssp370_Achillea.atrata_PA3_RUN4_GBM.tif
[2026-07-20 00:54:51] 	> Projecting Achillea.atrata_PA3_RUN5_GLM ...
[2026-07-20 00:54:51] 		Writing projection on hard drive...
[2026-07-20 00:54:51] 		 /work/data/output_disk_sp1_4cpu/Achillea.atrata/proj_gfdl.esm4_ssp370/individual_projections/proj_gfdl.esm4_ssp370_Achillea.atrata_PA3_RUN5_FDA.tif
[2026-07-20 00:55:05] 	> Projecting Achillea.atrata_PA4_RUN1_ANN ...
[2026-07-20 00:55:05] 		Writing projection on hard drive...
[2026-07-20 00:55:05] 		 /work/data/output_disk_sp1_4cpu/Achillea.atrata/proj_gfdl.esm4_ssp370/individual_projections/proj_gfdl.esm4_ssp370_Achillea.atrata_PA4_RUN1_GLM.tif
[2026-07-20 00:55:15] 	> Projecting Achillea.atrata_PA4_RUN1_MAXNET ...
[2026-07-20 00:55:15] 		Writing projection on hard drive...
[2026-07-20 00:55:15] 		 /work/data/output_disk_sp1_4cpu/Achillea.atrata/proj_gfdl.esm4_ssp370/individual_projections/proj_gfdl.esm4_ssp370_Achillea.atrata_PA3_RUN5_GLM.tif
[2026-07-20 00:55:41] 	> Projecting Achillea.atrata_PA3_RUN5_MAXNET ...
[2026-07-20 00:55:41] 		Writing projection on hard drive...
[2026-07-20 00:55:41] 		 /work/data/output_disk_sp1_4cpu/Achillea.atrata/proj_gfdl.esm4_ssp370/individual_projections/proj_gfdl.esm4_ssp370_Achillea.atrata_PA4_RUN1_MAXNET.tif
[2026-07-20 00:55:54] 	> Projecting Achillea.atrata_PA4_RUN2_FDA ...
[2026-07-20 00:55:54] 		Writing projection on hard drive...
[2026-07-20 00:55:54] 		 /work/data/output_disk_sp1_4cpu/Achillea.atrata/proj_gfdl.esm4_ssp370/individual_projections/proj_gfdl.esm4_ssp370_Achillea.atrata_PA4_RUN1_ANN.tif
[2026-07-20 00:56:00] 	> Projecting Achillea.atrata_PA4_RUN2_GBM ...
[2026-07-20 00:56:01] 		Writing projection on hard drive...
[2026-07-20 00:56:01] 		 /work/data/output_disk_sp1_4cpu/Achillea.atrata/proj_gfdl.esm4_ssp370/individual_projections/proj_gfdl.esm4_ssp370_Achillea.atrata_PA3_RUN5_MAXNET.tif
[2026-07-20 00:56:24] 	> Projecting Achillea.atrata_PA4_RUN1_FDA ...
[2026-07-20 00:56:24] 		Writing projection on hard drive...
[2026-07-20 00:56:24] 		 /work/data/output_disk_sp1_4cpu/Achillea.atrata/proj_gfdl.esm4_ssp370/individual_projections/proj_gfdl.esm4_ssp370_Achillea.atrata_PA4_RUN2_FDA.tif
[2026-07-20 00:56:52] 	> Projecting Achillea.atrata_PA4_RUN3_ANN ...
[2026-07-20 00:56:52] 		Writing projection on hard drive...
[2026-07-20 00:56:52] 		 /work/data/output_disk_sp1_4cpu/Achillea.atrata/proj_gfdl.esm4_ssp370/individual_projections/proj_gfdl.esm4_ssp370_Achillea.atrata_PA4_RUN1_FDA.tif
[2026-07-20 00:57:11] 	> Projecting Achillea.atrata_PA4_RUN2_ANN ...
[2026-07-20 00:57:11] 		Writing projection on hard drive...
[2026-07-20 00:57:11] 		 /work/data/output_disk_sp1_4cpu/Achillea.atrata/proj_gfdl.esm4_ssp370/individual_projections/proj_gfdl.esm4_ssp370_Achillea.atrata_PA4_RUN3_ANN.tif
[2026-07-20 00:57:20] 	> Projecting Achillea.atrata_PA4_RUN4_GBM ...
[2026-07-20 00:57:21] 		Writing projection on hard drive...
[2026-07-20 00:57:21] 		 /work/data/output_disk_sp1_4cpu/Achillea.atrata/proj_gfdl.esm4_ssp370/individual_projections/proj_gfdl.esm4_ssp370_Achillea.atrata_PA4_RUN1_GBM.tif
[2026-07-20 00:57:53] 	> Projecting Achillea.atrata_PA4_RUN2_GLM ...
[2026-07-20 00:57:53] 		Writing projection on hard drive...
[2026-07-20 00:57:53] 		 /work/data/output_disk_sp1_4cpu/Achillea.atrata/proj_gfdl.esm4_ssp370/individual_projections/proj_gfdl.esm4_ssp370_Achillea.atrata_PA4_RUN2_ANN.tif
[2026-07-20 00:57:54] 	> Projecting Achillea.atrata_PA4_RUN3_GBM ...
[2026-07-20 00:57:55] 		Writing projection on hard drive...
[2026-07-20 00:57:55] 		 /work/data/output_disk_sp1_4cpu/Achillea.atrata/proj_gfdl.esm4_ssp370/individual_projections/proj_gfdl.esm4_ssp370_Achillea.atrata_PA4_RUN2_GLM.tif
[2026-07-20 00:58:38] 	> Projecting Achillea.atrata_PA4_RUN2_MAXNET ...
[2026-07-20 00:58:39] 		Writing projection on hard drive...
[2026-07-20 00:58:39] 		 /work/data/output_disk_sp1_4cpu/Achillea.atrata/proj_gfdl.esm4_ssp370/individual_projections/proj_gfdl.esm4_ssp370_Achillea.atrata_PA4_RUN2_MAXNET.tif
[2026-07-20 00:59:25] 	> Projecting Achillea.atrata_PA4_RUN3_FDA ...
[2026-07-20 00:59:26] 		Writing projection on hard drive...
[2026-07-20 00:59:26] 		 /work/data/output_disk_sp1_4cpu/Achillea.atrata/proj_gfdl.esm4_ssp370/individual_projections/proj_gfdl.esm4_ssp370_Achillea.atrata_PA4_RUN3_FDA.tif
[2026-07-20 01:00:22] 	> Projecting Achillea.atrata_PA4_RUN4_ANN ...
[2026-07-20 01:00:23] 		Writing projection on hard drive...
[2026-07-20 01:00:23] 		 /work/data/output_disk_sp1_4cpu/Achillea.atrata/proj_gfdl.esm4_ssp370/individual_projections/proj_gfdl.esm4_ssp370_Achillea.atrata_PA4_RUN4_ANN.tif
[2026-07-20 01:09:38] 	> Projecting Achillea.atrata_PA4_RUN5_GBM ...
[2026-07-20 01:09:39] 		Writing projection on hard drive...
[2026-07-20 01:09:39] 		 /work/data/output_disk_sp1_4cpu/Achillea.atrata/proj_gfdl.esm4_ssp370/individual_projections/proj_gfdl.esm4_ssp370_Achillea.atrata_PA4_RUN2_GBM.tif
[2026-07-20 01:10:18] 	> Projecting Achillea.atrata_PA4_RUN3_GLM ...
[2026-07-20 01:10:19] 		Writing projection on hard drive...
[2026-07-20 01:10:19] 		 /work/data/output_disk_sp1_4cpu/Achillea.atrata/proj_gfdl.esm4_ssp370/individual_projections/proj_gfdl.esm4_ssp370_Achillea.atrata_PA4_RUN3_GLM.tif
[2026-07-20 01:10:53] 	> Projecting Achillea.atrata_PA4_RUN3_MAXNET ...
[2026-07-20 01:10:54] 		Writing projection on hard drive...
[2026-07-20 01:10:54] 		 /work/data/output_disk_sp1_4cpu/Achillea.atrata/proj_gfdl.esm4_ssp370/individual_projections/proj_gfdl.esm4_ssp370_Achillea.atrata_PA4_RUN3_MAXNET.tif
[2026-07-20 01:11:11] 	> Projecting Achillea.atrata_PA4_RUN4_FDA ...
[2026-07-20 01:11:11] 		Writing projection on hard drive...
[2026-07-20 01:11:11] 		 /work/data/output_disk_sp1_4cpu/Achillea.atrata/proj_gfdl.esm4_ssp370/individual_projections/proj_gfdl.esm4_ssp370_Achillea.atrata_PA4_RUN4_GBM.tif
[2026-07-20 01:11:36] 	> Projecting Achillea.atrata_PA4_RUN5_GLM ...
[2026-07-20 01:11:37] 		Writing projection on hard drive...
[2026-07-20 01:11:37] 		 /work/data/output_disk_sp1_4cpu/Achillea.atrata/proj_gfdl.esm4_ssp370/individual_projections/proj_gfdl.esm4_ssp370_Achillea.atrata_PA4_RUN4_FDA.tif
[2026-07-20 01:11:43] 	> Projecting Achillea.atrata_PA4_RUN5_ANN ...
[2026-07-20 01:11:44] 		Writing projection on hard drive...
[2026-07-20 01:11:44] 		 /work/data/output_disk_sp1_4cpu/Achillea.atrata/proj_gfdl.esm4_ssp370/individual_projections/proj_gfdl.esm4_ssp370_Achillea.atrata_PA4_RUN5_GLM.tif
[2026-07-20 01:12:02] 	> Projecting Achillea.atrata_PA4_RUN5_MAXNET ...
[2026-07-20 01:12:03] 		Writing projection on hard drive...
[2026-07-20 01:12:03] 		 /work/data/output_disk_sp1_4cpu/Achillea.atrata/proj_gfdl.esm4_ssp370/individual_projections/proj_gfdl.esm4_ssp370_Achillea.atrata_PA4_RUN3_GBM.tif
[2026-07-20 01:12:20] 	> Projecting Achillea.atrata_PA4_RUN4_GLM ...
[2026-07-20 01:12:21] 		Writing projection on hard drive...
[2026-07-20 01:12:21] 		 /work/data/output_disk_sp1_4cpu/Achillea.atrata/proj_gfdl.esm4_ssp370/individual_projections/proj_gfdl.esm4_ssp370_Achillea.atrata_PA4_RUN5_MAXNET.tif
[2026-07-20 01:12:25] 	> Projecting Achillea.atrata_PA5_RUN1_FDA ...
[2026-07-20 01:12:25] 		Writing projection on hard drive...
[2026-07-20 01:12:25] 		 /work/data/output_disk_sp1_4cpu/Achillea.atrata/proj_gfdl.esm4_ssp370/individual_projections/proj_gfdl.esm4_ssp370_Achillea.atrata_PA4_RUN5_ANN.tif
[2026-07-20 01:12:38] 	> Projecting Achillea.atrata_PA5_RUN1_GBM ...
[2026-07-20 01:12:39] 		Writing projection on hard drive...
[2026-07-20 01:12:39] 		 /work/data/output_disk_sp1_4cpu/Achillea.atrata/proj_gfdl.esm4_ssp370/individual_projections/proj_gfdl.esm4_ssp370_Achillea.atrata_PA4_RUN4_GLM.tif
[2026-07-20 01:13:05] 	> Projecting Achillea.atrata_PA4_RUN4_MAXNET ...
[2026-07-20 01:13:05] 		Writing projection on hard drive...
[2026-07-20 01:13:05] 		 /work/data/output_disk_sp1_4cpu/Achillea.atrata/proj_gfdl.esm4_ssp370/individual_projections/proj_gfdl.esm4_ssp370_Achillea.atrata_PA5_RUN1_FDA.tif
[2026-07-20 01:13:18] 	> Projecting Achillea.atrata_PA5_RUN2_ANN ...
[2026-07-20 01:13:19] 		Writing projection on hard drive...
[2026-07-20 01:13:19] 		 /work/data/output_disk_sp1_4cpu/Achillea.atrata/proj_gfdl.esm4_ssp370/individual_projections/proj_gfdl.esm4_ssp370_Achillea.atrata_PA4_RUN4_MAXNET.tif
[2026-07-20 01:14:00] 	> Projecting Achillea.atrata_PA4_RUN5_FDA ...
[2026-07-20 01:14:01] 		Writing projection on hard drive...
[2026-07-20 01:14:01] 		 /work/data/output_disk_sp1_4cpu/Achillea.atrata/proj_gfdl.esm4_ssp370/individual_projections/proj_gfdl.esm4_ssp370_Achillea.atrata_PA5_RUN2_ANN.tif
[2026-07-20 01:14:07] 	> Projecting Achillea.atrata_PA5_RUN3_GBM ...
[2026-07-20 01:14:08] 		Writing projection on hard drive...
[2026-07-20 01:14:08] 		 /work/data/output_disk_sp1_4cpu/Achillea.atrata/proj_gfdl.esm4_ssp370/individual_projections/proj_gfdl.esm4_ssp370_Achillea.atrata_PA4_RUN5_FDA.tif
[2026-07-20 01:14:30] 	> Projecting Achillea.atrata_PA5_RUN1_ANN ...
[2026-07-20 01:14:30] 		Writing projection on hard drive...
[2026-07-20 01:14:30] 		 /work/data/output_disk_sp1_4cpu/Achillea.atrata/proj_gfdl.esm4_ssp370/individual_projections/proj_gfdl.esm4_ssp370_Achillea.atrata_PA4_RUN5_GBM.tif
[2026-07-20 01:15:03] 	> Projecting Achillea.atrata_PA5_RUN1_GLM ...
[2026-07-20 01:15:04] 		Writing projection on hard drive...
[2026-07-20 01:15:04] 		 /work/data/output_disk_sp1_4cpu/Achillea.atrata/proj_gfdl.esm4_ssp370/individual_projections/proj_gfdl.esm4_ssp370_Achillea.atrata_PA5_RUN1_GLM.tif
[2026-07-20 01:15:15] 	> Projecting Achillea.atrata_PA5_RUN1_MAXNET ...
[2026-07-20 01:15:16] 		Writing projection on hard drive...
[2026-07-20 01:15:16] 		 /work/data/output_disk_sp1_4cpu/Achillea.atrata/proj_gfdl.esm4_ssp370/individual_projections/proj_gfdl.esm4_ssp370_Achillea.atrata_PA5_RUN1_ANN.tif
[2026-07-20 01:15:50] 	> Projecting Achillea.atrata_PA5_RUN2_GBM ...
[2026-07-20 01:15:51] 		Writing projection on hard drive...
[2026-07-20 01:15:51] 		 /work/data/output_disk_sp1_4cpu/Achillea.atrata/proj_gfdl.esm4_ssp370/individual_projections/proj_gfdl.esm4_ssp370_Achillea.atrata_PA5_RUN1_MAXNET.tif
[2026-07-20 01:16:38] 	> Projecting Achillea.atrata_PA5_RUN2_FDA ...
[2026-07-20 01:16:38] 		Writing projection on hard drive...
[2026-07-20 01:16:38] 		 /work/data/output_disk_sp1_4cpu/Achillea.atrata/proj_gfdl.esm4_ssp370/individual_projections/proj_gfdl.esm4_ssp370_Achillea.atrata_PA5_RUN2_FDA.tif
[2026-07-20 01:17:29] 	> Projecting Achillea.atrata_PA5_RUN3_ANN ...
[2026-07-20 01:17:30] 		Writing projection on hard drive...
[2026-07-20 01:17:30] 		 /work/data/output_disk_sp1_4cpu/Achillea.atrata/proj_gfdl.esm4_ssp370/individual_projections/proj_gfdl.esm4_ssp370_Achillea.atrata_PA5_RUN3_ANN.tif
[2026-07-20 01:26:10] 	> Projecting Achillea.atrata_PA5_RUN4_GBM ...
[2026-07-20 01:26:10] 		Writing projection on hard drive...
[2026-07-20 01:26:10] 		 /work/data/output_disk_sp1_4cpu/Achillea.atrata/proj_gfdl.esm4_ssp370/individual_projections/proj_gfdl.esm4_ssp370_Achillea.atrata_PA5_RUN1_GBM.tif
[2026-07-20 01:26:37] 	> Projecting Achillea.atrata_PA5_RUN2_GLM ...
[2026-07-20 01:26:38] 		Writing projection on hard drive...
[2026-07-20 01:26:38] 		 /work/data/output_disk_sp1_4cpu/Achillea.atrata/proj_gfdl.esm4_ssp370/individual_projections/proj_gfdl.esm4_ssp370_Achillea.atrata_PA5_RUN2_GLM.tif
[2026-07-20 01:27:14] 	> Projecting Achillea.atrata_PA5_RUN2_MAXNET ...
[2026-07-20 01:27:15] 		Writing projection on hard drive...
[2026-07-20 01:27:15] 		 /work/data/output_disk_sp1_4cpu/Achillea.atrata/proj_gfdl.esm4_ssp370/individual_projections/proj_gfdl.esm4_ssp370_Achillea.atrata_PA5_RUN2_MAXNET.tif
[2026-07-20 01:27:45] 	> Projecting Achillea.atrata_PA5_RUN3_FDA ...
[2026-07-20 01:27:46] 		Writing projection on hard drive...
[2026-07-20 01:27:46] 		 /work/data/output_disk_sp1_4cpu/Achillea.atrata/proj_gfdl.esm4_ssp370/individual_projections/proj_gfdl.esm4_ssp370_Achillea.atrata_PA5_RUN3_GBM.tif
[2026-07-20 01:27:59] 	> Projecting Achillea.atrata_PA5_RUN4_GLM ...
[2026-07-20 01:27:59] 		Writing projection on hard drive...
[2026-07-20 01:27:59] 		 /work/data/output_disk_sp1_4cpu/Achillea.atrata/proj_gfdl.esm4_ssp370/individual_projections/proj_gfdl.esm4_ssp370_Achillea.atrata_PA5_RUN3_FDA.tif
[2026-07-20 01:28:11] 	> Projecting Achillea.atrata_PA5_RUN4_ANN ...
[2026-07-20 01:28:12] 		Writing projection on hard drive...
[2026-07-20 01:28:12] 		 /work/data/output_disk_sp1_4cpu/Achillea.atrata/proj_gfdl.esm4_ssp370/individual_projections/proj_gfdl.esm4_ssp370_Achillea.atrata_PA5_RUN4_GLM.tif
[2026-07-20 01:28:45] 	> Projecting Achillea.atrata_PA5_RUN4_MAXNET ...
[2026-07-20 01:28:46] 		Writing projection on hard drive...
[2026-07-20 01:28:46] 		 /work/data/output_disk_sp1_4cpu/Achillea.atrata/proj_gfdl.esm4_ssp370/individual_projections/proj_gfdl.esm4_ssp370_Achillea.atrata_PA5_RUN4_ANN.tif
[2026-07-20 01:28:51] 	> Projecting Achillea.atrata_PA5_RUN5_GBM ...
[2026-07-20 01:28:51] 		Writing projection on hard drive...
[2026-07-20 01:28:51] 		 /work/data/output_disk_sp1_4cpu/Achillea.atrata/proj_gfdl.esm4_ssp370/individual_projections/proj_gfdl.esm4_ssp370_Achillea.atrata_PA5_RUN4_MAXNET.tif
[2026-07-20 01:28:52] 	> Projecting Achillea.atrata_PA5_RUN5_FDA ...
[2026-07-20 01:28:53] 		Writing projection on hard drive...
[2026-07-20 01:28:53] 		 /work/data/output_disk_sp1_4cpu/Achillea.atrata/proj_gfdl.esm4_ssp370/individual_projections/proj_gfdl.esm4_ssp370_Achillea.atrata_PA5_RUN2_GBM.tif
[2026-07-20 01:29:32] 	> Projecting Achillea.atrata_PA5_RUN3_GLM ...
[2026-07-20 01:29:33] 		Writing projection on hard drive...
[2026-07-20 01:29:33] 		 /work/data/output_disk_sp1_4cpu/Achillea.atrata/proj_gfdl.esm4_ssp370/individual_projections/proj_gfdl.esm4_ssp370_Achillea.atrata_PA5_RUN3_GLM.tif
[2026-07-20 01:29:34] 	> Projecting Achillea.atrata_PA5_RUN3_MAXNET ...
[2026-07-20 01:29:35] 		Writing projection on hard drive...
[2026-07-20 01:30:14] 		 /work/data/output_disk_sp1_4cpu/Achillea.atrata/proj_gfdl.esm4_ssp370/individual_projections/proj_gfdl.esm4_ssp370_Achillea.atrata_PA5_RUN5_FDA.tif
[2026-07-20 01:30:15] 		Writing projection on hard drive...
[2026-07-20 01:30:15] 		 /work/data/output_disk_sp1_4cpu/Achillea.atrata/proj_gfdl.esm4_ssp370/individual_projections/proj_gfdl.esm4_ssp370_Achillea.atrata_PA5_RUN3_MAXNET.tif
[2026-07-20 01:30:57] 	> Projecting Achillea.atrata_PA5_RUN4_FDA ...
[2026-07-20 01:30:58] 		Writing projection on hard drive...
[2026-07-20 01:30:58] 		 /work/data/output_disk_sp1_4cpu/Achillea.atrata/proj_gfdl.esm4_ssp370/individual_projections/proj_gfdl.esm4_ssp370_Achillea.atrata_PA5_RUN4_FDA.tif
[2026-07-20 01:31:30] 	> Projecting Achillea.atrata_PA5_RUN5_ANN ...
[2026-07-20 01:31:31] 		Writing projection on hard drive...
[2026-07-20 01:31:31] 		 /work/data/output_disk_sp1_4cpu/Achillea.atrata/proj_gfdl.esm4_ssp370/individual_projections/proj_gfdl.esm4_ssp370_Achillea.atrata_PA5_RUN4_GBM.tif
[2026-07-20 01:31:52] 	> Projecting Achillea.atrata_PA5_RUN5_GLM ...
[2026-07-20 01:31:52] 		Writing projection on hard drive...
[2026-07-20 01:32:04] 		 /work/data/output_disk_sp1_4cpu/Achillea.atrata/proj_gfdl.esm4_ssp370/individual_projections/proj_gfdl.esm4_ssp370_Achillea.atrata_PA5_RUN5_ANN.tif
[2026-07-20 01:32:05] 		Writing projection on hard drive...
[2026-07-20 01:32:05] 		 /work/data/output_disk_sp1_4cpu/Achillea.atrata/proj_gfdl.esm4_ssp370/individual_projections/proj_gfdl.esm4_ssp370_Achillea.atrata_PA5_RUN5_GLM.tif
[2026-07-20 01:32:45] 	> Projecting Achillea.atrata_PA5_RUN5_MAXNET ...
[2026-07-20 01:32:46] 		Writing projection on hard drive...
[2026-07-20 01:42:50] 		 /work/data/output_disk_sp1_4cpu/Achillea.atrata/proj_gfdl.esm4_ssp370/individual_projections/proj_gfdl.esm4_ssp370_Achillea.atrata_PA5_RUN5_MAXNET.tif
[2026-07-20 01:42:51] 		Writing projection on hard drive...
[2026-07-20 01:42:51] 		 /work/data/output_disk_sp1_4cpu/Achillea.atrata/proj_gfdl.esm4_ssp370/individual_projections/proj_gfdl.esm4_ssp370_Achillea.atrata_PA5_RUN5_GBM.tif
[2026-07-20 01:42:51] -=-=-=-=-=-=-=-=-=-=-=-=-=-=-=-=-=-= Done -=-=-=-=-=-=-=-=-=-=-=-=-=-=-=-=-=-=
[2026-07-20 01:42:51] 
[2026-07-20 01:42:51] -=-=-=-=-=-=-=-=-=-=-=-= Do Ensemble Models Projection -=-=-=-=-=-=-=-=-=-=-=-=
[2026-07-20 01:42:51] 
[2026-07-20 01:42:51] Creating suitable Workdir...
[2026-07-20 01:42:52] 
[2026-07-20 01:42:52] 	> Projecting Achillea.atrata_EMmeanByAUCroc_mergedData_mergedRun_mergedAlgo ...
[2026-07-20 01:58:31] 	> Projecting Achillea.atrata_EMcvByAUCroc_mergedData_mergedRun_mergedAlgo ...|---------|---------|---------|---------||---------|---------|---------|---------|=======================================================                                          
[2026-07-20 02:07:17] 		Writing projection on hard drive...===========================                                          
[2026-07-20 02:07:19] 		Writing projection on hard drive...
[2026-07-20 02:07:19] 
[2026-07-20 02:07:19] ! Binary/Filtered transformation automatically desactivated for ensemble models with coefficient of variation or confidence intervals
[2026-07-20 02:07:24] 	> Building TSS binaries / filtered
[2026-07-20 02:07:29] 	> Building AUCroc binaries / filtered
[2026-07-20 02:07:34] 	> Building KAPPA binaries / filtered
[2026-07-20 02:07:34] 
[2026-07-20 02:07:34] -=-=-=-=-=-=-=-=-=-=-=-=-=-=-=-=-=-= Done -=-=-=-=-=-=-=-=-=-=-=-=-=-=-=-=-=-=
[2026-07-20 02:07:35] 
[2026-07-20 02:07:35] 
[2026-07-20 02:07:35] DEBUG: Processing future scenario 2 of 8 : /work/data/input/climate_vars/future/gfdl.esm4/ssp585 
[2026-07-20 02:07:35] DEBUG: Raster loaded, ncell = 63951097 , hasValues = TRUE 
[2026-07-20 02:07:35] 
[2026-07-20 02:07:35] -=-=-=-=-=-=-=-=-=-=-=-=-= Do Single Models Projection -=-=-=-=-=-=-=-=-=-=-=-=-=
[2026-07-20 02:07:58] 
[2026-07-20 02:07:58] 		! 'overwrite' arg is set as FALSE. Projections that have already been saved will not be redone. 
[2026-07-20 02:07:58]         Please be carfeul if you have changed the models in the meantime. 
[2026-07-20 02:07:58] 	> Building clamping mask
[2026-07-20 02:09:01] 
[2026-07-20 02:09:01] 	> Projecting Achillea.atrata_PA1_RUN1_GLM ...
[2026-07-20 02:09:01] 	> Projecting Achillea.atrata_PA1_RUN1_GBM ...
[2026-07-20 02:09:01] 	> Projecting Achillea.atrata_PA1_RUN1_ANN ...
[2026-07-20 02:09:43] 	> Projecting Achillea.atrata_PA1_RUN1_FDA ...
[2026-07-20 02:09:44] 		Writing projection on hard drive...
[2026-07-20 02:09:44] 		 /work/data/output_disk_sp1_4cpu/Achillea.atrata/proj_gfdl.esm4_ssp585/individual_projections/proj_gfdl.esm4_ssp585_Achillea.atrata_PA1_RUN1_GLM.tif
[2026-07-20 02:10:02] 	> Projecting Achillea.atrata_PA1_RUN1_MAXNET ...
[2026-07-20 02:10:03] 		Writing projection on hard drive...
[2026-07-20 02:10:03] 		 /work/data/output_disk_sp1_4cpu/Achillea.atrata/proj_gfdl.esm4_ssp585/individual_projections/proj_gfdl.esm4_ssp585_Achillea.atrata_PA1_RUN1_FDA.tif
[2026-07-20 02:10:12] 	> Projecting Achillea.atrata_PA1_RUN2_ANN ...
[2026-07-20 02:10:13] 		Writing projection on hard drive...
[2026-07-20 02:10:13] 		 /work/data/output_disk_sp1_4cpu/Achillea.atrata/proj_gfdl.esm4_ssp585/individual_projections/proj_gfdl.esm4_ssp585_Achillea.atrata_PA1_RUN1_ANN.tif
[2026-07-20 02:10:30] 	> Projecting Achillea.atrata_PA1_RUN2_GBM ...
[2026-07-20 02:10:31] 		Writing projection on hard drive...
[2026-07-20 02:10:31] 		 /work/data/output_disk_sp1_4cpu/Achillea.atrata/proj_gfdl.esm4_ssp585/individual_projections/proj_gfdl.esm4_ssp585_Achillea.atrata_PA1_RUN1_MAXNET.tif
[2026-07-20 02:11:13] 	> Projecting Achillea.atrata_PA1_RUN2_FDA ...
[2026-07-20 02:11:13] 		Writing projection on hard drive...
[2026-07-20 02:11:13] 		 /work/data/output_disk_sp1_4cpu/Achillea.atrata/proj_gfdl.esm4_ssp585/individual_projections/proj_gfdl.esm4_ssp585_Achillea.atrata_PA1_RUN2_ANN.tif
[2026-07-20 02:11:15] 	> Projecting Achillea.atrata_PA1_RUN3_GBM ...
[2026-07-20 02:11:16] 		Writing projection on hard drive...
[2026-07-20 02:11:16] 		 /work/data/output_disk_sp1_4cpu/Achillea.atrata/proj_gfdl.esm4_ssp585/individual_projections/proj_gfdl.esm4_ssp585_Achillea.atrata_PA1_RUN2_FDA.tif
[2026-07-20 02:12:19] 	> Projecting Achillea.atrata_PA1_RUN3_ANN ...
[2026-07-20 02:12:20] 		Writing projection on hard drive...
[2026-07-20 02:12:20] 		 /work/data/output_disk_sp1_4cpu/Achillea.atrata/proj_gfdl.esm4_ssp585/individual_projections/proj_gfdl.esm4_ssp585_Achillea.atrata_PA1_RUN3_ANN.tif
[2026-07-20 02:22:59] 	> Projecting Achillea.atrata_PA1_RUN4_GBM ...
[2026-07-20 02:23:00] 		Writing projection on hard drive...
[2026-07-20 02:23:00] 		 /work/data/output_disk_sp1_4cpu/Achillea.atrata/proj_gfdl.esm4_ssp585/individual_projections/proj_gfdl.esm4_ssp585_Achillea.atrata_PA1_RUN1_GBM.tif
[2026-07-20 02:23:40] 	> Projecting Achillea.atrata_PA1_RUN2_GLM ...
[2026-07-20 02:23:41] 		Writing projection on hard drive...
[2026-07-20 02:23:41] 		 /work/data/output_disk_sp1_4cpu/Achillea.atrata/proj_gfdl.esm4_ssp585/individual_projections/proj_gfdl.esm4_ssp585_Achillea.atrata_PA1_RUN2_GLM.tif
[2026-07-20 02:24:07] 	> Projecting Achillea.atrata_PA1_RUN2_MAXNET ...
[2026-07-20 02:24:08] 		Writing projection on hard drive...
[2026-07-20 02:24:08] 		 /work/data/output_disk_sp1_4cpu/Achillea.atrata/proj_gfdl.esm4_ssp585/individual_projections/proj_gfdl.esm4_ssp585_Achillea.atrata_PA1_RUN2_GBM.tif
[2026-07-20 02:24:25] 	> Projecting Achillea.atrata_PA1_RUN3_GLM ...
[2026-07-20 02:24:26] 		Writing projection on hard drive...
[2026-07-20 02:24:26] 		 /work/data/output_disk_sp1_4cpu/Achillea.atrata/proj_gfdl.esm4_ssp585/individual_projections/proj_gfdl.esm4_ssp585_Achillea.atrata_PA1_RUN2_MAXNET.tif
[2026-07-20 02:24:46] 	> Projecting Achillea.atrata_PA1_RUN3_FDA ...
[2026-07-20 02:24:47] 		Writing projection on hard drive...
[2026-07-20 02:24:47] 		 /work/data/output_disk_sp1_4cpu/Achillea.atrata/proj_gfdl.esm4_ssp585/individual_projections/proj_gfdl.esm4_ssp585_Achillea.atrata_PA1_RUN3_GLM.tif
[2026-07-20 02:25:09] 	> Projecting Achillea.atrata_PA1_RUN3_MAXNET ...
[2026-07-20 02:25:10] 		Writing projection on hard drive...
[2026-07-20 02:25:10] 		 /work/data/output_disk_sp1_4cpu/Achillea.atrata/proj_gfdl.esm4_ssp585/individual_projections/proj_gfdl.esm4_ssp585_Achillea.atrata_PA1_RUN3_FDA.tif
[2026-07-20 02:25:14] 	> Projecting Achillea.atrata_PA1_RUN4_ANN ...
[2026-07-20 02:25:15] 		Writing projection on hard drive...
[2026-07-20 02:25:15] 		 /work/data/output_disk_sp1_4cpu/Achillea.atrata/proj_gfdl.esm4_ssp585/individual_projections/proj_gfdl.esm4_ssp585_Achillea.atrata_PA1_RUN3_GBM.tif
[2026-07-20 02:25:32] 	> Projecting Achillea.atrata_PA1_RUN4_GLM ...
[2026-07-20 02:25:33] 		Writing projection on hard drive...
[2026-07-20 02:25:33] 		 /work/data/output_disk_sp1_4cpu/Achillea.atrata/proj_gfdl.esm4_ssp585/individual_projections/proj_gfdl.esm4_ssp585_Achillea.atrata_PA1_RUN3_MAXNET.tif
[2026-07-20 02:25:55] 	> Projecting Achillea.atrata_PA1_RUN4_FDA ...
[2026-07-20 02:25:56] 		Writing projection on hard drive...
[2026-07-20 02:25:56] 		 /work/data/output_disk_sp1_4cpu/Achillea.atrata/proj_gfdl.esm4_ssp585/individual_projections/proj_gfdl.esm4_ssp585_Achillea.atrata_PA1_RUN4_GLM.tif
[2026-07-20 02:26:08] 	> Projecting Achillea.atrata_PA1_RUN4_MAXNET ...
[2026-07-20 02:26:09] 		Writing projection on hard drive...
[2026-07-20 02:26:09] 		 /work/data/output_disk_sp1_4cpu/Achillea.atrata/proj_gfdl.esm4_ssp585/individual_projections/proj_gfdl.esm4_ssp585_Achillea.atrata_PA1_RUN4_ANN.tif
[2026-07-20 02:26:21] 	> Projecting Achillea.atrata_PA1_RUN5_GBM ...
[2026-07-20 02:26:22] 		Writing projection on hard drive...
[2026-07-20 02:26:22] 		 /work/data/output_disk_sp1_4cpu/Achillea.atrata/proj_gfdl.esm4_ssp585/individual_projections/proj_gfdl.esm4_ssp585_Achillea.atrata_PA1_RUN4_FDA.tif
[2026-07-20 02:26:35] 	> Projecting Achillea.atrata_PA1_RUN5_ANN ...
[2026-07-20 02:26:36] 		Writing projection on hard drive...
[2026-07-20 02:26:36] 		 /work/data/output_disk_sp1_4cpu/Achillea.atrata/proj_gfdl.esm4_ssp585/individual_projections/proj_gfdl.esm4_ssp585_Achillea.atrata_PA1_RUN4_GBM.tif
[2026-07-20 02:26:42] 	> Projecting Achillea.atrata_PA1_RUN5_GLM ...
[2026-07-20 02:26:43] 		Writing projection on hard drive...
[2026-07-20 02:26:43] 		 /work/data/output_disk_sp1_4cpu/Achillea.atrata/proj_gfdl.esm4_ssp585/individual_projections/proj_gfdl.esm4_ssp585_Achillea.atrata_PA1_RUN4_MAXNET.tif
[2026-07-20 02:27:10] 	> Projecting Achillea.atrata_PA1_RUN5_FDA ...
[2026-07-20 02:27:11] 		Writing projection on hard drive...
[2026-07-20 02:27:11] 		 /work/data/output_disk_sp1_4cpu/Achillea.atrata/proj_gfdl.esm4_ssp585/individual_projections/proj_gfdl.esm4_ssp585_Achillea.atrata_PA1_RUN5_GLM.tif
[2026-07-20 02:27:19] 	> Projecting Achillea.atrata_PA1_RUN5_MAXNET ...
[2026-07-20 02:27:20] 		Writing projection on hard drive...
[2026-07-20 02:27:20] 		 /work/data/output_disk_sp1_4cpu/Achillea.atrata/proj_gfdl.esm4_ssp585/individual_projections/proj_gfdl.esm4_ssp585_Achillea.atrata_PA1_RUN5_ANN.tif
[2026-07-20 02:27:33] 	> Projecting Achillea.atrata_PA2_RUN1_GBM ...
[2026-07-20 02:27:34] 		Writing projection on hard drive...
[2026-07-20 02:27:34] 		 /work/data/output_disk_sp1_4cpu/Achillea.atrata/proj_gfdl.esm4_ssp585/individual_projections/proj_gfdl.esm4_ssp585_Achillea.atrata_PA1_RUN5_FDA.tif
[2026-07-20 02:27:52] 	> Projecting Achillea.atrata_PA2_RUN1_ANN ...
[2026-07-20 02:27:53] 		Writing projection on hard drive...
[2026-07-20 02:27:53] 		 /work/data/output_disk_sp1_4cpu/Achillea.atrata/proj_gfdl.esm4_ssp585/individual_projections/proj_gfdl.esm4_ssp585_Achillea.atrata_PA1_RUN5_MAXNET.tif
[2026-07-20 02:28:30] 	> Projecting Achillea.atrata_PA2_RUN1_FDA ...
[2026-07-20 02:28:30] 		Writing projection on hard drive...
[2026-07-20 02:28:30] 		 /work/data/output_disk_sp1_4cpu/Achillea.atrata/proj_gfdl.esm4_ssp585/individual_projections/proj_gfdl.esm4_ssp585_Achillea.atrata_PA2_RUN1_ANN.tif
[2026-07-20 02:28:41] 	> Projecting Achillea.atrata_PA2_RUN2_GBM ...
[2026-07-20 02:28:42] 		Writing projection on hard drive...
[2026-07-20 02:28:42] 		 /work/data/output_disk_sp1_4cpu/Achillea.atrata/proj_gfdl.esm4_ssp585/individual_projections/proj_gfdl.esm4_ssp585_Achillea.atrata_PA2_RUN1_FDA.tif
[2026-07-20 02:29:39] 	> Projecting Achillea.atrata_PA2_RUN2_ANN ...
[2026-07-20 02:29:40] 		Writing projection on hard drive...
[2026-07-20 02:29:40] 		 /work/data/output_disk_sp1_4cpu/Achillea.atrata/proj_gfdl.esm4_ssp585/individual_projections/proj_gfdl.esm4_ssp585_Achillea.atrata_PA2_RUN2_ANN.tif
[2026-07-20 02:40:06] 	> Projecting Achillea.atrata_PA2_RUN3_GBM ...
[2026-07-20 02:40:07] 		Writing projection on hard drive...
[2026-07-20 02:40:07] 		 /work/data/output_disk_sp1_4cpu/Achillea.atrata/proj_gfdl.esm4_ssp585/individual_projections/proj_gfdl.esm4_ssp585_Achillea.atrata_PA1_RUN5_GBM.tif
[2026-07-20 02:40:43] 	> Projecting Achillea.atrata_PA2_RUN1_GLM ...
[2026-07-20 02:40:43] 		Writing projection on hard drive...
[2026-07-20 02:40:43] 		 /work/data/output_disk_sp1_4cpu/Achillea.atrata/proj_gfdl.esm4_ssp585/individual_projections/proj_gfdl.esm4_ssp585_Achillea.atrata_PA2_RUN1_GLM.tif
[2026-07-20 02:41:26] 	> Projecting Achillea.atrata_PA2_RUN1_MAXNET ...
[2026-07-20 02:41:26] 		Writing projection on hard drive...
[2026-07-20 02:41:26] 		Writing projection on hard drive...
[2026-07-20 02:41:26] 		 /work/data/output_disk_sp1_4cpu/Achillea.atrata/proj_gfdl.esm4_ssp585/individual_projections/proj_gfdl.esm4_ssp585_Achillea.atrata_PA2_RUN1_MAXNET.tif
[2026-07-20 02:41:27] 	> Projecting Achillea.atrata_PA2_RUN2_FDA ...
[2026-07-20 02:41:27] 		 /work/data/output_disk_sp1_4cpu/Achillea.atrata/proj_gfdl.esm4_ssp585/individual_projections/proj_gfdl.esm4_ssp585_Achillea.atrata_PA2_RUN1_GBM.tif
[2026-07-20 02:42:03] 	> Projecting Achillea.atrata_PA2_RUN2_GLM ...
[2026-07-20 02:42:04] 		Writing projection on hard drive...
[2026-07-20 02:42:04] 		 /work/data/output_disk_sp1_4cpu/Achillea.atrata/proj_gfdl.esm4_ssp585/individual_projections/proj_gfdl.esm4_ssp585_Achillea.atrata_PA2_RUN2_GBM.tif
[2026-07-20 02:42:08] 	> Projecting Achillea.atrata_PA2_RUN3_GLM ...
[2026-07-20 02:42:09] 		Writing projection on hard drive...
[2026-07-20 02:42:09] 		 /work/data/output_disk_sp1_4cpu/Achillea.atrata/proj_gfdl.esm4_ssp585/individual_projections/proj_gfdl.esm4_ssp585_Achillea.atrata_PA2_RUN2_GLM.tif
[2026-07-20 02:42:14] 	> Projecting Achillea.atrata_PA2_RUN2_MAXNET ...
[2026-07-20 02:42:15] 		Writing projection on hard drive...
[2026-07-20 02:42:15] 		 /work/data/output_disk_sp1_4cpu/Achillea.atrata/proj_gfdl.esm4_ssp585/individual_projections/proj_gfdl.esm4_ssp585_Achillea.atrata_PA2_RUN2_FDA.tif
[2026-07-20 02:42:38] 	> Projecting Achillea.atrata_PA2_RUN3_ANN ...
[2026-07-20 02:42:38] 		Writing projection on hard drive...
[2026-07-20 02:42:38] 		 /work/data/output_disk_sp1_4cpu/Achillea.atrata/proj_gfdl.esm4_ssp585/individual_projections/proj_gfdl.esm4_ssp585_Achillea.atrata_PA2_RUN3_GLM.tif
[2026-07-20 02:42:54] 	> Projecting Achillea.atrata_PA2_RUN3_MAXNET ...
[2026-07-20 02:42:55] 		Writing projection on hard drive...
[2026-07-20 02:42:55] 		 /work/data/output_disk_sp1_4cpu/Achillea.atrata/proj_gfdl.esm4_ssp585/individual_projections/proj_gfdl.esm4_ssp585_Achillea.atrata_PA2_RUN2_MAXNET.tif
[2026-07-20 02:43:08] 	> Projecting Achillea.atrata_PA2_RUN3_FDA ...
[2026-07-20 02:43:09] 		Writing projection on hard drive...
[2026-07-20 02:43:09] 		 /work/data/output_disk_sp1_4cpu/Achillea.atrata/proj_gfdl.esm4_ssp585/individual_projections/proj_gfdl.esm4_ssp585_Achillea.atrata_PA2_RUN3_ANN.tif
[2026-07-20 02:43:21] 	> Projecting Achillea.atrata_PA2_RUN4_GBM ...
[2026-07-20 02:43:22] 		Writing projection on hard drive...
[2026-07-20 02:43:22] 		 /work/data/output_disk_sp1_4cpu/Achillea.atrata/proj_gfdl.esm4_ssp585/individual_projections/proj_gfdl.esm4_ssp585_Achillea.atrata_PA2_RUN3_MAXNET.tif
[2026-07-20 02:43:30] 	> Projecting Achillea.atrata_PA2_RUN4_FDA ...
[2026-07-20 02:43:31] 		Writing projection on hard drive...
[2026-07-20 02:43:31] 		 /work/data/output_disk_sp1_4cpu/Achillea.atrata/proj_gfdl.esm4_ssp585/individual_projections/proj_gfdl.esm4_ssp585_Achillea.atrata_PA2_RUN3_GBM.tif
[2026-07-20 02:43:49] 	> Projecting Achillea.atrata_PA2_RUN4_GLM ...
[2026-07-20 02:43:49] 		Writing projection on hard drive...
[2026-07-20 02:43:49] 		 /work/data/output_disk_sp1_4cpu/Achillea.atrata/proj_gfdl.esm4_ssp585/individual_projections/proj_gfdl.esm4_ssp585_Achillea.atrata_PA2_RUN3_FDA.tif
[2026-07-20 02:44:06] 	> Projecting Achillea.atrata_PA2_RUN4_ANN ...
[2026-07-20 02:44:06] 		Writing projection on hard drive...
[2026-07-20 02:44:06] 		Writing projection on hard drive...
[2026-07-20 02:44:06] 		 /work/data/output_disk_sp1_4cpu/Achillea.atrata/proj_gfdl.esm4_ssp585/individual_projections/proj_gfdl.esm4_ssp585_Achillea.atrata_PA2_RUN4_GLM.tif
[2026-07-20 02:44:07] 	> Projecting Achillea.atrata_PA2_RUN4_MAXNET ...
[2026-07-20 02:44:07] 		 /work/data/output_disk_sp1_4cpu/Achillea.atrata/proj_gfdl.esm4_ssp585/individual_projections/proj_gfdl.esm4_ssp585_Achillea.atrata_PA2_RUN4_FDA.tif
[2026-07-20 02:44:44] 	> Projecting Achillea.atrata_PA2_RUN5_ANN ...
[2026-07-20 02:44:45] 		Writing projection on hard drive...
[2026-07-20 02:44:45] 		 /work/data/output_disk_sp1_4cpu/Achillea.atrata/proj_gfdl.esm4_ssp585/individual_projections/proj_gfdl.esm4_ssp585_Achillea.atrata_PA2_RUN4_ANN.tif
[2026-07-20 02:44:52] 	> Projecting Achillea.atrata_PA2_RUN5_GBM ...
[2026-07-20 02:44:53] 		Writing projection on hard drive...
[2026-07-20 02:44:53] 		 /work/data/output_disk_sp1_4cpu/Achillea.atrata/proj_gfdl.esm4_ssp585/individual_projections/proj_gfdl.esm4_ssp585_Achillea.atrata_PA2_RUN4_MAXNET.tif
[2026-07-20 02:44:54] 	> Projecting Achillea.atrata_PA2_RUN5_FDA ...
[2026-07-20 02:44:55] 		Writing projection on hard drive...
[2026-07-20 02:44:55] 		 /work/data/output_disk_sp1_4cpu/Achillea.atrata/proj_gfdl.esm4_ssp585/individual_projections/proj_gfdl.esm4_ssp585_Achillea.atrata_PA2_RUN5_ANN.tif
[2026-07-20 02:45:38] 	> Projecting Achillea.atrata_PA3_RUN1_GBM ...
[2026-07-20 02:45:38] 		Writing projection on hard drive...
[2026-07-20 02:45:38] 		 /work/data/output_disk_sp1_4cpu/Achillea.atrata/proj_gfdl.esm4_ssp585/individual_projections/proj_gfdl.esm4_ssp585_Achillea.atrata_PA2_RUN5_FDA.tif
[2026-07-20 02:46:30] 	> Projecting Achillea.atrata_PA3_RUN1_ANN ...
[2026-07-20 02:46:30] 		Writing projection on hard drive...
[2026-07-20 02:46:30] 		 /work/data/output_disk_sp1_4cpu/Achillea.atrata/proj_gfdl.esm4_ssp585/individual_projections/proj_gfdl.esm4_ssp585_Achillea.atrata_PA3_RUN1_ANN.tif
[2026-07-20 02:56:49] 	> Projecting Achillea.atrata_PA3_RUN2_GBM ...
[2026-07-20 02:56:50] 		Writing projection on hard drive...
[2026-07-20 02:56:50] 		 /work/data/output_disk_sp1_4cpu/Achillea.atrata/proj_gfdl.esm4_ssp585/individual_projections/proj_gfdl.esm4_ssp585_Achillea.atrata_PA2_RUN4_GBM.tif
[2026-07-20 02:57:22] 	> Projecting Achillea.atrata_PA2_RUN5_GLM ...
[2026-07-20 02:57:23] 		Writing projection on hard drive...
[2026-07-20 02:57:23] 		 /work/data/output_disk_sp1_4cpu/Achillea.atrata/proj_gfdl.esm4_ssp585/individual_projections/proj_gfdl.esm4_ssp585_Achillea.atrata_PA2_RUN5_GLM.tif
[2026-07-20 02:58:05] 	> Projecting Achillea.atrata_PA2_RUN5_MAXNET ...
[2026-07-20 02:58:06] 		Writing projection on hard drive...
[2026-07-20 02:58:06] 		 /work/data/output_disk_sp1_4cpu/Achillea.atrata/proj_gfdl.esm4_ssp585/individual_projections/proj_gfdl.esm4_ssp585_Achillea.atrata_PA2_RUN5_MAXNET.tif
[2026-07-20 02:58:35] 	> Projecting Achillea.atrata_PA3_RUN1_FDA ...
[2026-07-20 02:58:36] 		Writing projection on hard drive...
[2026-07-20 02:58:36] 		 /work/data/output_disk_sp1_4cpu/Achillea.atrata/proj_gfdl.esm4_ssp585/individual_projections/proj_gfdl.esm4_ssp585_Achillea.atrata_PA2_RUN5_GBM.tif
[2026-07-20 02:58:48] 	> Projecting Achillea.atrata_PA3_RUN1_GLM ...
[2026-07-20 02:58:49] 		Writing projection on hard drive...
[2026-07-20 02:58:49] 		 /work/data/output_disk_sp1_4cpu/Achillea.atrata/proj_gfdl.esm4_ssp585/individual_projections/proj_gfdl.esm4_ssp585_Achillea.atrata_PA3_RUN1_FDA.tif
[2026-07-20 02:58:56] 	> Projecting Achillea.atrata_PA3_RUN2_ANN ...
[2026-07-20 02:58:57] 		Writing projection on hard drive...
[2026-07-20 02:58:57] 		 /work/data/output_disk_sp1_4cpu/Achillea.atrata/proj_gfdl.esm4_ssp585/individual_projections/proj_gfdl.esm4_ssp585_Achillea.atrata_PA3_RUN1_GBM.tif
[2026-07-20 02:59:11] 	> Projecting Achillea.atrata_PA3_RUN2_GLM ...
[2026-07-20 02:59:12] 		Writing projection on hard drive...
[2026-07-20 02:59:12] 		 /work/data/output_disk_sp1_4cpu/Achillea.atrata/proj_gfdl.esm4_ssp585/individual_projections/proj_gfdl.esm4_ssp585_Achillea.atrata_PA3_RUN1_GLM.tif
[2026-07-20 02:59:29] 	> Projecting Achillea.atrata_PA3_RUN1_MAXNET ...
[2026-07-20 02:59:30] 		Writing projection on hard drive...
[2026-07-20 02:59:30] 		 /work/data/output_disk_sp1_4cpu/Achillea.atrata/proj_gfdl.esm4_ssp585/individual_projections/proj_gfdl.esm4_ssp585_Achillea.atrata_PA3_RUN2_GLM.tif
[2026-07-20 02:59:44] 	> Projecting Achillea.atrata_PA3_RUN2_MAXNET ...
[2026-07-20 02:59:44] 		Writing projection on hard drive...
[2026-07-20 02:59:44] 		 /work/data/output_disk_sp1_4cpu/Achillea.atrata/proj_gfdl.esm4_ssp585/individual_projections/proj_gfdl.esm4_ssp585_Achillea.atrata_PA3_RUN2_ANN.tif
[2026-07-20 02:59:54] 	> Projecting Achillea.atrata_PA3_RUN3_GBM ...
[2026-07-20 02:59:55] 		Writing projection on hard drive...
[2026-07-20 02:59:55] 		 /work/data/output_disk_sp1_4cpu/Achillea.atrata/proj_gfdl.esm4_ssp585/individual_projections/proj_gfdl.esm4_ssp585_Achillea.atrata_PA3_RUN1_MAXNET.tif
[2026-07-20 03:00:09] 	> Projecting Achillea.atrata_PA3_RUN2_FDA ...
[2026-07-20 03:00:10] 		Writing projection on hard drive...
[2026-07-20 03:00:10] 		 /work/data/output_disk_sp1_4cpu/Achillea.atrata/proj_gfdl.esm4_ssp585/individual_projections/proj_gfdl.esm4_ssp585_Achillea.atrata_PA3_RUN2_MAXNET.tif
[2026-07-20 03:00:43] 	> Projecting Achillea.atrata_PA3_RUN3_FDA ...
[2026-07-20 03:00:44] 		Writing projection on hard drive...
[2026-07-20 03:00:44] 		 /work/data/output_disk_sp1_4cpu/Achillea.atrata/proj_gfdl.esm4_ssp585/individual_projections/proj_gfdl.esm4_ssp585_Achillea.atrata_PA3_RUN2_FDA.tif
[2026-07-20 03:00:52] 	> Projecting Achillea.atrata_PA3_RUN3_ANN ...
[2026-07-20 03:00:53] 		Writing projection on hard drive...
[2026-07-20 03:00:53] 		 /work/data/output_disk_sp1_4cpu/Achillea.atrata/proj_gfdl.esm4_ssp585/individual_projections/proj_gfdl.esm4_ssp585_Achillea.atrata_PA3_RUN2_GBM.tif
[2026-07-20 03:00:55] 	> Projecting Achillea.atrata_PA3_RUN3_GLM ...
[2026-07-20 03:00:55] 		Writing projection on hard drive...
[2026-07-20 03:00:55] 		 /work/data/output_disk_sp1_4cpu/Achillea.atrata/proj_gfdl.esm4_ssp585/individual_projections/proj_gfdl.esm4_ssp585_Achillea.atrata_PA3_RUN3_FDA.tif
[2026-07-20 03:01:27] 	> Projecting Achillea.atrata_PA3_RUN4_ANN ...
[2026-07-20 03:01:28] 		Writing projection on hard drive...
[2026-07-20 03:01:28] 		 /work/data/output_disk_sp1_4cpu/Achillea.atrata/proj_gfdl.esm4_ssp585/individual_projections/proj_gfdl.esm4_ssp585_Achillea.atrata_PA3_RUN3_GLM.tif
[2026-07-20 03:01:33] 	> Projecting Achillea.atrata_PA3_RUN3_MAXNET ...
[2026-07-20 03:01:34] 		Writing projection on hard drive...
[2026-07-20 03:01:34] 		 /work/data/output_disk_sp1_4cpu/Achillea.atrata/proj_gfdl.esm4_ssp585/individual_projections/proj_gfdl.esm4_ssp585_Achillea.atrata_PA3_RUN3_ANN.tif
[2026-07-20 03:01:45] 	> Projecting Achillea.atrata_PA3_RUN4_GBM ...
[2026-07-20 03:01:46] 		Writing projection on hard drive...
[2026-07-20 03:01:46] 		 /work/data/output_disk_sp1_4cpu/Achillea.atrata/proj_gfdl.esm4_ssp585/individual_projections/proj_gfdl.esm4_ssp585_Achillea.atrata_PA3_RUN4_ANN.tif
[2026-07-20 03:02:10] 	> Projecting Achillea.atrata_PA3_RUN5_GBM ...
[2026-07-20 03:02:11] 		Writing projection on hard drive...
[2026-07-20 03:02:11] 		 /work/data/output_disk_sp1_4cpu/Achillea.atrata/proj_gfdl.esm4_ssp585/individual_projections/proj_gfdl.esm4_ssp585_Achillea.atrata_PA3_RUN3_MAXNET.tif
[2026-07-20 03:02:58] 	> Projecting Achillea.atrata_PA3_RUN4_FDA ...
[2026-07-20 03:02:59] 		Writing projection on hard drive...
[2026-07-20 03:02:59] 		 /work/data/output_disk_sp1_4cpu/Achillea.atrata/proj_gfdl.esm4_ssp585/individual_projections/proj_gfdl.esm4_ssp585_Achillea.atrata_PA3_RUN4_FDA.tif
[2026-07-20 03:03:47] 	> Projecting Achillea.atrata_PA3_RUN5_ANN ...
[2026-07-20 03:03:48] 		Writing projection on hard drive...
[2026-07-20 03:03:48] 		 /work/data/output_disk_sp1_4cpu/Achillea.atrata/proj_gfdl.esm4_ssp585/individual_projections/proj_gfdl.esm4_ssp585_Achillea.atrata_PA3_RUN5_ANN.tif
[2026-07-20 03:13:40] 	> Projecting Achillea.atrata_PA4_RUN1_GBM ...
[2026-07-20 03:13:41] 		Writing projection on hard drive...
[2026-07-20 03:13:41] 		 /work/data/output_disk_sp1_4cpu/Achillea.atrata/proj_gfdl.esm4_ssp585/individual_projections/proj_gfdl.esm4_ssp585_Achillea.atrata_PA3_RUN3_GBM.tif
[2026-07-20 03:14:13] 	> Projecting Achillea.atrata_PA3_RUN4_GLM ...
[2026-07-20 03:14:14] 		Writing projection on hard drive...
[2026-07-20 03:14:14] 		 /work/data/output_disk_sp1_4cpu/Achillea.atrata/proj_gfdl.esm4_ssp585/individual_projections/proj_gfdl.esm4_ssp585_Achillea.atrata_PA3_RUN4_GLM.tif
[2026-07-20 03:14:50] 	> Projecting Achillea.atrata_PA3_RUN4_MAXNET ...
[2026-07-20 03:14:50] 		Writing projection on hard drive...
[2026-07-20 03:14:50] 		 /work/data/output_disk_sp1_4cpu/Achillea.atrata/proj_gfdl.esm4_ssp585/individual_projections/proj_gfdl.esm4_ssp585_Achillea.atrata_PA3_RUN4_MAXNET.tif
[2026-07-20 03:15:10] 	> Projecting Achillea.atrata_PA3_RUN5_FDA ...
[2026-07-20 03:15:11] 		Writing projection on hard drive...
[2026-07-20 03:15:11] 		 /work/data/output_disk_sp1_4cpu/Achillea.atrata/proj_gfdl.esm4_ssp585/individual_projections/proj_gfdl.esm4_ssp585_Achillea.atrata_PA3_RUN4_GBM.tif
[2026-07-20 03:15:33] 	> Projecting Achillea.atrata_PA3_RUN5_GLM ...
[2026-07-20 03:15:34] 		Writing projection on hard drive...
[2026-07-20 03:15:34] 		 /work/data/output_disk_sp1_4cpu/Achillea.atrata/proj_gfdl.esm4_ssp585/individual_projections/proj_gfdl.esm4_ssp585_Achillea.atrata_PA3_RUN5_FDA.tif
[2026-07-20 03:15:37] 	> Projecting Achillea.atrata_PA4_RUN1_ANN ...
[2026-07-20 03:15:38] 		Writing projection on hard drive...
[2026-07-20 03:15:38] 		 /work/data/output_disk_sp1_4cpu/Achillea.atrata/proj_gfdl.esm4_ssp585/individual_projections/proj_gfdl.esm4_ssp585_Achillea.atrata_PA3_RUN5_GBM.tif
[2026-07-20 03:15:46] 	> Projecting Achillea.atrata_PA4_RUN1_GLM ...
[2026-07-20 03:15:47] 		Writing projection on hard drive...
[2026-07-20 03:15:47] 		 /work/data/output_disk_sp1_4cpu/Achillea.atrata/proj_gfdl.esm4_ssp585/individual_projections/proj_gfdl.esm4_ssp585_Achillea.atrata_PA3_RUN5_GLM.tif
[2026-07-20 03:16:09] 	> Projecting Achillea.atrata_PA3_RUN5_MAXNET ...
[2026-07-20 03:16:10] 		Writing projection on hard drive...
[2026-07-20 03:16:10] 		 /work/data/output_disk_sp1_4cpu/Achillea.atrata/proj_gfdl.esm4_ssp585/individual_projections/proj_gfdl.esm4_ssp585_Achillea.atrata_PA4_RUN1_GLM.tif
[2026-07-20 03:16:26] 	> Projecting Achillea.atrata_PA4_RUN1_MAXNET ...
[2026-07-20 03:16:27] 		Writing projection on hard drive...
[2026-07-20 03:16:27] 		 /work/data/output_disk_sp1_4cpu/Achillea.atrata/proj_gfdl.esm4_ssp585/individual_projections/proj_gfdl.esm4_ssp585_Achillea.atrata_PA4_RUN1_ANN.tif
[2026-07-20 03:16:33] 	> Projecting Achillea.atrata_PA4_RUN2_GBM ...
[2026-07-20 03:16:34] 		Writing projection on hard drive...
[2026-07-20 03:16:34] 		 /work/data/output_disk_sp1_4cpu/Achillea.atrata/proj_gfdl.esm4_ssp585/individual_projections/proj_gfdl.esm4_ssp585_Achillea.atrata_PA3_RUN5_MAXNET.tif
[2026-07-20 03:16:44] 	> Projecting Achillea.atrata_PA4_RUN1_FDA ...
[2026-07-20 03:16:45] 		Writing projection on hard drive...
[2026-07-20 03:16:45] 		 /work/data/output_disk_sp1_4cpu/Achillea.atrata/proj_gfdl.esm4_ssp585/individual_projections/proj_gfdl.esm4_ssp585_Achillea.atrata_PA4_RUN1_MAXNET.tif
[2026-07-20 03:17:23] 	> Projecting Achillea.atrata_PA4_RUN2_FDA ...
[2026-07-20 03:17:24] 		Writing projection on hard drive...
[2026-07-20 03:17:24] 		 /work/data/output_disk_sp1_4cpu/Achillea.atrata/proj_gfdl.esm4_ssp585/individual_projections/proj_gfdl.esm4_ssp585_Achillea.atrata_PA4_RUN1_FDA.tif
[2026-07-20 03:17:27] 	> Projecting Achillea.atrata_PA4_RUN2_ANN ...
[2026-07-20 03:17:28] 		Writing projection on hard drive...
[2026-07-20 03:17:28] 		 /work/data/output_disk_sp1_4cpu/Achillea.atrata/proj_gfdl.esm4_ssp585/individual_projections/proj_gfdl.esm4_ssp585_Achillea.atrata_PA4_RUN2_FDA.tif
[2026-07-20 03:17:53] 	> Projecting Achillea.atrata_PA4_RUN3_ANN ...
[2026-07-20 03:17:54] 		Writing projection on hard drive...
[2026-07-20 03:17:54] 		 /work/data/output_disk_sp1_4cpu/Achillea.atrata/proj_gfdl.esm4_ssp585/individual_projections/proj_gfdl.esm4_ssp585_Achillea.atrata_PA4_RUN1_GBM.tif
[2026-07-20 03:18:13] 	> Projecting Achillea.atrata_PA4_RUN2_GLM ...
[2026-07-20 03:18:13] 		Writing projection on hard drive...
[2026-07-20 03:18:13] 		 /work/data/output_disk_sp1_4cpu/Achillea.atrata/proj_gfdl.esm4_ssp585/individual_projections/proj_gfdl.esm4_ssp585_Achillea.atrata_PA4_RUN3_ANN.tif
[2026-07-20 03:18:14] 	> Projecting Achillea.atrata_PA4_RUN4_GBM ...
[2026-07-20 03:18:14] 		Writing projection on hard drive...
[2026-07-20 03:18:14] 		 /work/data/output_disk_sp1_4cpu/Achillea.atrata/proj_gfdl.esm4_ssp585/individual_projections/proj_gfdl.esm4_ssp585_Achillea.atrata_PA4_RUN2_ANN.tif
[2026-07-20 03:18:29] 	> Projecting Achillea.atrata_PA4_RUN3_GBM ...
[2026-07-20 03:18:29] 		Writing projection on hard drive...
[2026-07-20 03:18:29] 		 /work/data/output_disk_sp1_4cpu/Achillea.atrata/proj_gfdl.esm4_ssp585/individual_projections/proj_gfdl.esm4_ssp585_Achillea.atrata_PA4_RUN2_GLM.tif
[2026-07-20 03:19:14] 	> Projecting Achillea.atrata_PA4_RUN2_MAXNET ...
[2026-07-20 03:19:14] 		Writing projection on hard drive...
[2026-07-20 03:19:14] 		 /work/data/output_disk_sp1_4cpu/Achillea.atrata/proj_gfdl.esm4_ssp585/individual_projections/proj_gfdl.esm4_ssp585_Achillea.atrata_PA4_RUN2_MAXNET.tif
[2026-07-20 03:20:00] 	> Projecting Achillea.atrata_PA4_RUN3_FDA ...
[2026-07-20 03:20:00] 		Writing projection on hard drive...
[2026-07-20 03:20:00] 		 /work/data/output_disk_sp1_4cpu/Achillea.atrata/proj_gfdl.esm4_ssp585/individual_projections/proj_gfdl.esm4_ssp585_Achillea.atrata_PA4_RUN3_FDA.tif
[2026-07-20 03:20:51] 	> Projecting Achillea.atrata_PA4_RUN4_ANN ...
[2026-07-20 03:20:51] 		Writing projection on hard drive...
[2026-07-20 03:20:51] 		 /work/data/output_disk_sp1_4cpu/Achillea.atrata/proj_gfdl.esm4_ssp585/individual_projections/proj_gfdl.esm4_ssp585_Achillea.atrata_PA4_RUN4_ANN.tif
[2026-07-20 03:30:16] 	> Projecting Achillea.atrata_PA4_RUN5_GBM ...
[2026-07-20 03:30:17] 		Writing projection on hard drive...
[2026-07-20 03:30:17] 		 /work/data/output_disk_sp1_4cpu/Achillea.atrata/proj_gfdl.esm4_ssp585/individual_projections/proj_gfdl.esm4_ssp585_Achillea.atrata_PA4_RUN2_GBM.tif
[2026-07-20 03:30:50] 	> Projecting Achillea.atrata_PA4_RUN3_GLM ...
[2026-07-20 03:30:51] 		Writing projection on hard drive...
[2026-07-20 03:30:51] 		 /work/data/output_disk_sp1_4cpu/Achillea.atrata/proj_gfdl.esm4_ssp585/individual_projections/proj_gfdl.esm4_ssp585_Achillea.atrata_PA4_RUN3_GLM.tif
[2026-07-20 03:31:26] 	> Projecting Achillea.atrata_PA4_RUN3_MAXNET ...
[2026-07-20 03:31:27] 		Writing projection on hard drive...
[2026-07-20 03:31:27] 		 /work/data/output_disk_sp1_4cpu/Achillea.atrata/proj_gfdl.esm4_ssp585/individual_projections/proj_gfdl.esm4_ssp585_Achillea.atrata_PA4_RUN3_MAXNET.tif
[2026-07-20 03:32:09] 	> Projecting Achillea.atrata_PA4_RUN4_FDA ...
[2026-07-20 03:32:10] 		Writing projection on hard drive...
[2026-07-20 03:32:10] 		 /work/data/output_disk_sp1_4cpu/Achillea.atrata/proj_gfdl.esm4_ssp585/individual_projections/proj_gfdl.esm4_ssp585_Achillea.atrata_PA4_RUN3_GBM.tif
[2026-07-20 03:32:11] 	> Projecting Achillea.atrata_PA4_RUN4_GLM ...
[2026-07-20 03:32:12] 		Writing projection on hard drive...
[2026-07-20 03:32:12] 		 /work/data/output_disk_sp1_4cpu/Achillea.atrata/proj_gfdl.esm4_ssp585/individual_projections/proj_gfdl.esm4_ssp585_Achillea.atrata_PA4_RUN4_FDA.tif
[2026-07-20 03:32:15] 	> Projecting Achillea.atrata_PA4_RUN5_ANN ...
[2026-07-20 03:32:16] 		Writing projection on hard drive...
[2026-07-20 03:32:16] 		 /work/data/output_disk_sp1_4cpu/Achillea.atrata/proj_gfdl.esm4_ssp585/individual_projections/proj_gfdl.esm4_ssp585_Achillea.atrata_PA4_RUN4_GBM.tif
[2026-07-20 03:32:39] 	> Projecting Achillea.atrata_PA4_RUN5_GLM ...
[2026-07-20 03:32:40] 		Writing projection on hard drive...
[2026-07-20 03:32:40] 		 /work/data/output_disk_sp1_4cpu/Achillea.atrata/proj_gfdl.esm4_ssp585/individual_projections/proj_gfdl.esm4_ssp585_Achillea.atrata_PA4_RUN4_GLM.tif
[2026-07-20 03:32:45] 	> Projecting Achillea.atrata_PA4_RUN4_MAXNET ...
[2026-07-20 03:32:45] 		Writing projection on hard drive...
[2026-07-20 03:32:45] 		 /work/data/output_disk_sp1_4cpu/Achillea.atrata/proj_gfdl.esm4_ssp585/individual_projections/proj_gfdl.esm4_ssp585_Achillea.atrata_PA4_RUN5_GLM.tif
[2026-07-20 03:33:01] 	> Projecting Achillea.atrata_PA4_RUN5_MAXNET ...
[2026-07-20 03:33:02] 		Writing projection on hard drive...
[2026-07-20 03:33:02] 		 /work/data/output_disk_sp1_4cpu/Achillea.atrata/proj_gfdl.esm4_ssp585/individual_projections/proj_gfdl.esm4_ssp585_Achillea.atrata_PA4_RUN5_ANN.tif
[2026-07-20 03:33:14] 	> Projecting Achillea.atrata_PA5_RUN1_GBM ...
[2026-07-20 03:33:14] 		Writing projection on hard drive...
[2026-07-20 03:33:14] 		 /work/data/output_disk_sp1_4cpu/Achillea.atrata/proj_gfdl.esm4_ssp585/individual_projections/proj_gfdl.esm4_ssp585_Achillea.atrata_PA4_RUN4_MAXNET.tif
[2026-07-20 03:33:21] 	> Projecting Achillea.atrata_PA4_RUN5_FDA ...
[2026-07-20 03:33:22] 		Writing projection on hard drive...
[2026-07-20 03:33:22] 		 /work/data/output_disk_sp1_4cpu/Achillea.atrata/proj_gfdl.esm4_ssp585/individual_projections/proj_gfdl.esm4_ssp585_Achillea.atrata_PA4_RUN5_MAXNET.tif
[2026-07-20 03:33:53] 	> Projecting Achillea.atrata_PA5_RUN1_FDA ...
[2026-07-20 03:33:54] 		Writing projection on hard drive...
[2026-07-20 03:33:54] 		 /work/data/output_disk_sp1_4cpu/Achillea.atrata/proj_gfdl.esm4_ssp585/individual_projections/proj_gfdl.esm4_ssp585_Achillea.atrata_PA4_RUN5_FDA.tif
[2026-07-20 03:34:03] 	> Projecting Achillea.atrata_PA5_RUN1_ANN ...
[2026-07-20 03:34:04] 		Writing projection on hard drive...
[2026-07-20 03:34:04] 		 /work/data/output_disk_sp1_4cpu/Achillea.atrata/proj_gfdl.esm4_ssp585/individual_projections/proj_gfdl.esm4_ssp585_Achillea.atrata_PA5_RUN1_FDA.tif
[2026-07-20 03:34:51] 	> Projecting Achillea.atrata_PA5_RUN2_ANN ...
[2026-07-20 03:34:52] 		Writing projection on hard drive...
[2026-07-20 03:34:52] 		Writing projection on hard drive...
[2026-07-20 03:34:52] 		 /work/data/output_disk_sp1_4cpu/Achillea.atrata/proj_gfdl.esm4_ssp585/individual_projections/proj_gfdl.esm4_ssp585_Achillea.atrata_PA5_RUN1_ANN.tif
[2026-07-20 03:34:52] 	> Projecting Achillea.atrata_PA5_RUN2_GBM ...
[2026-07-20 03:34:52] 		 /work/data/output_disk_sp1_4cpu/Achillea.atrata/proj_gfdl.esm4_ssp585/individual_projections/proj_gfdl.esm4_ssp585_Achillea.atrata_PA5_RUN2_ANN.tif
[2026-07-20 03:34:59] 	> Projecting Achillea.atrata_PA5_RUN3_GBM ...
[2026-07-20 03:35:00] 		Writing projection on hard drive...
[2026-07-20 03:35:00] 		 /work/data/output_disk_sp1_4cpu/Achillea.atrata/proj_gfdl.esm4_ssp585/individual_projections/proj_gfdl.esm4_ssp585_Achillea.atrata_PA4_RUN5_GBM.tif
[2026-07-20 03:35:33] 	> Projecting Achillea.atrata_PA5_RUN1_GLM ...
[2026-07-20 03:35:33] 		Writing projection on hard drive...
[2026-07-20 03:35:33] 		 /work/data/output_disk_sp1_4cpu/Achillea.atrata/proj_gfdl.esm4_ssp585/individual_projections/proj_gfdl.esm4_ssp585_Achillea.atrata_PA5_RUN1_GLM.tif
[2026-07-20 03:36:20] 	> Projecting Achillea.atrata_PA5_RUN1_MAXNET ...
[2026-07-20 03:36:21] 		Writing projection on hard drive...
[2026-07-20 03:36:21] 		 /work/data/output_disk_sp1_4cpu/Achillea.atrata/proj_gfdl.esm4_ssp585/individual_projections/proj_gfdl.esm4_ssp585_Achillea.atrata_PA5_RUN1_MAXNET.tif
[2026-07-20 03:37:08] 	> Projecting Achillea.atrata_PA5_RUN2_FDA ...
[2026-07-20 03:37:08] 		Writing projection on hard drive...
[2026-07-20 03:37:08] 		 /work/data/output_disk_sp1_4cpu/Achillea.atrata/proj_gfdl.esm4_ssp585/individual_projections/proj_gfdl.esm4_ssp585_Achillea.atrata_PA5_RUN2_FDA.tif
[2026-07-20 03:37:55] 	> Projecting Achillea.atrata_PA5_RUN3_ANN ...
[2026-07-20 03:37:55] 		Writing projection on hard drive...
[2026-07-20 03:37:55] 		 /work/data/output_disk_sp1_4cpu/Achillea.atrata/proj_gfdl.esm4_ssp585/individual_projections/proj_gfdl.esm4_ssp585_Achillea.atrata_PA5_RUN3_ANN.tif
[2026-07-20 03:46:38] 	> Projecting Achillea.atrata_PA5_RUN4_GBM ...
[2026-07-20 03:46:39] 		Writing projection on hard drive...
[2026-07-20 03:46:39] 		 /work/data/output_disk_sp1_4cpu/Achillea.atrata/proj_gfdl.esm4_ssp585/individual_projections/proj_gfdl.esm4_ssp585_Achillea.atrata_PA5_RUN1_GBM.tif
[2026-07-20 03:47:10] 	> Projecting Achillea.atrata_PA5_RUN2_GLM ...
[2026-07-20 03:47:11] 		Writing projection on hard drive...
[2026-07-20 03:47:11] 		 /work/data/output_disk_sp1_4cpu/Achillea.atrata/proj_gfdl.esm4_ssp585/individual_projections/proj_gfdl.esm4_ssp585_Achillea.atrata_PA5_RUN2_GLM.tif
[2026-07-20 03:47:46] 	> Projecting Achillea.atrata_PA5_RUN2_MAXNET ...
[2026-07-20 03:47:47] 		Writing projection on hard drive...
[2026-07-20 03:47:47] 		 /work/data/output_disk_sp1_4cpu/Achillea.atrata/proj_gfdl.esm4_ssp585/individual_projections/proj_gfdl.esm4_ssp585_Achillea.atrata_PA5_RUN2_MAXNET.tif
[2026-07-20 03:48:17] 	> Projecting Achillea.atrata_PA5_RUN3_FDA ...
[2026-07-20 03:48:17] 		Writing projection on hard drive...
[2026-07-20 03:48:17] 		 /work/data/output_disk_sp1_4cpu/Achillea.atrata/proj_gfdl.esm4_ssp585/individual_projections/proj_gfdl.esm4_ssp585_Achillea.atrata_PA5_RUN2_GBM.tif
[2026-07-20 03:48:24] 	> Projecting Achillea.atrata_PA5_RUN3_GLM ...
[2026-07-20 03:48:25] 		Writing projection on hard drive...
[2026-07-20 03:48:25] 		 /work/data/output_disk_sp1_4cpu/Achillea.atrata/proj_gfdl.esm4_ssp585/individual_projections/proj_gfdl.esm4_ssp585_Achillea.atrata_PA5_RUN3_FDA.tif
[2026-07-20 03:48:39] 	> Projecting Achillea.atrata_PA5_RUN4_ANN ...
[2026-07-20 03:48:40] 		Writing projection on hard drive...
[2026-07-20 03:48:40] 		 /work/data/output_disk_sp1_4cpu/Achillea.atrata/proj_gfdl.esm4_ssp585/individual_projections/proj_gfdl.esm4_ssp585_Achillea.atrata_PA5_RUN3_GBM.tif
[2026-07-20 03:48:50] 	> Projecting Achillea.atrata_PA5_RUN4_GLM ...
[2026-07-20 03:48:51] 		Writing projection on hard drive...
[2026-07-20 03:48:51] 		 /work/data/output_disk_sp1_4cpu/Achillea.atrata/proj_gfdl.esm4_ssp585/individual_projections/proj_gfdl.esm4_ssp585_Achillea.atrata_PA5_RUN3_GLM.tif
[2026-07-20 03:49:06] 	> Projecting Achillea.atrata_PA5_RUN3_MAXNET ...
[2026-07-20 03:49:07] 		Writing projection on hard drive...
[2026-07-20 03:49:07] 		 /work/data/output_disk_sp1_4cpu/Achillea.atrata/proj_gfdl.esm4_ssp585/individual_projections/proj_gfdl.esm4_ssp585_Achillea.atrata_PA5_RUN4_GLM.tif
[2026-07-20 03:49:10] 	> Projecting Achillea.atrata_PA5_RUN4_MAXNET ...
[2026-07-20 03:49:11] 		Writing projection on hard drive...
[2026-07-20 03:49:11] 		 /work/data/output_disk_sp1_4cpu/Achillea.atrata/proj_gfdl.esm4_ssp585/individual_projections/proj_gfdl.esm4_ssp585_Achillea.atrata_PA5_RUN4_ANN.tif
[2026-07-20 03:49:28] 	> Projecting Achillea.atrata_PA5_RUN5_GBM ...
[2026-07-20 03:49:29] 		Writing projection on hard drive...
[2026-07-20 03:49:29] 		 /work/data/output_disk_sp1_4cpu/Achillea.atrata/proj_gfdl.esm4_ssp585/individual_projections/proj_gfdl.esm4_ssp585_Achillea.atrata_PA5_RUN3_MAXNET.tif
[2026-07-20 03:49:43] 	> Projecting Achillea.atrata_PA5_RUN4_FDA ...
[2026-07-20 03:49:44] 		Writing projection on hard drive...
[2026-07-20 03:49:44] 		 /work/data/output_disk_sp1_4cpu/Achillea.atrata/proj_gfdl.esm4_ssp585/individual_projections/proj_gfdl.esm4_ssp585_Achillea.atrata_PA5_RUN4_MAXNET.tif
[2026-07-20 03:50:11] 	> Projecting Achillea.atrata_PA5_RUN5_FDA ...
[2026-07-20 03:50:11] 		Writing projection on hard drive...
[2026-07-20 03:50:11] 		 /work/data/output_disk_sp1_4cpu/Achillea.atrata/proj_gfdl.esm4_ssp585/individual_projections/proj_gfdl.esm4_ssp585_Achillea.atrata_PA5_RUN4_FDA.tif
[2026-07-20 03:50:26] 	> Projecting Achillea.atrata_PA5_RUN5_ANN ...
[2026-07-20 03:50:27] 		Writing projection on hard drive...
[2026-07-20 03:51:00] 		 /work/data/output_disk_sp1_4cpu/Achillea.atrata/proj_gfdl.esm4_ssp585/individual_projections/proj_gfdl.esm4_ssp585_Achillea.atrata_PA5_RUN5_FDA.tif
[2026-07-20 03:51:01] 		Writing projection on hard drive...
[2026-07-20 03:52:01] 		 /work/data/output_disk_sp1_4cpu/Achillea.atrata/proj_gfdl.esm4_ssp585/individual_projections/proj_gfdl.esm4_ssp585_Achillea.atrata_PA5_RUN5_ANN.tif
[2026-07-20 03:52:02] 		Writing projection on hard drive...
[2026-07-20 03:52:02] 		 /work/data/output_disk_sp1_4cpu/Achillea.atrata/proj_gfdl.esm4_ssp585/individual_projections/proj_gfdl.esm4_ssp585_Achillea.atrata_PA5_RUN4_GBM.tif
[2026-07-20 03:52:38] 	> Projecting Achillea.atrata_PA5_RUN5_GLM ...
[2026-07-20 03:52:39] 		Writing projection on hard drive...
[2026-07-20 03:52:39] 		 /work/data/output_disk_sp1_4cpu/Achillea.atrata/proj_gfdl.esm4_ssp585/individual_projections/proj_gfdl.esm4_ssp585_Achillea.atrata_PA5_RUN5_GLM.tif
[2026-07-20 03:53:20] 	> Projecting Achillea.atrata_PA5_RUN5_MAXNET ...
[2026-07-20 03:53:21] 		Writing projection on hard drive...
[2026-07-20 04:03:14] 		 /work/data/output_disk_sp1_4cpu/Achillea.atrata/proj_gfdl.esm4_ssp585/individual_projections/proj_gfdl.esm4_ssp585_Achillea.atrata_PA5_RUN5_MAXNET.tif
[2026-07-20 04:03:14] 		Writing projection on hard drive...
[2026-07-20 04:03:14] 		 /work/data/output_disk_sp1_4cpu/Achillea.atrata/proj_gfdl.esm4_ssp585/individual_projections/proj_gfdl.esm4_ssp585_Achillea.atrata_PA5_RUN5_GBM.tif
[2026-07-20 04:03:14] -=-=-=-=-=-=-=-=-=-=-=-=-=-=-=-=-=-= Done -=-=-=-=-=-=-=-=-=-=-=-=-=-=-=-=-=-=
[2026-07-20 04:03:14] 
[2026-07-20 04:03:14] -=-=-=-=-=-=-=-=-=-=-=-= Do Ensemble Models Projection -=-=-=-=-=-=-=-=-=-=-=-=
[2026-07-20 04:03:14] 
[2026-07-20 04:03:14] Creating suitable Workdir...
[2026-07-20 04:03:16] 
[2026-07-20 04:03:16] 	> Projecting Achillea.atrata_EMmeanByAUCroc_mergedData_mergedRun_mergedAlgo ...
[2026-07-20 04:18:26] 	> Projecting Achillea.atrata_EMcvByAUCroc_mergedData_mergedRun_mergedAlgo ...|---------|---------|---------|---------||---------|---------|---------|---------|=======================================================                                          
[2026-07-20 04:26:24] 		Writing projection on hard drive...===========================                                          
[2026-07-20 04:26:26] 		Writing projection on hard drive...
[2026-07-20 04:26:26] 
[2026-07-20 04:26:26] ! Binary/Filtered transformation automatically desactivated for ensemble models with coefficient of variation or confidence intervals
[2026-07-20 04:26:31] 	> Building TSS binaries / filtered
[2026-07-20 04:26:36] 	> Building AUCroc binaries / filtered
[2026-07-20 04:26:41] 	> Building KAPPA binaries / filtered
[2026-07-20 04:26:41] 
[2026-07-20 04:26:41] -=-=-=-=-=-=-=-=-=-=-=-=-=-=-=-=-=-= Done -=-=-=-=-=-=-=-=-=-=-=-=-=-=-=-=-=-=
[2026-07-20 04:26:42] 
[2026-07-20 04:26:42] 
[2026-07-20 04:26:42] DEBUG: Processing future scenario 3 of 8 : /work/data/input/climate_vars/future/ipsl.cm6a.lr/ssp370 
[2026-07-20 04:26:42] DEBUG: Raster loaded, ncell = 63951097 , hasValues = TRUE 
[2026-07-20 04:26:42] 
[2026-07-20 04:26:42] -=-=-=-=-=-=-=-=-=-=-=-=-= Do Single Models Projection -=-=-=-=-=-=-=-=-=-=-=-=-=
[2026-07-20 04:27:06] 
[2026-07-20 04:27:06] 		! 'overwrite' arg is set as FALSE. Projections that have already been saved will not be redone. 
[2026-07-20 04:27:06]         Please be carfeul if you have changed the models in the meantime. 
[2026-07-20 04:27:06] 	> Building clamping mask
[2026-07-20 04:28:09] 
[2026-07-20 04:28:09] 	> Projecting Achillea.atrata_PA1_RUN1_GLM ...
[2026-07-20 04:28:09] 	> Projecting Achillea.atrata_PA1_RUN1_GBM ...
[2026-07-20 04:28:09] 	> Projecting Achillea.atrata_PA1_RUN1_ANN ...
[2026-07-20 04:28:51] 	> Projecting Achillea.atrata_PA1_RUN1_FDA ...
[2026-07-20 04:28:52] 		Writing projection on hard drive...
[2026-07-20 04:28:52] 		 /work/data/output_disk_sp1_4cpu/Achillea.atrata/proj_ipsl.cm6a.lr_ssp370/individual_projections/proj_ipsl.cm6a.lr_ssp370_Achillea.atrata_PA1_RUN1_GLM.tif
[2026-07-20 04:29:11] 	> Projecting Achillea.atrata_PA1_RUN1_MAXNET ...
[2026-07-20 04:29:11] 		Writing projection on hard drive...
[2026-07-20 04:29:11] 		 /work/data/output_disk_sp1_4cpu/Achillea.atrata/proj_ipsl.cm6a.lr_ssp370/individual_projections/proj_ipsl.cm6a.lr_ssp370_Achillea.atrata_PA1_RUN1_FDA.tif
[2026-07-20 04:29:21] 	> Projecting Achillea.atrata_PA1_RUN2_ANN ...
[2026-07-20 04:29:22] 		Writing projection on hard drive...
[2026-07-20 04:29:22] 		 /work/data/output_disk_sp1_4cpu/Achillea.atrata/proj_ipsl.cm6a.lr_ssp370/individual_projections/proj_ipsl.cm6a.lr_ssp370_Achillea.atrata_PA1_RUN1_ANN.tif
[2026-07-20 04:29:37] 	> Projecting Achillea.atrata_PA1_RUN2_GBM ...
[2026-07-20 04:29:38] 		Writing projection on hard drive...
[2026-07-20 04:29:38] 		 /work/data/output_disk_sp1_4cpu/Achillea.atrata/proj_ipsl.cm6a.lr_ssp370/individual_projections/proj_ipsl.cm6a.lr_ssp370_Achillea.atrata_PA1_RUN1_MAXNET.tif
[2026-07-20 04:30:11] 	> Projecting Achillea.atrata_PA1_RUN2_FDA ...
[2026-07-20 04:30:12] 		Writing projection on hard drive...
[2026-07-20 04:30:12] 		 /work/data/output_disk_sp1_4cpu/Achillea.atrata/proj_ipsl.cm6a.lr_ssp370/individual_projections/proj_ipsl.cm6a.lr_ssp370_Achillea.atrata_PA1_RUN2_ANN.tif
[2026-07-20 04:30:23] 	> Projecting Achillea.atrata_PA1_RUN3_GBM ...
[2026-07-20 04:30:24] 		Writing projection on hard drive...
[2026-07-20 04:30:24] 		 /work/data/output_disk_sp1_4cpu/Achillea.atrata/proj_ipsl.cm6a.lr_ssp370/individual_projections/proj_ipsl.cm6a.lr_ssp370_Achillea.atrata_PA1_RUN2_FDA.tif
[2026-07-20 04:31:21] 	> Projecting Achillea.atrata_PA1_RUN3_ANN ...
[2026-07-20 04:31:22] 		Writing projection on hard drive...
[2026-07-20 04:31:22] 		 /work/data/output_disk_sp1_4cpu/Achillea.atrata/proj_ipsl.cm6a.lr_ssp370/individual_projections/proj_ipsl.cm6a.lr_ssp370_Achillea.atrata_PA1_RUN3_ANN.tif
[2026-07-20 04:42:13] 	> Projecting Achillea.atrata_PA1_RUN4_GBM ...
[2026-07-20 04:42:14] 		Writing projection on hard drive...
[2026-07-20 04:42:14] 		 /work/data/output_disk_sp1_4cpu/Achillea.atrata/proj_ipsl.cm6a.lr_ssp370/individual_projections/proj_ipsl.cm6a.lr_ssp370_Achillea.atrata_PA1_RUN1_GBM.tif
[2026-07-20 04:42:54] 	> Projecting Achillea.atrata_PA1_RUN2_GLM ...
[2026-07-20 04:42:55] 		Writing projection on hard drive...
[2026-07-20 04:42:55] 		 /work/data/output_disk_sp1_4cpu/Achillea.atrata/proj_ipsl.cm6a.lr_ssp370/individual_projections/proj_ipsl.cm6a.lr_ssp370_Achillea.atrata_PA1_RUN2_GLM.tif
[2026-07-20 04:43:14] 	> Projecting Achillea.atrata_PA1_RUN2_MAXNET ...
[2026-07-20 04:43:15] 		Writing projection on hard drive...
[2026-07-20 04:43:15] 		 /work/data/output_disk_sp1_4cpu/Achillea.atrata/proj_ipsl.cm6a.lr_ssp370/individual_projections/proj_ipsl.cm6a.lr_ssp370_Achillea.atrata_PA1_RUN2_GBM.tif
[2026-07-20 04:43:41] 	> Projecting Achillea.atrata_PA1_RUN3_GLM ...
[2026-07-20 04:43:42] 		Writing projection on hard drive...
[2026-07-20 04:43:42] 		 /work/data/output_disk_sp1_4cpu/Achillea.atrata/proj_ipsl.cm6a.lr_ssp370/individual_projections/proj_ipsl.cm6a.lr_ssp370_Achillea.atrata_PA1_RUN2_MAXNET.tif
[2026-07-20 04:43:51] 	> Projecting Achillea.atrata_PA1_RUN3_FDA ...
[2026-07-20 04:43:52] 		Writing projection on hard drive...
[2026-07-20 04:43:52] 		 /work/data/output_disk_sp1_4cpu/Achillea.atrata/proj_ipsl.cm6a.lr_ssp370/individual_projections/proj_ipsl.cm6a.lr_ssp370_Achillea.atrata_PA1_RUN3_GLM.tif
[2026-07-20 04:44:07] 	> Projecting Achillea.atrata_PA1_RUN3_MAXNET ...
[2026-07-20 04:44:08] 		Writing projection on hard drive...
[2026-07-20 04:44:08] 		 /work/data/output_disk_sp1_4cpu/Achillea.atrata/proj_ipsl.cm6a.lr_ssp370/individual_projections/proj_ipsl.cm6a.lr_ssp370_Achillea.atrata_PA1_RUN3_GBM.tif
[2026-07-20 04:44:25] 	> Projecting Achillea.atrata_PA1_RUN4_GLM ...
[2026-07-20 04:44:26] 		Writing projection on hard drive...
[2026-07-20 04:44:26] 		 /work/data/output_disk_sp1_4cpu/Achillea.atrata/proj_ipsl.cm6a.lr_ssp370/individual_projections/proj_ipsl.cm6a.lr_ssp370_Achillea.atrata_PA1_RUN3_FDA.tif
[2026-07-20 04:44:37] 	> Projecting Achillea.atrata_PA1_RUN4_ANN ...
[2026-07-20 04:44:38] 		Writing projection on hard drive...
[2026-07-20 04:44:38] 		 /work/data/output_disk_sp1_4cpu/Achillea.atrata/proj_ipsl.cm6a.lr_ssp370/individual_projections/proj_ipsl.cm6a.lr_ssp370_Achillea.atrata_PA1_RUN3_MAXNET.tif
[2026-07-20 04:44:42] 	> Projecting Achillea.atrata_PA1_RUN4_FDA ...
[2026-07-20 04:44:43] 		Writing projection on hard drive...
[2026-07-20 04:44:43] 		 /work/data/output_disk_sp1_4cpu/Achillea.atrata/proj_ipsl.cm6a.lr_ssp370/individual_projections/proj_ipsl.cm6a.lr_ssp370_Achillea.atrata_PA1_RUN4_GLM.tif
[2026-07-20 04:45:27] 	> Projecting Achillea.atrata_PA1_RUN4_MAXNET ...
[2026-07-20 04:45:28] 		Writing projection on hard drive...
[2026-07-20 04:45:28] 		 /work/data/output_disk_sp1_4cpu/Achillea.atrata/proj_ipsl.cm6a.lr_ssp370/individual_projections/proj_ipsl.cm6a.lr_ssp370_Achillea.atrata_PA1_RUN4_FDA.tif
[2026-07-20 04:45:28] 	> Projecting Achillea.atrata_PA1_RUN5_ANN ...
[2026-07-20 04:45:29] 		Writing projection on hard drive...
[2026-07-20 04:45:29] 		 /work/data/output_disk_sp1_4cpu/Achillea.atrata/proj_ipsl.cm6a.lr_ssp370/individual_projections/proj_ipsl.cm6a.lr_ssp370_Achillea.atrata_PA1_RUN4_ANN.tif
[2026-07-20 04:45:32] 	> Projecting Achillea.atrata_PA1_RUN5_GBM ...
[2026-07-20 04:45:33] 		Writing projection on hard drive...
[2026-07-20 04:45:33] 		 /work/data/output_disk_sp1_4cpu/Achillea.atrata/proj_ipsl.cm6a.lr_ssp370/individual_projections/proj_ipsl.cm6a.lr_ssp370_Achillea.atrata_PA1_RUN4_MAXNET.tif
[2026-07-20 04:45:34] 	> Projecting Achillea.atrata_PA1_RUN5_FDA ...
[2026-07-20 04:45:35] 		Writing projection on hard drive...
[2026-07-20 04:45:35] 		 /work/data/output_disk_sp1_4cpu/Achillea.atrata/proj_ipsl.cm6a.lr_ssp370/individual_projections/proj_ipsl.cm6a.lr_ssp370_Achillea.atrata_PA1_RUN4_GBM.tif
[2026-07-20 04:46:10] 	> Projecting Achillea.atrata_PA1_RUN5_GLM ...
[2026-07-20 04:46:10] 		Writing projection on hard drive...
[2026-07-20 04:46:10] 		 /work/data/output_disk_sp1_4cpu/Achillea.atrata/proj_ipsl.cm6a.lr_ssp370/individual_projections/proj_ipsl.cm6a.lr_ssp370_Achillea.atrata_PA1_RUN5_GLM.tif
[2026-07-20 04:46:19] 	> Projecting Achillea.atrata_PA1_RUN5_MAXNET ...
[2026-07-20 04:46:20] 		Writing projection on hard drive...
[2026-07-20 04:46:20] 		 /work/data/output_disk_sp1_4cpu/Achillea.atrata/proj_ipsl.cm6a.lr_ssp370/individual_projections/proj_ipsl.cm6a.lr_ssp370_Achillea.atrata_PA1_RUN5_FDA.tif
[2026-07-20 04:46:26] 	> Projecting Achillea.atrata_PA2_RUN1_ANN ...
[2026-07-20 04:46:27] 		Writing projection on hard drive...
[2026-07-20 04:46:27] 		 /work/data/output_disk_sp1_4cpu/Achillea.atrata/proj_ipsl.cm6a.lr_ssp370/individual_projections/proj_ipsl.cm6a.lr_ssp370_Achillea.atrata_PA1_RUN5_ANN.tif
[2026-07-20 04:46:52] 	> Projecting Achillea.atrata_PA2_RUN1_GBM ...
[2026-07-20 04:46:53] 		Writing projection on hard drive...
[2026-07-20 04:46:53] 		 /work/data/output_disk_sp1_4cpu/Achillea.atrata/proj_ipsl.cm6a.lr_ssp370/individual_projections/proj_ipsl.cm6a.lr_ssp370_Achillea.atrata_PA1_RUN5_MAXNET.tif
[2026-07-20 04:47:14] 	> Projecting Achillea.atrata_PA2_RUN1_FDA ...
[2026-07-20 04:47:15] 		Writing projection on hard drive...
[2026-07-20 04:47:15] 		 /work/data/output_disk_sp1_4cpu/Achillea.atrata/proj_ipsl.cm6a.lr_ssp370/individual_projections/proj_ipsl.cm6a.lr_ssp370_Achillea.atrata_PA2_RUN1_ANN.tif
[2026-07-20 04:47:45] 	> Projecting Achillea.atrata_PA2_RUN2_GBM ...
[2026-07-20 04:47:45] 		Writing projection on hard drive...
[2026-07-20 04:47:45] 		 /work/data/output_disk_sp1_4cpu/Achillea.atrata/proj_ipsl.cm6a.lr_ssp370/individual_projections/proj_ipsl.cm6a.lr_ssp370_Achillea.atrata_PA2_RUN1_FDA.tif
[2026-07-20 04:48:37] 	> Projecting Achillea.atrata_PA2_RUN2_ANN ...
[2026-07-20 04:48:37] 		Writing projection on hard drive...
[2026-07-20 04:48:37] 		 /work/data/output_disk_sp1_4cpu/Achillea.atrata/proj_ipsl.cm6a.lr_ssp370/individual_projections/proj_ipsl.cm6a.lr_ssp370_Achillea.atrata_PA2_RUN2_ANN.tif
[2026-07-20 04:59:28] 	> Projecting Achillea.atrata_PA2_RUN3_GBM ...
[2026-07-20 04:59:29] 		Writing projection on hard drive...
[2026-07-20 04:59:29] 		 /work/data/output_disk_sp1_4cpu/Achillea.atrata/proj_ipsl.cm6a.lr_ssp370/individual_projections/proj_ipsl.cm6a.lr_ssp370_Achillea.atrata_PA1_RUN5_GBM.tif
[2026-07-20 05:00:05] 	> Projecting Achillea.atrata_PA2_RUN1_GLM ...
[2026-07-20 05:00:05] 		Writing projection on hard drive...
[2026-07-20 05:00:05] 		 /work/data/output_disk_sp1_4cpu/Achillea.atrata/proj_ipsl.cm6a.lr_ssp370/individual_projections/proj_ipsl.cm6a.lr_ssp370_Achillea.atrata_PA2_RUN1_GLM.tif
[2026-07-20 05:00:30] 	> Projecting Achillea.atrata_PA2_RUN1_MAXNET ...
[2026-07-20 05:00:31] 		Writing projection on hard drive...
[2026-07-20 05:00:31] 		 /work/data/output_disk_sp1_4cpu/Achillea.atrata/proj_ipsl.cm6a.lr_ssp370/individual_projections/proj_ipsl.cm6a.lr_ssp370_Achillea.atrata_PA2_RUN1_GBM.tif
[2026-07-20 05:00:39] 	> Projecting Achillea.atrata_PA2_RUN2_GLM ...
[2026-07-20 05:00:39] 		Writing projection on hard drive...
[2026-07-20 05:00:39] 		 /work/data/output_disk_sp1_4cpu/Achillea.atrata/proj_ipsl.cm6a.lr_ssp370/individual_projections/proj_ipsl.cm6a.lr_ssp370_Achillea.atrata_PA2_RUN2_GBM.tif
[2026-07-20 05:00:47] 	> Projecting Achillea.atrata_PA2_RUN3_GLM ...
[2026-07-20 05:00:48] 		Writing projection on hard drive...
[2026-07-20 05:00:48] 		 /work/data/output_disk_sp1_4cpu/Achillea.atrata/proj_ipsl.cm6a.lr_ssp370/individual_projections/proj_ipsl.cm6a.lr_ssp370_Achillea.atrata_PA2_RUN1_MAXNET.tif
[2026-07-20 05:01:06] 	> Projecting Achillea.atrata_PA2_RUN2_FDA ...
[2026-07-20 05:01:07] 		Writing projection on hard drive...
[2026-07-20 05:01:07] 		 /work/data/output_disk_sp1_4cpu/Achillea.atrata/proj_ipsl.cm6a.lr_ssp370/individual_projections/proj_ipsl.cm6a.lr_ssp370_Achillea.atrata_PA2_RUN2_GLM.tif
[2026-07-20 05:01:16] 	> Projecting Achillea.atrata_PA2_RUN2_MAXNET ...
[2026-07-20 05:01:17] 		Writing projection on hard drive...
[2026-07-20 05:01:17] 		 /work/data/output_disk_sp1_4cpu/Achillea.atrata/proj_ipsl.cm6a.lr_ssp370/individual_projections/proj_ipsl.cm6a.lr_ssp370_Achillea.atrata_PA2_RUN3_GLM.tif
[2026-07-20 05:01:36] 	> Projecting Achillea.atrata_PA2_RUN3_MAXNET ...
[2026-07-20 05:01:36] 		Writing projection on hard drive...
[2026-07-20 05:01:36] 		 /work/data/output_disk_sp1_4cpu/Achillea.atrata/proj_ipsl.cm6a.lr_ssp370/individual_projections/proj_ipsl.cm6a.lr_ssp370_Achillea.atrata_PA2_RUN2_FDA.tif
[2026-07-20 05:01:52] 	> Projecting Achillea.atrata_PA2_RUN3_ANN ...
[2026-07-20 05:01:53] 		Writing projection on hard drive...
[2026-07-20 05:01:53] 		 /work/data/output_disk_sp1_4cpu/Achillea.atrata/proj_ipsl.cm6a.lr_ssp370/individual_projections/proj_ipsl.cm6a.lr_ssp370_Achillea.atrata_PA2_RUN2_MAXNET.tif
[2026-07-20 05:01:57] 	> Projecting Achillea.atrata_PA2_RUN3_FDA ...
[2026-07-20 05:01:57] 		Writing projection on hard drive...
[2026-07-20 05:01:57] 		 /work/data/output_disk_sp1_4cpu/Achillea.atrata/proj_ipsl.cm6a.lr_ssp370/individual_projections/proj_ipsl.cm6a.lr_ssp370_Achillea.atrata_PA2_RUN3_MAXNET.tif
[2026-07-20 05:02:24] 	> Projecting Achillea.atrata_PA2_RUN4_FDA ...
[2026-07-20 05:02:25] 		Writing projection on hard drive...
[2026-07-20 05:02:25] 		 /work/data/output_disk_sp1_4cpu/Achillea.atrata/proj_ipsl.cm6a.lr_ssp370/individual_projections/proj_ipsl.cm6a.lr_ssp370_Achillea.atrata_PA2_RUN3_GBM.tif
[2026-07-20 05:02:27] 	> Projecting Achillea.atrata_PA2_RUN4_GLM ...
[2026-07-20 05:02:28] 		Writing projection on hard drive...
[2026-07-20 05:02:28] 		 /work/data/output_disk_sp1_4cpu/Achillea.atrata/proj_ipsl.cm6a.lr_ssp370/individual_projections/proj_ipsl.cm6a.lr_ssp370_Achillea.atrata_PA2_RUN3_ANN.tif
[2026-07-20 05:02:40] 	> Projecting Achillea.atrata_PA2_RUN4_GBM ...
[2026-07-20 05:02:40] 		Writing projection on hard drive...
[2026-07-20 05:02:40] 		 /work/data/output_disk_sp1_4cpu/Achillea.atrata/proj_ipsl.cm6a.lr_ssp370/individual_projections/proj_ipsl.cm6a.lr_ssp370_Achillea.atrata_PA2_RUN4_FDA.tif
[2026-07-20 05:02:43] 	> Projecting Achillea.atrata_PA2_RUN5_ANN ...
[2026-07-20 05:02:44] 		Writing projection on hard drive...
[2026-07-20 05:02:44] 		 /work/data/output_disk_sp1_4cpu/Achillea.atrata/proj_ipsl.cm6a.lr_ssp370/individual_projections/proj_ipsl.cm6a.lr_ssp370_Achillea.atrata_PA2_RUN3_FDA.tif
[2026-07-20 05:03:01] 	> Projecting Achillea.atrata_PA2_RUN4_ANN ...
[2026-07-20 05:03:02] 		Writing projection on hard drive...
[2026-07-20 05:03:02] 		 /work/data/output_disk_sp1_4cpu/Achillea.atrata/proj_ipsl.cm6a.lr_ssp370/individual_projections/proj_ipsl.cm6a.lr_ssp370_Achillea.atrata_PA2_RUN4_GLM.tif
[2026-07-20 05:03:27] 	> Projecting Achillea.atrata_PA2_RUN4_MAXNET ...
[2026-07-20 05:03:27] 		Writing projection on hard drive...
[2026-07-20 05:03:27] 		 /work/data/output_disk_sp1_4cpu/Achillea.atrata/proj_ipsl.cm6a.lr_ssp370/individual_projections/proj_ipsl.cm6a.lr_ssp370_Achillea.atrata_PA2_RUN5_ANN.tif
[2026-07-20 05:03:34] 	> Projecting Achillea.atrata_PA3_RUN1_GBM ...
[2026-07-20 05:03:35] 		Writing projection on hard drive...
[2026-07-20 05:03:35] 		 /work/data/output_disk_sp1_4cpu/Achillea.atrata/proj_ipsl.cm6a.lr_ssp370/individual_projections/proj_ipsl.cm6a.lr_ssp370_Achillea.atrata_PA2_RUN4_ANN.tif
[2026-07-20 05:03:48] 	> Projecting Achillea.atrata_PA2_RUN5_GBM ...
[2026-07-20 05:03:49] 		Writing projection on hard drive...
[2026-07-20 05:03:49] 		 /work/data/output_disk_sp1_4cpu/Achillea.atrata/proj_ipsl.cm6a.lr_ssp370/individual_projections/proj_ipsl.cm6a.lr_ssp370_Achillea.atrata_PA2_RUN4_MAXNET.tif
[2026-07-20 05:04:39] 	> Projecting Achillea.atrata_PA2_RUN5_FDA ...
[2026-07-20 05:04:39] 		Writing projection on hard drive...
[2026-07-20 05:04:39] 		 /work/data/output_disk_sp1_4cpu/Achillea.atrata/proj_ipsl.cm6a.lr_ssp370/individual_projections/proj_ipsl.cm6a.lr_ssp370_Achillea.atrata_PA2_RUN5_FDA.tif
[2026-07-20 05:05:35] 	> Projecting Achillea.atrata_PA3_RUN1_ANN ...
[2026-07-20 05:05:36] 		Writing projection on hard drive...
[2026-07-20 05:05:36] 		 /work/data/output_disk_sp1_4cpu/Achillea.atrata/proj_ipsl.cm6a.lr_ssp370/individual_projections/proj_ipsl.cm6a.lr_ssp370_Achillea.atrata_PA3_RUN1_ANN.tif
[2026-07-20 05:16:25] 	> Projecting Achillea.atrata_PA3_RUN2_GBM ...
[2026-07-20 05:16:26] 		Writing projection on hard drive...
[2026-07-20 05:16:26] 		 /work/data/output_disk_sp1_4cpu/Achillea.atrata/proj_ipsl.cm6a.lr_ssp370/individual_projections/proj_ipsl.cm6a.lr_ssp370_Achillea.atrata_PA2_RUN4_GBM.tif
[2026-07-20 05:16:59] 	> Projecting Achillea.atrata_PA2_RUN5_GLM ...
[2026-07-20 05:17:00] 		Writing projection on hard drive...
[2026-07-20 05:17:00] 		 /work/data/output_disk_sp1_4cpu/Achillea.atrata/proj_ipsl.cm6a.lr_ssp370/individual_projections/proj_ipsl.cm6a.lr_ssp370_Achillea.atrata_PA2_RUN5_GLM.tif
[2026-07-20 05:17:25] 	> Projecting Achillea.atrata_PA2_RUN5_MAXNET ...
[2026-07-20 05:17:26] 		Writing projection on hard drive...
[2026-07-20 05:17:26] 		 /work/data/output_disk_sp1_4cpu/Achillea.atrata/proj_ipsl.cm6a.lr_ssp370/individual_projections/proj_ipsl.cm6a.lr_ssp370_Achillea.atrata_PA2_RUN5_GBM.tif
[2026-07-20 05:17:27] 	> Projecting Achillea.atrata_PA3_RUN1_GLM ...
[2026-07-20 05:17:28] 		Writing projection on hard drive...
[2026-07-20 05:17:28] 		 /work/data/output_disk_sp1_4cpu/Achillea.atrata/proj_ipsl.cm6a.lr_ssp370/individual_projections/proj_ipsl.cm6a.lr_ssp370_Achillea.atrata_PA3_RUN1_GBM.tif
[2026-07-20 05:17:42] 	> Projecting Achillea.atrata_PA3_RUN2_GLM ...
[2026-07-20 05:17:43] 		Writing projection on hard drive...
[2026-07-20 05:17:43] 		 /work/data/output_disk_sp1_4cpu/Achillea.atrata/proj_ipsl.cm6a.lr_ssp370/individual_projections/proj_ipsl.cm6a.lr_ssp370_Achillea.atrata_PA2_RUN5_MAXNET.tif
[2026-07-20 05:17:57] 	> Projecting Achillea.atrata_PA3_RUN1_FDA ...
[2026-07-20 05:17:57] 		Writing projection on hard drive...
[2026-07-20 05:17:57] 		 /work/data/output_disk_sp1_4cpu/Achillea.atrata/proj_ipsl.cm6a.lr_ssp370/individual_projections/proj_ipsl.cm6a.lr_ssp370_Achillea.atrata_PA3_RUN2_GLM.tif
[2026-07-20 05:18:00] 	> Projecting Achillea.atrata_PA3_RUN2_MAXNET ...
[2026-07-20 05:18:01] 		Writing projection on hard drive...
[2026-07-20 05:18:01] 		 /work/data/output_disk_sp1_4cpu/Achillea.atrata/proj_ipsl.cm6a.lr_ssp370/individual_projections/proj_ipsl.cm6a.lr_ssp370_Achillea.atrata_PA3_RUN1_GLM.tif
[2026-07-20 05:18:26] 	> Projecting Achillea.atrata_PA3_RUN1_MAXNET ...
[2026-07-20 05:18:27] 		Writing projection on hard drive...
[2026-07-20 05:18:27] 		 /work/data/output_disk_sp1_4cpu/Achillea.atrata/proj_ipsl.cm6a.lr_ssp370/individual_projections/proj_ipsl.cm6a.lr_ssp370_Achillea.atrata_PA3_RUN1_FDA.tif
[2026-07-20 05:18:35] 	> Projecting Achillea.atrata_PA3_RUN2_ANN ...
[2026-07-20 05:18:36] 		Writing projection on hard drive...
[2026-07-20 05:18:36] 		 /work/data/output_disk_sp1_4cpu/Achillea.atrata/proj_ipsl.cm6a.lr_ssp370/individual_projections/proj_ipsl.cm6a.lr_ssp370_Achillea.atrata_PA3_RUN2_MAXNET.tif
[2026-07-20 05:18:41] 	> Projecting Achillea.atrata_PA3_RUN3_FDA ...
[2026-07-20 05:18:42] 		Writing projection on hard drive...
[2026-07-20 05:18:42] 		 /work/data/output_disk_sp1_4cpu/Achillea.atrata/proj_ipsl.cm6a.lr_ssp370/individual_projections/proj_ipsl.cm6a.lr_ssp370_Achillea.atrata_PA3_RUN1_MAXNET.tif
[2026-07-20 05:19:12] 	> Projecting Achillea.atrata_PA3_RUN2_FDA ...
[2026-07-20 05:19:13] 		Writing projection on hard drive...
[2026-07-20 05:19:13] 		 /work/data/output_disk_sp1_4cpu/Achillea.atrata/proj_ipsl.cm6a.lr_ssp370/individual_projections/proj_ipsl.cm6a.lr_ssp370_Achillea.atrata_PA3_RUN3_FDA.tif
[2026-07-20 05:19:21] 	> Projecting Achillea.atrata_PA3_RUN4_ANN ...
[2026-07-20 05:19:22] 		Writing projection on hard drive...
[2026-07-20 05:19:22] 		 /work/data/output_disk_sp1_4cpu/Achillea.atrata/proj_ipsl.cm6a.lr_ssp370/individual_projections/proj_ipsl.cm6a.lr_ssp370_Achillea.atrata_PA3_RUN2_ANN.tif
[2026-07-20 05:19:25] 	> Projecting Achillea.atrata_PA3_RUN3_GBM ...
[2026-07-20 05:19:25] 		Writing projection on hard drive...
[2026-07-20 05:19:25] 		 /work/data/output_disk_sp1_4cpu/Achillea.atrata/proj_ipsl.cm6a.lr_ssp370/individual_projections/proj_ipsl.cm6a.lr_ssp370_Achillea.atrata_PA3_RUN2_FDA.tif
[2026-07-20 05:20:01] 	> Projecting Achillea.atrata_PA3_RUN3_ANN ...
[2026-07-20 05:20:02] 		Writing projection on hard drive...
[2026-07-20 05:20:02] 		 /work/data/output_disk_sp1_4cpu/Achillea.atrata/proj_ipsl.cm6a.lr_ssp370/individual_projections/proj_ipsl.cm6a.lr_ssp370_Achillea.atrata_PA3_RUN2_GBM.tif
[2026-07-20 05:20:05] 	> Projecting Achillea.atrata_PA3_RUN3_GLM ...
[2026-07-20 05:20:06] 		Writing projection on hard drive...
[2026-07-20 05:20:06] 		 /work/data/output_disk_sp1_4cpu/Achillea.atrata/proj_ipsl.cm6a.lr_ssp370/individual_projections/proj_ipsl.cm6a.lr_ssp370_Achillea.atrata_PA3_RUN4_ANN.tif
[2026-07-20 05:20:31] 	> Projecting Achillea.atrata_PA3_RUN5_GBM ...
[2026-07-20 05:20:31] 		Writing projection on hard drive...
[2026-07-20 05:20:31] 		 /work/data/output_disk_sp1_4cpu/Achillea.atrata/proj_ipsl.cm6a.lr_ssp370/individual_projections/proj_ipsl.cm6a.lr_ssp370_Achillea.atrata_PA3_RUN3_ANN.tif
[2026-07-20 05:20:36] 	> Projecting Achillea.atrata_PA3_RUN4_GBM ...
[2026-07-20 05:20:37] 		Writing projection on hard drive...
[2026-07-20 05:20:37] 		 /work/data/output_disk_sp1_4cpu/Achillea.atrata/proj_ipsl.cm6a.lr_ssp370/individual_projections/proj_ipsl.cm6a.lr_ssp370_Achillea.atrata_PA3_RUN3_GLM.tif
[2026-07-20 05:21:20] 	> Projecting Achillea.atrata_PA3_RUN3_MAXNET ...
[2026-07-20 05:21:20] 		Writing projection on hard drive...
[2026-07-20 05:21:20] 		 /work/data/output_disk_sp1_4cpu/Achillea.atrata/proj_ipsl.cm6a.lr_ssp370/individual_projections/proj_ipsl.cm6a.lr_ssp370_Achillea.atrata_PA3_RUN3_MAXNET.tif
[2026-07-20 05:22:10] 	> Projecting Achillea.atrata_PA3_RUN4_FDA ...
[2026-07-20 05:22:10] 		Writing projection on hard drive...
[2026-07-20 05:22:10] 		 /work/data/output_disk_sp1_4cpu/Achillea.atrata/proj_ipsl.cm6a.lr_ssp370/individual_projections/proj_ipsl.cm6a.lr_ssp370_Achillea.atrata_PA3_RUN4_FDA.tif
[2026-07-20 05:23:03] 	> Projecting Achillea.atrata_PA3_RUN5_ANN ...
[2026-07-20 05:23:04] 		Writing projection on hard drive...
[2026-07-20 05:23:04] 		 /work/data/output_disk_sp1_4cpu/Achillea.atrata/proj_ipsl.cm6a.lr_ssp370/individual_projections/proj_ipsl.cm6a.lr_ssp370_Achillea.atrata_PA3_RUN5_ANN.tif
[2026-07-20 05:33:34] 	> Projecting Achillea.atrata_PA4_RUN1_GBM ...
[2026-07-20 05:33:35] 		Writing projection on hard drive...
[2026-07-20 05:33:35] 		 /work/data/output_disk_sp1_4cpu/Achillea.atrata/proj_ipsl.cm6a.lr_ssp370/individual_projections/proj_ipsl.cm6a.lr_ssp370_Achillea.atrata_PA3_RUN3_GBM.tif
[2026-07-20 05:33:48] 	> Projecting Achillea.atrata_PA3_RUN4_GLM ...
[2026-07-20 05:33:48] 		Writing projection on hard drive...
[2026-07-20 05:33:48] 		 /work/data/output_disk_sp1_4cpu/Achillea.atrata/proj_ipsl.cm6a.lr_ssp370/individual_projections/proj_ipsl.cm6a.lr_ssp370_Achillea.atrata_PA3_RUN5_GBM.tif
[2026-07-20 05:34:09] 	> Projecting Achillea.atrata_PA4_RUN1_GLM ...
[2026-07-20 05:34:10] 		Writing projection on hard drive...
[2026-07-20 05:34:10] 		 /work/data/output_disk_sp1_4cpu/Achillea.atrata/proj_ipsl.cm6a.lr_ssp370/individual_projections/proj_ipsl.cm6a.lr_ssp370_Achillea.atrata_PA3_RUN4_GLM.tif
[2026-07-20 05:34:10] 	> Projecting Achillea.atrata_PA3_RUN4_MAXNET ...
[2026-07-20 05:34:11] 		Writing projection on hard drive...
[2026-07-20 05:34:11] 		 /work/data/output_disk_sp1_4cpu/Achillea.atrata/proj_ipsl.cm6a.lr_ssp370/individual_projections/proj_ipsl.cm6a.lr_ssp370_Achillea.atrata_PA3_RUN4_GBM.tif
[2026-07-20 05:34:17] 	> Projecting Achillea.atrata_PA3_RUN5_GLM ...
[2026-07-20 05:34:18] 		Writing projection on hard drive...
[2026-07-20 05:34:18] 		 /work/data/output_disk_sp1_4cpu/Achillea.atrata/proj_ipsl.cm6a.lr_ssp370/individual_projections/proj_ipsl.cm6a.lr_ssp370_Achillea.atrata_PA4_RUN1_GLM.tif
[2026-07-20 05:34:46] 	> Projecting Achillea.atrata_PA4_RUN1_MAXNET ...
[2026-07-20 05:34:46] 		Writing projection on hard drive...
[2026-07-20 05:34:46] 		 /work/data/output_disk_sp1_4cpu/Achillea.atrata/proj_ipsl.cm6a.lr_ssp370/individual_projections/proj_ipsl.cm6a.lr_ssp370_Achillea.atrata_PA3_RUN5_GLM.tif
[2026-07-20 05:34:50] 	> Projecting Achillea.atrata_PA3_RUN5_MAXNET ...
[2026-07-20 05:34:50] 		Writing projection on hard drive...
[2026-07-20 05:34:50] 		 /work/data/output_disk_sp1_4cpu/Achillea.atrata/proj_ipsl.cm6a.lr_ssp370/individual_projections/proj_ipsl.cm6a.lr_ssp370_Achillea.atrata_PA3_RUN4_MAXNET.tif
[2026-07-20 05:34:53] 	> Projecting Achillea.atrata_PA3_RUN5_FDA ...
[2026-07-20 05:34:54] 		Writing projection on hard drive...
[2026-07-20 05:34:54] 		 /work/data/output_disk_sp1_4cpu/Achillea.atrata/proj_ipsl.cm6a.lr_ssp370/individual_projections/proj_ipsl.cm6a.lr_ssp370_Achillea.atrata_PA4_RUN1_MAXNET.tif
[2026-07-20 05:35:30] 	> Projecting Achillea.atrata_PA4_RUN2_FDA ...
[2026-07-20 05:35:31] 		Writing projection on hard drive...
[2026-07-20 05:35:31] 		 /work/data/output_disk_sp1_4cpu/Achillea.atrata/proj_ipsl.cm6a.lr_ssp370/individual_projections/proj_ipsl.cm6a.lr_ssp370_Achillea.atrata_PA3_RUN5_MAXNET.tif
[2026-07-20 05:35:37] 	> Projecting Achillea.atrata_PA4_RUN1_FDA ...
[2026-07-20 05:35:37] 		Writing projection on hard drive...
[2026-07-20 05:35:37] 		 /work/data/output_disk_sp1_4cpu/Achillea.atrata/proj_ipsl.cm6a.lr_ssp370/individual_projections/proj_ipsl.cm6a.lr_ssp370_Achillea.atrata_PA4_RUN2_FDA.tif
[2026-07-20 05:35:38] 	> Projecting Achillea.atrata_PA4_RUN3_ANN ...
[2026-07-20 05:35:39] 		Writing projection on hard drive...
[2026-07-20 05:35:39] 		 /work/data/output_disk_sp1_4cpu/Achillea.atrata/proj_ipsl.cm6a.lr_ssp370/individual_projections/proj_ipsl.cm6a.lr_ssp370_Achillea.atrata_PA3_RUN5_FDA.tif
[2026-07-20 05:36:13] 	> Projecting Achillea.atrata_PA4_RUN1_ANN ...
[2026-07-20 05:36:14] 		Writing projection on hard drive...
[2026-07-20 05:36:14] 		 /work/data/output_disk_sp1_4cpu/Achillea.atrata/proj_ipsl.cm6a.lr_ssp370/individual_projections/proj_ipsl.cm6a.lr_ssp370_Achillea.atrata_PA4_RUN1_FDA.tif
[2026-07-20 05:36:26] 	> Projecting Achillea.atrata_PA4_RUN2_ANN ...
[2026-07-20 05:36:26] 		Writing projection on hard drive...
[2026-07-20 05:36:26] 		 /work/data/output_disk_sp1_4cpu/Achillea.atrata/proj_ipsl.cm6a.lr_ssp370/individual_projections/proj_ipsl.cm6a.lr_ssp370_Achillea.atrata_PA4_RUN3_ANN.tif
[2026-07-20 05:36:30] 	> Projecting Achillea.atrata_PA4_RUN4_GBM ...
[2026-07-20 05:36:31] 		Writing projection on hard drive...
[2026-07-20 05:36:31] 		 /work/data/output_disk_sp1_4cpu/Achillea.atrata/proj_ipsl.cm6a.lr_ssp370/individual_projections/proj_ipsl.cm6a.lr_ssp370_Achillea.atrata_PA4_RUN1_ANN.tif
[2026-07-20 05:37:02] 	> Projecting Achillea.atrata_PA4_RUN2_GBM ...
[2026-07-20 05:37:03] 		Writing projection on hard drive...
[2026-07-20 05:37:03] 		 /work/data/output_disk_sp1_4cpu/Achillea.atrata/proj_ipsl.cm6a.lr_ssp370/individual_projections/proj_ipsl.cm6a.lr_ssp370_Achillea.atrata_PA4_RUN2_ANN.tif
[2026-07-20 05:37:06] 	> Projecting Achillea.atrata_PA4_RUN3_GBM ...
[2026-07-20 05:37:07] 		Writing projection on hard drive...
[2026-07-20 05:37:07] 		 /work/data/output_disk_sp1_4cpu/Achillea.atrata/proj_ipsl.cm6a.lr_ssp370/individual_projections/proj_ipsl.cm6a.lr_ssp370_Achillea.atrata_PA4_RUN1_GBM.tif
[2026-07-20 05:37:42] 	> Projecting Achillea.atrata_PA4_RUN2_GLM ...
[2026-07-20 05:37:43] 		Writing projection on hard drive...
[2026-07-20 05:37:43] 		 /work/data/output_disk_sp1_4cpu/Achillea.atrata/proj_ipsl.cm6a.lr_ssp370/individual_projections/proj_ipsl.cm6a.lr_ssp370_Achillea.atrata_PA4_RUN2_GLM.tif
[2026-07-20 05:38:27] 	> Projecting Achillea.atrata_PA4_RUN2_MAXNET ...
[2026-07-20 05:38:28] 		Writing projection on hard drive...
[2026-07-20 05:38:28] 		 /work/data/output_disk_sp1_4cpu/Achillea.atrata/proj_ipsl.cm6a.lr_ssp370/individual_projections/proj_ipsl.cm6a.lr_ssp370_Achillea.atrata_PA4_RUN2_MAXNET.tif
[2026-07-20 05:39:15] 	> Projecting Achillea.atrata_PA4_RUN3_FDA ...
[2026-07-20 05:39:16] 		Writing projection on hard drive...
[2026-07-20 05:39:16] 		 /work/data/output_disk_sp1_4cpu/Achillea.atrata/proj_ipsl.cm6a.lr_ssp370/individual_projections/proj_ipsl.cm6a.lr_ssp370_Achillea.atrata_PA4_RUN3_FDA.tif
[2026-07-20 05:40:06] 	> Projecting Achillea.atrata_PA4_RUN4_ANN ...
[2026-07-20 05:40:06] 		Writing projection on hard drive...
[2026-07-20 05:40:06] 		 /work/data/output_disk_sp1_4cpu/Achillea.atrata/proj_ipsl.cm6a.lr_ssp370/individual_projections/proj_ipsl.cm6a.lr_ssp370_Achillea.atrata_PA4_RUN4_ANN.tif
[2026-07-20 05:50:27] 	> Projecting Achillea.atrata_PA4_RUN5_GBM ...
[2026-07-20 05:50:27] 		Writing projection on hard drive...
[2026-07-20 05:50:28] 		Writing projection on hard drive...
[2026-07-20 05:50:28] 		 /work/data/output_disk_sp1_4cpu/Achillea.atrata/proj_ipsl.cm6a.lr_ssp370/individual_projections/proj_ipsl.cm6a.lr_ssp370_Achillea.atrata_PA4_RUN2_GBM.tif
[2026-07-20 05:50:28] 	> Projecting Achillea.atrata_PA4_RUN3_GLM ...
[2026-07-20 05:50:28] 		 /work/data/output_disk_sp1_4cpu/Achillea.atrata/proj_ipsl.cm6a.lr_ssp370/individual_projections/proj_ipsl.cm6a.lr_ssp370_Achillea.atrata_PA4_RUN4_GBM.tif
[2026-07-20 05:50:55] 	> Projecting Achillea.atrata_PA4_RUN5_GLM ...
[2026-07-20 05:50:56] 		Writing projection on hard drive...
[2026-07-20 05:50:56] 		 /work/data/output_disk_sp1_4cpu/Achillea.atrata/proj_ipsl.cm6a.lr_ssp370/individual_projections/proj_ipsl.cm6a.lr_ssp370_Achillea.atrata_PA4_RUN5_GLM.tif
[2026-07-20 05:51:00] 	> Projecting Achillea.atrata_PA4_RUN5_MAXNET ...
[2026-07-20 05:51:01] 		Writing projection on hard drive...
[2026-07-20 05:51:01] 		Writing projection on hard drive...
[2026-07-20 05:51:01] 		 /work/data/output_disk_sp1_4cpu/Achillea.atrata/proj_ipsl.cm6a.lr_ssp370/individual_projections/proj_ipsl.cm6a.lr_ssp370_Achillea.atrata_PA4_RUN3_GLM.tif
[2026-07-20 05:51:01] 	> Projecting Achillea.atrata_PA4_RUN3_MAXNET ...
[2026-07-20 05:51:01] 		 /work/data/output_disk_sp1_4cpu/Achillea.atrata/proj_ipsl.cm6a.lr_ssp370/individual_projections/proj_ipsl.cm6a.lr_ssp370_Achillea.atrata_PA4_RUN3_GBM.tif
[2026-07-20 05:51:33] 	> Projecting Achillea.atrata_PA4_RUN4_GLM ...
[2026-07-20 05:51:33] 		Writing projection on hard drive...
[2026-07-20 05:51:34] 		Writing projection on hard drive...
[2026-07-20 05:51:34] 		 /work/data/output_disk_sp1_4cpu/Achillea.atrata/proj_ipsl.cm6a.lr_ssp370/individual_projections/proj_ipsl.cm6a.lr_ssp370_Achillea.atrata_PA4_RUN4_GLM.tif
[2026-07-20 05:51:34] 	> Projecting Achillea.atrata_PA4_RUN4_MAXNET ...
[2026-07-20 05:51:34] 		 /work/data/output_disk_sp1_4cpu/Achillea.atrata/proj_ipsl.cm6a.lr_ssp370/individual_projections/proj_ipsl.cm6a.lr_ssp370_Achillea.atrata_PA4_RUN5_MAXNET.tif
[2026-07-20 05:51:36] 	> Projecting Achillea.atrata_PA5_RUN1_FDA ...
[2026-07-20 05:51:37] 		Writing projection on hard drive...
[2026-07-20 05:51:37] 		 /work/data/output_disk_sp1_4cpu/Achillea.atrata/proj_ipsl.cm6a.lr_ssp370/individual_projections/proj_ipsl.cm6a.lr_ssp370_Achillea.atrata_PA4_RUN3_MAXNET.tif
[2026-07-20 05:52:08] 	> Projecting Achillea.atrata_PA4_RUN4_FDA ...
[2026-07-20 05:52:08] 		Writing projection on hard drive...
[2026-07-20 05:52:08] 		 /work/data/output_disk_sp1_4cpu/Achillea.atrata/proj_ipsl.cm6a.lr_ssp370/individual_projections/proj_ipsl.cm6a.lr_ssp370_Achillea.atrata_PA4_RUN4_MAXNET.tif
[2026-07-20 05:52:17] 	> Projecting Achillea.atrata_PA4_RUN5_FDA ...
[2026-07-20 05:52:17] 		Writing projection on hard drive...
[2026-07-20 05:52:18] 		Writing projection on hard drive...
[2026-07-20 05:52:18] 		 /work/data/output_disk_sp1_4cpu/Achillea.atrata/proj_ipsl.cm6a.lr_ssp370/individual_projections/proj_ipsl.cm6a.lr_ssp370_Achillea.atrata_PA4_RUN4_FDA.tif
[2026-07-20 05:52:18] 	> Projecting Achillea.atrata_PA4_RUN5_ANN ...
[2026-07-20 05:52:18] 		 /work/data/output_disk_sp1_4cpu/Achillea.atrata/proj_ipsl.cm6a.lr_ssp370/individual_projections/proj_ipsl.cm6a.lr_ssp370_Achillea.atrata_PA5_RUN1_FDA.tif
[2026-07-20 05:52:52] 	> Projecting Achillea.atrata_PA5_RUN2_ANN ...
[2026-07-20 05:52:52] 		Writing projection on hard drive...
[2026-07-20 05:52:52] 		 /work/data/output_disk_sp1_4cpu/Achillea.atrata/proj_ipsl.cm6a.lr_ssp370/individual_projections/proj_ipsl.cm6a.lr_ssp370_Achillea.atrata_PA4_RUN5_FDA.tif
[2026-07-20 05:53:06] 	> Projecting Achillea.atrata_PA5_RUN1_ANN ...
[2026-07-20 05:53:06] 		Writing projection on hard drive...
[2026-07-20 05:53:06] 		 /work/data/output_disk_sp1_4cpu/Achillea.atrata/proj_ipsl.cm6a.lr_ssp370/individual_projections/proj_ipsl.cm6a.lr_ssp370_Achillea.atrata_PA5_RUN2_ANN.tif
[2026-07-20 05:53:19] 	> Projecting Achillea.atrata_PA5_RUN3_GBM ...
[2026-07-20 05:53:20] 		Writing projection on hard drive...
[2026-07-20 05:53:20] 		 /work/data/output_disk_sp1_4cpu/Achillea.atrata/proj_ipsl.cm6a.lr_ssp370/individual_projections/proj_ipsl.cm6a.lr_ssp370_Achillea.atrata_PA4_RUN5_ANN.tif
[2026-07-20 05:53:46] 	> Projecting Achillea.atrata_PA5_RUN1_GBM ...
[2026-07-20 05:53:47] 		Writing projection on hard drive...
[2026-07-20 05:53:47] 		 /work/data/output_disk_sp1_4cpu/Achillea.atrata/proj_ipsl.cm6a.lr_ssp370/individual_projections/proj_ipsl.cm6a.lr_ssp370_Achillea.atrata_PA5_RUN1_ANN.tif
[2026-07-20 05:54:13] 	> Projecting Achillea.atrata_PA5_RUN2_GBM ...
[2026-07-20 05:54:14] 		Writing projection on hard drive...
[2026-07-20 05:54:14] 		 /work/data/output_disk_sp1_4cpu/Achillea.atrata/proj_ipsl.cm6a.lr_ssp370/individual_projections/proj_ipsl.cm6a.lr_ssp370_Achillea.atrata_PA4_RUN5_GBM.tif
[2026-07-20 05:54:47] 	> Projecting Achillea.atrata_PA5_RUN1_GLM ...
[2026-07-20 05:54:48] 		Writing projection on hard drive...
[2026-07-20 05:54:48] 		 /work/data/output_disk_sp1_4cpu/Achillea.atrata/proj_ipsl.cm6a.lr_ssp370/individual_projections/proj_ipsl.cm6a.lr_ssp370_Achillea.atrata_PA5_RUN1_GLM.tif
[2026-07-20 05:55:33] 	> Projecting Achillea.atrata_PA5_RUN1_MAXNET ...
[2026-07-20 05:55:34] 		Writing projection on hard drive...
[2026-07-20 05:55:34] 		 /work/data/output_disk_sp1_4cpu/Achillea.atrata/proj_ipsl.cm6a.lr_ssp370/individual_projections/proj_ipsl.cm6a.lr_ssp370_Achillea.atrata_PA5_RUN1_MAXNET.tif
[2026-07-20 05:56:20] 	> Projecting Achillea.atrata_PA5_RUN2_FDA ...
[2026-07-20 05:56:21] 		Writing projection on hard drive...
[2026-07-20 05:56:21] 		 /work/data/output_disk_sp1_4cpu/Achillea.atrata/proj_ipsl.cm6a.lr_ssp370/individual_projections/proj_ipsl.cm6a.lr_ssp370_Achillea.atrata_PA5_RUN2_FDA.tif
[2026-07-20 05:57:07] 	> Projecting Achillea.atrata_PA5_RUN3_ANN ...
[2026-07-20 05:57:07] 		Writing projection on hard drive...
[2026-07-20 05:57:07] 		 /work/data/output_disk_sp1_4cpu/Achillea.atrata/proj_ipsl.cm6a.lr_ssp370/individual_projections/proj_ipsl.cm6a.lr_ssp370_Achillea.atrata_PA5_RUN3_ANN.tif
[2026-07-20 06:06:53] 	> Projecting Achillea.atrata_PA5_RUN4_GBM ...
[2026-07-20 06:06:54] 		Writing projection on hard drive...
[2026-07-20 06:06:54] 		 /work/data/output_disk_sp1_4cpu/Achillea.atrata/proj_ipsl.cm6a.lr_ssp370/individual_projections/proj_ipsl.cm6a.lr_ssp370_Achillea.atrata_PA5_RUN3_GBM.tif
[2026-07-20 06:07:06] 	> Projecting Achillea.atrata_PA5_RUN4_GLM ...
[2026-07-20 06:07:06] 		Writing projection on hard drive...
[2026-07-20 06:07:06] 		 /work/data/output_disk_sp1_4cpu/Achillea.atrata/proj_ipsl.cm6a.lr_ssp370/individual_projections/proj_ipsl.cm6a.lr_ssp370_Achillea.atrata_PA5_RUN2_GBM.tif
[2026-07-20 06:07:12] 	> Projecting Achillea.atrata_PA5_RUN3_GLM ...
[2026-07-20 06:07:13] 		Writing projection on hard drive...
[2026-07-20 06:07:13] 		 /work/data/output_disk_sp1_4cpu/Achillea.atrata/proj_ipsl.cm6a.lr_ssp370/individual_projections/proj_ipsl.cm6a.lr_ssp370_Achillea.atrata_PA5_RUN1_GBM.tif
[2026-07-20 06:07:31] 	> Projecting Achillea.atrata_PA5_RUN2_GLM ...
[2026-07-20 06:07:32] 		Writing projection on hard drive...
[2026-07-20 06:07:32] 		 /work/data/output_disk_sp1_4cpu/Achillea.atrata/proj_ipsl.cm6a.lr_ssp370/individual_projections/proj_ipsl.cm6a.lr_ssp370_Achillea.atrata_PA5_RUN4_GLM.tif
[2026-07-20 06:07:36] 	> Projecting Achillea.atrata_PA5_RUN4_MAXNET ...
[2026-07-20 06:07:36] 		Writing projection on hard drive...
[2026-07-20 06:07:36] 		 /work/data/output_disk_sp1_4cpu/Achillea.atrata/proj_ipsl.cm6a.lr_ssp370/individual_projections/proj_ipsl.cm6a.lr_ssp370_Achillea.atrata_PA5_RUN3_GLM.tif
[2026-07-20 06:07:43] 	> Projecting Achillea.atrata_PA5_RUN3_MAXNET ...
[2026-07-20 06:07:43] 		Writing projection on hard drive...
[2026-07-20 06:07:43] 		 /work/data/output_disk_sp1_4cpu/Achillea.atrata/proj_ipsl.cm6a.lr_ssp370/individual_projections/proj_ipsl.cm6a.lr_ssp370_Achillea.atrata_PA5_RUN2_GLM.tif
[2026-07-20 06:08:13] 	> Projecting Achillea.atrata_PA5_RUN2_MAXNET ...
[2026-07-20 06:08:14] 		Writing projection on hard drive...
[2026-07-20 06:08:14] 		 /work/data/output_disk_sp1_4cpu/Achillea.atrata/proj_ipsl.cm6a.lr_ssp370/individual_projections/proj_ipsl.cm6a.lr_ssp370_Achillea.atrata_PA5_RUN3_MAXNET.tif
[2026-07-20 06:08:16] 	> Projecting Achillea.atrata_PA5_RUN4_FDA ...
[2026-07-20 06:08:17] 		Writing projection on hard drive...
[2026-07-20 06:08:17] 		 /work/data/output_disk_sp1_4cpu/Achillea.atrata/proj_ipsl.cm6a.lr_ssp370/individual_projections/proj_ipsl.cm6a.lr_ssp370_Achillea.atrata_PA5_RUN4_MAXNET.tif
[2026-07-20 06:08:20] 	> Projecting Achillea.atrata_PA5_RUN5_FDA ...
[2026-07-20 06:08:21] 		Writing projection on hard drive...
[2026-07-20 06:08:21] 		 /work/data/output_disk_sp1_4cpu/Achillea.atrata/proj_ipsl.cm6a.lr_ssp370/individual_projections/proj_ipsl.cm6a.lr_ssp370_Achillea.atrata_PA5_RUN2_MAXNET.tif
[2026-07-20 06:08:55] 	> Projecting Achillea.atrata_PA5_RUN3_FDA ...
[2026-07-20 06:08:56] 		Writing projection on hard drive...
[2026-07-20 06:08:56] 		 /work/data/output_disk_sp1_4cpu/Achillea.atrata/proj_ipsl.cm6a.lr_ssp370/individual_projections/proj_ipsl.cm6a.lr_ssp370_Achillea.atrata_PA5_RUN4_FDA.tif
[2026-07-20 06:09:08] 	> Projecting Achillea.atrata_PA5_RUN5_ANN ...
[2026-07-20 06:09:09] 		Writing projection on hard drive...
[2026-07-20 06:09:09] 		 /work/data/output_disk_sp1_4cpu/Achillea.atrata/proj_ipsl.cm6a.lr_ssp370/individual_projections/proj_ipsl.cm6a.lr_ssp370_Achillea.atrata_PA5_RUN3_FDA.tif
[2026-07-20 06:09:10] 	> Projecting Achillea.atrata_PA5_RUN4_ANN ...
[2026-07-20 06:09:10] 		Writing projection on hard drive...
[2026-07-20 06:09:50] 		 /work/data/output_disk_sp1_4cpu/Achillea.atrata/proj_ipsl.cm6a.lr_ssp370/individual_projections/proj_ipsl.cm6a.lr_ssp370_Achillea.atrata_PA5_RUN5_FDA.tif
[2026-07-20 06:09:51] 		Writing projection on hard drive...
[2026-07-20 06:09:59] 		 /work/data/output_disk_sp1_4cpu/Achillea.atrata/proj_ipsl.cm6a.lr_ssp370/individual_projections/proj_ipsl.cm6a.lr_ssp370_Achillea.atrata_PA5_RUN5_ANN.tif
[2026-07-20 06:09:59] 		Writing projection on hard drive...
[2026-07-20 06:09:59] 		 /work/data/output_disk_sp1_4cpu/Achillea.atrata/proj_ipsl.cm6a.lr_ssp370/individual_projections/proj_ipsl.cm6a.lr_ssp370_Achillea.atrata_PA5_RUN4_ANN.tif
[2026-07-20 06:11:11] 	> Projecting Achillea.atrata_PA5_RUN5_GBM ...
[2026-07-20 06:11:12] 		Writing projection on hard drive...
[2026-07-20 06:11:12] 		 /work/data/output_disk_sp1_4cpu/Achillea.atrata/proj_ipsl.cm6a.lr_ssp370/individual_projections/proj_ipsl.cm6a.lr_ssp370_Achillea.atrata_PA5_RUN4_GBM.tif
[2026-07-20 06:11:48] 	> Projecting Achillea.atrata_PA5_RUN5_GLM ...
[2026-07-20 06:11:49] 		Writing projection on hard drive...
[2026-07-20 06:11:49] 		 /work/data/output_disk_sp1_4cpu/Achillea.atrata/proj_ipsl.cm6a.lr_ssp370/individual_projections/proj_ipsl.cm6a.lr_ssp370_Achillea.atrata_PA5_RUN5_GLM.tif
[2026-07-20 06:12:31] 	> Projecting Achillea.atrata_PA5_RUN5_MAXNET ...
[2026-07-20 06:12:31] 		Writing projection on hard drive...
[2026-07-20 06:24:01] 		 /work/data/output_disk_sp1_4cpu/Achillea.atrata/proj_ipsl.cm6a.lr_ssp370/individual_projections/proj_ipsl.cm6a.lr_ssp370_Achillea.atrata_PA5_RUN5_MAXNET.tif
[2026-07-20 06:24:02] 		Writing projection on hard drive...
[2026-07-20 06:24:02] 		 /work/data/output_disk_sp1_4cpu/Achillea.atrata/proj_ipsl.cm6a.lr_ssp370/individual_projections/proj_ipsl.cm6a.lr_ssp370_Achillea.atrata_PA5_RUN5_GBM.tif
[2026-07-20 06:24:02] -=-=-=-=-=-=-=-=-=-=-=-=-=-=-=-=-=-= Done -=-=-=-=-=-=-=-=-=-=-=-=-=-=-=-=-=-=
[2026-07-20 06:24:02] 
[2026-07-20 06:24:02] -=-=-=-=-=-=-=-=-=-=-=-= Do Ensemble Models Projection -=-=-=-=-=-=-=-=-=-=-=-=
[2026-07-20 06:24:02] 
[2026-07-20 06:24:02] Creating suitable Workdir...
[2026-07-20 06:24:04] 
[2026-07-20 06:24:04] 	> Projecting Achillea.atrata_EMmeanByAUCroc_mergedData_mergedRun_mergedAlgo ...
[2026-07-20 06:39:10] 	> Projecting Achillea.atrata_EMcvByAUCroc_mergedData_mergedRun_mergedAlgo ...|---------|---------|---------|---------||---------|---------|---------|---------|=======================================================                                          
[2026-07-20 06:50:11] 		Writing projection on hard drive...===========================                                          
[2026-07-20 06:50:13] 		Writing projection on hard drive...
[2026-07-20 06:50:13] 
[2026-07-20 06:50:13] ! Binary/Filtered transformation automatically desactivated for ensemble models with coefficient of variation or confidence intervals
[2026-07-20 06:50:18] 	> Building TSS binaries / filtered
[2026-07-20 06:50:23] 	> Building AUCroc binaries / filtered
[2026-07-20 06:50:28] 	> Building KAPPA binaries / filtered
[2026-07-20 06:50:28] 
[2026-07-20 06:50:28] -=-=-=-=-=-=-=-=-=-=-=-=-=-=-=-=-=-= Done -=-=-=-=-=-=-=-=-=-=-=-=-=-=-=-=-=-=
[2026-07-20 06:50:29] 
[2026-07-20 06:50:29] 
[2026-07-20 06:50:29] DEBUG: Processing future scenario 4 of 8 : /work/data/input/climate_vars/future/ipsl.cm6a.lr/ssp585 
[2026-07-20 06:50:29] DEBUG: Raster loaded, ncell = 63951097 , hasValues = TRUE 
[2026-07-20 06:50:29] 
[2026-07-20 06:50:29] -=-=-=-=-=-=-=-=-=-=-=-=-= Do Single Models Projection -=-=-=-=-=-=-=-=-=-=-=-=-=
[2026-07-20 06:50:52] 
[2026-07-20 06:50:52] 		! 'overwrite' arg is set as FALSE. Projections that have already been saved will not be redone. 
[2026-07-20 06:50:52]         Please be carfeul if you have changed the models in the meantime. 
[2026-07-20 06:50:52] 	> Building clamping mask
[2026-07-20 06:51:56] 
[2026-07-20 06:51:56] 	> Projecting Achillea.atrata_PA1_RUN1_GLM ...
[2026-07-20 06:51:56] 	> Projecting Achillea.atrata_PA1_RUN1_GBM ...
[2026-07-20 06:51:56] 	> Projecting Achillea.atrata_PA1_RUN1_ANN ...
[2026-07-20 06:52:38] 	> Projecting Achillea.atrata_PA1_RUN1_FDA ...
[2026-07-20 06:52:39] 		Writing projection on hard drive...
[2026-07-20 06:52:39] 		 /work/data/output_disk_sp1_4cpu/Achillea.atrata/proj_ipsl.cm6a.lr_ssp585/individual_projections/proj_ipsl.cm6a.lr_ssp585_Achillea.atrata_PA1_RUN1_GLM.tif
[2026-07-20 06:52:58] 	> Projecting Achillea.atrata_PA1_RUN1_MAXNET ...
[2026-07-20 06:52:59] 		Writing projection on hard drive...
[2026-07-20 06:52:59] 		 /work/data/output_disk_sp1_4cpu/Achillea.atrata/proj_ipsl.cm6a.lr_ssp585/individual_projections/proj_ipsl.cm6a.lr_ssp585_Achillea.atrata_PA1_RUN1_FDA.tif
[2026-07-20 06:53:09] 	> Projecting Achillea.atrata_PA1_RUN2_ANN ...
[2026-07-20 06:53:10] 		Writing projection on hard drive...
[2026-07-20 06:53:10] 		 /work/data/output_disk_sp1_4cpu/Achillea.atrata/proj_ipsl.cm6a.lr_ssp585/individual_projections/proj_ipsl.cm6a.lr_ssp585_Achillea.atrata_PA1_RUN1_ANN.tif
[2026-07-20 06:53:23] 	> Projecting Achillea.atrata_PA1_RUN2_GBM ...
[2026-07-20 06:53:24] 		Writing projection on hard drive...
[2026-07-20 06:53:24] 		 /work/data/output_disk_sp1_4cpu/Achillea.atrata/proj_ipsl.cm6a.lr_ssp585/individual_projections/proj_ipsl.cm6a.lr_ssp585_Achillea.atrata_PA1_RUN1_MAXNET.tif
[2026-07-20 06:53:59] 	> Projecting Achillea.atrata_PA1_RUN2_FDA ...
[2026-07-20 06:54:00] 		Writing projection on hard drive...
[2026-07-20 06:54:00] 		 /work/data/output_disk_sp1_4cpu/Achillea.atrata/proj_ipsl.cm6a.lr_ssp585/individual_projections/proj_ipsl.cm6a.lr_ssp585_Achillea.atrata_PA1_RUN2_ANN.tif
[2026-07-20 06:54:07] 	> Projecting Achillea.atrata_PA1_RUN3_GBM ...
[2026-07-20 06:54:08] 		Writing projection on hard drive...
[2026-07-20 06:54:08] 		 /work/data/output_disk_sp1_4cpu/Achillea.atrata/proj_ipsl.cm6a.lr_ssp585/individual_projections/proj_ipsl.cm6a.lr_ssp585_Achillea.atrata_PA1_RUN2_FDA.tif
[2026-07-20 06:55:09] 	> Projecting Achillea.atrata_PA1_RUN3_ANN ...
[2026-07-20 06:55:10] 		Writing projection on hard drive...
[2026-07-20 06:55:10] 		 /work/data/output_disk_sp1_4cpu/Achillea.atrata/proj_ipsl.cm6a.lr_ssp585/individual_projections/proj_ipsl.cm6a.lr_ssp585_Achillea.atrata_PA1_RUN3_ANN.tif
[2026-07-20 07:06:01] 	> Projecting Achillea.atrata_PA1_RUN4_GBM ...
[2026-07-20 07:06:02] 		Writing projection on hard drive...
[2026-07-20 07:06:02] 		 /work/data/output_disk_sp1_4cpu/Achillea.atrata/proj_ipsl.cm6a.lr_ssp585/individual_projections/proj_ipsl.cm6a.lr_ssp585_Achillea.atrata_PA1_RUN1_GBM.tif
[2026-07-20 07:06:42] 	> Projecting Achillea.atrata_PA1_RUN2_GLM ...
[2026-07-20 07:06:43] 		Writing projection on hard drive...
[2026-07-20 07:06:43] 		 /work/data/output_disk_sp1_4cpu/Achillea.atrata/proj_ipsl.cm6a.lr_ssp585/individual_projections/proj_ipsl.cm6a.lr_ssp585_Achillea.atrata_PA1_RUN2_GLM.tif
[2026-07-20 07:07:04] 	> Projecting Achillea.atrata_PA1_RUN2_MAXNET ...
[2026-07-20 07:07:05] 		Writing projection on hard drive...
[2026-07-20 07:07:05] 		 /work/data/output_disk_sp1_4cpu/Achillea.atrata/proj_ipsl.cm6a.lr_ssp585/individual_projections/proj_ipsl.cm6a.lr_ssp585_Achillea.atrata_PA1_RUN2_GBM.tif
[2026-07-20 07:07:28] 	> Projecting Achillea.atrata_PA1_RUN3_GLM ...
[2026-07-20 07:07:29] 		Writing projection on hard drive...
[2026-07-20 07:07:29] 		 /work/data/output_disk_sp1_4cpu/Achillea.atrata/proj_ipsl.cm6a.lr_ssp585/individual_projections/proj_ipsl.cm6a.lr_ssp585_Achillea.atrata_PA1_RUN2_MAXNET.tif
[2026-07-20 07:07:41] 	> Projecting Achillea.atrata_PA1_RUN3_FDA ...
[2026-07-20 07:07:42] 		Writing projection on hard drive...
[2026-07-20 07:07:42] 		 /work/data/output_disk_sp1_4cpu/Achillea.atrata/proj_ipsl.cm6a.lr_ssp585/individual_projections/proj_ipsl.cm6a.lr_ssp585_Achillea.atrata_PA1_RUN3_GLM.tif
[2026-07-20 07:07:54] 	> Projecting Achillea.atrata_PA1_RUN3_MAXNET ...
[2026-07-20 07:07:55] 		Writing projection on hard drive...
[2026-07-20 07:07:55] 		 /work/data/output_disk_sp1_4cpu/Achillea.atrata/proj_ipsl.cm6a.lr_ssp585/individual_projections/proj_ipsl.cm6a.lr_ssp585_Achillea.atrata_PA1_RUN3_GBM.tif
[2026-07-20 07:08:13] 	> Projecting Achillea.atrata_PA1_RUN4_GLM ...
[2026-07-20 07:08:14] 		Writing projection on hard drive...
[2026-07-20 07:08:14] 		 /work/data/output_disk_sp1_4cpu/Achillea.atrata/proj_ipsl.cm6a.lr_ssp585/individual_projections/proj_ipsl.cm6a.lr_ssp585_Achillea.atrata_PA1_RUN3_FDA.tif
[2026-07-20 07:08:27] 	> Projecting Achillea.atrata_PA1_RUN4_ANN ...
[2026-07-20 07:08:28] 		Writing projection on hard drive...
[2026-07-20 07:08:28] 		 /work/data/output_disk_sp1_4cpu/Achillea.atrata/proj_ipsl.cm6a.lr_ssp585/individual_projections/proj_ipsl.cm6a.lr_ssp585_Achillea.atrata_PA1_RUN3_MAXNET.tif
[2026-07-20 07:08:29] 	> Projecting Achillea.atrata_PA1_RUN4_FDA ...
[2026-07-20 07:08:30] 		Writing projection on hard drive...
[2026-07-20 07:08:30] 		 /work/data/output_disk_sp1_4cpu/Achillea.atrata/proj_ipsl.cm6a.lr_ssp585/individual_projections/proj_ipsl.cm6a.lr_ssp585_Achillea.atrata_PA1_RUN4_GLM.tif
[2026-07-20 07:09:16] 	> Projecting Achillea.atrata_PA1_RUN4_MAXNET ...
[2026-07-20 07:09:16] 		Writing projection on hard drive...
[2026-07-20 07:09:16] 		 /work/data/output_disk_sp1_4cpu/Achillea.atrata/proj_ipsl.cm6a.lr_ssp585/individual_projections/proj_ipsl.cm6a.lr_ssp585_Achillea.atrata_PA1_RUN4_ANN.tif
[2026-07-20 07:09:18] 	> Projecting Achillea.atrata_PA1_RUN5_GBM ...
[2026-07-20 07:09:19] 		Writing projection on hard drive...
[2026-07-20 07:09:19] 		 /work/data/output_disk_sp1_4cpu/Achillea.atrata/proj_ipsl.cm6a.lr_ssp585/individual_projections/proj_ipsl.cm6a.lr_ssp585_Achillea.atrata_PA1_RUN4_FDA.tif
[2026-07-20 07:09:20] 	> Projecting Achillea.atrata_PA1_RUN5_ANN ...
[2026-07-20 07:09:20] 		Writing projection on hard drive...
[2026-07-20 07:09:20] 		 /work/data/output_disk_sp1_4cpu/Achillea.atrata/proj_ipsl.cm6a.lr_ssp585/individual_projections/proj_ipsl.cm6a.lr_ssp585_Achillea.atrata_PA1_RUN4_MAXNET.tif
[2026-07-20 07:09:22] 	> Projecting Achillea.atrata_PA1_RUN5_FDA ...
[2026-07-20 07:09:23] 		Writing projection on hard drive...
[2026-07-20 07:09:23] 		 /work/data/output_disk_sp1_4cpu/Achillea.atrata/proj_ipsl.cm6a.lr_ssp585/individual_projections/proj_ipsl.cm6a.lr_ssp585_Achillea.atrata_PA1_RUN4_GBM.tif
[2026-07-20 07:09:57] 	> Projecting Achillea.atrata_PA1_RUN5_GLM ...
[2026-07-20 07:09:57] 		Writing projection on hard drive...
[2026-07-20 07:09:57] 		 /work/data/output_disk_sp1_4cpu/Achillea.atrata/proj_ipsl.cm6a.lr_ssp585/individual_projections/proj_ipsl.cm6a.lr_ssp585_Achillea.atrata_PA1_RUN5_GLM.tif
[2026-07-20 07:10:08] 	> Projecting Achillea.atrata_PA1_RUN5_MAXNET ...
[2026-07-20 07:10:09] 		Writing projection on hard drive...
[2026-07-20 07:10:09] 		 /work/data/output_disk_sp1_4cpu/Achillea.atrata/proj_ipsl.cm6a.lr_ssp585/individual_projections/proj_ipsl.cm6a.lr_ssp585_Achillea.atrata_PA1_RUN5_FDA.tif
[2026-07-20 07:10:24] 	> Projecting Achillea.atrata_PA2_RUN1_ANN ...
[2026-07-20 07:10:24] 		Writing projection on hard drive...
[2026-07-20 07:10:24] 		 /work/data/output_disk_sp1_4cpu/Achillea.atrata/proj_ipsl.cm6a.lr_ssp585/individual_projections/proj_ipsl.cm6a.lr_ssp585_Achillea.atrata_PA1_RUN5_ANN.tif
[2026-07-20 07:10:36] 	> Projecting Achillea.atrata_PA2_RUN1_GBM ...
[2026-07-20 07:10:37] 		Writing projection on hard drive...
[2026-07-20 07:10:37] 		 /work/data/output_disk_sp1_4cpu/Achillea.atrata/proj_ipsl.cm6a.lr_ssp585/individual_projections/proj_ipsl.cm6a.lr_ssp585_Achillea.atrata_PA1_RUN5_MAXNET.tif
[2026-07-20 07:11:02] 	> Projecting Achillea.atrata_PA2_RUN1_FDA ...
[2026-07-20 07:11:03] 		Writing projection on hard drive...
[2026-07-20 07:11:03] 		 /work/data/output_disk_sp1_4cpu/Achillea.atrata/proj_ipsl.cm6a.lr_ssp585/individual_projections/proj_ipsl.cm6a.lr_ssp585_Achillea.atrata_PA2_RUN1_ANN.tif
[2026-07-20 07:11:21] 	> Projecting Achillea.atrata_PA2_RUN2_GBM ...
[2026-07-20 07:11:21] 		Writing projection on hard drive...
[2026-07-20 07:11:21] 		 /work/data/output_disk_sp1_4cpu/Achillea.atrata/proj_ipsl.cm6a.lr_ssp585/individual_projections/proj_ipsl.cm6a.lr_ssp585_Achillea.atrata_PA2_RUN1_FDA.tif
[2026-07-20 07:12:23] 	> Projecting Achillea.atrata_PA2_RUN2_ANN ...
[2026-07-20 07:12:24] 		Writing projection on hard drive...
[2026-07-20 07:12:24] 		 /work/data/output_disk_sp1_4cpu/Achillea.atrata/proj_ipsl.cm6a.lr_ssp585/individual_projections/proj_ipsl.cm6a.lr_ssp585_Achillea.atrata_PA2_RUN2_ANN.tif
[2026-07-20 07:23:14] 	> Projecting Achillea.atrata_PA2_RUN3_GBM ...
[2026-07-20 07:23:15] 		Writing projection on hard drive...
[2026-07-20 07:23:15] 		 /work/data/output_disk_sp1_4cpu/Achillea.atrata/proj_ipsl.cm6a.lr_ssp585/individual_projections/proj_ipsl.cm6a.lr_ssp585_Achillea.atrata_PA1_RUN5_GBM.tif
[2026-07-20 07:23:48] 	> Projecting Achillea.atrata_PA2_RUN1_GLM ...
[2026-07-20 07:23:48] 		Writing projection on hard drive...
[2026-07-20 07:23:48] 		 /work/data/output_disk_sp1_4cpu/Achillea.atrata/proj_ipsl.cm6a.lr_ssp585/individual_projections/proj_ipsl.cm6a.lr_ssp585_Achillea.atrata_PA2_RUN1_GLM.tif
[2026-07-20 07:24:24] 	> Projecting Achillea.atrata_PA2_RUN1_MAXNET ...
[2026-07-20 07:24:25] 		Writing projection on hard drive...
[2026-07-20 07:24:25] 		 /work/data/output_disk_sp1_4cpu/Achillea.atrata/proj_ipsl.cm6a.lr_ssp585/individual_projections/proj_ipsl.cm6a.lr_ssp585_Achillea.atrata_PA2_RUN1_GBM.tif
[2026-07-20 07:24:27] 	> Projecting Achillea.atrata_PA2_RUN2_GLM ...
[2026-07-20 07:24:28] 		Writing projection on hard drive...
[2026-07-20 07:24:28] 		Writing projection on hard drive...
[2026-07-20 07:24:28] 		 /work/data/output_disk_sp1_4cpu/Achillea.atrata/proj_ipsl.cm6a.lr_ssp585/individual_projections/proj_ipsl.cm6a.lr_ssp585_Achillea.atrata_PA2_RUN2_GBM.tif
[2026-07-20 07:24:29] 	> Projecting Achillea.atrata_PA2_RUN3_GLM ...
[2026-07-20 07:24:29] 		 /work/data/output_disk_sp1_4cpu/Achillea.atrata/proj_ipsl.cm6a.lr_ssp585/individual_projections/proj_ipsl.cm6a.lr_ssp585_Achillea.atrata_PA2_RUN1_MAXNET.tif
[2026-07-20 07:25:02] 	> Projecting Achillea.atrata_PA2_RUN2_FDA ...
[2026-07-20 07:25:02] 		Writing projection on hard drive...
[2026-07-20 07:25:03] 		Writing projection on hard drive...
[2026-07-20 07:25:03] 		 /work/data/output_disk_sp1_4cpu/Achillea.atrata/proj_ipsl.cm6a.lr_ssp585/individual_projections/proj_ipsl.cm6a.lr_ssp585_Achillea.atrata_PA2_RUN3_GLM.tif
[2026-07-20 07:25:03] 	> Projecting Achillea.atrata_PA2_RUN3_MAXNET ...
[2026-07-20 07:25:03] 		 /work/data/output_disk_sp1_4cpu/Achillea.atrata/proj_ipsl.cm6a.lr_ssp585/individual_projections/proj_ipsl.cm6a.lr_ssp585_Achillea.atrata_PA2_RUN2_GLM.tif
[2026-07-20 07:25:15] 	> Projecting Achillea.atrata_PA2_RUN2_MAXNET ...
[2026-07-20 07:25:15] 		Writing projection on hard drive...
[2026-07-20 07:25:15] 		 /work/data/output_disk_sp1_4cpu/Achillea.atrata/proj_ipsl.cm6a.lr_ssp585/individual_projections/proj_ipsl.cm6a.lr_ssp585_Achillea.atrata_PA2_RUN2_FDA.tif
[2026-07-20 07:25:44] 	> Projecting Achillea.atrata_PA2_RUN3_ANN ...
[2026-07-20 07:25:45] 		Writing projection on hard drive...
[2026-07-20 07:25:45] 		 /work/data/output_disk_sp1_4cpu/Achillea.atrata/proj_ipsl.cm6a.lr_ssp585/individual_projections/proj_ipsl.cm6a.lr_ssp585_Achillea.atrata_PA2_RUN3_MAXNET.tif
[2026-07-20 07:25:50] 	> Projecting Achillea.atrata_PA2_RUN4_FDA ...
[2026-07-20 07:25:50] 		Writing projection on hard drive...
[2026-07-20 07:25:50] 		 /work/data/output_disk_sp1_4cpu/Achillea.atrata/proj_ipsl.cm6a.lr_ssp585/individual_projections/proj_ipsl.cm6a.lr_ssp585_Achillea.atrata_PA2_RUN2_MAXNET.tif
[2026-07-20 07:26:05] 	> Projecting Achillea.atrata_PA2_RUN3_FDA ...
[2026-07-20 07:26:06] 		Writing projection on hard drive...
[2026-07-20 07:26:06] 		 /work/data/output_disk_sp1_4cpu/Achillea.atrata/proj_ipsl.cm6a.lr_ssp585/individual_projections/proj_ipsl.cm6a.lr_ssp585_Achillea.atrata_PA2_RUN3_ANN.tif
[2026-07-20 07:26:09] 	> Projecting Achillea.atrata_PA2_RUN4_GBM ...
[2026-07-20 07:26:10] 		Writing projection on hard drive...
[2026-07-20 07:26:10] 		 /work/data/output_disk_sp1_4cpu/Achillea.atrata/proj_ipsl.cm6a.lr_ssp585/individual_projections/proj_ipsl.cm6a.lr_ssp585_Achillea.atrata_PA2_RUN3_GBM.tif
[2026-07-20 07:26:30] 	> Projecting Achillea.atrata_PA2_RUN4_GLM ...
[2026-07-20 07:26:31] 		Writing projection on hard drive...
[2026-07-20 07:26:31] 		 /work/data/output_disk_sp1_4cpu/Achillea.atrata/proj_ipsl.cm6a.lr_ssp585/individual_projections/proj_ipsl.cm6a.lr_ssp585_Achillea.atrata_PA2_RUN4_FDA.tif
[2026-07-20 07:26:42] 	> Projecting Achillea.atrata_PA2_RUN5_ANN ...
[2026-07-20 07:26:43] 		Writing projection on hard drive...
[2026-07-20 07:26:43] 		 /work/data/output_disk_sp1_4cpu/Achillea.atrata/proj_ipsl.cm6a.lr_ssp585/individual_projections/proj_ipsl.cm6a.lr_ssp585_Achillea.atrata_PA2_RUN3_FDA.tif
[2026-07-20 07:26:49] 	> Projecting Achillea.atrata_PA2_RUN4_ANN ...
[2026-07-20 07:26:50] 		Writing projection on hard drive...
[2026-07-20 07:26:50] 		 /work/data/output_disk_sp1_4cpu/Achillea.atrata/proj_ipsl.cm6a.lr_ssp585/individual_projections/proj_ipsl.cm6a.lr_ssp585_Achillea.atrata_PA2_RUN4_GLM.tif
[2026-07-20 07:27:19] 	> Projecting Achillea.atrata_PA2_RUN4_MAXNET ...
[2026-07-20 07:27:20] 		Writing projection on hard drive...
[2026-07-20 07:27:20] 		 /work/data/output_disk_sp1_4cpu/Achillea.atrata/proj_ipsl.cm6a.lr_ssp585/individual_projections/proj_ipsl.cm6a.lr_ssp585_Achillea.atrata_PA2_RUN5_ANN.tif
[2026-07-20 07:27:33] 	> Projecting Achillea.atrata_PA3_RUN1_GBM ...
[2026-07-20 07:27:33] 		Writing projection on hard drive...
[2026-07-20 07:27:33] 		 /work/data/output_disk_sp1_4cpu/Achillea.atrata/proj_ipsl.cm6a.lr_ssp585/individual_projections/proj_ipsl.cm6a.lr_ssp585_Achillea.atrata_PA2_RUN4_MAXNET.tif
[2026-07-20 07:27:36] 	> Projecting Achillea.atrata_PA2_RUN5_FDA ...
[2026-07-20 07:27:37] 		Writing projection on hard drive...
[2026-07-20 07:27:37] 		 /work/data/output_disk_sp1_4cpu/Achillea.atrata/proj_ipsl.cm6a.lr_ssp585/individual_projections/proj_ipsl.cm6a.lr_ssp585_Achillea.atrata_PA2_RUN4_ANN.tif
[2026-07-20 07:28:17] 	> Projecting Achillea.atrata_PA2_RUN5_GBM ...
[2026-07-20 07:28:18] 		Writing projection on hard drive...
[2026-07-20 07:28:18] 		 /work/data/output_disk_sp1_4cpu/Achillea.atrata/proj_ipsl.cm6a.lr_ssp585/individual_projections/proj_ipsl.cm6a.lr_ssp585_Achillea.atrata_PA2_RUN5_FDA.tif
[2026-07-20 07:29:15] 	> Projecting Achillea.atrata_PA3_RUN1_ANN ...
[2026-07-20 07:29:16] 		Writing projection on hard drive...
[2026-07-20 07:29:16] 		 /work/data/output_disk_sp1_4cpu/Achillea.atrata/proj_ipsl.cm6a.lr_ssp585/individual_projections/proj_ipsl.cm6a.lr_ssp585_Achillea.atrata_PA3_RUN1_ANN.tif
[2026-07-20 07:39:56] 	> Projecting Achillea.atrata_PA3_RUN2_GBM ...
[2026-07-20 07:39:57] 		Writing projection on hard drive...
[2026-07-20 07:39:57] 		 /work/data/output_disk_sp1_4cpu/Achillea.atrata/proj_ipsl.cm6a.lr_ssp585/individual_projections/proj_ipsl.cm6a.lr_ssp585_Achillea.atrata_PA2_RUN4_GBM.tif
[2026-07-20 07:40:30] 	> Projecting Achillea.atrata_PA2_RUN5_GLM ...
[2026-07-20 07:40:31] 		Writing projection on hard drive...
[2026-07-20 07:40:31] 		 /work/data/output_disk_sp1_4cpu/Achillea.atrata/proj_ipsl.cm6a.lr_ssp585/individual_projections/proj_ipsl.cm6a.lr_ssp585_Achillea.atrata_PA2_RUN5_GLM.tif
[2026-07-20 07:41:12] 	> Projecting Achillea.atrata_PA2_RUN5_MAXNET ...
[2026-07-20 07:41:13] 		Writing projection on hard drive...
[2026-07-20 07:41:13] 		 /work/data/output_disk_sp1_4cpu/Achillea.atrata/proj_ipsl.cm6a.lr_ssp585/individual_projections/proj_ipsl.cm6a.lr_ssp585_Achillea.atrata_PA2_RUN5_MAXNET.tif
[2026-07-20 07:41:25] 	> Projecting Achillea.atrata_PA3_RUN1_FDA ...
[2026-07-20 07:41:26] 		Writing projection on hard drive...
[2026-07-20 07:41:26] 		 /work/data/output_disk_sp1_4cpu/Achillea.atrata/proj_ipsl.cm6a.lr_ssp585/individual_projections/proj_ipsl.cm6a.lr_ssp585_Achillea.atrata_PA2_RUN5_GBM.tif
[2026-07-20 07:41:26] 	> Projecting Achillea.atrata_PA3_RUN1_GLM ...
[2026-07-20 07:41:27] 		Writing projection on hard drive...
[2026-07-20 07:41:27] 		 /work/data/output_disk_sp1_4cpu/Achillea.atrata/proj_ipsl.cm6a.lr_ssp585/individual_projections/proj_ipsl.cm6a.lr_ssp585_Achillea.atrata_PA3_RUN1_GBM.tif
[2026-07-20 07:41:58] 	> Projecting Achillea.atrata_PA3_RUN2_GLM ...
[2026-07-20 07:41:58] 		Writing projection on hard drive...
[2026-07-20 07:41:58] 		 /work/data/output_disk_sp1_4cpu/Achillea.atrata/proj_ipsl.cm6a.lr_ssp585/individual_projections/proj_ipsl.cm6a.lr_ssp585_Achillea.atrata_PA3_RUN1_FDA.tif
[2026-07-20 07:41:59] 	> Projecting Achillea.atrata_PA3_RUN2_ANN ...
[2026-07-20 07:42:00] 		Writing projection on hard drive...
[2026-07-20 07:42:00] 		 /work/data/output_disk_sp1_4cpu/Achillea.atrata/proj_ipsl.cm6a.lr_ssp585/individual_projections/proj_ipsl.cm6a.lr_ssp585_Achillea.atrata_PA3_RUN2_GLM.tif
[2026-07-20 07:42:02] 	> Projecting Achillea.atrata_PA3_RUN2_MAXNET ...
[2026-07-20 07:42:03] 		Writing projection on hard drive...
[2026-07-20 07:42:03] 		 /work/data/output_disk_sp1_4cpu/Achillea.atrata/proj_ipsl.cm6a.lr_ssp585/individual_projections/proj_ipsl.cm6a.lr_ssp585_Achillea.atrata_PA3_RUN1_GLM.tif
[2026-07-20 07:42:38] 	> Projecting Achillea.atrata_PA3_RUN1_MAXNET ...
[2026-07-20 07:42:39] 		Writing projection on hard drive...
[2026-07-20 07:42:39] 		 /work/data/output_disk_sp1_4cpu/Achillea.atrata/proj_ipsl.cm6a.lr_ssp585/individual_projections/proj_ipsl.cm6a.lr_ssp585_Achillea.atrata_PA3_RUN2_MAXNET.tif
[2026-07-20 07:42:45] 	> Projecting Achillea.atrata_PA3_RUN3_FDA ...
[2026-07-20 07:42:46] 		Writing projection on hard drive...
[2026-07-20 07:42:46] 		 /work/data/output_disk_sp1_4cpu/Achillea.atrata/proj_ipsl.cm6a.lr_ssp585/individual_projections/proj_ipsl.cm6a.lr_ssp585_Achillea.atrata_PA3_RUN1_MAXNET.tif
[2026-07-20 07:42:48] 	> Projecting Achillea.atrata_PA3_RUN2_FDA ...
[2026-07-20 07:42:48] 		Writing projection on hard drive...
[2026-07-20 07:42:48] 		 /work/data/output_disk_sp1_4cpu/Achillea.atrata/proj_ipsl.cm6a.lr_ssp585/individual_projections/proj_ipsl.cm6a.lr_ssp585_Achillea.atrata_PA3_RUN2_ANN.tif
[2026-07-20 07:43:24] 	> Projecting Achillea.atrata_PA3_RUN3_GBM ...
[2026-07-20 07:43:24] 		Writing projection on hard drive...
[2026-07-20 07:43:24] 		 /work/data/output_disk_sp1_4cpu/Achillea.atrata/proj_ipsl.cm6a.lr_ssp585/individual_projections/proj_ipsl.cm6a.lr_ssp585_Achillea.atrata_PA3_RUN3_FDA.tif
[2026-07-20 07:43:34] 	> Projecting Achillea.atrata_PA3_RUN4_ANN ...
[2026-07-20 07:43:35] 		Writing projection on hard drive...
[2026-07-20 07:43:35] 		 /work/data/output_disk_sp1_4cpu/Achillea.atrata/proj_ipsl.cm6a.lr_ssp585/individual_projections/proj_ipsl.cm6a.lr_ssp585_Achillea.atrata_PA3_RUN2_FDA.tif
[2026-07-20 07:43:36] 	> Projecting Achillea.atrata_PA3_RUN3_ANN ...
[2026-07-20 07:43:36] 		Writing projection on hard drive...
[2026-07-20 07:43:36] 		 /work/data/output_disk_sp1_4cpu/Achillea.atrata/proj_ipsl.cm6a.lr_ssp585/individual_projections/proj_ipsl.cm6a.lr_ssp585_Achillea.atrata_PA3_RUN2_GBM.tif
[2026-07-20 07:44:04] 	> Projecting Achillea.atrata_PA3_RUN3_GLM ...
[2026-07-20 07:44:05] 		Writing projection on hard drive...
[2026-07-20 07:44:05] 		 /work/data/output_disk_sp1_4cpu/Achillea.atrata/proj_ipsl.cm6a.lr_ssp585/individual_projections/proj_ipsl.cm6a.lr_ssp585_Achillea.atrata_PA3_RUN3_GLM.tif
[2026-07-20 07:44:10] 	> Projecting Achillea.atrata_PA3_RUN3_MAXNET ...
[2026-07-20 07:44:11] 		Writing projection on hard drive...
[2026-07-20 07:44:11] 		 /work/data/output_disk_sp1_4cpu/Achillea.atrata/proj_ipsl.cm6a.lr_ssp585/individual_projections/proj_ipsl.cm6a.lr_ssp585_Achillea.atrata_PA3_RUN4_ANN.tif
[2026-07-20 07:44:40] 	> Projecting Achillea.atrata_PA3_RUN5_GBM ...
[2026-07-20 07:44:41] 		Writing projection on hard drive...
[2026-07-20 07:44:41] 		 /work/data/output_disk_sp1_4cpu/Achillea.atrata/proj_ipsl.cm6a.lr_ssp585/individual_projections/proj_ipsl.cm6a.lr_ssp585_Achillea.atrata_PA3_RUN3_MAXNET.tif
[2026-07-20 07:44:42] 	> Projecting Achillea.atrata_PA3_RUN4_FDA ...
[2026-07-20 07:44:42] 		Writing projection on hard drive...
[2026-07-20 07:44:42] 		 /work/data/output_disk_sp1_4cpu/Achillea.atrata/proj_ipsl.cm6a.lr_ssp585/individual_projections/proj_ipsl.cm6a.lr_ssp585_Achillea.atrata_PA3_RUN3_ANN.tif
[2026-07-20 07:45:24] 	> Projecting Achillea.atrata_PA3_RUN4_GBM ...
[2026-07-20 07:45:25] 		Writing projection on hard drive...
[2026-07-20 07:45:25] 		 /work/data/output_disk_sp1_4cpu/Achillea.atrata/proj_ipsl.cm6a.lr_ssp585/individual_projections/proj_ipsl.cm6a.lr_ssp585_Achillea.atrata_PA3_RUN4_FDA.tif
[2026-07-20 07:46:12] 	> Projecting Achillea.atrata_PA3_RUN5_ANN ...
[2026-07-20 07:46:13] 		Writing projection on hard drive...
[2026-07-20 07:46:13] 		 /work/data/output_disk_sp1_4cpu/Achillea.atrata/proj_ipsl.cm6a.lr_ssp585/individual_projections/proj_ipsl.cm6a.lr_ssp585_Achillea.atrata_PA3_RUN5_ANN.tif
[2026-07-20 07:57:05] 	> Projecting Achillea.atrata_PA4_RUN1_GBM ...
[2026-07-20 07:57:06] 		Writing projection on hard drive...
[2026-07-20 07:57:06] 		 /work/data/output_disk_sp1_4cpu/Achillea.atrata/proj_ipsl.cm6a.lr_ssp585/individual_projections/proj_ipsl.cm6a.lr_ssp585_Achillea.atrata_PA3_RUN3_GBM.tif
[2026-07-20 07:57:42] 	> Projecting Achillea.atrata_PA3_RUN4_GLM ...
[2026-07-20 07:57:42] 		Writing projection on hard drive...
[2026-07-20 07:57:42] 		 /work/data/output_disk_sp1_4cpu/Achillea.atrata/proj_ipsl.cm6a.lr_ssp585/individual_projections/proj_ipsl.cm6a.lr_ssp585_Achillea.atrata_PA3_RUN4_GLM.tif
[2026-07-20 07:57:53] 	> Projecting Achillea.atrata_PA3_RUN4_MAXNET ...
[2026-07-20 07:57:54] 		Writing projection on hard drive...
[2026-07-20 07:57:54] 		 /work/data/output_disk_sp1_4cpu/Achillea.atrata/proj_ipsl.cm6a.lr_ssp585/individual_projections/proj_ipsl.cm6a.lr_ssp585_Achillea.atrata_PA3_RUN5_GBM.tif
[2026-07-20 07:58:16] 	> Projecting Achillea.atrata_PA4_RUN1_GLM ...
[2026-07-20 07:58:17] 		Writing projection on hard drive...
[2026-07-20 07:58:17] 		 /work/data/output_disk_sp1_4cpu/Achillea.atrata/proj_ipsl.cm6a.lr_ssp585/individual_projections/proj_ipsl.cm6a.lr_ssp585_Achillea.atrata_PA3_RUN4_GBM.tif
[2026-07-20 07:58:22] 	> Projecting Achillea.atrata_PA3_RUN5_GLM ...
[2026-07-20 07:58:22] 		Writing projection on hard drive...
[2026-07-20 07:58:22] 		 /work/data/output_disk_sp1_4cpu/Achillea.atrata/proj_ipsl.cm6a.lr_ssp585/individual_projections/proj_ipsl.cm6a.lr_ssp585_Achillea.atrata_PA3_RUN4_MAXNET.tif
[2026-07-20 07:58:23] 	> Projecting Achillea.atrata_PA3_RUN5_FDA ...
[2026-07-20 07:58:23] 		Writing projection on hard drive...
[2026-07-20 07:58:23] 		 /work/data/output_disk_sp1_4cpu/Achillea.atrata/proj_ipsl.cm6a.lr_ssp585/individual_projections/proj_ipsl.cm6a.lr_ssp585_Achillea.atrata_PA4_RUN1_GLM.tif
[2026-07-20 07:58:57] 	> Projecting Achillea.atrata_PA4_RUN1_MAXNET ...
[2026-07-20 07:58:57] 		Writing projection on hard drive...
[2026-07-20 07:58:57] 		 /work/data/output_disk_sp1_4cpu/Achillea.atrata/proj_ipsl.cm6a.lr_ssp585/individual_projections/proj_ipsl.cm6a.lr_ssp585_Achillea.atrata_PA3_RUN5_GLM.tif
[2026-07-20 07:58:57] 	> Projecting Achillea.atrata_PA3_RUN5_MAXNET ...
[2026-07-20 07:58:58] 		Writing projection on hard drive...
[2026-07-20 07:58:58] 		 /work/data/output_disk_sp1_4cpu/Achillea.atrata/proj_ipsl.cm6a.lr_ssp585/individual_projections/proj_ipsl.cm6a.lr_ssp585_Achillea.atrata_PA4_RUN1_MAXNET.tif
[2026-07-20 07:59:06] 	> Projecting Achillea.atrata_PA4_RUN2_FDA ...
[2026-07-20 07:59:07] 		Writing projection on hard drive...
[2026-07-20 07:59:07] 		 /work/data/output_disk_sp1_4cpu/Achillea.atrata/proj_ipsl.cm6a.lr_ssp585/individual_projections/proj_ipsl.cm6a.lr_ssp585_Achillea.atrata_PA3_RUN5_FDA.tif
[2026-07-20 07:59:36] 	> Projecting Achillea.atrata_PA4_RUN1_ANN ...
[2026-07-20 07:59:37] 		Writing projection on hard drive...
[2026-07-20 07:59:37] 		 /work/data/output_disk_sp1_4cpu/Achillea.atrata/proj_ipsl.cm6a.lr_ssp585/individual_projections/proj_ipsl.cm6a.lr_ssp585_Achillea.atrata_PA4_RUN2_FDA.tif
[2026-07-20 07:59:43] 	> Projecting Achillea.atrata_PA4_RUN3_ANN ...
[2026-07-20 07:59:44] 		Writing projection on hard drive...
[2026-07-20 07:59:44] 		 /work/data/output_disk_sp1_4cpu/Achillea.atrata/proj_ipsl.cm6a.lr_ssp585/individual_projections/proj_ipsl.cm6a.lr_ssp585_Achillea.atrata_PA3_RUN5_MAXNET.tif
[2026-07-20 08:00:02] 	> Projecting Achillea.atrata_PA4_RUN1_FDA ...
[2026-07-20 08:00:03] 		Writing projection on hard drive...
[2026-07-20 08:00:03] 		 /work/data/output_disk_sp1_4cpu/Achillea.atrata/proj_ipsl.cm6a.lr_ssp585/individual_projections/proj_ipsl.cm6a.lr_ssp585_Achillea.atrata_PA4_RUN1_ANN.tif
[2026-07-20 08:00:13] 	> Projecting Achillea.atrata_PA4_RUN2_GBM ...
[2026-07-20 08:00:14] 		Writing projection on hard drive...
[2026-07-20 08:00:14] 		 /work/data/output_disk_sp1_4cpu/Achillea.atrata/proj_ipsl.cm6a.lr_ssp585/individual_projections/proj_ipsl.cm6a.lr_ssp585_Achillea.atrata_PA4_RUN1_GBM.tif
[2026-07-20 08:00:25] 	> Projecting Achillea.atrata_PA4_RUN2_GLM ...
[2026-07-20 08:00:25] 		Writing projection on hard drive...
[2026-07-20 08:00:25] 		 /work/data/output_disk_sp1_4cpu/Achillea.atrata/proj_ipsl.cm6a.lr_ssp585/individual_projections/proj_ipsl.cm6a.lr_ssp585_Achillea.atrata_PA4_RUN3_ANN.tif
[2026-07-20 08:00:30] 	> Projecting Achillea.atrata_PA4_RUN4_GBM ...
[2026-07-20 08:00:31] 		Writing projection on hard drive...
[2026-07-20 08:00:31] 		 /work/data/output_disk_sp1_4cpu/Achillea.atrata/proj_ipsl.cm6a.lr_ssp585/individual_projections/proj_ipsl.cm6a.lr_ssp585_Achillea.atrata_PA4_RUN1_FDA.tif
[2026-07-20 08:00:46] 	> Projecting Achillea.atrata_PA4_RUN2_ANN ...
[2026-07-20 08:00:46] 		Writing projection on hard drive...
[2026-07-20 08:00:46] 		 /work/data/output_disk_sp1_4cpu/Achillea.atrata/proj_ipsl.cm6a.lr_ssp585/individual_projections/proj_ipsl.cm6a.lr_ssp585_Achillea.atrata_PA4_RUN2_GLM.tif
[2026-07-20 08:01:24] 	> Projecting Achillea.atrata_PA4_RUN2_MAXNET ...
[2026-07-20 08:01:24] 		Writing projection on hard drive...
[2026-07-20 08:01:24] 		 /work/data/output_disk_sp1_4cpu/Achillea.atrata/proj_ipsl.cm6a.lr_ssp585/individual_projections/proj_ipsl.cm6a.lr_ssp585_Achillea.atrata_PA4_RUN2_MAXNET.tif
[2026-07-20 08:01:27] 	> Projecting Achillea.atrata_PA4_RUN3_FDA ...
[2026-07-20 08:01:28] 		Writing projection on hard drive...
[2026-07-20 08:01:28] 		 /work/data/output_disk_sp1_4cpu/Achillea.atrata/proj_ipsl.cm6a.lr_ssp585/individual_projections/proj_ipsl.cm6a.lr_ssp585_Achillea.atrata_PA4_RUN2_ANN.tif
[2026-07-20 08:02:08] 	> Projecting Achillea.atrata_PA4_RUN3_GBM ...
[2026-07-20 08:02:09] 		Writing projection on hard drive...
[2026-07-20 08:02:09] 		 /work/data/output_disk_sp1_4cpu/Achillea.atrata/proj_ipsl.cm6a.lr_ssp585/individual_projections/proj_ipsl.cm6a.lr_ssp585_Achillea.atrata_PA4_RUN3_FDA.tif
[2026-07-20 08:02:56] 	> Projecting Achillea.atrata_PA4_RUN4_ANN ...
[2026-07-20 08:02:57] 		Writing projection on hard drive...
[2026-07-20 08:02:57] 		 /work/data/output_disk_sp1_4cpu/Achillea.atrata/proj_ipsl.cm6a.lr_ssp585/individual_projections/proj_ipsl.cm6a.lr_ssp585_Achillea.atrata_PA4_RUN4_ANN.tif
[2026-07-20 08:13:57] 	> Projecting Achillea.atrata_PA4_RUN5_GBM ...
[2026-07-20 08:13:58] 		Writing projection on hard drive...
[2026-07-20 08:13:58] 		 /work/data/output_disk_sp1_4cpu/Achillea.atrata/proj_ipsl.cm6a.lr_ssp585/individual_projections/proj_ipsl.cm6a.lr_ssp585_Achillea.atrata_PA4_RUN2_GBM.tif
[2026-07-20 08:14:19] 	> Projecting Achillea.atrata_PA4_RUN3_GLM ...
[2026-07-20 08:14:20] 		Writing projection on hard drive...
[2026-07-20 08:14:20] 		 /work/data/output_disk_sp1_4cpu/Achillea.atrata/proj_ipsl.cm6a.lr_ssp585/individual_projections/proj_ipsl.cm6a.lr_ssp585_Achillea.atrata_PA4_RUN4_GBM.tif
[2026-07-20 08:14:32] 	> Projecting Achillea.atrata_PA4_RUN5_GLM ...
[2026-07-20 08:14:33] 		Writing projection on hard drive...
[2026-07-20 08:14:33] 		 /work/data/output_disk_sp1_4cpu/Achillea.atrata/proj_ipsl.cm6a.lr_ssp585/individual_projections/proj_ipsl.cm6a.lr_ssp585_Achillea.atrata_PA4_RUN3_GLM.tif
[2026-07-20 08:14:50] 	> Projecting Achillea.atrata_PA4_RUN3_MAXNET ...
[2026-07-20 08:14:51] 		Writing projection on hard drive...
[2026-07-20 08:14:51] 		 /work/data/output_disk_sp1_4cpu/Achillea.atrata/proj_ipsl.cm6a.lr_ssp585/individual_projections/proj_ipsl.cm6a.lr_ssp585_Achillea.atrata_PA4_RUN5_GLM.tif
[2026-07-20 08:15:11] 	> Projecting Achillea.atrata_PA4_RUN5_MAXNET ...
[2026-07-20 08:15:12] 		Writing projection on hard drive...
[2026-07-20 08:15:12] 		 /work/data/output_disk_sp1_4cpu/Achillea.atrata/proj_ipsl.cm6a.lr_ssp585/individual_projections/proj_ipsl.cm6a.lr_ssp585_Achillea.atrata_PA4_RUN3_MAXNET.tif
[2026-07-20 08:15:20] 	> Projecting Achillea.atrata_PA4_RUN4_FDA ...
[2026-07-20 08:15:21] 		Writing projection on hard drive...
[2026-07-20 08:15:21] 		 /work/data/output_disk_sp1_4cpu/Achillea.atrata/proj_ipsl.cm6a.lr_ssp585/individual_projections/proj_ipsl.cm6a.lr_ssp585_Achillea.atrata_PA4_RUN3_GBM.tif
[2026-07-20 08:15:23] 	> Projecting Achillea.atrata_PA4_RUN4_GLM ...
[2026-07-20 08:15:24] 		Writing projection on hard drive...
[2026-07-20 08:15:24] 		 /work/data/output_disk_sp1_4cpu/Achillea.atrata/proj_ipsl.cm6a.lr_ssp585/individual_projections/proj_ipsl.cm6a.lr_ssp585_Achillea.atrata_PA4_RUN5_MAXNET.tif
[2026-07-20 08:15:54] 	> Projecting Achillea.atrata_PA5_RUN1_FDA ...
[2026-07-20 08:15:55] 		Writing projection on hard drive...
[2026-07-20 08:15:55] 		 /work/data/output_disk_sp1_4cpu/Achillea.atrata/proj_ipsl.cm6a.lr_ssp585/individual_projections/proj_ipsl.cm6a.lr_ssp585_Achillea.atrata_PA4_RUN4_GLM.tif
[2026-07-20 08:15:57] 	> Projecting Achillea.atrata_PA4_RUN4_MAXNET ...
[2026-07-20 08:15:58] 		Writing projection on hard drive...
[2026-07-20 08:15:58] 		 /work/data/output_disk_sp1_4cpu/Achillea.atrata/proj_ipsl.cm6a.lr_ssp585/individual_projections/proj_ipsl.cm6a.lr_ssp585_Achillea.atrata_PA4_RUN4_FDA.tif
[2026-07-20 08:16:06] 	> Projecting Achillea.atrata_PA4_RUN5_ANN ...
[2026-07-20 08:16:06] 		Writing projection on hard drive...
[2026-07-20 08:16:06] 		 /work/data/output_disk_sp1_4cpu/Achillea.atrata/proj_ipsl.cm6a.lr_ssp585/individual_projections/proj_ipsl.cm6a.lr_ssp585_Achillea.atrata_PA5_RUN1_FDA.tif
[2026-07-20 08:16:30] 	> Projecting Achillea.atrata_PA5_RUN2_ANN ...
[2026-07-20 08:16:31] 		Writing projection on hard drive...
[2026-07-20 08:16:31] 		 /work/data/output_disk_sp1_4cpu/Achillea.atrata/proj_ipsl.cm6a.lr_ssp585/individual_projections/proj_ipsl.cm6a.lr_ssp585_Achillea.atrata_PA4_RUN4_MAXNET.tif
[2026-07-20 08:16:51] 	> Projecting Achillea.atrata_PA4_RUN5_FDA ...
[2026-07-20 08:16:52] 		Writing projection on hard drive...
[2026-07-20 08:16:52] 		 /work/data/output_disk_sp1_4cpu/Achillea.atrata/proj_ipsl.cm6a.lr_ssp585/individual_projections/proj_ipsl.cm6a.lr_ssp585_Achillea.atrata_PA4_RUN5_ANN.tif
[2026-07-20 08:16:55] 	> Projecting Achillea.atrata_PA5_RUN1_GBM ...
[2026-07-20 08:16:56] 		Writing projection on hard drive...
[2026-07-20 08:16:56] 		 /work/data/output_disk_sp1_4cpu/Achillea.atrata/proj_ipsl.cm6a.lr_ssp585/individual_projections/proj_ipsl.cm6a.lr_ssp585_Achillea.atrata_PA5_RUN2_ANN.tif
[2026-07-20 08:16:57] 	> Projecting Achillea.atrata_PA5_RUN3_GBM ...
[2026-07-20 08:16:58] 		Writing projection on hard drive...
[2026-07-20 08:16:58] 		 /work/data/output_disk_sp1_4cpu/Achillea.atrata/proj_ipsl.cm6a.lr_ssp585/individual_projections/proj_ipsl.cm6a.lr_ssp585_Achillea.atrata_PA4_RUN5_GBM.tif
[2026-07-20 08:17:22] 	> Projecting Achillea.atrata_PA5_RUN1_GLM ...
[2026-07-20 08:17:22] 		Writing projection on hard drive...
[2026-07-20 08:17:22] 		 /work/data/output_disk_sp1_4cpu/Achillea.atrata/proj_ipsl.cm6a.lr_ssp585/individual_projections/proj_ipsl.cm6a.lr_ssp585_Achillea.atrata_PA4_RUN5_FDA.tif
[2026-07-20 08:17:25] 	> Projecting Achillea.atrata_PA5_RUN1_ANN ...
[2026-07-20 08:17:26] 		Writing projection on hard drive...
[2026-07-20 08:17:26] 		 /work/data/output_disk_sp1_4cpu/Achillea.atrata/proj_ipsl.cm6a.lr_ssp585/individual_projections/proj_ipsl.cm6a.lr_ssp585_Achillea.atrata_PA5_RUN1_GLM.tif
[2026-07-20 08:18:05] 	> Projecting Achillea.atrata_PA5_RUN1_MAXNET ...
[2026-07-20 08:18:06] 		Writing projection on hard drive...
[2026-07-20 08:18:06] 		 /work/data/output_disk_sp1_4cpu/Achillea.atrata/proj_ipsl.cm6a.lr_ssp585/individual_projections/proj_ipsl.cm6a.lr_ssp585_Achillea.atrata_PA5_RUN1_MAXNET.tif
[2026-07-20 08:18:08] 	> Projecting Achillea.atrata_PA5_RUN2_FDA ...
[2026-07-20 08:18:09] 		Writing projection on hard drive...
[2026-07-20 08:18:09] 		 /work/data/output_disk_sp1_4cpu/Achillea.atrata/proj_ipsl.cm6a.lr_ssp585/individual_projections/proj_ipsl.cm6a.lr_ssp585_Achillea.atrata_PA5_RUN1_ANN.tif
[2026-07-20 08:18:48] 	> Projecting Achillea.atrata_PA5_RUN2_GBM ...
[2026-07-20 08:18:49] 		Writing projection on hard drive...
[2026-07-20 08:18:49] 		 /work/data/output_disk_sp1_4cpu/Achillea.atrata/proj_ipsl.cm6a.lr_ssp585/individual_projections/proj_ipsl.cm6a.lr_ssp585_Achillea.atrata_PA5_RUN2_FDA.tif
[2026-07-20 08:19:32] 	> Projecting Achillea.atrata_PA5_RUN3_ANN ...
[2026-07-20 08:19:33] 		Writing projection on hard drive...
[2026-07-20 08:19:33] 		 /work/data/output_disk_sp1_4cpu/Achillea.atrata/proj_ipsl.cm6a.lr_ssp585/individual_projections/proj_ipsl.cm6a.lr_ssp585_Achillea.atrata_PA5_RUN3_ANN.tif
[2026-07-20 08:30:34] 	> Projecting Achillea.atrata_PA5_RUN4_GBM ...
[2026-07-20 08:30:35] 		Writing projection on hard drive...
[2026-07-20 08:30:35] 		 /work/data/output_disk_sp1_4cpu/Achillea.atrata/proj_ipsl.cm6a.lr_ssp585/individual_projections/proj_ipsl.cm6a.lr_ssp585_Achillea.atrata_PA5_RUN1_GBM.tif
[2026-07-20 08:30:38] 	> Projecting Achillea.atrata_PA5_RUN2_GLM ...
[2026-07-20 08:30:38] 		Writing projection on hard drive...
[2026-07-20 08:30:38] 		 /work/data/output_disk_sp1_4cpu/Achillea.atrata/proj_ipsl.cm6a.lr_ssp585/individual_projections/proj_ipsl.cm6a.lr_ssp585_Achillea.atrata_PA5_RUN3_GBM.tif
[2026-07-20 08:31:04] 	> Projecting Achillea.atrata_PA5_RUN4_GLM ...
[2026-07-20 08:31:05] 		Writing projection on hard drive...
[2026-07-20 08:31:05] 		 /work/data/output_disk_sp1_4cpu/Achillea.atrata/proj_ipsl.cm6a.lr_ssp585/individual_projections/proj_ipsl.cm6a.lr_ssp585_Achillea.atrata_PA5_RUN2_GLM.tif
[2026-07-20 08:31:05] 	> Projecting Achillea.atrata_PA5_RUN2_MAXNET ...
[2026-07-20 08:31:06] 		Writing projection on hard drive...
[2026-07-20 08:31:06] 		 /work/data/output_disk_sp1_4cpu/Achillea.atrata/proj_ipsl.cm6a.lr_ssp585/individual_projections/proj_ipsl.cm6a.lr_ssp585_Achillea.atrata_PA5_RUN4_GLM.tif
[2026-07-20 08:31:33] 	> Projecting Achillea.atrata_PA5_RUN4_MAXNET ...
[2026-07-20 08:31:34] 		Writing projection on hard drive...
[2026-07-20 08:31:34] 		 /work/data/output_disk_sp1_4cpu/Achillea.atrata/proj_ipsl.cm6a.lr_ssp585/individual_projections/proj_ipsl.cm6a.lr_ssp585_Achillea.atrata_PA5_RUN2_GBM.tif
[2026-07-20 08:31:42] 	> Projecting Achillea.atrata_PA5_RUN3_GLM ...
[2026-07-20 08:31:42] 		Writing projection on hard drive...
[2026-07-20 08:31:43] 		Writing projection on hard drive...
[2026-07-20 08:31:43] 		 /work/data/output_disk_sp1_4cpu/Achillea.atrata/proj_ipsl.cm6a.lr_ssp585/individual_projections/proj_ipsl.cm6a.lr_ssp585_Achillea.atrata_PA5_RUN4_MAXNET.tif
[2026-07-20 08:31:43] 	> Projecting Achillea.atrata_PA5_RUN5_FDA ...
[2026-07-20 08:31:43] 		 /work/data/output_disk_sp1_4cpu/Achillea.atrata/proj_ipsl.cm6a.lr_ssp585/individual_projections/proj_ipsl.cm6a.lr_ssp585_Achillea.atrata_PA5_RUN2_MAXNET.tif
[2026-07-20 08:32:08] 	> Projecting Achillea.atrata_PA5_RUN3_FDA ...
[2026-07-20 08:32:09] 		Writing projection on hard drive...
[2026-07-20 08:32:09] 		 /work/data/output_disk_sp1_4cpu/Achillea.atrata/proj_ipsl.cm6a.lr_ssp585/individual_projections/proj_ipsl.cm6a.lr_ssp585_Achillea.atrata_PA5_RUN3_GLM.tif
[2026-07-20 08:32:28] 	> Projecting Achillea.atrata_PA5_RUN3_MAXNET ...
[2026-07-20 08:32:29] 		Writing projection on hard drive...
[2026-07-20 08:32:30] 		 /work/data/output_disk_sp1_4cpu/Achillea.atrata/proj_ipsl.cm6a.lr_ssp585/individual_projections/proj_ipsl.cm6a.lr_ssp585_Achillea.atrata_PA5_RUN5_FDA.tif
[2026-07-20 08:32:30] 		Writing projection on hard drive...
[2026-07-20 08:32:30] 		 /work/data/output_disk_sp1_4cpu/Achillea.atrata/proj_ipsl.cm6a.lr_ssp585/individual_projections/proj_ipsl.cm6a.lr_ssp585_Achillea.atrata_PA5_RUN3_FDA.tif
[2026-07-20 08:32:45] 	> Projecting Achillea.atrata_PA5_RUN4_ANN ...
[2026-07-20 08:32:45] 		Writing projection on hard drive...
[2026-07-20 08:32:45] 		 /work/data/output_disk_sp1_4cpu/Achillea.atrata/proj_ipsl.cm6a.lr_ssp585/individual_projections/proj_ipsl.cm6a.lr_ssp585_Achillea.atrata_PA5_RUN3_MAXNET.tif
[2026-07-20 08:33:17] 	> Projecting Achillea.atrata_PA5_RUN4_FDA ...
[2026-07-20 08:33:18] 		Writing projection on hard drive...
[2026-07-20 08:33:18] 		 /work/data/output_disk_sp1_4cpu/Achillea.atrata/proj_ipsl.cm6a.lr_ssp585/individual_projections/proj_ipsl.cm6a.lr_ssp585_Achillea.atrata_PA5_RUN4_ANN.tif
[2026-07-20 08:33:28] 	> Projecting Achillea.atrata_PA5_RUN5_GBM ...
[2026-07-20 08:33:29] 		Writing projection on hard drive...
[2026-07-20 08:33:29] 		 /work/data/output_disk_sp1_4cpu/Achillea.atrata/proj_ipsl.cm6a.lr_ssp585/individual_projections/proj_ipsl.cm6a.lr_ssp585_Achillea.atrata_PA5_RUN4_GBM.tif
[2026-07-20 08:33:31] 	> Projecting Achillea.atrata_PA5_RUN5_GLM ...
[2026-07-20 08:33:32] 		Writing projection on hard drive...
[2026-07-20 08:33:32] 		 /work/data/output_disk_sp1_4cpu/Achillea.atrata/proj_ipsl.cm6a.lr_ssp585/individual_projections/proj_ipsl.cm6a.lr_ssp585_Achillea.atrata_PA5_RUN4_FDA.tif
[2026-07-20 08:33:58] 	> Projecting Achillea.atrata_PA5_RUN5_ANN ...
[2026-07-20 08:33:59] 		Writing projection on hard drive...
[2026-07-20 08:33:59] 		 /work/data/output_disk_sp1_4cpu/Achillea.atrata/proj_ipsl.cm6a.lr_ssp585/individual_projections/proj_ipsl.cm6a.lr_ssp585_Achillea.atrata_PA5_RUN5_GLM.tif
[2026-07-20 08:34:19] 	> Projecting Achillea.atrata_PA5_RUN5_MAXNET ...
[2026-07-20 08:34:20] 		Writing projection on hard drive...
[2026-07-20 08:34:34] 		 /work/data/output_disk_sp1_4cpu/Achillea.atrata/proj_ipsl.cm6a.lr_ssp585/individual_projections/proj_ipsl.cm6a.lr_ssp585_Achillea.atrata_PA5_RUN5_ANN.tif
[2026-07-20 08:34:35] 		Writing projection on hard drive...
[2026-07-20 08:47:19] 		 /work/data/output_disk_sp1_4cpu/Achillea.atrata/proj_ipsl.cm6a.lr_ssp585/individual_projections/proj_ipsl.cm6a.lr_ssp585_Achillea.atrata_PA5_RUN5_MAXNET.tif
[2026-07-20 08:47:20] 		Writing projection on hard drive...
[2026-07-20 08:47:20] 		 /work/data/output_disk_sp1_4cpu/Achillea.atrata/proj_ipsl.cm6a.lr_ssp585/individual_projections/proj_ipsl.cm6a.lr_ssp585_Achillea.atrata_PA5_RUN5_GBM.tif
[2026-07-20 08:47:20] -=-=-=-=-=-=-=-=-=-=-=-=-=-=-=-=-=-= Done -=-=-=-=-=-=-=-=-=-=-=-=-=-=-=-=-=-=
[2026-07-20 08:47:20] 
[2026-07-20 08:47:20] -=-=-=-=-=-=-=-=-=-=-=-= Do Ensemble Models Projection -=-=-=-=-=-=-=-=-=-=-=-=
[2026-07-20 08:47:20] 
[2026-07-20 08:47:20] Creating suitable Workdir...
[2026-07-20 08:47:22] 
[2026-07-20 08:47:22] 	> Projecting Achillea.atrata_EMmeanByAUCroc_mergedData_mergedRun_mergedAlgo ...
[2026-07-20 09:02:31] 	> Projecting Achillea.atrata_EMcvByAUCroc_mergedData_mergedRun_mergedAlgo ...|---------|---------|---------|---------||---------|---------|---------|---------|=======================================================                                          
[2026-07-20 09:13:35] 		Writing projection on hard drive...===========================                                          
[2026-07-20 09:13:37] 		Writing projection on hard drive...
[2026-07-20 09:13:37] 
[2026-07-20 09:13:37] ! Binary/Filtered transformation automatically desactivated for ensemble models with coefficient of variation or confidence intervals
[2026-07-20 09:13:42] 	> Building TSS binaries / filtered
[2026-07-20 09:13:47] 	> Building AUCroc binaries / filtered
[2026-07-20 09:13:52] 	> Building KAPPA binaries / filtered
[2026-07-20 09:13:52] 
[2026-07-20 09:13:52] -=-=-=-=-=-=-=-=-=-=-=-=-=-=-=-=-=-= Done -=-=-=-=-=-=-=-=-=-=-=-=-=-=-=-=-=-=
[2026-07-20 09:13:53] 
[2026-07-20 09:13:53] 
[2026-07-20 09:13:53] DEBUG: Processing future scenario 5 of 8 : /work/data/input/climate_vars/future/mpi.esm1.2.hr/ssp370 
[2026-07-20 09:13:53] DEBUG: Raster loaded, ncell = 63951097 , hasValues = TRUE 
[2026-07-20 09:13:53] 
[2026-07-20 09:13:53] -=-=-=-=-=-=-=-=-=-=-=-=-= Do Single Models Projection -=-=-=-=-=-=-=-=-=-=-=-=-=
[2026-07-20 09:14:17] 
[2026-07-20 09:14:17] 		! 'overwrite' arg is set as FALSE. Projections that have already been saved will not be redone. 
[2026-07-20 09:14:17]         Please be carfeul if you have changed the models in the meantime. 
[2026-07-20 09:14:17] 	> Building clamping mask
[2026-07-20 09:15:20] 
[2026-07-20 09:15:20] 	> Projecting Achillea.atrata_PA1_RUN1_GLM ...
[2026-07-20 09:15:20] 	> Projecting Achillea.atrata_PA1_RUN1_GBM ...
[2026-07-20 09:15:20] 	> Projecting Achillea.atrata_PA1_RUN1_ANN ...
[2026-07-20 09:16:03] 	> Projecting Achillea.atrata_PA1_RUN1_FDA ...
[2026-07-20 09:16:04] 		Writing projection on hard drive...
[2026-07-20 09:16:04] 		 /work/data/output_disk_sp1_4cpu/Achillea.atrata/proj_mpi.esm1.2.hr_ssp370/individual_projections/proj_mpi.esm1.2.hr_ssp370_Achillea.atrata_PA1_RUN1_GLM.tif
[2026-07-20 09:16:21] 	> Projecting Achillea.atrata_PA1_RUN1_MAXNET ...
[2026-07-20 09:16:22] 		Writing projection on hard drive...
[2026-07-20 09:16:22] 		 /work/data/output_disk_sp1_4cpu/Achillea.atrata/proj_mpi.esm1.2.hr_ssp370/individual_projections/proj_mpi.esm1.2.hr_ssp370_Achillea.atrata_PA1_RUN1_FDA.tif
[2026-07-20 09:16:32] 	> Projecting Achillea.atrata_PA1_RUN2_ANN ...
[2026-07-20 09:16:33] 		Writing projection on hard drive...
[2026-07-20 09:16:33] 		 /work/data/output_disk_sp1_4cpu/Achillea.atrata/proj_mpi.esm1.2.hr_ssp370/individual_projections/proj_mpi.esm1.2.hr_ssp370_Achillea.atrata_PA1_RUN1_ANN.tif
[2026-07-20 09:16:51] 	> Projecting Achillea.atrata_PA1_RUN2_GBM ...
[2026-07-20 09:16:52] 		Writing projection on hard drive...
[2026-07-20 09:16:52] 		 /work/data/output_disk_sp1_4cpu/Achillea.atrata/proj_mpi.esm1.2.hr_ssp370/individual_projections/proj_mpi.esm1.2.hr_ssp370_Achillea.atrata_PA1_RUN1_MAXNET.tif
[2026-07-20 09:17:31] 	> Projecting Achillea.atrata_PA1_RUN2_FDA ...
[2026-07-20 09:17:31] 		Writing projection on hard drive...
[2026-07-20 09:17:31] 		 /work/data/output_disk_sp1_4cpu/Achillea.atrata/proj_mpi.esm1.2.hr_ssp370/individual_projections/proj_mpi.esm1.2.hr_ssp370_Achillea.atrata_PA1_RUN2_ANN.tif
[2026-07-20 09:17:35] 	> Projecting Achillea.atrata_PA1_RUN3_GBM ...
[2026-07-20 09:17:35] 		Writing projection on hard drive...
[2026-07-20 09:17:35] 		 /work/data/output_disk_sp1_4cpu/Achillea.atrata/proj_mpi.esm1.2.hr_ssp370/individual_projections/proj_mpi.esm1.2.hr_ssp370_Achillea.atrata_PA1_RUN2_FDA.tif
[2026-07-20 09:18:36] 	> Projecting Achillea.atrata_PA1_RUN3_ANN ...
[2026-07-20 09:18:37] 		Writing projection on hard drive...
[2026-07-20 09:18:37] 		 /work/data/output_disk_sp1_4cpu/Achillea.atrata/proj_mpi.esm1.2.hr_ssp370/individual_projections/proj_mpi.esm1.2.hr_ssp370_Achillea.atrata_PA1_RUN3_ANN.tif
[2026-07-20 09:29:17] 	> Projecting Achillea.atrata_PA1_RUN4_GBM ...
[2026-07-20 09:29:18] 		Writing projection on hard drive...
[2026-07-20 09:29:18] 		 /work/data/output_disk_sp1_4cpu/Achillea.atrata/proj_mpi.esm1.2.hr_ssp370/individual_projections/proj_mpi.esm1.2.hr_ssp370_Achillea.atrata_PA1_RUN1_GBM.tif
[2026-07-20 09:29:59] 	> Projecting Achillea.atrata_PA1_RUN2_GLM ...
[2026-07-20 09:30:00] 		Writing projection on hard drive...
[2026-07-20 09:30:00] 		 /work/data/output_disk_sp1_4cpu/Achillea.atrata/proj_mpi.esm1.2.hr_ssp370/individual_projections/proj_mpi.esm1.2.hr_ssp370_Achillea.atrata_PA1_RUN2_GLM.tif
[2026-07-20 09:30:27] 	> Projecting Achillea.atrata_PA1_RUN2_MAXNET ...
[2026-07-20 09:30:28] 		Writing projection on hard drive...
[2026-07-20 09:30:28] 		 /work/data/output_disk_sp1_4cpu/Achillea.atrata/proj_mpi.esm1.2.hr_ssp370/individual_projections/proj_mpi.esm1.2.hr_ssp370_Achillea.atrata_PA1_RUN2_GBM.tif
[2026-07-20 09:30:45] 	> Projecting Achillea.atrata_PA1_RUN3_GLM ...
[2026-07-20 09:30:46] 		Writing projection on hard drive...
[2026-07-20 09:30:46] 		 /work/data/output_disk_sp1_4cpu/Achillea.atrata/proj_mpi.esm1.2.hr_ssp370/individual_projections/proj_mpi.esm1.2.hr_ssp370_Achillea.atrata_PA1_RUN2_MAXNET.tif
[2026-07-20 09:31:05] 	> Projecting Achillea.atrata_PA1_RUN3_FDA ...
[2026-07-20 09:31:06] 		Writing projection on hard drive...
[2026-07-20 09:31:06] 		 /work/data/output_disk_sp1_4cpu/Achillea.atrata/proj_mpi.esm1.2.hr_ssp370/individual_projections/proj_mpi.esm1.2.hr_ssp370_Achillea.atrata_PA1_RUN3_GLM.tif
[2026-07-20 09:31:30] 	> Projecting Achillea.atrata_PA1_RUN3_MAXNET ...
[2026-07-20 09:31:31] 		Writing projection on hard drive...
[2026-07-20 09:31:31] 		 /work/data/output_disk_sp1_4cpu/Achillea.atrata/proj_mpi.esm1.2.hr_ssp370/individual_projections/proj_mpi.esm1.2.hr_ssp370_Achillea.atrata_PA1_RUN3_FDA.tif
[2026-07-20 09:31:33] 	> Projecting Achillea.atrata_PA1_RUN4_ANN ...
[2026-07-20 09:31:34] 		Writing projection on hard drive...
[2026-07-20 09:31:34] 		 /work/data/output_disk_sp1_4cpu/Achillea.atrata/proj_mpi.esm1.2.hr_ssp370/individual_projections/proj_mpi.esm1.2.hr_ssp370_Achillea.atrata_PA1_RUN3_GBM.tif
[2026-07-20 09:31:52] 	> Projecting Achillea.atrata_PA1_RUN4_GLM ...
[2026-07-20 09:31:52] 		Writing projection on hard drive...
[2026-07-20 09:31:52] 		 /work/data/output_disk_sp1_4cpu/Achillea.atrata/proj_mpi.esm1.2.hr_ssp370/individual_projections/proj_mpi.esm1.2.hr_ssp370_Achillea.atrata_PA1_RUN3_MAXNET.tif
[2026-07-20 09:32:12] 	> Projecting Achillea.atrata_PA1_RUN4_FDA ...
[2026-07-20 09:32:13] 		Writing projection on hard drive...
[2026-07-20 09:32:13] 		 /work/data/output_disk_sp1_4cpu/Achillea.atrata/proj_mpi.esm1.2.hr_ssp370/individual_projections/proj_mpi.esm1.2.hr_ssp370_Achillea.atrata_PA1_RUN4_GLM.tif
[2026-07-20 09:32:38] 	> Projecting Achillea.atrata_PA1_RUN4_MAXNET ...
[2026-07-20 09:32:39] 		Writing projection on hard drive...
[2026-07-20 09:32:39] 		 /work/data/output_disk_sp1_4cpu/Achillea.atrata/proj_mpi.esm1.2.hr_ssp370/individual_projections/proj_mpi.esm1.2.hr_ssp370_Achillea.atrata_PA1_RUN4_ANN.tif
[2026-07-20 09:32:44] 	> Projecting Achillea.atrata_PA1_RUN5_GBM ...
[2026-07-20 09:32:45] 		Writing projection on hard drive...
[2026-07-20 09:32:45] 		 /work/data/output_disk_sp1_4cpu/Achillea.atrata/proj_mpi.esm1.2.hr_ssp370/individual_projections/proj_mpi.esm1.2.hr_ssp370_Achillea.atrata_PA1_RUN4_FDA.tif
[2026-07-20 09:32:59] 	> Projecting Achillea.atrata_PA1_RUN5_ANN ...
[2026-07-20 09:33:00] 		Writing projection on hard drive...
[2026-07-20 09:33:00] 		 /work/data/output_disk_sp1_4cpu/Achillea.atrata/proj_mpi.esm1.2.hr_ssp370/individual_projections/proj_mpi.esm1.2.hr_ssp370_Achillea.atrata_PA1_RUN4_GBM.tif
[2026-07-20 09:33:00] 	> Projecting Achillea.atrata_PA1_RUN5_GLM ...
[2026-07-20 09:33:01] 		Writing projection on hard drive...
[2026-07-20 09:33:01] 		 /work/data/output_disk_sp1_4cpu/Achillea.atrata/proj_mpi.esm1.2.hr_ssp370/individual_projections/proj_mpi.esm1.2.hr_ssp370_Achillea.atrata_PA1_RUN4_MAXNET.tif
[2026-07-20 09:33:37] 	> Projecting Achillea.atrata_PA1_RUN5_FDA ...
[2026-07-20 09:33:37] 		Writing projection on hard drive...
[2026-07-20 09:33:37] 		 /work/data/output_disk_sp1_4cpu/Achillea.atrata/proj_mpi.esm1.2.hr_ssp370/individual_projections/proj_mpi.esm1.2.hr_ssp370_Achillea.atrata_PA1_RUN5_GLM.tif
[2026-07-20 09:33:46] 	> Projecting Achillea.atrata_PA1_RUN5_MAXNET ...
[2026-07-20 09:33:46] 		Writing projection on hard drive...
[2026-07-20 09:33:46] 		 /work/data/output_disk_sp1_4cpu/Achillea.atrata/proj_mpi.esm1.2.hr_ssp370/individual_projections/proj_mpi.esm1.2.hr_ssp370_Achillea.atrata_PA1_RUN5_ANN.tif
[2026-07-20 09:33:51] 	> Projecting Achillea.atrata_PA2_RUN1_GBM ...
[2026-07-20 09:33:52] 		Writing projection on hard drive...
[2026-07-20 09:33:52] 		 /work/data/output_disk_sp1_4cpu/Achillea.atrata/proj_mpi.esm1.2.hr_ssp370/individual_projections/proj_mpi.esm1.2.hr_ssp370_Achillea.atrata_PA1_RUN5_FDA.tif
[2026-07-20 09:34:19] 	> Projecting Achillea.atrata_PA2_RUN1_ANN ...
[2026-07-20 09:34:20] 		Writing projection on hard drive...
[2026-07-20 09:34:20] 		 /work/data/output_disk_sp1_4cpu/Achillea.atrata/proj_mpi.esm1.2.hr_ssp370/individual_projections/proj_mpi.esm1.2.hr_ssp370_Achillea.atrata_PA1_RUN5_MAXNET.tif
[2026-07-20 09:34:54] 	> Projecting Achillea.atrata_PA2_RUN1_FDA ...
[2026-07-20 09:34:55] 		Writing projection on hard drive...
[2026-07-20 09:34:55] 		 /work/data/output_disk_sp1_4cpu/Achillea.atrata/proj_mpi.esm1.2.hr_ssp370/individual_projections/proj_mpi.esm1.2.hr_ssp370_Achillea.atrata_PA2_RUN1_ANN.tif
[2026-07-20 09:35:04] 	> Projecting Achillea.atrata_PA2_RUN2_GBM ...
[2026-07-20 09:35:05] 		Writing projection on hard drive...
[2026-07-20 09:35:05] 		 /work/data/output_disk_sp1_4cpu/Achillea.atrata/proj_mpi.esm1.2.hr_ssp370/individual_projections/proj_mpi.esm1.2.hr_ssp370_Achillea.atrata_PA2_RUN1_FDA.tif
[2026-07-20 09:36:08] 	> Projecting Achillea.atrata_PA2_RUN2_ANN ...
[2026-07-20 09:36:09] 		Writing projection on hard drive...
[2026-07-20 09:36:09] 		 /work/data/output_disk_sp1_4cpu/Achillea.atrata/proj_mpi.esm1.2.hr_ssp370/individual_projections/proj_mpi.esm1.2.hr_ssp370_Achillea.atrata_PA2_RUN2_ANN.tif
[2026-07-20 09:46:27] 	> Projecting Achillea.atrata_PA2_RUN3_GBM ...
[2026-07-20 09:46:27] 		Writing projection on hard drive...
[2026-07-20 09:46:27] 		 /work/data/output_disk_sp1_4cpu/Achillea.atrata/proj_mpi.esm1.2.hr_ssp370/individual_projections/proj_mpi.esm1.2.hr_ssp370_Achillea.atrata_PA1_RUN5_GBM.tif
[2026-07-20 09:47:01] 	> Projecting Achillea.atrata_PA2_RUN1_GLM ...
[2026-07-20 09:47:01] 		Writing projection on hard drive...
[2026-07-20 09:47:01] 		 /work/data/output_disk_sp1_4cpu/Achillea.atrata/proj_mpi.esm1.2.hr_ssp370/individual_projections/proj_mpi.esm1.2.hr_ssp370_Achillea.atrata_PA2_RUN1_GLM.tif
[2026-07-20 09:47:43] 	> Projecting Achillea.atrata_PA2_RUN1_MAXNET ...
[2026-07-20 09:47:44] 		Writing projection on hard drive...
[2026-07-20 09:47:44] 		 /work/data/output_disk_sp1_4cpu/Achillea.atrata/proj_mpi.esm1.2.hr_ssp370/individual_projections/proj_mpi.esm1.2.hr_ssp370_Achillea.atrata_PA2_RUN1_MAXNET.tif
[2026-07-20 09:47:49] 	> Projecting Achillea.atrata_PA2_RUN2_FDA ...
[2026-07-20 09:47:50] 		Writing projection on hard drive...
[2026-07-20 09:47:50] 		 /work/data/output_disk_sp1_4cpu/Achillea.atrata/proj_mpi.esm1.2.hr_ssp370/individual_projections/proj_mpi.esm1.2.hr_ssp370_Achillea.atrata_PA2_RUN1_GBM.tif
[2026-07-20 09:48:25] 	> Projecting Achillea.atrata_PA2_RUN2_GLM ...
[2026-07-20 09:48:26] 		Writing projection on hard drive...
[2026-07-20 09:48:26] 		 /work/data/output_disk_sp1_4cpu/Achillea.atrata/proj_mpi.esm1.2.hr_ssp370/individual_projections/proj_mpi.esm1.2.hr_ssp370_Achillea.atrata_PA2_RUN2_GLM.tif
[2026-07-20 09:48:27] 	> Projecting Achillea.atrata_PA2_RUN2_MAXNET ...
[2026-07-20 09:48:28] 		Writing projection on hard drive...
[2026-07-20 09:48:28] 		 /work/data/output_disk_sp1_4cpu/Achillea.atrata/proj_mpi.esm1.2.hr_ssp370/individual_projections/proj_mpi.esm1.2.hr_ssp370_Achillea.atrata_PA2_RUN2_FDA.tif
[2026-07-20 09:48:29] 	> Projecting Achillea.atrata_PA2_RUN3_ANN ...
[2026-07-20 09:48:30] 		Writing projection on hard drive...
[2026-07-20 09:48:30] 		 /work/data/output_disk_sp1_4cpu/Achillea.atrata/proj_mpi.esm1.2.hr_ssp370/individual_projections/proj_mpi.esm1.2.hr_ssp370_Achillea.atrata_PA2_RUN2_GBM.tif
[2026-07-20 09:49:04] 	> Projecting Achillea.atrata_PA2_RUN3_GLM ...
[2026-07-20 09:49:04] 		Writing projection on hard drive...
[2026-07-20 09:49:04] 		 /work/data/output_disk_sp1_4cpu/Achillea.atrata/proj_mpi.esm1.2.hr_ssp370/individual_projections/proj_mpi.esm1.2.hr_ssp370_Achillea.atrata_PA2_RUN3_GLM.tif
[2026-07-20 09:49:11] 	> Projecting Achillea.atrata_PA2_RUN3_MAXNET ...
[2026-07-20 09:49:11] 		Writing projection on hard drive...
[2026-07-20 09:49:11] 		 /work/data/output_disk_sp1_4cpu/Achillea.atrata/proj_mpi.esm1.2.hr_ssp370/individual_projections/proj_mpi.esm1.2.hr_ssp370_Achillea.atrata_PA2_RUN2_MAXNET.tif
[2026-07-20 09:49:26] 	> Projecting Achillea.atrata_PA2_RUN3_FDA ...
[2026-07-20 09:49:27] 		Writing projection on hard drive...
[2026-07-20 09:49:27] 		 /work/data/output_disk_sp1_4cpu/Achillea.atrata/proj_mpi.esm1.2.hr_ssp370/individual_projections/proj_mpi.esm1.2.hr_ssp370_Achillea.atrata_PA2_RUN3_ANN.tif
[2026-07-20 09:49:48] 	> Projecting Achillea.atrata_PA2_RUN4_GBM ...
[2026-07-20 09:49:49] 		Writing projection on hard drive...
[2026-07-20 09:49:49] 		 /work/data/output_disk_sp1_4cpu/Achillea.atrata/proj_mpi.esm1.2.hr_ssp370/individual_projections/proj_mpi.esm1.2.hr_ssp370_Achillea.atrata_PA2_RUN3_MAXNET.tif
[2026-07-20 09:49:59] 	> Projecting Achillea.atrata_PA2_RUN4_FDA ...
[2026-07-20 09:49:59] 		Writing projection on hard drive...
[2026-07-20 09:49:59] 		 /work/data/output_disk_sp1_4cpu/Achillea.atrata/proj_mpi.esm1.2.hr_ssp370/individual_projections/proj_mpi.esm1.2.hr_ssp370_Achillea.atrata_PA2_RUN3_FDA.tif
[2026-07-20 09:50:01] 	> Projecting Achillea.atrata_PA2_RUN4_ANN ...
[2026-07-20 09:50:02] 		Writing projection on hard drive...
[2026-07-20 09:50:02] 		 /work/data/output_disk_sp1_4cpu/Achillea.atrata/proj_mpi.esm1.2.hr_ssp370/individual_projections/proj_mpi.esm1.2.hr_ssp370_Achillea.atrata_PA2_RUN3_GBM.tif
[2026-07-20 09:50:35] 	> Projecting Achillea.atrata_PA2_RUN4_GLM ...
[2026-07-20 09:50:36] 		Writing projection on hard drive...
[2026-07-20 09:50:36] 		 /work/data/output_disk_sp1_4cpu/Achillea.atrata/proj_mpi.esm1.2.hr_ssp370/individual_projections/proj_mpi.esm1.2.hr_ssp370_Achillea.atrata_PA2_RUN4_FDA.tif
[2026-07-20 09:50:41] 	> Projecting Achillea.atrata_PA2_RUN5_ANN ...
[2026-07-20 09:50:41] 		Writing projection on hard drive...
[2026-07-20 09:50:41] 		 /work/data/output_disk_sp1_4cpu/Achillea.atrata/proj_mpi.esm1.2.hr_ssp370/individual_projections/proj_mpi.esm1.2.hr_ssp370_Achillea.atrata_PA2_RUN4_GLM.tif
[2026-07-20 09:50:49] 	> Projecting Achillea.atrata_PA2_RUN4_MAXNET ...
[2026-07-20 09:50:50] 		Writing projection on hard drive...
[2026-07-20 09:50:50] 		 /work/data/output_disk_sp1_4cpu/Achillea.atrata/proj_mpi.esm1.2.hr_ssp370/individual_projections/proj_mpi.esm1.2.hr_ssp370_Achillea.atrata_PA2_RUN4_ANN.tif
[2026-07-20 09:51:26] 	> Projecting Achillea.atrata_PA2_RUN5_GBM ...
[2026-07-20 09:51:26] 		Writing projection on hard drive...
[2026-07-20 09:51:26] 		 /work/data/output_disk_sp1_4cpu/Achillea.atrata/proj_mpi.esm1.2.hr_ssp370/individual_projections/proj_mpi.esm1.2.hr_ssp370_Achillea.atrata_PA2_RUN4_MAXNET.tif
[2026-07-20 09:51:28] 	> Projecting Achillea.atrata_PA2_RUN5_FDA ...
[2026-07-20 09:51:29] 		Writing projection on hard drive...
[2026-07-20 09:51:29] 		 /work/data/output_disk_sp1_4cpu/Achillea.atrata/proj_mpi.esm1.2.hr_ssp370/individual_projections/proj_mpi.esm1.2.hr_ssp370_Achillea.atrata_PA2_RUN5_ANN.tif
[2026-07-20 09:52:13] 	> Projecting Achillea.atrata_PA3_RUN1_GBM ...
[2026-07-20 09:52:14] 		Writing projection on hard drive...
[2026-07-20 09:52:14] 		 /work/data/output_disk_sp1_4cpu/Achillea.atrata/proj_mpi.esm1.2.hr_ssp370/individual_projections/proj_mpi.esm1.2.hr_ssp370_Achillea.atrata_PA2_RUN5_FDA.tif
[2026-07-20 09:52:59] 	> Projecting Achillea.atrata_PA3_RUN1_ANN ...
[2026-07-20 09:53:00] 		Writing projection on hard drive...
[2026-07-20 09:53:00] 		 /work/data/output_disk_sp1_4cpu/Achillea.atrata/proj_mpi.esm1.2.hr_ssp370/individual_projections/proj_mpi.esm1.2.hr_ssp370_Achillea.atrata_PA3_RUN1_ANN.tif
[2026-07-20 10:03:15] 	> Projecting Achillea.atrata_PA3_RUN2_GBM ...
[2026-07-20 10:03:16] 		Writing projection on hard drive...
[2026-07-20 10:03:16] 		 /work/data/output_disk_sp1_4cpu/Achillea.atrata/proj_mpi.esm1.2.hr_ssp370/individual_projections/proj_mpi.esm1.2.hr_ssp370_Achillea.atrata_PA2_RUN4_GBM.tif
[2026-07-20 10:03:49] 	> Projecting Achillea.atrata_PA2_RUN5_GLM ...
[2026-07-20 10:03:50] 		Writing projection on hard drive...
[2026-07-20 10:03:50] 		 /work/data/output_disk_sp1_4cpu/Achillea.atrata/proj_mpi.esm1.2.hr_ssp370/individual_projections/proj_mpi.esm1.2.hr_ssp370_Achillea.atrata_PA2_RUN5_GLM.tif
[2026-07-20 10:04:30] 	> Projecting Achillea.atrata_PA2_RUN5_MAXNET ...
[2026-07-20 10:04:31] 		Writing projection on hard drive...
[2026-07-20 10:04:31] 		 /work/data/output_disk_sp1_4cpu/Achillea.atrata/proj_mpi.esm1.2.hr_ssp370/individual_projections/proj_mpi.esm1.2.hr_ssp370_Achillea.atrata_PA2_RUN5_MAXNET.tif
[2026-07-20 10:04:39] 	> Projecting Achillea.atrata_PA3_RUN1_FDA ...
[2026-07-20 10:04:40] 		Writing projection on hard drive...
[2026-07-20 10:04:40] 		 /work/data/output_disk_sp1_4cpu/Achillea.atrata/proj_mpi.esm1.2.hr_ssp370/individual_projections/proj_mpi.esm1.2.hr_ssp370_Achillea.atrata_PA2_RUN5_GBM.tif
[2026-07-20 10:05:16] 	> Projecting Achillea.atrata_PA3_RUN1_GLM ...
[2026-07-20 10:05:16] 		Writing projection on hard drive...
[2026-07-20 10:05:16] 		 /work/data/output_disk_sp1_4cpu/Achillea.atrata/proj_mpi.esm1.2.hr_ssp370/individual_projections/proj_mpi.esm1.2.hr_ssp370_Achillea.atrata_PA3_RUN1_GLM.tif
[2026-07-20 10:05:18] 	> Projecting Achillea.atrata_PA3_RUN1_MAXNET ...
[2026-07-20 10:05:19] 		Writing projection on hard drive...
[2026-07-20 10:05:19] 		 /work/data/output_disk_sp1_4cpu/Achillea.atrata/proj_mpi.esm1.2.hr_ssp370/individual_projections/proj_mpi.esm1.2.hr_ssp370_Achillea.atrata_PA3_RUN1_FDA.tif
[2026-07-20 10:05:29] 	> Projecting Achillea.atrata_PA3_RUN2_ANN ...
[2026-07-20 10:05:30] 		Writing projection on hard drive...
[2026-07-20 10:05:30] 		 /work/data/output_disk_sp1_4cpu/Achillea.atrata/proj_mpi.esm1.2.hr_ssp370/individual_projections/proj_mpi.esm1.2.hr_ssp370_Achillea.atrata_PA3_RUN1_GBM.tif
[2026-07-20 10:05:57] 	> Projecting Achillea.atrata_PA3_RUN2_GLM ...
[2026-07-20 10:05:57] 		Writing projection on hard drive...
[2026-07-20 10:05:57] 		 /work/data/output_disk_sp1_4cpu/Achillea.atrata/proj_mpi.esm1.2.hr_ssp370/individual_projections/proj_mpi.esm1.2.hr_ssp370_Achillea.atrata_PA3_RUN1_MAXNET.tif
[2026-07-20 10:05:58] 	> Projecting Achillea.atrata_PA3_RUN2_FDA ...
[2026-07-20 10:05:59] 		Writing projection on hard drive...
[2026-07-20 10:05:59] 		 /work/data/output_disk_sp1_4cpu/Achillea.atrata/proj_mpi.esm1.2.hr_ssp370/individual_projections/proj_mpi.esm1.2.hr_ssp370_Achillea.atrata_PA3_RUN2_GLM.tif
[2026-07-20 10:06:07] 	> Projecting Achillea.atrata_PA3_RUN2_MAXNET ...
[2026-07-20 10:06:08] 		Writing projection on hard drive...
[2026-07-20 10:06:08] 		 /work/data/output_disk_sp1_4cpu/Achillea.atrata/proj_mpi.esm1.2.hr_ssp370/individual_projections/proj_mpi.esm1.2.hr_ssp370_Achillea.atrata_PA3_RUN2_ANN.tif
[2026-07-20 10:06:37] 	> Projecting Achillea.atrata_PA3_RUN3_GBM ...
[2026-07-20 10:06:38] 		Writing projection on hard drive...
[2026-07-20 10:06:38] 		 /work/data/output_disk_sp1_4cpu/Achillea.atrata/proj_mpi.esm1.2.hr_ssp370/individual_projections/proj_mpi.esm1.2.hr_ssp370_Achillea.atrata_PA3_RUN2_MAXNET.tif
[2026-07-20 10:06:38] 	> Projecting Achillea.atrata_PA3_RUN3_FDA ...
[2026-07-20 10:06:39] 		Writing projection on hard drive...
[2026-07-20 10:06:39] 		 /work/data/output_disk_sp1_4cpu/Achillea.atrata/proj_mpi.esm1.2.hr_ssp370/individual_projections/proj_mpi.esm1.2.hr_ssp370_Achillea.atrata_PA3_RUN2_FDA.tif
[2026-07-20 10:07:23] 	> Projecting Achillea.atrata_PA3_RUN3_ANN ...
[2026-07-20 10:07:23] 		Writing projection on hard drive...
[2026-07-20 10:07:23] 		 /work/data/output_disk_sp1_4cpu/Achillea.atrata/proj_mpi.esm1.2.hr_ssp370/individual_projections/proj_mpi.esm1.2.hr_ssp370_Achillea.atrata_PA3_RUN3_FDA.tif
[2026-07-20 10:07:24] 	> Projecting Achillea.atrata_PA3_RUN4_ANN ...
[2026-07-20 10:07:25] 		Writing projection on hard drive...
[2026-07-20 10:07:25] 		 /work/data/output_disk_sp1_4cpu/Achillea.atrata/proj_mpi.esm1.2.hr_ssp370/individual_projections/proj_mpi.esm1.2.hr_ssp370_Achillea.atrata_PA3_RUN2_GBM.tif
[2026-07-20 10:07:41] 	> Projecting Achillea.atrata_PA3_RUN3_GLM ...
[2026-07-20 10:07:42] 		Writing projection on hard drive...
[2026-07-20 10:07:42] 		 /work/data/output_disk_sp1_4cpu/Achillea.atrata/proj_mpi.esm1.2.hr_ssp370/individual_projections/proj_mpi.esm1.2.hr_ssp370_Achillea.atrata_PA3_RUN3_ANN.tif
[2026-07-20 10:08:01] 	> Projecting Achillea.atrata_PA3_RUN4_GBM ...
[2026-07-20 10:08:01] 		Writing projection on hard drive...
[2026-07-20 10:08:01] 		 /work/data/output_disk_sp1_4cpu/Achillea.atrata/proj_mpi.esm1.2.hr_ssp370/individual_projections/proj_mpi.esm1.2.hr_ssp370_Achillea.atrata_PA3_RUN3_GLM.tif
[2026-07-20 10:08:08] 	> Projecting Achillea.atrata_PA3_RUN3_MAXNET ...
[2026-07-20 10:08:09] 		Writing projection on hard drive...
[2026-07-20 10:08:09] 		 /work/data/output_disk_sp1_4cpu/Achillea.atrata/proj_mpi.esm1.2.hr_ssp370/individual_projections/proj_mpi.esm1.2.hr_ssp370_Achillea.atrata_PA3_RUN4_ANN.tif
[2026-07-20 10:08:39] 	> Projecting Achillea.atrata_PA3_RUN5_GBM ...
[2026-07-20 10:08:40] 		Writing projection on hard drive...
[2026-07-20 10:08:40] 		 /work/data/output_disk_sp1_4cpu/Achillea.atrata/proj_mpi.esm1.2.hr_ssp370/individual_projections/proj_mpi.esm1.2.hr_ssp370_Achillea.atrata_PA3_RUN3_MAXNET.tif
[2026-07-20 10:09:24] 	> Projecting Achillea.atrata_PA3_RUN4_FDA ...
[2026-07-20 10:09:25] 		Writing projection on hard drive...
[2026-07-20 10:09:25] 		 /work/data/output_disk_sp1_4cpu/Achillea.atrata/proj_mpi.esm1.2.hr_ssp370/individual_projections/proj_mpi.esm1.2.hr_ssp370_Achillea.atrata_PA3_RUN4_FDA.tif
[2026-07-20 10:10:09] 	> Projecting Achillea.atrata_PA3_RUN5_ANN ...
[2026-07-20 10:10:10] 		Writing projection on hard drive...
[2026-07-20 10:10:10] 		 /work/data/output_disk_sp1_4cpu/Achillea.atrata/proj_mpi.esm1.2.hr_ssp370/individual_projections/proj_mpi.esm1.2.hr_ssp370_Achillea.atrata_PA3_RUN5_ANN.tif
[2026-07-20 10:20:07] 	> Projecting Achillea.atrata_PA4_RUN1_GBM ...
[2026-07-20 10:20:08] 		Writing projection on hard drive...
[2026-07-20 10:20:08] 		 /work/data/output_disk_sp1_4cpu/Achillea.atrata/proj_mpi.esm1.2.hr_ssp370/individual_projections/proj_mpi.esm1.2.hr_ssp370_Achillea.atrata_PA3_RUN3_GBM.tif
[2026-07-20 10:20:37] 	> Projecting Achillea.atrata_PA3_RUN4_GLM ...
[2026-07-20 10:20:38] 		Writing projection on hard drive...
[2026-07-20 10:20:38] 		 /work/data/output_disk_sp1_4cpu/Achillea.atrata/proj_mpi.esm1.2.hr_ssp370/individual_projections/proj_mpi.esm1.2.hr_ssp370_Achillea.atrata_PA3_RUN4_GLM.tif
[2026-07-20 10:21:13] 	> Projecting Achillea.atrata_PA3_RUN4_MAXNET ...
[2026-07-20 10:21:14] 		Writing projection on hard drive...
[2026-07-20 10:21:14] 		 /work/data/output_disk_sp1_4cpu/Achillea.atrata/proj_mpi.esm1.2.hr_ssp370/individual_projections/proj_mpi.esm1.2.hr_ssp370_Achillea.atrata_PA3_RUN4_MAXNET.tif
[2026-07-20 10:21:20] 	> Projecting Achillea.atrata_PA3_RUN5_FDA ...
[2026-07-20 10:21:21] 		Writing projection on hard drive...
[2026-07-20 10:21:21] 		 /work/data/output_disk_sp1_4cpu/Achillea.atrata/proj_mpi.esm1.2.hr_ssp370/individual_projections/proj_mpi.esm1.2.hr_ssp370_Achillea.atrata_PA3_RUN4_GBM.tif
[2026-07-20 10:21:54] 	> Projecting Achillea.atrata_PA3_RUN5_GLM ...
[2026-07-20 10:21:55] 		Writing projection on hard drive...
[2026-07-20 10:21:55] 		 /work/data/output_disk_sp1_4cpu/Achillea.atrata/proj_mpi.esm1.2.hr_ssp370/individual_projections/proj_mpi.esm1.2.hr_ssp370_Achillea.atrata_PA3_RUN5_GLM.tif
[2026-07-20 10:21:55] 	> Projecting Achillea.atrata_PA3_RUN5_MAXNET ...
[2026-07-20 10:21:56] 		Writing projection on hard drive...
[2026-07-20 10:21:56] 		 /work/data/output_disk_sp1_4cpu/Achillea.atrata/proj_mpi.esm1.2.hr_ssp370/individual_projections/proj_mpi.esm1.2.hr_ssp370_Achillea.atrata_PA3_RUN5_FDA.tif
[2026-07-20 10:21:57] 	> Projecting Achillea.atrata_PA4_RUN1_ANN ...
[2026-07-20 10:21:58] 		Writing projection on hard drive...
[2026-07-20 10:21:58] 		 /work/data/output_disk_sp1_4cpu/Achillea.atrata/proj_mpi.esm1.2.hr_ssp370/individual_projections/proj_mpi.esm1.2.hr_ssp370_Achillea.atrata_PA3_RUN5_GBM.tif
[2026-07-20 10:22:29] 	> Projecting Achillea.atrata_PA4_RUN1_GLM ...
[2026-07-20 10:22:30] 		Writing projection on hard drive...
[2026-07-20 10:22:30] 		 /work/data/output_disk_sp1_4cpu/Achillea.atrata/proj_mpi.esm1.2.hr_ssp370/individual_projections/proj_mpi.esm1.2.hr_ssp370_Achillea.atrata_PA4_RUN1_GLM.tif
[2026-07-20 10:22:42] 	> Projecting Achillea.atrata_PA4_RUN1_MAXNET ...
[2026-07-20 10:22:42] 		Writing projection on hard drive...
[2026-07-20 10:22:42] 		 /work/data/output_disk_sp1_4cpu/Achillea.atrata/proj_mpi.esm1.2.hr_ssp370/individual_projections/proj_mpi.esm1.2.hr_ssp370_Achillea.atrata_PA3_RUN5_MAXNET.tif
[2026-07-20 10:22:58] 	> Projecting Achillea.atrata_PA4_RUN1_FDA ...
[2026-07-20 10:22:59] 		Writing projection on hard drive...
[2026-07-20 10:22:59] 		 /work/data/output_disk_sp1_4cpu/Achillea.atrata/proj_mpi.esm1.2.hr_ssp370/individual_projections/proj_mpi.esm1.2.hr_ssp370_Achillea.atrata_PA4_RUN1_ANN.tif
[2026-07-20 10:23:05] 	> Projecting Achillea.atrata_PA4_RUN2_GBM ...
[2026-07-20 10:23:06] 		Writing projection on hard drive...
[2026-07-20 10:23:06] 		 /work/data/output_disk_sp1_4cpu/Achillea.atrata/proj_mpi.esm1.2.hr_ssp370/individual_projections/proj_mpi.esm1.2.hr_ssp370_Achillea.atrata_PA4_RUN1_MAXNET.tif
[2026-07-20 10:23:26] 	> Projecting Achillea.atrata_PA4_RUN2_FDA ...
[2026-07-20 10:23:27] 		Writing projection on hard drive...
[2026-07-20 10:23:27] 		 /work/data/output_disk_sp1_4cpu/Achillea.atrata/proj_mpi.esm1.2.hr_ssp370/individual_projections/proj_mpi.esm1.2.hr_ssp370_Achillea.atrata_PA4_RUN1_FDA.tif
[2026-07-20 10:23:50] 	> Projecting Achillea.atrata_PA4_RUN2_ANN ...
[2026-07-20 10:23:51] 		Writing projection on hard drive...
[2026-07-20 10:23:51] 		 /work/data/output_disk_sp1_4cpu/Achillea.atrata/proj_mpi.esm1.2.hr_ssp370/individual_projections/proj_mpi.esm1.2.hr_ssp370_Achillea.atrata_PA4_RUN2_FDA.tif
[2026-07-20 10:24:17] 	> Projecting Achillea.atrata_PA4_RUN3_ANN ...
[2026-07-20 10:24:17] 		Writing projection on hard drive...
[2026-07-20 10:24:17] 		 /work/data/output_disk_sp1_4cpu/Achillea.atrata/proj_mpi.esm1.2.hr_ssp370/individual_projections/proj_mpi.esm1.2.hr_ssp370_Achillea.atrata_PA4_RUN1_GBM.tif
[2026-07-20 10:24:23] 	> Projecting Achillea.atrata_PA4_RUN2_GLM ...
[2026-07-20 10:24:24] 		Writing projection on hard drive...
[2026-07-20 10:24:24] 		 /work/data/output_disk_sp1_4cpu/Achillea.atrata/proj_mpi.esm1.2.hr_ssp370/individual_projections/proj_mpi.esm1.2.hr_ssp370_Achillea.atrata_PA4_RUN2_ANN.tif
[2026-07-20 10:24:37] 	> Projecting Achillea.atrata_PA4_RUN3_GBM ...
[2026-07-20 10:24:38] 		Writing projection on hard drive...
[2026-07-20 10:24:38] 		 /work/data/output_disk_sp1_4cpu/Achillea.atrata/proj_mpi.esm1.2.hr_ssp370/individual_projections/proj_mpi.esm1.2.hr_ssp370_Achillea.atrata_PA4_RUN3_ANN.tif
[2026-07-20 10:24:53] 	> Projecting Achillea.atrata_PA4_RUN4_GBM ...
[2026-07-20 10:24:54] 		Writing projection on hard drive...
[2026-07-20 10:24:54] 		 /work/data/output_disk_sp1_4cpu/Achillea.atrata/proj_mpi.esm1.2.hr_ssp370/individual_projections/proj_mpi.esm1.2.hr_ssp370_Achillea.atrata_PA4_RUN2_GLM.tif
[2026-07-20 10:25:28] 	> Projecting Achillea.atrata_PA4_RUN2_MAXNET ...
[2026-07-20 10:25:29] 		Writing projection on hard drive...
[2026-07-20 10:25:29] 		 /work/data/output_disk_sp1_4cpu/Achillea.atrata/proj_mpi.esm1.2.hr_ssp370/individual_projections/proj_mpi.esm1.2.hr_ssp370_Achillea.atrata_PA4_RUN2_MAXNET.tif
[2026-07-20 10:26:13] 	> Projecting Achillea.atrata_PA4_RUN3_FDA ...
[2026-07-20 10:26:14] 		Writing projection on hard drive...
[2026-07-20 10:26:14] 		 /work/data/output_disk_sp1_4cpu/Achillea.atrata/proj_mpi.esm1.2.hr_ssp370/individual_projections/proj_mpi.esm1.2.hr_ssp370_Achillea.atrata_PA4_RUN3_FDA.tif
[2026-07-20 10:27:01] 	> Projecting Achillea.atrata_PA4_RUN4_ANN ...
[2026-07-20 10:27:02] 		Writing projection on hard drive...
[2026-07-20 10:27:02] 		 /work/data/output_disk_sp1_4cpu/Achillea.atrata/proj_mpi.esm1.2.hr_ssp370/individual_projections/proj_mpi.esm1.2.hr_ssp370_Achillea.atrata_PA4_RUN4_ANN.tif
[2026-07-20 10:36:49] 	> Projecting Achillea.atrata_PA4_RUN5_GBM ...
[2026-07-20 10:36:49] 		Writing projection on hard drive...
[2026-07-20 10:36:49] 		 /work/data/output_disk_sp1_4cpu/Achillea.atrata/proj_mpi.esm1.2.hr_ssp370/individual_projections/proj_mpi.esm1.2.hr_ssp370_Achillea.atrata_PA4_RUN2_GBM.tif
[2026-07-20 10:37:19] 	> Projecting Achillea.atrata_PA4_RUN3_GLM ...
[2026-07-20 10:37:19] 		Writing projection on hard drive...
[2026-07-20 10:37:19] 		 /work/data/output_disk_sp1_4cpu/Achillea.atrata/proj_mpi.esm1.2.hr_ssp370/individual_projections/proj_mpi.esm1.2.hr_ssp370_Achillea.atrata_PA4_RUN3_GLM.tif
[2026-07-20 10:37:54] 	> Projecting Achillea.atrata_PA4_RUN3_MAXNET ...
[2026-07-20 10:37:54] 		Writing projection on hard drive...
[2026-07-20 10:37:54] 		 /work/data/output_disk_sp1_4cpu/Achillea.atrata/proj_mpi.esm1.2.hr_ssp370/individual_projections/proj_mpi.esm1.2.hr_ssp370_Achillea.atrata_PA4_RUN3_MAXNET.tif
[2026-07-20 10:38:16] 	> Projecting Achillea.atrata_PA4_RUN4_FDA ...
[2026-07-20 10:38:16] 		Writing projection on hard drive...
[2026-07-20 10:38:16] 		 /work/data/output_disk_sp1_4cpu/Achillea.atrata/proj_mpi.esm1.2.hr_ssp370/individual_projections/proj_mpi.esm1.2.hr_ssp370_Achillea.atrata_PA4_RUN3_GBM.tif
[2026-07-20 10:38:42] 	> Projecting Achillea.atrata_PA4_RUN4_GLM ...
[2026-07-20 10:38:43] 		Writing projection on hard drive...
[2026-07-20 10:38:43] 		Writing projection on hard drive...
[2026-07-20 10:38:43] 		 /work/data/output_disk_sp1_4cpu/Achillea.atrata/proj_mpi.esm1.2.hr_ssp370/individual_projections/proj_mpi.esm1.2.hr_ssp370_Achillea.atrata_PA4_RUN4_GBM.tif
[2026-07-20 10:38:43] 	> Projecting Achillea.atrata_PA4_RUN5_GLM ...
[2026-07-20 10:38:43] 		 /work/data/output_disk_sp1_4cpu/Achillea.atrata/proj_mpi.esm1.2.hr_ssp370/individual_projections/proj_mpi.esm1.2.hr_ssp370_Achillea.atrata_PA4_RUN4_FDA.tif
[2026-07-20 10:38:48] 	> Projecting Achillea.atrata_PA4_RUN5_ANN ...
[2026-07-20 10:38:49] 		Writing projection on hard drive...
[2026-07-20 10:38:49] 		 /work/data/output_disk_sp1_4cpu/Achillea.atrata/proj_mpi.esm1.2.hr_ssp370/individual_projections/proj_mpi.esm1.2.hr_ssp370_Achillea.atrata_PA4_RUN4_GLM.tif
[2026-07-20 10:39:15] 	> Projecting Achillea.atrata_PA4_RUN4_MAXNET ...
[2026-07-20 10:39:15] 		Writing projection on hard drive...
[2026-07-20 10:39:15] 		 /work/data/output_disk_sp1_4cpu/Achillea.atrata/proj_mpi.esm1.2.hr_ssp370/individual_projections/proj_mpi.esm1.2.hr_ssp370_Achillea.atrata_PA4_RUN5_GLM.tif
[2026-07-20 10:39:23] 	> Projecting Achillea.atrata_PA4_RUN5_MAXNET ...
[2026-07-20 10:39:24] 		Writing projection on hard drive...
[2026-07-20 10:39:24] 		 /work/data/output_disk_sp1_4cpu/Achillea.atrata/proj_mpi.esm1.2.hr_ssp370/individual_projections/proj_mpi.esm1.2.hr_ssp370_Achillea.atrata_PA4_RUN4_MAXNET.tif
[2026-07-20 10:39:31] 	> Projecting Achillea.atrata_PA4_RUN5_FDA ...
[2026-07-20 10:39:31] 		Writing projection on hard drive...
[2026-07-20 10:39:31] 		 /work/data/output_disk_sp1_4cpu/Achillea.atrata/proj_mpi.esm1.2.hr_ssp370/individual_projections/proj_mpi.esm1.2.hr_ssp370_Achillea.atrata_PA4_RUN5_ANN.tif
[2026-07-20 10:39:52] 	> Projecting Achillea.atrata_PA5_RUN1_GBM ...
[2026-07-20 10:39:53] 		Writing projection on hard drive...
[2026-07-20 10:39:53] 		 /work/data/output_disk_sp1_4cpu/Achillea.atrata/proj_mpi.esm1.2.hr_ssp370/individual_projections/proj_mpi.esm1.2.hr_ssp370_Achillea.atrata_PA4_RUN5_MAXNET.tif
[2026-07-20 10:40:04] 	> Projecting Achillea.atrata_PA5_RUN1_FDA ...
[2026-07-20 10:40:05] 		Writing projection on hard drive...
[2026-07-20 10:40:05] 		 /work/data/output_disk_sp1_4cpu/Achillea.atrata/proj_mpi.esm1.2.hr_ssp370/individual_projections/proj_mpi.esm1.2.hr_ssp370_Achillea.atrata_PA4_RUN5_FDA.tif
[2026-07-20 10:40:36] 	> Projecting Achillea.atrata_PA5_RUN1_ANN ...
[2026-07-20 10:40:36] 		Writing projection on hard drive...
[2026-07-20 10:40:36] 		 /work/data/output_disk_sp1_4cpu/Achillea.atrata/proj_mpi.esm1.2.hr_ssp370/individual_projections/proj_mpi.esm1.2.hr_ssp370_Achillea.atrata_PA5_RUN1_FDA.tif
[2026-07-20 10:40:58] 	> Projecting Achillea.atrata_PA5_RUN2_ANN ...
[2026-07-20 10:40:59] 		Writing projection on hard drive...
[2026-07-20 10:40:59] 		 /work/data/output_disk_sp1_4cpu/Achillea.atrata/proj_mpi.esm1.2.hr_ssp370/individual_projections/proj_mpi.esm1.2.hr_ssp370_Achillea.atrata_PA5_RUN1_ANN.tif
[2026-07-20 10:41:10] 	> Projecting Achillea.atrata_PA5_RUN2_GBM ...
[2026-07-20 10:41:11] 		Writing projection on hard drive...
[2026-07-20 10:41:11] 		 /work/data/output_disk_sp1_4cpu/Achillea.atrata/proj_mpi.esm1.2.hr_ssp370/individual_projections/proj_mpi.esm1.2.hr_ssp370_Achillea.atrata_PA4_RUN5_GBM.tif
[2026-07-20 10:41:21] 	> Projecting Achillea.atrata_PA5_RUN1_GLM ...
[2026-07-20 10:41:22] 		Writing projection on hard drive...
[2026-07-20 10:41:22] 		 /work/data/output_disk_sp1_4cpu/Achillea.atrata/proj_mpi.esm1.2.hr_ssp370/individual_projections/proj_mpi.esm1.2.hr_ssp370_Achillea.atrata_PA5_RUN2_ANN.tif
[2026-07-20 10:41:40] 	> Projecting Achillea.atrata_PA5_RUN3_GBM ...
[2026-07-20 10:41:41] 		Writing projection on hard drive...
[2026-07-20 10:41:41] 		 /work/data/output_disk_sp1_4cpu/Achillea.atrata/proj_mpi.esm1.2.hr_ssp370/individual_projections/proj_mpi.esm1.2.hr_ssp370_Achillea.atrata_PA5_RUN1_GLM.tif
[2026-07-20 10:42:21] 	> Projecting Achillea.atrata_PA5_RUN1_MAXNET ...
[2026-07-20 10:42:22] 		Writing projection on hard drive...
[2026-07-20 10:42:22] 		 /work/data/output_disk_sp1_4cpu/Achillea.atrata/proj_mpi.esm1.2.hr_ssp370/individual_projections/proj_mpi.esm1.2.hr_ssp370_Achillea.atrata_PA5_RUN1_MAXNET.tif
[2026-07-20 10:43:01] 	> Projecting Achillea.atrata_PA5_RUN2_FDA ...
[2026-07-20 10:43:02] 		Writing projection on hard drive...
[2026-07-20 10:43:02] 		 /work/data/output_disk_sp1_4cpu/Achillea.atrata/proj_mpi.esm1.2.hr_ssp370/individual_projections/proj_mpi.esm1.2.hr_ssp370_Achillea.atrata_PA5_RUN2_FDA.tif
[2026-07-20 10:43:46] 	> Projecting Achillea.atrata_PA5_RUN3_ANN ...
[2026-07-20 10:43:47] 		Writing projection on hard drive...
[2026-07-20 10:43:47] 		 /work/data/output_disk_sp1_4cpu/Achillea.atrata/proj_mpi.esm1.2.hr_ssp370/individual_projections/proj_mpi.esm1.2.hr_ssp370_Achillea.atrata_PA5_RUN3_ANN.tif
[2026-07-20 10:53:12] 	> Projecting Achillea.atrata_PA5_RUN4_GBM ...
[2026-07-20 10:53:13] 		Writing projection on hard drive...
[2026-07-20 10:53:13] 		 /work/data/output_disk_sp1_4cpu/Achillea.atrata/proj_mpi.esm1.2.hr_ssp370/individual_projections/proj_mpi.esm1.2.hr_ssp370_Achillea.atrata_PA5_RUN1_GBM.tif
[2026-07-20 10:53:46] 	> Projecting Achillea.atrata_PA5_RUN2_GLM ...
[2026-07-20 10:53:46] 		Writing projection on hard drive...
[2026-07-20 10:53:46] 		 /work/data/output_disk_sp1_4cpu/Achillea.atrata/proj_mpi.esm1.2.hr_ssp370/individual_projections/proj_mpi.esm1.2.hr_ssp370_Achillea.atrata_PA5_RUN2_GLM.tif
[2026-07-20 10:54:20] 	> Projecting Achillea.atrata_PA5_RUN2_MAXNET ...
[2026-07-20 10:54:21] 		Writing projection on hard drive...
[2026-07-20 10:54:21] 		 /work/data/output_disk_sp1_4cpu/Achillea.atrata/proj_mpi.esm1.2.hr_ssp370/individual_projections/proj_mpi.esm1.2.hr_ssp370_Achillea.atrata_PA5_RUN2_MAXNET.tif
[2026-07-20 10:54:23] 	> Projecting Achillea.atrata_PA5_RUN3_FDA ...
[2026-07-20 10:54:23] 		Writing projection on hard drive...
[2026-07-20 10:54:23] 		 /work/data/output_disk_sp1_4cpu/Achillea.atrata/proj_mpi.esm1.2.hr_ssp370/individual_projections/proj_mpi.esm1.2.hr_ssp370_Achillea.atrata_PA5_RUN2_GBM.tif
[2026-07-20 10:54:57] 	> Projecting Achillea.atrata_PA5_RUN3_GLM ...
[2026-07-20 10:54:58] 		Writing projection on hard drive...
[2026-07-20 10:54:58] 		 /work/data/output_disk_sp1_4cpu/Achillea.atrata/proj_mpi.esm1.2.hr_ssp370/individual_projections/proj_mpi.esm1.2.hr_ssp370_Achillea.atrata_PA5_RUN3_GLM.tif
[2026-07-20 10:55:07] 	> Projecting Achillea.atrata_PA5_RUN3_MAXNET ...
[2026-07-20 10:55:08] 		Writing projection on hard drive...
[2026-07-20 10:55:08] 		 /work/data/output_disk_sp1_4cpu/Achillea.atrata/proj_mpi.esm1.2.hr_ssp370/individual_projections/proj_mpi.esm1.2.hr_ssp370_Achillea.atrata_PA5_RUN3_FDA.tif
[2026-07-20 10:55:18] 	> Projecting Achillea.atrata_PA5_RUN4_ANN ...
[2026-07-20 10:55:19] 		Writing projection on hard drive...
[2026-07-20 10:55:19] 		 /work/data/output_disk_sp1_4cpu/Achillea.atrata/proj_mpi.esm1.2.hr_ssp370/individual_projections/proj_mpi.esm1.2.hr_ssp370_Achillea.atrata_PA5_RUN3_GBM.tif
[2026-07-20 10:55:37] 	> Projecting Achillea.atrata_PA5_RUN4_GLM ...
[2026-07-20 10:55:38] 		Writing projection on hard drive...
[2026-07-20 10:55:38] 		 /work/data/output_disk_sp1_4cpu/Achillea.atrata/proj_mpi.esm1.2.hr_ssp370/individual_projections/proj_mpi.esm1.2.hr_ssp370_Achillea.atrata_PA5_RUN3_MAXNET.tif
[2026-07-20 10:55:48] 	> Projecting Achillea.atrata_PA5_RUN4_FDA ...
[2026-07-20 10:55:48] 		Writing projection on hard drive...
[2026-07-20 10:55:48] 		 /work/data/output_disk_sp1_4cpu/Achillea.atrata/proj_mpi.esm1.2.hr_ssp370/individual_projections/proj_mpi.esm1.2.hr_ssp370_Achillea.atrata_PA5_RUN4_GLM.tif
[2026-07-20 10:55:58] 	> Projecting Achillea.atrata_PA5_RUN4_MAXNET ...
[2026-07-20 10:55:59] 		Writing projection on hard drive...
[2026-07-20 10:55:59] 		 /work/data/output_disk_sp1_4cpu/Achillea.atrata/proj_mpi.esm1.2.hr_ssp370/individual_projections/proj_mpi.esm1.2.hr_ssp370_Achillea.atrata_PA5_RUN4_ANN.tif
[2026-07-20 10:56:24] 	> Projecting Achillea.atrata_PA5_RUN5_GBM ...
[2026-07-20 10:56:24] 		Writing projection on hard drive...
[2026-07-20 10:56:24] 		 /work/data/output_disk_sp1_4cpu/Achillea.atrata/proj_mpi.esm1.2.hr_ssp370/individual_projections/proj_mpi.esm1.2.hr_ssp370_Achillea.atrata_PA5_RUN4_FDA.tif
[2026-07-20 10:56:27] 	> Projecting Achillea.atrata_PA5_RUN5_ANN ...
[2026-07-20 10:56:28] 		Writing projection on hard drive...
[2026-07-20 10:56:28] 		 /work/data/output_disk_sp1_4cpu/Achillea.atrata/proj_mpi.esm1.2.hr_ssp370/individual_projections/proj_mpi.esm1.2.hr_ssp370_Achillea.atrata_PA5_RUN4_MAXNET.tif
[2026-07-20 10:57:12] 	> Projecting Achillea.atrata_PA5_RUN5_FDA ...
[2026-07-20 10:57:12] 		Writing projection on hard drive...
[2026-07-20 10:57:12] 		Writing projection on hard drive...
[2026-07-20 10:57:13] 		 /work/data/output_disk_sp1_4cpu/Achillea.atrata/proj_mpi.esm1.2.hr_ssp370/individual_projections/proj_mpi.esm1.2.hr_ssp370_Achillea.atrata_PA5_RUN5_FDA.tif
[2026-07-20 10:57:51] 		 /work/data/output_disk_sp1_4cpu/Achillea.atrata/proj_mpi.esm1.2.hr_ssp370/individual_projections/proj_mpi.esm1.2.hr_ssp370_Achillea.atrata_PA5_RUN5_ANN.tif
[2026-07-20 10:57:52] 		Writing projection on hard drive...
[2026-07-20 10:57:52] 		 /work/data/output_disk_sp1_4cpu/Achillea.atrata/proj_mpi.esm1.2.hr_ssp370/individual_projections/proj_mpi.esm1.2.hr_ssp370_Achillea.atrata_PA5_RUN4_GBM.tif
[2026-07-20 10:58:20] 	> Projecting Achillea.atrata_PA5_RUN5_GLM ...
[2026-07-20 10:58:21] 		Writing projection on hard drive...
[2026-07-20 10:58:21] 		 /work/data/output_disk_sp1_4cpu/Achillea.atrata/proj_mpi.esm1.2.hr_ssp370/individual_projections/proj_mpi.esm1.2.hr_ssp370_Achillea.atrata_PA5_RUN5_GLM.tif
[2026-07-20 10:58:53] 	> Projecting Achillea.atrata_PA5_RUN5_MAXNET ...
[2026-07-20 10:58:54] 		Writing projection on hard drive...
[2026-07-20 11:10:04] 		 /work/data/output_disk_sp1_4cpu/Achillea.atrata/proj_mpi.esm1.2.hr_ssp370/individual_projections/proj_mpi.esm1.2.hr_ssp370_Achillea.atrata_PA5_RUN5_MAXNET.tif
[2026-07-20 11:10:04] 		Writing projection on hard drive...
[2026-07-20 11:10:04] 		 /work/data/output_disk_sp1_4cpu/Achillea.atrata/proj_mpi.esm1.2.hr_ssp370/individual_projections/proj_mpi.esm1.2.hr_ssp370_Achillea.atrata_PA5_RUN5_GBM.tif
[2026-07-20 11:10:04] -=-=-=-=-=-=-=-=-=-=-=-=-=-=-=-=-=-= Done -=-=-=-=-=-=-=-=-=-=-=-=-=-=-=-=-=-=
[2026-07-20 11:10:04] 
[2026-07-20 11:10:04] -=-=-=-=-=-=-=-=-=-=-=-= Do Ensemble Models Projection -=-=-=-=-=-=-=-=-=-=-=-=
[2026-07-20 11:10:04] 
[2026-07-20 11:10:04] Creating suitable Workdir...
[2026-07-20 11:10:06] 
[2026-07-20 11:10:06] 	> Projecting Achillea.atrata_EMmeanByAUCroc_mergedData_mergedRun_mergedAlgo ...
[2026-07-20 11:26:06] 	> Projecting Achillea.atrata_EMcvByAUCroc_mergedData_mergedRun_mergedAlgo ...|---------|---------|---------|---------||---------|---------|---------|---------|=======================================================                                          
[2026-07-20 11:34:48] 		Writing projection on hard drive...===========================                                          
[2026-07-20 11:34:50] 		Writing projection on hard drive...
[2026-07-20 11:34:50] 
[2026-07-20 11:34:50] ! Binary/Filtered transformation automatically desactivated for ensemble models with coefficient of variation or confidence intervals
[2026-07-20 11:34:55] 	> Building TSS binaries / filtered
[2026-07-20 11:35:00] 	> Building AUCroc binaries / filtered
[2026-07-20 11:35:05] 	> Building KAPPA binaries / filtered
[2026-07-20 11:35:05] 
[2026-07-20 11:35:05] -=-=-=-=-=-=-=-=-=-=-=-=-=-=-=-=-=-= Done -=-=-=-=-=-=-=-=-=-=-=-=-=-=-=-=-=-=
[2026-07-20 11:35:06] 
[2026-07-20 11:35:06] 
[2026-07-20 11:35:06] DEBUG: Processing future scenario 6 of 8 : /work/data/input/climate_vars/future/mpi.esm1.2.hr/ssp585 
[2026-07-20 11:35:07] DEBUG: Raster loaded, ncell = 63951097 , hasValues = TRUE 
[2026-07-20 11:35:07] 
[2026-07-20 11:35:07] -=-=-=-=-=-=-=-=-=-=-=-=-= Do Single Models Projection -=-=-=-=-=-=-=-=-=-=-=-=-=
[2026-07-20 11:35:30] 
[2026-07-20 11:35:30] 		! 'overwrite' arg is set as FALSE. Projections that have already been saved will not be redone. 
[2026-07-20 11:35:30]         Please be carfeul if you have changed the models in the meantime. 
[2026-07-20 11:35:30] 	> Building clamping mask
[2026-07-20 11:36:32] 
[2026-07-20 11:36:32] 	> Projecting Achillea.atrata_PA1_RUN1_GLM ...
[2026-07-20 11:36:32] 	> Projecting Achillea.atrata_PA1_RUN1_GBM ...
[2026-07-20 11:36:33] 	> Projecting Achillea.atrata_PA1_RUN1_ANN ...
[2026-07-20 11:37:15] 	> Projecting Achillea.atrata_PA1_RUN1_FDA ...
[2026-07-20 11:37:16] 		Writing projection on hard drive...
[2026-07-20 11:37:16] 		 /work/data/output_disk_sp1_4cpu/Achillea.atrata/proj_mpi.esm1.2.hr_ssp585/individual_projections/proj_mpi.esm1.2.hr_ssp585_Achillea.atrata_PA1_RUN1_GLM.tif
[2026-07-20 11:37:33] 	> Projecting Achillea.atrata_PA1_RUN1_MAXNET ...
[2026-07-20 11:37:34] 		Writing projection on hard drive...
[2026-07-20 11:37:34] 		 /work/data/output_disk_sp1_4cpu/Achillea.atrata/proj_mpi.esm1.2.hr_ssp585/individual_projections/proj_mpi.esm1.2.hr_ssp585_Achillea.atrata_PA1_RUN1_FDA.tif
[2026-07-20 11:37:45] 	> Projecting Achillea.atrata_PA1_RUN2_ANN ...
[2026-07-20 11:37:46] 		Writing projection on hard drive...
[2026-07-20 11:37:46] 		 /work/data/output_disk_sp1_4cpu/Achillea.atrata/proj_mpi.esm1.2.hr_ssp585/individual_projections/proj_mpi.esm1.2.hr_ssp585_Achillea.atrata_PA1_RUN1_ANN.tif
[2026-07-20 11:38:01] 	> Projecting Achillea.atrata_PA1_RUN2_GBM ...
[2026-07-20 11:38:02] 		Writing projection on hard drive...
[2026-07-20 11:38:02] 		 /work/data/output_disk_sp1_4cpu/Achillea.atrata/proj_mpi.esm1.2.hr_ssp585/individual_projections/proj_mpi.esm1.2.hr_ssp585_Achillea.atrata_PA1_RUN1_MAXNET.tif
[2026-07-20 11:38:34] 	> Projecting Achillea.atrata_PA1_RUN2_FDA ...
[2026-07-20 11:38:35] 		Writing projection on hard drive...
[2026-07-20 11:38:35] 		 /work/data/output_disk_sp1_4cpu/Achillea.atrata/proj_mpi.esm1.2.hr_ssp585/individual_projections/proj_mpi.esm1.2.hr_ssp585_Achillea.atrata_PA1_RUN2_ANN.tif
[2026-07-20 11:38:43] 	> Projecting Achillea.atrata_PA1_RUN3_GBM ...
[2026-07-20 11:38:44] 		Writing projection on hard drive...
[2026-07-20 11:38:44] 		 /work/data/output_disk_sp1_4cpu/Achillea.atrata/proj_mpi.esm1.2.hr_ssp585/individual_projections/proj_mpi.esm1.2.hr_ssp585_Achillea.atrata_PA1_RUN2_FDA.tif
[2026-07-20 11:39:43] 	> Projecting Achillea.atrata_PA1_RUN3_ANN ...
[2026-07-20 11:39:44] 		Writing projection on hard drive...
[2026-07-20 11:39:44] 		 /work/data/output_disk_sp1_4cpu/Achillea.atrata/proj_mpi.esm1.2.hr_ssp585/individual_projections/proj_mpi.esm1.2.hr_ssp585_Achillea.atrata_PA1_RUN3_ANN.tif
[2026-07-20 11:50:41] 	> Projecting Achillea.atrata_PA1_RUN4_GBM ...
[2026-07-20 11:50:42] 		Writing projection on hard drive...
[2026-07-20 11:50:42] 		 /work/data/output_disk_sp1_4cpu/Achillea.atrata/proj_mpi.esm1.2.hr_ssp585/individual_projections/proj_mpi.esm1.2.hr_ssp585_Achillea.atrata_PA1_RUN1_GBM.tif
[2026-07-20 11:51:24] 	> Projecting Achillea.atrata_PA1_RUN2_GLM ...
[2026-07-20 11:51:25] 		Writing projection on hard drive...
[2026-07-20 11:51:25] 		 /work/data/output_disk_sp1_4cpu/Achillea.atrata/proj_mpi.esm1.2.hr_ssp585/individual_projections/proj_mpi.esm1.2.hr_ssp585_Achillea.atrata_PA1_RUN2_GLM.tif
[2026-07-20 11:51:34] 	> Projecting Achillea.atrata_PA1_RUN2_MAXNET ...
[2026-07-20 11:51:35] 		Writing projection on hard drive...
[2026-07-20 11:51:35] 		 /work/data/output_disk_sp1_4cpu/Achillea.atrata/proj_mpi.esm1.2.hr_ssp585/individual_projections/proj_mpi.esm1.2.hr_ssp585_Achillea.atrata_PA1_RUN2_GBM.tif
[2026-07-20 11:52:10] 	> Projecting Achillea.atrata_PA1_RUN3_GLM ...
[2026-07-20 11:52:11] 		Writing projection on hard drive...
[2026-07-20 11:52:11] 		 /work/data/output_disk_sp1_4cpu/Achillea.atrata/proj_mpi.esm1.2.hr_ssp585/individual_projections/proj_mpi.esm1.2.hr_ssp585_Achillea.atrata_PA1_RUN2_MAXNET.tif
[2026-07-20 11:52:12] 	> Projecting Achillea.atrata_PA1_RUN3_FDA ...
[2026-07-20 11:52:12] 		Writing projection on hard drive...
[2026-07-20 11:52:12] 		 /work/data/output_disk_sp1_4cpu/Achillea.atrata/proj_mpi.esm1.2.hr_ssp585/individual_projections/proj_mpi.esm1.2.hr_ssp585_Achillea.atrata_PA1_RUN3_GLM.tif
[2026-07-20 11:52:34] 	> Projecting Achillea.atrata_PA1_RUN3_MAXNET ...
[2026-07-20 11:52:34] 		Writing projection on hard drive...
[2026-07-20 11:52:34] 		 /work/data/output_disk_sp1_4cpu/Achillea.atrata/proj_mpi.esm1.2.hr_ssp585/individual_projections/proj_mpi.esm1.2.hr_ssp585_Achillea.atrata_PA1_RUN3_GBM.tif
[2026-07-20 11:52:54] 	> Projecting Achillea.atrata_PA1_RUN4_GLM ...
[2026-07-20 11:52:55] 		Writing projection on hard drive...
[2026-07-20 11:52:55] 		 /work/data/output_disk_sp1_4cpu/Achillea.atrata/proj_mpi.esm1.2.hr_ssp585/individual_projections/proj_mpi.esm1.2.hr_ssp585_Achillea.atrata_PA1_RUN3_FDA.tif
[2026-07-20 11:52:56] 	> Projecting Achillea.atrata_PA1_RUN4_ANN ...
[2026-07-20 11:52:57] 		Writing projection on hard drive...
[2026-07-20 11:52:57] 		 /work/data/output_disk_sp1_4cpu/Achillea.atrata/proj_mpi.esm1.2.hr_ssp585/individual_projections/proj_mpi.esm1.2.hr_ssp585_Achillea.atrata_PA1_RUN3_MAXNET.tif
[2026-07-20 11:53:16] 	> Projecting Achillea.atrata_PA1_RUN4_FDA ...
[2026-07-20 11:53:17] 		Writing projection on hard drive...
[2026-07-20 11:53:17] 		 /work/data/output_disk_sp1_4cpu/Achillea.atrata/proj_mpi.esm1.2.hr_ssp585/individual_projections/proj_mpi.esm1.2.hr_ssp585_Achillea.atrata_PA1_RUN4_GLM.tif
[2026-07-20 11:53:47] 	> Projecting Achillea.atrata_PA1_RUN4_MAXNET ...
[2026-07-20 11:53:48] 		Writing projection on hard drive...
[2026-07-20 11:53:48] 		 /work/data/output_disk_sp1_4cpu/Achillea.atrata/proj_mpi.esm1.2.hr_ssp585/individual_projections/proj_mpi.esm1.2.hr_ssp585_Achillea.atrata_PA1_RUN4_FDA.tif
[2026-07-20 11:53:52] 	> Projecting Achillea.atrata_PA1_RUN5_ANN ...
[2026-07-20 11:53:53] 		Writing projection on hard drive...
[2026-07-20 11:53:53] 		 /work/data/output_disk_sp1_4cpu/Achillea.atrata/proj_mpi.esm1.2.hr_ssp585/individual_projections/proj_mpi.esm1.2.hr_ssp585_Achillea.atrata_PA1_RUN4_GBM.tif
[2026-07-20 11:53:55] 	> Projecting Achillea.atrata_PA1_RUN5_GLM ...
[2026-07-20 11:53:56] 		Writing projection on hard drive...
[2026-07-20 11:53:56] 		 /work/data/output_disk_sp1_4cpu/Achillea.atrata/proj_mpi.esm1.2.hr_ssp585/individual_projections/proj_mpi.esm1.2.hr_ssp585_Achillea.atrata_PA1_RUN4_ANN.tif
[2026-07-20 11:54:04] 	> Projecting Achillea.atrata_PA1_RUN5_GBM ...
[2026-07-20 11:54:04] 		Writing projection on hard drive...
[2026-07-20 11:54:04] 		 /work/data/output_disk_sp1_4cpu/Achillea.atrata/proj_mpi.esm1.2.hr_ssp585/individual_projections/proj_mpi.esm1.2.hr_ssp585_Achillea.atrata_PA1_RUN4_MAXNET.tif
[2026-07-20 11:54:26] 	> Projecting Achillea.atrata_PA1_RUN5_FDA ...
[2026-07-20 11:54:27] 		Writing projection on hard drive...
[2026-07-20 11:54:27] 		 /work/data/output_disk_sp1_4cpu/Achillea.atrata/proj_mpi.esm1.2.hr_ssp585/individual_projections/proj_mpi.esm1.2.hr_ssp585_Achillea.atrata_PA1_RUN5_GLM.tif
[2026-07-20 11:54:54] 	> Projecting Achillea.atrata_PA1_RUN5_MAXNET ...
[2026-07-20 11:54:54] 		Writing projection on hard drive...
[2026-07-20 11:54:54] 		 /work/data/output_disk_sp1_4cpu/Achillea.atrata/proj_mpi.esm1.2.hr_ssp585/individual_projections/proj_mpi.esm1.2.hr_ssp585_Achillea.atrata_PA1_RUN5_ANN.tif
[2026-07-20 11:54:59] 	> Projecting Achillea.atrata_PA2_RUN1_GBM ...
[2026-07-20 11:54:59] 		Writing projection on hard drive...
[2026-07-20 11:54:59] 		 /work/data/output_disk_sp1_4cpu/Achillea.atrata/proj_mpi.esm1.2.hr_ssp585/individual_projections/proj_mpi.esm1.2.hr_ssp585_Achillea.atrata_PA1_RUN5_FDA.tif
[2026-07-20 11:55:07] 	> Projecting Achillea.atrata_PA2_RUN1_ANN ...
[2026-07-20 11:55:08] 		Writing projection on hard drive...
[2026-07-20 11:55:08] 		 /work/data/output_disk_sp1_4cpu/Achillea.atrata/proj_mpi.esm1.2.hr_ssp585/individual_projections/proj_mpi.esm1.2.hr_ssp585_Achillea.atrata_PA1_RUN5_MAXNET.tif
[2026-07-20 11:55:52] 	> Projecting Achillea.atrata_PA2_RUN1_FDA ...
[2026-07-20 11:55:53] 		Writing projection on hard drive...
[2026-07-20 11:55:53] 		 /work/data/output_disk_sp1_4cpu/Achillea.atrata/proj_mpi.esm1.2.hr_ssp585/individual_projections/proj_mpi.esm1.2.hr_ssp585_Achillea.atrata_PA2_RUN1_FDA.tif
[2026-07-20 11:55:57] 	> Projecting Achillea.atrata_PA2_RUN2_ANN ...
[2026-07-20 11:55:58] 		Writing projection on hard drive...
[2026-07-20 11:55:58] 		 /work/data/output_disk_sp1_4cpu/Achillea.atrata/proj_mpi.esm1.2.hr_ssp585/individual_projections/proj_mpi.esm1.2.hr_ssp585_Achillea.atrata_PA2_RUN1_ANN.tif
[2026-07-20 11:56:49] 	> Projecting Achillea.atrata_PA2_RUN2_GBM ...
[2026-07-20 11:56:50] 		Writing projection on hard drive...
[2026-07-20 11:56:50] 		 /work/data/output_disk_sp1_4cpu/Achillea.atrata/proj_mpi.esm1.2.hr_ssp585/individual_projections/proj_mpi.esm1.2.hr_ssp585_Achillea.atrata_PA2_RUN2_ANN.tif
[2026-07-20 12:07:54] 	> Projecting Achillea.atrata_PA2_RUN3_GBM ...
[2026-07-20 12:07:54] 		Writing projection on hard drive...
[2026-07-20 12:07:54] 		 /work/data/output_disk_sp1_4cpu/Achillea.atrata/proj_mpi.esm1.2.hr_ssp585/individual_projections/proj_mpi.esm1.2.hr_ssp585_Achillea.atrata_PA1_RUN5_GBM.tif
[2026-07-20 12:08:28] 	> Projecting Achillea.atrata_PA2_RUN1_GLM ...
[2026-07-20 12:08:29] 		Writing projection on hard drive...
[2026-07-20 12:08:29] 		 /work/data/output_disk_sp1_4cpu/Achillea.atrata/proj_mpi.esm1.2.hr_ssp585/individual_projections/proj_mpi.esm1.2.hr_ssp585_Achillea.atrata_PA2_RUN1_GLM.tif
[2026-07-20 12:08:58] 	> Projecting Achillea.atrata_PA2_RUN1_MAXNET ...
[2026-07-20 12:08:59] 		Writing projection on hard drive...
[2026-07-20 12:08:59] 		 /work/data/output_disk_sp1_4cpu/Achillea.atrata/proj_mpi.esm1.2.hr_ssp585/individual_projections/proj_mpi.esm1.2.hr_ssp585_Achillea.atrata_PA2_RUN1_GBM.tif
[2026-07-20 12:09:11] 	> Projecting Achillea.atrata_PA2_RUN2_GLM ...
[2026-07-20 12:09:12] 		Writing projection on hard drive...
[2026-07-20 12:09:12] 		 /work/data/output_disk_sp1_4cpu/Achillea.atrata/proj_mpi.esm1.2.hr_ssp585/individual_projections/proj_mpi.esm1.2.hr_ssp585_Achillea.atrata_PA2_RUN1_MAXNET.tif
[2026-07-20 12:09:29] 	> Projecting Achillea.atrata_PA2_RUN2_FDA ...
[2026-07-20 12:09:30] 		Writing projection on hard drive...
[2026-07-20 12:09:30] 		 /work/data/output_disk_sp1_4cpu/Achillea.atrata/proj_mpi.esm1.2.hr_ssp585/individual_projections/proj_mpi.esm1.2.hr_ssp585_Achillea.atrata_PA2_RUN2_GBM.tif
[2026-07-20 12:09:35] 	> Projecting Achillea.atrata_PA2_RUN3_GLM ...
[2026-07-20 12:09:36] 		Writing projection on hard drive...
[2026-07-20 12:09:36] 		 /work/data/output_disk_sp1_4cpu/Achillea.atrata/proj_mpi.esm1.2.hr_ssp585/individual_projections/proj_mpi.esm1.2.hr_ssp585_Achillea.atrata_PA2_RUN2_GLM.tif
[2026-07-20 12:09:56] 	> Projecting Achillea.atrata_PA2_RUN2_MAXNET ...
[2026-07-20 12:09:57] 		Writing projection on hard drive...
[2026-07-20 12:09:57] 		 /work/data/output_disk_sp1_4cpu/Achillea.atrata/proj_mpi.esm1.2.hr_ssp585/individual_projections/proj_mpi.esm1.2.hr_ssp585_Achillea.atrata_PA2_RUN2_FDA.tif
[2026-07-20 12:10:06] 	> Projecting Achillea.atrata_PA2_RUN3_ANN ...
[2026-07-20 12:10:06] 		Writing projection on hard drive...
[2026-07-20 12:10:06] 		 /work/data/output_disk_sp1_4cpu/Achillea.atrata/proj_mpi.esm1.2.hr_ssp585/individual_projections/proj_mpi.esm1.2.hr_ssp585_Achillea.atrata_PA2_RUN3_GLM.tif
[2026-07-20 12:10:20] 	> Projecting Achillea.atrata_PA2_RUN3_MAXNET ...
[2026-07-20 12:10:20] 		Writing projection on hard drive...
[2026-07-20 12:10:20] 		 /work/data/output_disk_sp1_4cpu/Achillea.atrata/proj_mpi.esm1.2.hr_ssp585/individual_projections/proj_mpi.esm1.2.hr_ssp585_Achillea.atrata_PA2_RUN2_MAXNET.tif
[2026-07-20 12:10:37] 	> Projecting Achillea.atrata_PA2_RUN3_FDA ...
[2026-07-20 12:10:38] 		Writing projection on hard drive...
[2026-07-20 12:10:38] 		 /work/data/output_disk_sp1_4cpu/Achillea.atrata/proj_mpi.esm1.2.hr_ssp585/individual_projections/proj_mpi.esm1.2.hr_ssp585_Achillea.atrata_PA2_RUN3_GBM.tif
[2026-07-20 12:10:51] 	> Projecting Achillea.atrata_PA2_RUN4_GLM ...
[2026-07-20 12:10:52] 		Writing projection on hard drive...
[2026-07-20 12:10:52] 		 /work/data/output_disk_sp1_4cpu/Achillea.atrata/proj_mpi.esm1.2.hr_ssp585/individual_projections/proj_mpi.esm1.2.hr_ssp585_Achillea.atrata_PA2_RUN3_MAXNET.tif
[2026-07-20 12:10:57] 	> Projecting Achillea.atrata_PA2_RUN4_FDA ...
[2026-07-20 12:10:58] 		Writing projection on hard drive...
[2026-07-20 12:10:58] 		 /work/data/output_disk_sp1_4cpu/Achillea.atrata/proj_mpi.esm1.2.hr_ssp585/individual_projections/proj_mpi.esm1.2.hr_ssp585_Achillea.atrata_PA2_RUN3_ANN.tif
[2026-07-20 12:11:07] 	> Projecting Achillea.atrata_PA2_RUN4_GBM ...
[2026-07-20 12:11:07] 		Writing projection on hard drive...
[2026-07-20 12:11:07] 		 /work/data/output_disk_sp1_4cpu/Achillea.atrata/proj_mpi.esm1.2.hr_ssp585/individual_projections/proj_mpi.esm1.2.hr_ssp585_Achillea.atrata_PA2_RUN3_FDA.tif
[2026-07-20 12:11:12] 	> Projecting Achillea.atrata_PA2_RUN4_ANN ...
[2026-07-20 12:11:12] 		Writing projection on hard drive...
[2026-07-20 12:11:12] 		 /work/data/output_disk_sp1_4cpu/Achillea.atrata/proj_mpi.esm1.2.hr_ssp585/individual_projections/proj_mpi.esm1.2.hr_ssp585_Achillea.atrata_PA2_RUN4_GLM.tif
[2026-07-20 12:11:37] 	> Projecting Achillea.atrata_PA2_RUN4_MAXNET ...
[2026-07-20 12:11:38] 		Writing projection on hard drive...
[2026-07-20 12:11:38] 		 /work/data/output_disk_sp1_4cpu/Achillea.atrata/proj_mpi.esm1.2.hr_ssp585/individual_projections/proj_mpi.esm1.2.hr_ssp585_Achillea.atrata_PA2_RUN4_FDA.tif
[2026-07-20 12:11:55] 	> Projecting Achillea.atrata_PA2_RUN5_ANN ...
[2026-07-20 12:11:55] 		Writing projection on hard drive...
[2026-07-20 12:11:55] 		 /work/data/output_disk_sp1_4cpu/Achillea.atrata/proj_mpi.esm1.2.hr_ssp585/individual_projections/proj_mpi.esm1.2.hr_ssp585_Achillea.atrata_PA2_RUN4_MAXNET.tif
[2026-07-20 12:12:05] 	> Projecting Achillea.atrata_PA2_RUN5_FDA ...
[2026-07-20 12:12:06] 		Writing projection on hard drive...
[2026-07-20 12:12:06] 		 /work/data/output_disk_sp1_4cpu/Achillea.atrata/proj_mpi.esm1.2.hr_ssp585/individual_projections/proj_mpi.esm1.2.hr_ssp585_Achillea.atrata_PA2_RUN4_ANN.tif
[2026-07-20 12:12:33] 	> Projecting Achillea.atrata_PA2_RUN5_GBM ...
[2026-07-20 12:12:34] 		Writing projection on hard drive...
[2026-07-20 12:12:34] 		 /work/data/output_disk_sp1_4cpu/Achillea.atrata/proj_mpi.esm1.2.hr_ssp585/individual_projections/proj_mpi.esm1.2.hr_ssp585_Achillea.atrata_PA2_RUN5_ANN.tif
[2026-07-20 12:12:42] 	> Projecting Achillea.atrata_PA3_RUN1_GBM ...
[2026-07-20 12:12:43] 		Writing projection on hard drive...
[2026-07-20 12:12:43] 		 /work/data/output_disk_sp1_4cpu/Achillea.atrata/proj_mpi.esm1.2.hr_ssp585/individual_projections/proj_mpi.esm1.2.hr_ssp585_Achillea.atrata_PA2_RUN5_FDA.tif
[2026-07-20 12:13:36] 	> Projecting Achillea.atrata_PA3_RUN1_ANN ...
[2026-07-20 12:13:37] 		Writing projection on hard drive...
[2026-07-20 12:13:37] 		 /work/data/output_disk_sp1_4cpu/Achillea.atrata/proj_mpi.esm1.2.hr_ssp585/individual_projections/proj_mpi.esm1.2.hr_ssp585_Achillea.atrata_PA3_RUN1_ANN.tif
[2026-07-20 12:24:49] 	> Projecting Achillea.atrata_PA3_RUN2_GBM ...
[2026-07-20 12:24:49] 		Writing projection on hard drive...
[2026-07-20 12:24:49] 		 /work/data/output_disk_sp1_4cpu/Achillea.atrata/proj_mpi.esm1.2.hr_ssp585/individual_projections/proj_mpi.esm1.2.hr_ssp585_Achillea.atrata_PA2_RUN4_GBM.tif
[2026-07-20 12:25:19] 	> Projecting Achillea.atrata_PA2_RUN5_GLM ...
[2026-07-20 12:25:19] 		Writing projection on hard drive...
[2026-07-20 12:25:19] 		 /work/data/output_disk_sp1_4cpu/Achillea.atrata/proj_mpi.esm1.2.hr_ssp585/individual_projections/proj_mpi.esm1.2.hr_ssp585_Achillea.atrata_PA2_RUN5_GLM.tif
[2026-07-20 12:25:57] 	> Projecting Achillea.atrata_PA2_RUN5_MAXNET ...
[2026-07-20 12:25:58] 		Writing projection on hard drive...
[2026-07-20 12:25:58] 		Writing projection on hard drive...
[2026-07-20 12:25:58] 		 /work/data/output_disk_sp1_4cpu/Achillea.atrata/proj_mpi.esm1.2.hr_ssp585/individual_projections/proj_mpi.esm1.2.hr_ssp585_Achillea.atrata_PA2_RUN5_MAXNET.tif
[2026-07-20 12:25:59] 	> Projecting Achillea.atrata_PA3_RUN1_FDA ...
[2026-07-20 12:25:59] 		 /work/data/output_disk_sp1_4cpu/Achillea.atrata/proj_mpi.esm1.2.hr_ssp585/individual_projections/proj_mpi.esm1.2.hr_ssp585_Achillea.atrata_PA2_RUN5_GBM.tif
[2026-07-20 12:26:33] 	> Projecting Achillea.atrata_PA3_RUN1_GLM ...
[2026-07-20 12:26:33] 		Writing projection on hard drive...
[2026-07-20 12:26:33] 		 /work/data/output_disk_sp1_4cpu/Achillea.atrata/proj_mpi.esm1.2.hr_ssp585/individual_projections/proj_mpi.esm1.2.hr_ssp585_Achillea.atrata_PA3_RUN1_GLM.tif
[2026-07-20 12:26:36] 	> Projecting Achillea.atrata_PA3_RUN1_MAXNET ...
[2026-07-20 12:26:37] 		Writing projection on hard drive...
[2026-07-20 12:26:37] 		 /work/data/output_disk_sp1_4cpu/Achillea.atrata/proj_mpi.esm1.2.hr_ssp585/individual_projections/proj_mpi.esm1.2.hr_ssp585_Achillea.atrata_PA3_RUN1_GBM.tif
[2026-07-20 12:26:42] 	> Projecting Achillea.atrata_PA3_RUN2_GLM ...
[2026-07-20 12:26:43] 		Writing projection on hard drive...
[2026-07-20 12:26:43] 		 /work/data/output_disk_sp1_4cpu/Achillea.atrata/proj_mpi.esm1.2.hr_ssp585/individual_projections/proj_mpi.esm1.2.hr_ssp585_Achillea.atrata_PA3_RUN1_FDA.tif
[2026-07-20 12:27:13] 	> Projecting Achillea.atrata_PA3_RUN2_ANN ...
[2026-07-20 12:27:13] 		Writing projection on hard drive...
[2026-07-20 12:27:13] 		 /work/data/output_disk_sp1_4cpu/Achillea.atrata/proj_mpi.esm1.2.hr_ssp585/individual_projections/proj_mpi.esm1.2.hr_ssp585_Achillea.atrata_PA3_RUN2_GLM.tif
[2026-07-20 12:27:15] 	> Projecting Achillea.atrata_PA3_RUN2_MAXNET ...
[2026-07-20 12:27:16] 		Writing projection on hard drive...
[2026-07-20 12:27:16] 		 /work/data/output_disk_sp1_4cpu/Achillea.atrata/proj_mpi.esm1.2.hr_ssp585/individual_projections/proj_mpi.esm1.2.hr_ssp585_Achillea.atrata_PA3_RUN1_MAXNET.tif
[2026-07-20 12:27:31] 	> Projecting Achillea.atrata_PA3_RUN2_FDA ...
[2026-07-20 12:27:32] 		Writing projection on hard drive...
[2026-07-20 12:27:32] 		 /work/data/output_disk_sp1_4cpu/Achillea.atrata/proj_mpi.esm1.2.hr_ssp585/individual_projections/proj_mpi.esm1.2.hr_ssp585_Achillea.atrata_PA3_RUN2_ANN.tif
[2026-07-20 12:27:48] 	> Projecting Achillea.atrata_PA3_RUN3_GBM ...
[2026-07-20 12:27:49] 		Writing projection on hard drive...
[2026-07-20 12:27:49] 		 /work/data/output_disk_sp1_4cpu/Achillea.atrata/proj_mpi.esm1.2.hr_ssp585/individual_projections/proj_mpi.esm1.2.hr_ssp585_Achillea.atrata_PA3_RUN2_GBM.tif
[2026-07-20 12:28:00] 	> Projecting Achillea.atrata_PA3_RUN3_GLM ...
[2026-07-20 12:28:01] 		Writing projection on hard drive...
[2026-07-20 12:28:01] 		 /work/data/output_disk_sp1_4cpu/Achillea.atrata/proj_mpi.esm1.2.hr_ssp585/individual_projections/proj_mpi.esm1.2.hr_ssp585_Achillea.atrata_PA3_RUN2_MAXNET.tif
[2026-07-20 12:28:05] 	> Projecting Achillea.atrata_PA3_RUN3_FDA ...
[2026-07-20 12:28:06] 		Writing projection on hard drive...
[2026-07-20 12:28:06] 		 /work/data/output_disk_sp1_4cpu/Achillea.atrata/proj_mpi.esm1.2.hr_ssp585/individual_projections/proj_mpi.esm1.2.hr_ssp585_Achillea.atrata_PA3_RUN2_FDA.tif
[2026-07-20 12:28:22] 	> Projecting Achillea.atrata_PA3_RUN3_ANN ...
[2026-07-20 12:28:23] 		Writing projection on hard drive...
[2026-07-20 12:28:23] 		 /work/data/output_disk_sp1_4cpu/Achillea.atrata/proj_mpi.esm1.2.hr_ssp585/individual_projections/proj_mpi.esm1.2.hr_ssp585_Achillea.atrata_PA3_RUN3_GLM.tif
[2026-07-20 12:28:46] 	> Projecting Achillea.atrata_PA3_RUN3_MAXNET ...
[2026-07-20 12:28:47] 		Writing projection on hard drive...
[2026-07-20 12:28:47] 		 /work/data/output_disk_sp1_4cpu/Achillea.atrata/proj_mpi.esm1.2.hr_ssp585/individual_projections/proj_mpi.esm1.2.hr_ssp585_Achillea.atrata_PA3_RUN3_FDA.tif
[2026-07-20 12:29:02] 	> Projecting Achillea.atrata_PA3_RUN4_ANN ...
[2026-07-20 12:29:03] 		Writing projection on hard drive...
[2026-07-20 12:29:03] 		 /work/data/output_disk_sp1_4cpu/Achillea.atrata/proj_mpi.esm1.2.hr_ssp585/individual_projections/proj_mpi.esm1.2.hr_ssp585_Achillea.atrata_PA3_RUN3_MAXNET.tif
[2026-07-20 12:29:04] 	> Projecting Achillea.atrata_PA3_RUN4_FDA ...
[2026-07-20 12:29:05] 		Writing projection on hard drive...
[2026-07-20 12:29:05] 		 /work/data/output_disk_sp1_4cpu/Achillea.atrata/proj_mpi.esm1.2.hr_ssp585/individual_projections/proj_mpi.esm1.2.hr_ssp585_Achillea.atrata_PA3_RUN3_ANN.tif
[2026-07-20 12:29:39] 	> Projecting Achillea.atrata_PA3_RUN4_GBM ...
[2026-07-20 12:29:40] 		Writing projection on hard drive...
[2026-07-20 12:29:40] 		 /work/data/output_disk_sp1_4cpu/Achillea.atrata/proj_mpi.esm1.2.hr_ssp585/individual_projections/proj_mpi.esm1.2.hr_ssp585_Achillea.atrata_PA3_RUN4_ANN.tif
[2026-07-20 12:29:48] 	> Projecting Achillea.atrata_PA3_RUN5_GBM ...
[2026-07-20 12:29:49] 		Writing projection on hard drive...
[2026-07-20 12:29:49] 		 /work/data/output_disk_sp1_4cpu/Achillea.atrata/proj_mpi.esm1.2.hr_ssp585/individual_projections/proj_mpi.esm1.2.hr_ssp585_Achillea.atrata_PA3_RUN4_FDA.tif
[2026-07-20 12:30:39] 	> Projecting Achillea.atrata_PA3_RUN5_ANN ...
[2026-07-20 12:30:40] 		Writing projection on hard drive...
[2026-07-20 12:30:40] 		 /work/data/output_disk_sp1_4cpu/Achillea.atrata/proj_mpi.esm1.2.hr_ssp585/individual_projections/proj_mpi.esm1.2.hr_ssp585_Achillea.atrata_PA3_RUN5_ANN.tif
[2026-07-20 12:41:28] 	> Projecting Achillea.atrata_PA4_RUN1_GBM ...
[2026-07-20 12:41:29] 		Writing projection on hard drive...
[2026-07-20 12:41:29] 		 /work/data/output_disk_sp1_4cpu/Achillea.atrata/proj_mpi.esm1.2.hr_ssp585/individual_projections/proj_mpi.esm1.2.hr_ssp585_Achillea.atrata_PA3_RUN3_GBM.tif
[2026-07-20 12:42:01] 	> Projecting Achillea.atrata_PA3_RUN4_GLM ...
[2026-07-20 12:42:02] 		Writing projection on hard drive...
[2026-07-20 12:42:02] 		 /work/data/output_disk_sp1_4cpu/Achillea.atrata/proj_mpi.esm1.2.hr_ssp585/individual_projections/proj_mpi.esm1.2.hr_ssp585_Achillea.atrata_PA3_RUN4_GLM.tif
[2026-07-20 12:42:38] 	> Projecting Achillea.atrata_PA3_RUN4_MAXNET ...
[2026-07-20 12:42:39] 		Writing projection on hard drive...
[2026-07-20 12:42:39] 		 /work/data/output_disk_sp1_4cpu/Achillea.atrata/proj_mpi.esm1.2.hr_ssp585/individual_projections/proj_mpi.esm1.2.hr_ssp585_Achillea.atrata_PA3_RUN4_MAXNET.tif
[2026-07-20 12:42:42] 	> Projecting Achillea.atrata_PA3_RUN5_FDA ...
[2026-07-20 12:42:43] 		Writing projection on hard drive...
[2026-07-20 12:42:43] 		 /work/data/output_disk_sp1_4cpu/Achillea.atrata/proj_mpi.esm1.2.hr_ssp585/individual_projections/proj_mpi.esm1.2.hr_ssp585_Achillea.atrata_PA3_RUN4_GBM.tif
[2026-07-20 12:43:17] 	> Projecting Achillea.atrata_PA3_RUN5_GLM ...
[2026-07-20 12:43:18] 		Writing projection on hard drive...
[2026-07-20 12:43:18] 		 /work/data/output_disk_sp1_4cpu/Achillea.atrata/proj_mpi.esm1.2.hr_ssp585/individual_projections/proj_mpi.esm1.2.hr_ssp585_Achillea.atrata_PA3_RUN5_GLM.tif
[2026-07-20 12:43:23] 	> Projecting Achillea.atrata_PA3_RUN5_MAXNET ...
[2026-07-20 12:43:23] 		Writing projection on hard drive...
[2026-07-20 12:43:23] 		 /work/data/output_disk_sp1_4cpu/Achillea.atrata/proj_mpi.esm1.2.hr_ssp585/individual_projections/proj_mpi.esm1.2.hr_ssp585_Achillea.atrata_PA3_RUN5_FDA.tif
[2026-07-20 12:43:36] 	> Projecting Achillea.atrata_PA4_RUN1_ANN ...
[2026-07-20 12:43:37] 		Writing projection on hard drive...
[2026-07-20 12:43:37] 		 /work/data/output_disk_sp1_4cpu/Achillea.atrata/proj_mpi.esm1.2.hr_ssp585/individual_projections/proj_mpi.esm1.2.hr_ssp585_Achillea.atrata_PA3_RUN5_GBM.tif
[2026-07-20 12:44:05] 	> Projecting Achillea.atrata_PA4_RUN1_GLM ...
[2026-07-20 12:44:05] 		Writing projection on hard drive...
[2026-07-20 12:44:05] 		 /work/data/output_disk_sp1_4cpu/Achillea.atrata/proj_mpi.esm1.2.hr_ssp585/individual_projections/proj_mpi.esm1.2.hr_ssp585_Achillea.atrata_PA3_RUN5_MAXNET.tif
[2026-07-20 12:44:10] 	> Projecting Achillea.atrata_PA4_RUN1_FDA ...
[2026-07-20 12:44:11] 		Writing projection on hard drive...
[2026-07-20 12:44:11] 		 /work/data/output_disk_sp1_4cpu/Achillea.atrata/proj_mpi.esm1.2.hr_ssp585/individual_projections/proj_mpi.esm1.2.hr_ssp585_Achillea.atrata_PA4_RUN1_GLM.tif
[2026-07-20 12:44:11] 	> Projecting Achillea.atrata_PA4_RUN1_MAXNET ...
[2026-07-20 12:44:12] 		Writing projection on hard drive...
[2026-07-20 12:44:12] 		 /work/data/output_disk_sp1_4cpu/Achillea.atrata/proj_mpi.esm1.2.hr_ssp585/individual_projections/proj_mpi.esm1.2.hr_ssp585_Achillea.atrata_PA4_RUN1_ANN.tif
[2026-07-20 12:44:34] 	> Projecting Achillea.atrata_PA4_RUN2_GBM ...
[2026-07-20 12:44:35] 		Writing projection on hard drive...
[2026-07-20 12:44:35] 		 /work/data/output_disk_sp1_4cpu/Achillea.atrata/proj_mpi.esm1.2.hr_ssp585/individual_projections/proj_mpi.esm1.2.hr_ssp585_Achillea.atrata_PA4_RUN1_GBM.tif
[2026-07-20 12:44:53] 	> Projecting Achillea.atrata_PA4_RUN2_GLM ...
[2026-07-20 12:44:53] 		Writing projection on hard drive...
[2026-07-20 12:44:53] 		 /work/data/output_disk_sp1_4cpu/Achillea.atrata/proj_mpi.esm1.2.hr_ssp585/individual_projections/proj_mpi.esm1.2.hr_ssp585_Achillea.atrata_PA4_RUN1_FDA.tif
[2026-07-20 12:44:54] 	> Projecting Achillea.atrata_PA4_RUN2_ANN ...
[2026-07-20 12:44:55] 		Writing projection on hard drive...
[2026-07-20 12:44:55] 		 /work/data/output_disk_sp1_4cpu/Achillea.atrata/proj_mpi.esm1.2.hr_ssp585/individual_projections/proj_mpi.esm1.2.hr_ssp585_Achillea.atrata_PA4_RUN1_MAXNET.tif
[2026-07-20 12:45:08] 	> Projecting Achillea.atrata_PA4_RUN2_FDA ...
[2026-07-20 12:45:09] 		Writing projection on hard drive...
[2026-07-20 12:45:09] 		 /work/data/output_disk_sp1_4cpu/Achillea.atrata/proj_mpi.esm1.2.hr_ssp585/individual_projections/proj_mpi.esm1.2.hr_ssp585_Achillea.atrata_PA4_RUN2_GLM.tif
[2026-07-20 12:45:37] 	> Projecting Achillea.atrata_PA4_RUN2_MAXNET ...
[2026-07-20 12:45:38] 		Writing projection on hard drive...
[2026-07-20 12:45:38] 		 /work/data/output_disk_sp1_4cpu/Achillea.atrata/proj_mpi.esm1.2.hr_ssp585/individual_projections/proj_mpi.esm1.2.hr_ssp585_Achillea.atrata_PA4_RUN2_FDA.tif
[2026-07-20 12:45:43] 	> Projecting Achillea.atrata_PA4_RUN3_ANN ...
[2026-07-20 12:45:44] 		Writing projection on hard drive...
[2026-07-20 12:45:44] 		 /work/data/output_disk_sp1_4cpu/Achillea.atrata/proj_mpi.esm1.2.hr_ssp585/individual_projections/proj_mpi.esm1.2.hr_ssp585_Achillea.atrata_PA4_RUN2_ANN.tif
[2026-07-20 12:45:44] 	> Projecting Achillea.atrata_PA4_RUN3_GBM ...
[2026-07-20 12:45:45] 		Writing projection on hard drive...
[2026-07-20 12:45:45] 		 /work/data/output_disk_sp1_4cpu/Achillea.atrata/proj_mpi.esm1.2.hr_ssp585/individual_projections/proj_mpi.esm1.2.hr_ssp585_Achillea.atrata_PA4_RUN2_MAXNET.tif
[2026-07-20 12:46:26] 	> Projecting Achillea.atrata_PA4_RUN3_FDA ...
[2026-07-20 12:46:26] 		Writing projection on hard drive...
[2026-07-20 12:46:26] 		 /work/data/output_disk_sp1_4cpu/Achillea.atrata/proj_mpi.esm1.2.hr_ssp585/individual_projections/proj_mpi.esm1.2.hr_ssp585_Achillea.atrata_PA4_RUN3_ANN.tif
[2026-07-20 12:46:31] 	> Projecting Achillea.atrata_PA4_RUN4_GBM ...
[2026-07-20 12:46:31] 		Writing projection on hard drive...
[2026-07-20 12:46:31] 		 /work/data/output_disk_sp1_4cpu/Achillea.atrata/proj_mpi.esm1.2.hr_ssp585/individual_projections/proj_mpi.esm1.2.hr_ssp585_Achillea.atrata_PA4_RUN3_FDA.tif
[2026-07-20 12:47:19] 	> Projecting Achillea.atrata_PA4_RUN4_ANN ...
[2026-07-20 12:47:19] 		Writing projection on hard drive...
[2026-07-20 12:47:19] 		 /work/data/output_disk_sp1_4cpu/Achillea.atrata/proj_mpi.esm1.2.hr_ssp585/individual_projections/proj_mpi.esm1.2.hr_ssp585_Achillea.atrata_PA4_RUN4_ANN.tif
[2026-07-20 12:58:01] 	> Projecting Achillea.atrata_PA4_RUN5_GBM ...
[2026-07-20 12:58:02] 		Writing projection on hard drive...
[2026-07-20 12:58:02] 		 /work/data/output_disk_sp1_4cpu/Achillea.atrata/proj_mpi.esm1.2.hr_ssp585/individual_projections/proj_mpi.esm1.2.hr_ssp585_Achillea.atrata_PA4_RUN2_GBM.tif
[2026-07-20 12:58:37] 	> Projecting Achillea.atrata_PA4_RUN3_GLM ...
[2026-07-20 12:58:38] 		Writing projection on hard drive...
[2026-07-20 12:58:38] 		 /work/data/output_disk_sp1_4cpu/Achillea.atrata/proj_mpi.esm1.2.hr_ssp585/individual_projections/proj_mpi.esm1.2.hr_ssp585_Achillea.atrata_PA4_RUN3_GLM.tif
[2026-07-20 12:59:14] 	> Projecting Achillea.atrata_PA4_RUN3_MAXNET ...
[2026-07-20 12:59:14] 		Writing projection on hard drive...
[2026-07-20 12:59:14] 		 /work/data/output_disk_sp1_4cpu/Achillea.atrata/proj_mpi.esm1.2.hr_ssp585/individual_projections/proj_mpi.esm1.2.hr_ssp585_Achillea.atrata_PA4_RUN3_MAXNET.tif
[2026-07-20 12:59:43] 	> Projecting Achillea.atrata_PA4_RUN4_FDA ...
[2026-07-20 12:59:44] 		Writing projection on hard drive...
[2026-07-20 12:59:44] 		 /work/data/output_disk_sp1_4cpu/Achillea.atrata/proj_mpi.esm1.2.hr_ssp585/individual_projections/proj_mpi.esm1.2.hr_ssp585_Achillea.atrata_PA4_RUN3_GBM.tif
[2026-07-20 12:59:57] 	> Projecting Achillea.atrata_PA4_RUN4_GLM ...
[2026-07-20 12:59:57] 		Writing projection on hard drive...
[2026-07-20 12:59:57] 		 /work/data/output_disk_sp1_4cpu/Achillea.atrata/proj_mpi.esm1.2.hr_ssp585/individual_projections/proj_mpi.esm1.2.hr_ssp585_Achillea.atrata_PA4_RUN4_FDA.tif
[2026-07-20 13:00:22] 	> Projecting Achillea.atrata_PA4_RUN5_ANN ...
[2026-07-20 13:00:23] 		Writing projection on hard drive...
[2026-07-20 13:00:23] 		 /work/data/output_disk_sp1_4cpu/Achillea.atrata/proj_mpi.esm1.2.hr_ssp585/individual_projections/proj_mpi.esm1.2.hr_ssp585_Achillea.atrata_PA4_RUN4_GLM.tif
[2026-07-20 13:00:35] 	> Projecting Achillea.atrata_PA4_RUN4_MAXNET ...
[2026-07-20 13:00:36] 		Writing projection on hard drive...
[2026-07-20 13:00:36] 		 /work/data/output_disk_sp1_4cpu/Achillea.atrata/proj_mpi.esm1.2.hr_ssp585/individual_projections/proj_mpi.esm1.2.hr_ssp585_Achillea.atrata_PA4_RUN4_GBM.tif
[2026-07-20 13:00:43] 	> Projecting Achillea.atrata_PA4_RUN5_GLM ...
[2026-07-20 13:00:44] 		Writing projection on hard drive...
[2026-07-20 13:00:44] 		 /work/data/output_disk_sp1_4cpu/Achillea.atrata/proj_mpi.esm1.2.hr_ssp585/individual_projections/proj_mpi.esm1.2.hr_ssp585_Achillea.atrata_PA4_RUN5_ANN.tif
[2026-07-20 13:01:04] 	> Projecting Achillea.atrata_PA5_RUN1_GBM ...
[2026-07-20 13:01:05] 		Writing projection on hard drive...
[2026-07-20 13:01:05] 		 /work/data/output_disk_sp1_4cpu/Achillea.atrata/proj_mpi.esm1.2.hr_ssp585/individual_projections/proj_mpi.esm1.2.hr_ssp585_Achillea.atrata_PA4_RUN4_MAXNET.tif
[2026-07-20 13:01:09] 	> Projecting Achillea.atrata_PA4_RUN5_FDA ...
[2026-07-20 13:01:09] 		Writing projection on hard drive...
[2026-07-20 13:01:09] 		 /work/data/output_disk_sp1_4cpu/Achillea.atrata/proj_mpi.esm1.2.hr_ssp585/individual_projections/proj_mpi.esm1.2.hr_ssp585_Achillea.atrata_PA4_RUN5_GLM.tif
[2026-07-20 13:01:14] 	> Projecting Achillea.atrata_PA4_RUN5_MAXNET ...
[2026-07-20 13:01:14] 		Writing projection on hard drive...
[2026-07-20 13:01:14] 		 /work/data/output_disk_sp1_4cpu/Achillea.atrata/proj_mpi.esm1.2.hr_ssp585/individual_projections/proj_mpi.esm1.2.hr_ssp585_Achillea.atrata_PA4_RUN5_GBM.tif
[2026-07-20 13:01:46] 	> Projecting Achillea.atrata_PA5_RUN1_GLM ...
[2026-07-20 13:01:47] 		Writing projection on hard drive...
[2026-07-20 13:01:47] 		 /work/data/output_disk_sp1_4cpu/Achillea.atrata/proj_mpi.esm1.2.hr_ssp585/individual_projections/proj_mpi.esm1.2.hr_ssp585_Achillea.atrata_PA4_RUN5_MAXNET.tif
[2026-07-20 13:01:49] 	> Projecting Achillea.atrata_PA5_RUN1_FDA ...
[2026-07-20 13:01:49] 		Writing projection on hard drive...
[2026-07-20 13:01:49] 		 /work/data/output_disk_sp1_4cpu/Achillea.atrata/proj_mpi.esm1.2.hr_ssp585/individual_projections/proj_mpi.esm1.2.hr_ssp585_Achillea.atrata_PA5_RUN1_GLM.tif
[2026-07-20 13:01:54] 	> Projecting Achillea.atrata_PA5_RUN1_MAXNET ...
[2026-07-20 13:01:55] 		Writing projection on hard drive...
[2026-07-20 13:01:55] 		 /work/data/output_disk_sp1_4cpu/Achillea.atrata/proj_mpi.esm1.2.hr_ssp585/individual_projections/proj_mpi.esm1.2.hr_ssp585_Achillea.atrata_PA4_RUN5_FDA.tif
[2026-07-20 13:02:29] 	> Projecting Achillea.atrata_PA5_RUN1_ANN ...
[2026-07-20 13:02:29] 		Writing projection on hard drive...
[2026-07-20 13:02:29] 		Writing projection on hard drive...
[2026-07-20 13:02:29] 		 /work/data/output_disk_sp1_4cpu/Achillea.atrata/proj_mpi.esm1.2.hr_ssp585/individual_projections/proj_mpi.esm1.2.hr_ssp585_Achillea.atrata_PA5_RUN1_MAXNET.tif
[2026-07-20 13:02:30] 	> Projecting Achillea.atrata_PA5_RUN2_FDA ...
[2026-07-20 13:02:30] 		 /work/data/output_disk_sp1_4cpu/Achillea.atrata/proj_mpi.esm1.2.hr_ssp585/individual_projections/proj_mpi.esm1.2.hr_ssp585_Achillea.atrata_PA5_RUN1_FDA.tif
[2026-07-20 13:03:00] 	> Projecting Achillea.atrata_PA5_RUN2_ANN ...
[2026-07-20 13:03:01] 		Writing projection on hard drive...
[2026-07-20 13:03:01] 		 /work/data/output_disk_sp1_4cpu/Achillea.atrata/proj_mpi.esm1.2.hr_ssp585/individual_projections/proj_mpi.esm1.2.hr_ssp585_Achillea.atrata_PA5_RUN1_ANN.tif
[2026-07-20 13:03:16] 	> Projecting Achillea.atrata_PA5_RUN2_GBM ...
[2026-07-20 13:03:16] 		Writing projection on hard drive...
[2026-07-20 13:03:16] 		Writing projection on hard drive...
[2026-07-20 13:03:16] 		 /work/data/output_disk_sp1_4cpu/Achillea.atrata/proj_mpi.esm1.2.hr_ssp585/individual_projections/proj_mpi.esm1.2.hr_ssp585_Achillea.atrata_PA5_RUN2_FDA.tif
[2026-07-20 13:03:17] 	> Projecting Achillea.atrata_PA5_RUN3_ANN ...
[2026-07-20 13:03:17] 		 /work/data/output_disk_sp1_4cpu/Achillea.atrata/proj_mpi.esm1.2.hr_ssp585/individual_projections/proj_mpi.esm1.2.hr_ssp585_Achillea.atrata_PA5_RUN2_ANN.tif
[2026-07-20 13:04:03] 	> Projecting Achillea.atrata_PA5_RUN3_GBM ...
[2026-07-20 13:04:04] 		Writing projection on hard drive...
[2026-07-20 13:04:04] 		 /work/data/output_disk_sp1_4cpu/Achillea.atrata/proj_mpi.esm1.2.hr_ssp585/individual_projections/proj_mpi.esm1.2.hr_ssp585_Achillea.atrata_PA5_RUN3_ANN.tif
[2026-07-20 13:14:24] 	> Projecting Achillea.atrata_PA5_RUN4_GBM ...
[2026-07-20 13:14:25] 		Writing projection on hard drive...
[2026-07-20 13:14:25] 		 /work/data/output_disk_sp1_4cpu/Achillea.atrata/proj_mpi.esm1.2.hr_ssp585/individual_projections/proj_mpi.esm1.2.hr_ssp585_Achillea.atrata_PA5_RUN1_GBM.tif
[2026-07-20 13:14:54] 	> Projecting Achillea.atrata_PA5_RUN2_GLM ...
[2026-07-20 13:14:55] 		Writing projection on hard drive...
[2026-07-20 13:14:55] 		 /work/data/output_disk_sp1_4cpu/Achillea.atrata/proj_mpi.esm1.2.hr_ssp585/individual_projections/proj_mpi.esm1.2.hr_ssp585_Achillea.atrata_PA5_RUN2_GLM.tif
[2026-07-20 13:15:34] 	> Projecting Achillea.atrata_PA5_RUN2_MAXNET ...
[2026-07-20 13:15:35] 		Writing projection on hard drive...
[2026-07-20 13:15:35] 		 /work/data/output_disk_sp1_4cpu/Achillea.atrata/proj_mpi.esm1.2.hr_ssp585/individual_projections/proj_mpi.esm1.2.hr_ssp585_Achillea.atrata_PA5_RUN2_MAXNET.tif
[2026-07-20 13:16:21] 	> Projecting Achillea.atrata_PA5_RUN3_FDA ...
[2026-07-20 13:16:21] 		Writing projection on hard drive...
[2026-07-20 13:16:21] 		 /work/data/output_disk_sp1_4cpu/Achillea.atrata/proj_mpi.esm1.2.hr_ssp585/individual_projections/proj_mpi.esm1.2.hr_ssp585_Achillea.atrata_PA5_RUN3_FDA.tif
[2026-07-20 13:16:30] 	> Projecting Achillea.atrata_PA5_RUN4_ANN ...
[2026-07-20 13:16:31] 		Writing projection on hard drive...
[2026-07-20 13:16:31] 		 /work/data/output_disk_sp1_4cpu/Achillea.atrata/proj_mpi.esm1.2.hr_ssp585/individual_projections/proj_mpi.esm1.2.hr_ssp585_Achillea.atrata_PA5_RUN2_GBM.tif
[2026-07-20 13:17:04] 	> Projecting Achillea.atrata_PA5_RUN3_GLM ...
[2026-07-20 13:17:05] 		Writing projection on hard drive...
[2026-07-20 13:17:05] 		 /work/data/output_disk_sp1_4cpu/Achillea.atrata/proj_mpi.esm1.2.hr_ssp585/individual_projections/proj_mpi.esm1.2.hr_ssp585_Achillea.atrata_PA5_RUN3_GLM.tif
[2026-07-20 13:17:09] 	> Projecting Achillea.atrata_PA5_RUN3_MAXNET ...
[2026-07-20 13:17:10] 		Writing projection on hard drive...
[2026-07-20 13:17:10] 		 /work/data/output_disk_sp1_4cpu/Achillea.atrata/proj_mpi.esm1.2.hr_ssp585/individual_projections/proj_mpi.esm1.2.hr_ssp585_Achillea.atrata_PA5_RUN3_GBM.tif
[2026-07-20 13:17:13] 	> Projecting Achillea.atrata_PA5_RUN4_GLM ...
[2026-07-20 13:17:14] 		Writing projection on hard drive...
[2026-07-20 13:17:14] 		 /work/data/output_disk_sp1_4cpu/Achillea.atrata/proj_mpi.esm1.2.hr_ssp585/individual_projections/proj_mpi.esm1.2.hr_ssp585_Achillea.atrata_PA5_RUN4_ANN.tif
[2026-07-20 13:17:43] 	> Projecting Achillea.atrata_PA5_RUN5_GBM ...
[2026-07-20 13:17:44] 		Writing projection on hard drive...
[2026-07-20 13:17:44] 		 /work/data/output_disk_sp1_4cpu/Achillea.atrata/proj_mpi.esm1.2.hr_ssp585/individual_projections/proj_mpi.esm1.2.hr_ssp585_Achillea.atrata_PA5_RUN4_GLM.tif
[2026-07-20 13:17:45] 	> Projecting Achillea.atrata_PA5_RUN4_MAXNET ...
[2026-07-20 13:17:46] 		Writing projection on hard drive...
[2026-07-20 13:17:46] 		 /work/data/output_disk_sp1_4cpu/Achillea.atrata/proj_mpi.esm1.2.hr_ssp585/individual_projections/proj_mpi.esm1.2.hr_ssp585_Achillea.atrata_PA5_RUN3_MAXNET.tif
[2026-07-20 13:18:00] 	> Projecting Achillea.atrata_PA5_RUN4_FDA ...
[2026-07-20 13:18:01] 		Writing projection on hard drive...
[2026-07-20 13:18:01] 		 /work/data/output_disk_sp1_4cpu/Achillea.atrata/proj_mpi.esm1.2.hr_ssp585/individual_projections/proj_mpi.esm1.2.hr_ssp585_Achillea.atrata_PA5_RUN4_GBM.tif
[2026-07-20 13:18:22] 	> Projecting Achillea.atrata_PA5_RUN5_GLM ...
[2026-07-20 13:18:23] 		Writing projection on hard drive...
[2026-07-20 13:18:23] 		 /work/data/output_disk_sp1_4cpu/Achillea.atrata/proj_mpi.esm1.2.hr_ssp585/individual_projections/proj_mpi.esm1.2.hr_ssp585_Achillea.atrata_PA5_RUN4_MAXNET.tif
[2026-07-20 13:18:29] 	> Projecting Achillea.atrata_PA5_RUN5_FDA ...
[2026-07-20 13:18:30] 		Writing projection on hard drive...
[2026-07-20 13:18:30] 		 /work/data/output_disk_sp1_4cpu/Achillea.atrata/proj_mpi.esm1.2.hr_ssp585/individual_projections/proj_mpi.esm1.2.hr_ssp585_Achillea.atrata_PA5_RUN5_GLM.tif
[2026-07-20 13:18:33] 	> Projecting Achillea.atrata_PA5_RUN5_MAXNET ...
[2026-07-20 13:18:33] 		Writing projection on hard drive...
[2026-07-20 13:18:33] 		 /work/data/output_disk_sp1_4cpu/Achillea.atrata/proj_mpi.esm1.2.hr_ssp585/individual_projections/proj_mpi.esm1.2.hr_ssp585_Achillea.atrata_PA5_RUN4_FDA.tif
[2026-07-20 13:19:06] 	> Projecting Achillea.atrata_PA5_RUN5_ANN ...
[2026-07-20 13:19:07] 		Writing projection on hard drive...
[2026-07-20 13:19:07] 		Writing projection on hard drive...
[2026-07-20 13:19:07] 		 /work/data/output_disk_sp1_4cpu/Achillea.atrata/proj_mpi.esm1.2.hr_ssp585/individual_projections/proj_mpi.esm1.2.hr_ssp585_Achillea.atrata_PA5_RUN5_MAXNET.tif
[2026-07-20 13:19:22] 		 /work/data/output_disk_sp1_4cpu/Achillea.atrata/proj_mpi.esm1.2.hr_ssp585/individual_projections/proj_mpi.esm1.2.hr_ssp585_Achillea.atrata_PA5_RUN5_FDA.tif
[2026-07-20 13:19:23] 		Writing projection on hard drive...
[2026-07-20 13:31:16] 		 /work/data/output_disk_sp1_4cpu/Achillea.atrata/proj_mpi.esm1.2.hr_ssp585/individual_projections/proj_mpi.esm1.2.hr_ssp585_Achillea.atrata_PA5_RUN5_ANN.tif
[2026-07-20 13:31:17] 		Writing projection on hard drive...
[2026-07-20 13:31:17] 		 /work/data/output_disk_sp1_4cpu/Achillea.atrata/proj_mpi.esm1.2.hr_ssp585/individual_projections/proj_mpi.esm1.2.hr_ssp585_Achillea.atrata_PA5_RUN5_GBM.tif
[2026-07-20 13:31:17] -=-=-=-=-=-=-=-=-=-=-=-=-=-=-=-=-=-= Done -=-=-=-=-=-=-=-=-=-=-=-=-=-=-=-=-=-=
[2026-07-20 13:31:17] 
[2026-07-20 13:31:17] -=-=-=-=-=-=-=-=-=-=-=-= Do Ensemble Models Projection -=-=-=-=-=-=-=-=-=-=-=-=
[2026-07-20 13:31:17] 
[2026-07-20 13:31:17] Creating suitable Workdir...
[2026-07-20 13:31:18] 
[2026-07-20 13:31:18] 	> Projecting Achillea.atrata_EMmeanByAUCroc_mergedData_mergedRun_mergedAlgo ...
[2026-07-20 13:47:38] 	> Projecting Achillea.atrata_EMcvByAUCroc_mergedData_mergedRun_mergedAlgo ...|---------|---------|---------|---------||---------|---------|---------|---------|=======================================================                                          
[2026-07-20 13:55:52] 		Writing projection on hard drive...===========================                                          
[2026-07-20 13:55:53] 		Writing projection on hard drive...
[2026-07-20 13:55:53] 
[2026-07-20 13:55:53] ! Binary/Filtered transformation automatically desactivated for ensemble models with coefficient of variation or confidence intervals
[2026-07-20 13:55:58] 	> Building TSS binaries / filtered
[2026-07-20 13:56:03] 	> Building AUCroc binaries / filtered
[2026-07-20 13:56:08] 	> Building KAPPA binaries / filtered
[2026-07-20 13:56:08] 
[2026-07-20 13:56:08] -=-=-=-=-=-=-=-=-=-=-=-=-=-=-=-=-=-= Done -=-=-=-=-=-=-=-=-=-=-=-=-=-=-=-=-=-=
[2026-07-20 13:56:09] 
[2026-07-20 13:56:09] 
[2026-07-20 13:56:09] DEBUG: Processing future scenario 7 of 8 : /work/data/input/climate_vars/future/mri.esm2.0/ssp370 
[2026-07-20 13:56:09] DEBUG: Raster loaded, ncell = 63951097 , hasValues = TRUE 
[2026-07-20 13:56:09] 
[2026-07-20 13:56:09] -=-=-=-=-=-=-=-=-=-=-=-=-= Do Single Models Projection -=-=-=-=-=-=-=-=-=-=-=-=-=
[2026-07-20 13:56:33] 
[2026-07-20 13:56:33] 		! 'overwrite' arg is set as FALSE. Projections that have already been saved will not be redone. 
[2026-07-20 13:56:33]         Please be carfeul if you have changed the models in the meantime. 
[2026-07-20 13:56:33] 	> Building clamping mask
[2026-07-20 13:57:36] 
[2026-07-20 13:57:36] 	> Projecting Achillea.atrata_PA1_RUN1_GLM ...
[2026-07-20 13:57:36] 	> Projecting Achillea.atrata_PA1_RUN1_GBM ...
[2026-07-20 13:57:36] 	> Projecting Achillea.atrata_PA1_RUN1_ANN ...
[2026-07-20 13:58:19] 	> Projecting Achillea.atrata_PA1_RUN1_FDA ...
[2026-07-20 13:58:20] 		Writing projection on hard drive...
[2026-07-20 13:58:20] 		 /work/data/output_disk_sp1_4cpu/Achillea.atrata/proj_mri.esm2.0_ssp370/individual_projections/proj_mri.esm2.0_ssp370_Achillea.atrata_PA1_RUN1_GLM.tif
[2026-07-20 13:58:38] 	> Projecting Achillea.atrata_PA1_RUN1_MAXNET ...
[2026-07-20 13:58:38] 		Writing projection on hard drive...
[2026-07-20 13:58:38] 		 /work/data/output_disk_sp1_4cpu/Achillea.atrata/proj_mri.esm2.0_ssp370/individual_projections/proj_mri.esm2.0_ssp370_Achillea.atrata_PA1_RUN1_FDA.tif
[2026-07-20 13:58:48] 	> Projecting Achillea.atrata_PA1_RUN2_ANN ...
[2026-07-20 13:58:49] 		Writing projection on hard drive...
[2026-07-20 13:58:49] 		 /work/data/output_disk_sp1_4cpu/Achillea.atrata/proj_mri.esm2.0_ssp370/individual_projections/proj_mri.esm2.0_ssp370_Achillea.atrata_PA1_RUN1_ANN.tif
[2026-07-20 13:59:07] 	> Projecting Achillea.atrata_PA1_RUN2_GBM ...
[2026-07-20 13:59:08] 		Writing projection on hard drive...
[2026-07-20 13:59:08] 		 /work/data/output_disk_sp1_4cpu/Achillea.atrata/proj_mri.esm2.0_ssp370/individual_projections/proj_mri.esm2.0_ssp370_Achillea.atrata_PA1_RUN1_MAXNET.tif
[2026-07-20 13:59:48] 	> Projecting Achillea.atrata_PA1_RUN2_FDA ...
[2026-07-20 13:59:49] 		Writing projection on hard drive...
[2026-07-20 13:59:49] 		 /work/data/output_disk_sp1_4cpu/Achillea.atrata/proj_mri.esm2.0_ssp370/individual_projections/proj_mri.esm2.0_ssp370_Achillea.atrata_PA1_RUN2_ANN.tif
[2026-07-20 13:59:52] 	> Projecting Achillea.atrata_PA1_RUN3_GBM ...
[2026-07-20 13:59:53] 		Writing projection on hard drive...
[2026-07-20 13:59:53] 		 /work/data/output_disk_sp1_4cpu/Achillea.atrata/proj_mri.esm2.0_ssp370/individual_projections/proj_mri.esm2.0_ssp370_Achillea.atrata_PA1_RUN2_FDA.tif
[2026-07-20 14:00:49] 	> Projecting Achillea.atrata_PA1_RUN3_ANN ...
[2026-07-20 14:00:50] 		Writing projection on hard drive...
[2026-07-20 14:00:50] 		 /work/data/output_disk_sp1_4cpu/Achillea.atrata/proj_mri.esm2.0_ssp370/individual_projections/proj_mri.esm2.0_ssp370_Achillea.atrata_PA1_RUN3_ANN.tif
[2026-07-20 14:11:34] 	> Projecting Achillea.atrata_PA1_RUN4_GBM ...
[2026-07-20 14:11:35] 		Writing projection on hard drive...
[2026-07-20 14:11:35] 		 /work/data/output_disk_sp1_4cpu/Achillea.atrata/proj_mri.esm2.0_ssp370/individual_projections/proj_mri.esm2.0_ssp370_Achillea.atrata_PA1_RUN1_GBM.tif
[2026-07-20 14:12:16] 	> Projecting Achillea.atrata_PA1_RUN2_GLM ...
[2026-07-20 14:12:17] 		Writing projection on hard drive...
[2026-07-20 14:12:17] 		 /work/data/output_disk_sp1_4cpu/Achillea.atrata/proj_mri.esm2.0_ssp370/individual_projections/proj_mri.esm2.0_ssp370_Achillea.atrata_PA1_RUN2_GLM.tif
[2026-07-20 14:12:47] 	> Projecting Achillea.atrata_PA1_RUN2_MAXNET ...
[2026-07-20 14:12:48] 		Writing projection on hard drive...
[2026-07-20 14:12:48] 		 /work/data/output_disk_sp1_4cpu/Achillea.atrata/proj_mri.esm2.0_ssp370/individual_projections/proj_mri.esm2.0_ssp370_Achillea.atrata_PA1_RUN2_GBM.tif
[2026-07-20 14:13:03] 	> Projecting Achillea.atrata_PA1_RUN3_GLM ...
[2026-07-20 14:13:03] 		Writing projection on hard drive...
[2026-07-20 14:13:03] 		 /work/data/output_disk_sp1_4cpu/Achillea.atrata/proj_mri.esm2.0_ssp370/individual_projections/proj_mri.esm2.0_ssp370_Achillea.atrata_PA1_RUN2_MAXNET.tif
[2026-07-20 14:13:22] 	> Projecting Achillea.atrata_PA1_RUN3_FDA ...
[2026-07-20 14:13:23] 		Writing projection on hard drive...
[2026-07-20 14:13:23] 		 /work/data/output_disk_sp1_4cpu/Achillea.atrata/proj_mri.esm2.0_ssp370/individual_projections/proj_mri.esm2.0_ssp370_Achillea.atrata_PA1_RUN3_GLM.tif
[2026-07-20 14:13:48] 	> Projecting Achillea.atrata_PA1_RUN3_MAXNET ...
[2026-07-20 14:13:48] 		Writing projection on hard drive...
[2026-07-20 14:13:48] 		 /work/data/output_disk_sp1_4cpu/Achillea.atrata/proj_mri.esm2.0_ssp370/individual_projections/proj_mri.esm2.0_ssp370_Achillea.atrata_PA1_RUN3_FDA.tif
[2026-07-20 14:13:57] 	> Projecting Achillea.atrata_PA1_RUN4_ANN ...
[2026-07-20 14:13:57] 		Writing projection on hard drive...
[2026-07-20 14:13:57] 		 /work/data/output_disk_sp1_4cpu/Achillea.atrata/proj_mri.esm2.0_ssp370/individual_projections/proj_mri.esm2.0_ssp370_Achillea.atrata_PA1_RUN3_GBM.tif
[2026-07-20 14:14:10] 	> Projecting Achillea.atrata_PA1_RUN4_GLM ...
[2026-07-20 14:14:11] 		Writing projection on hard drive...
[2026-07-20 14:14:11] 		 /work/data/output_disk_sp1_4cpu/Achillea.atrata/proj_mri.esm2.0_ssp370/individual_projections/proj_mri.esm2.0_ssp370_Achillea.atrata_PA1_RUN3_MAXNET.tif
[2026-07-20 14:14:34] 	> Projecting Achillea.atrata_PA1_RUN4_FDA ...
[2026-07-20 14:14:34] 		Writing projection on hard drive...
[2026-07-20 14:14:34] 		 /work/data/output_disk_sp1_4cpu/Achillea.atrata/proj_mri.esm2.0_ssp370/individual_projections/proj_mri.esm2.0_ssp370_Achillea.atrata_PA1_RUN4_GLM.tif
[2026-07-20 14:14:53] 	> Projecting Achillea.atrata_PA1_RUN4_MAXNET ...
[2026-07-20 14:14:54] 		Writing projection on hard drive...
[2026-07-20 14:14:54] 		 /work/data/output_disk_sp1_4cpu/Achillea.atrata/proj_mri.esm2.0_ssp370/individual_projections/proj_mri.esm2.0_ssp370_Achillea.atrata_PA1_RUN4_ANN.tif
[2026-07-20 14:14:58] 	> Projecting Achillea.atrata_PA1_RUN5_GBM ...
[2026-07-20 14:14:59] 		Writing projection on hard drive...
[2026-07-20 14:14:59] 		 /work/data/output_disk_sp1_4cpu/Achillea.atrata/proj_mri.esm2.0_ssp370/individual_projections/proj_mri.esm2.0_ssp370_Achillea.atrata_PA1_RUN4_FDA.tif
[2026-07-20 14:15:04] 	> Projecting Achillea.atrata_PA1_RUN5_ANN ...
[2026-07-20 14:15:05] 		Writing projection on hard drive...
[2026-07-20 14:15:05] 		 /work/data/output_disk_sp1_4cpu/Achillea.atrata/proj_mri.esm2.0_ssp370/individual_projections/proj_mri.esm2.0_ssp370_Achillea.atrata_PA1_RUN4_GBM.tif
[2026-07-20 14:15:21] 	> Projecting Achillea.atrata_PA1_RUN5_GLM ...
[2026-07-20 14:15:22] 		Writing projection on hard drive...
[2026-07-20 14:15:22] 		 /work/data/output_disk_sp1_4cpu/Achillea.atrata/proj_mri.esm2.0_ssp370/individual_projections/proj_mri.esm2.0_ssp370_Achillea.atrata_PA1_RUN4_MAXNET.tif
[2026-07-20 14:15:45] 	> Projecting Achillea.atrata_PA1_RUN5_FDA ...
[2026-07-20 14:15:46] 		Writing projection on hard drive...
[2026-07-20 14:15:46] 		 /work/data/output_disk_sp1_4cpu/Achillea.atrata/proj_mri.esm2.0_ssp370/individual_projections/proj_mri.esm2.0_ssp370_Achillea.atrata_PA1_RUN5_GLM.tif
[2026-07-20 14:15:53] 	> Projecting Achillea.atrata_PA1_RUN5_MAXNET ...
[2026-07-20 14:15:54] 		Writing projection on hard drive...
[2026-07-20 14:15:54] 		 /work/data/output_disk_sp1_4cpu/Achillea.atrata/proj_mri.esm2.0_ssp370/individual_projections/proj_mri.esm2.0_ssp370_Achillea.atrata_PA1_RUN5_ANN.tif
[2026-07-20 14:16:08] 	> Projecting Achillea.atrata_PA2_RUN1_GBM ...
[2026-07-20 14:16:09] 		Writing projection on hard drive...
[2026-07-20 14:16:09] 		 /work/data/output_disk_sp1_4cpu/Achillea.atrata/proj_mri.esm2.0_ssp370/individual_projections/proj_mri.esm2.0_ssp370_Achillea.atrata_PA1_RUN5_FDA.tif
[2026-07-20 14:16:30] 	> Projecting Achillea.atrata_PA2_RUN1_ANN ...
[2026-07-20 14:16:31] 		Writing projection on hard drive...
[2026-07-20 14:16:31] 		 /work/data/output_disk_sp1_4cpu/Achillea.atrata/proj_mri.esm2.0_ssp370/individual_projections/proj_mri.esm2.0_ssp370_Achillea.atrata_PA1_RUN5_MAXNET.tif
[2026-07-20 14:17:01] 	> Projecting Achillea.atrata_PA2_RUN1_FDA ...
[2026-07-20 14:17:01] 		Writing projection on hard drive...
[2026-07-20 14:17:01] 		 /work/data/output_disk_sp1_4cpu/Achillea.atrata/proj_mri.esm2.0_ssp370/individual_projections/proj_mri.esm2.0_ssp370_Achillea.atrata_PA2_RUN1_ANN.tif
[2026-07-20 14:17:13] 	> Projecting Achillea.atrata_PA2_RUN2_GBM ...
[2026-07-20 14:17:13] 		Writing projection on hard drive...
[2026-07-20 14:17:13] 		 /work/data/output_disk_sp1_4cpu/Achillea.atrata/proj_mri.esm2.0_ssp370/individual_projections/proj_mri.esm2.0_ssp370_Achillea.atrata_PA2_RUN1_FDA.tif
[2026-07-20 14:18:11] 	> Projecting Achillea.atrata_PA2_RUN2_ANN ...
[2026-07-20 14:18:12] 		Writing projection on hard drive...
[2026-07-20 14:18:12] 		 /work/data/output_disk_sp1_4cpu/Achillea.atrata/proj_mri.esm2.0_ssp370/individual_projections/proj_mri.esm2.0_ssp370_Achillea.atrata_PA2_RUN2_ANN.tif
[2026-07-20 14:28:43] 	> Projecting Achillea.atrata_PA2_RUN3_GBM ...
[2026-07-20 14:28:44] 		Writing projection on hard drive...
[2026-07-20 14:28:44] 		 /work/data/output_disk_sp1_4cpu/Achillea.atrata/proj_mri.esm2.0_ssp370/individual_projections/proj_mri.esm2.0_ssp370_Achillea.atrata_PA1_RUN5_GBM.tif
[2026-07-20 14:29:17] 	> Projecting Achillea.atrata_PA2_RUN1_GLM ...
[2026-07-20 14:29:17] 		Writing projection on hard drive...
[2026-07-20 14:29:17] 		 /work/data/output_disk_sp1_4cpu/Achillea.atrata/proj_mri.esm2.0_ssp370/individual_projections/proj_mri.esm2.0_ssp370_Achillea.atrata_PA2_RUN1_GLM.tif
[2026-07-20 14:30:00] 	> Projecting Achillea.atrata_PA2_RUN1_MAXNET ...
[2026-07-20 14:30:00] 		Writing projection on hard drive...
[2026-07-20 14:30:00] 		 /work/data/output_disk_sp1_4cpu/Achillea.atrata/proj_mri.esm2.0_ssp370/individual_projections/proj_mri.esm2.0_ssp370_Achillea.atrata_PA2_RUN1_MAXNET.tif
[2026-07-20 14:30:01] 	> Projecting Achillea.atrata_PA2_RUN2_FDA ...
[2026-07-20 14:30:02] 		Writing projection on hard drive...
[2026-07-20 14:30:02] 		 /work/data/output_disk_sp1_4cpu/Achillea.atrata/proj_mri.esm2.0_ssp370/individual_projections/proj_mri.esm2.0_ssp370_Achillea.atrata_PA2_RUN1_GBM.tif
[2026-07-20 14:30:39] 	> Projecting Achillea.atrata_PA2_RUN2_GLM ...
[2026-07-20 14:30:40] 		Writing projection on hard drive...
[2026-07-20 14:30:40] 		 /work/data/output_disk_sp1_4cpu/Achillea.atrata/proj_mri.esm2.0_ssp370/individual_projections/proj_mri.esm2.0_ssp370_Achillea.atrata_PA2_RUN2_GLM.tif
[2026-07-20 14:30:42] 	> Projecting Achillea.atrata_PA2_RUN2_MAXNET ...
[2026-07-20 14:30:43] 		Writing projection on hard drive...
[2026-07-20 14:30:43] 		 /work/data/output_disk_sp1_4cpu/Achillea.atrata/proj_mri.esm2.0_ssp370/individual_projections/proj_mri.esm2.0_ssp370_Achillea.atrata_PA2_RUN2_GBM.tif
[2026-07-20 14:30:45] 	> Projecting Achillea.atrata_PA2_RUN3_GLM ...
[2026-07-20 14:30:45] 		Writing projection on hard drive...
[2026-07-20 14:30:45] 		 /work/data/output_disk_sp1_4cpu/Achillea.atrata/proj_mri.esm2.0_ssp370/individual_projections/proj_mri.esm2.0_ssp370_Achillea.atrata_PA2_RUN2_FDA.tif
[2026-07-20 14:31:17] 	> Projecting Achillea.atrata_PA2_RUN3_ANN ...
[2026-07-20 14:31:17] 		Writing projection on hard drive...
[2026-07-20 14:31:17] 		 /work/data/output_disk_sp1_4cpu/Achillea.atrata/proj_mri.esm2.0_ssp370/individual_projections/proj_mri.esm2.0_ssp370_Achillea.atrata_PA2_RUN3_GLM.tif
[2026-07-20 14:31:25] 	> Projecting Achillea.atrata_PA2_RUN3_MAXNET ...
[2026-07-20 14:31:25] 		Writing projection on hard drive...
[2026-07-20 14:31:25] 		 /work/data/output_disk_sp1_4cpu/Achillea.atrata/proj_mri.esm2.0_ssp370/individual_projections/proj_mri.esm2.0_ssp370_Achillea.atrata_PA2_RUN2_MAXNET.tif
[2026-07-20 14:31:41] 	> Projecting Achillea.atrata_PA2_RUN3_FDA ...
[2026-07-20 14:31:42] 		Writing projection on hard drive...
[2026-07-20 14:31:42] 		 /work/data/output_disk_sp1_4cpu/Achillea.atrata/proj_mri.esm2.0_ssp370/individual_projections/proj_mri.esm2.0_ssp370_Achillea.atrata_PA2_RUN3_ANN.tif
[2026-07-20 14:32:00] 	> Projecting Achillea.atrata_PA2_RUN4_GBM ...
[2026-07-20 14:32:01] 		Writing projection on hard drive...
[2026-07-20 14:32:01] 		 /work/data/output_disk_sp1_4cpu/Achillea.atrata/proj_mri.esm2.0_ssp370/individual_projections/proj_mri.esm2.0_ssp370_Achillea.atrata_PA2_RUN3_MAXNET.tif
[2026-07-20 14:32:02] 	> Projecting Achillea.atrata_PA2_RUN4_FDA ...
[2026-07-20 14:32:03] 		Writing projection on hard drive...
[2026-07-20 14:32:03] 		 /work/data/output_disk_sp1_4cpu/Achillea.atrata/proj_mri.esm2.0_ssp370/individual_projections/proj_mri.esm2.0_ssp370_Achillea.atrata_PA2_RUN3_GBM.tif
[2026-07-20 14:32:16] 	> Projecting Achillea.atrata_PA2_RUN4_GLM ...
[2026-07-20 14:32:16] 		Writing projection on hard drive...
[2026-07-20 14:32:16] 		 /work/data/output_disk_sp1_4cpu/Achillea.atrata/proj_mri.esm2.0_ssp370/individual_projections/proj_mri.esm2.0_ssp370_Achillea.atrata_PA2_RUN3_FDA.tif
[2026-07-20 14:32:41] 	> Projecting Achillea.atrata_PA2_RUN4_ANN ...
[2026-07-20 14:32:42] 		Writing projection on hard drive...
[2026-07-20 14:32:42] 		 /work/data/output_disk_sp1_4cpu/Achillea.atrata/proj_mri.esm2.0_ssp370/individual_projections/proj_mri.esm2.0_ssp370_Achillea.atrata_PA2_RUN4_GLM.tif
[2026-07-20 14:32:51] 	> Projecting Achillea.atrata_PA2_RUN4_MAXNET ...
[2026-07-20 14:32:52] 		Writing projection on hard drive...
[2026-07-20 14:32:52] 		 /work/data/output_disk_sp1_4cpu/Achillea.atrata/proj_mri.esm2.0_ssp370/individual_projections/proj_mri.esm2.0_ssp370_Achillea.atrata_PA2_RUN4_FDA.tif
[2026-07-20 14:33:10] 	> Projecting Achillea.atrata_PA2_RUN5_ANN ...
[2026-07-20 14:33:11] 		Writing projection on hard drive...
[2026-07-20 14:33:11] 		 /work/data/output_disk_sp1_4cpu/Achillea.atrata/proj_mri.esm2.0_ssp370/individual_projections/proj_mri.esm2.0_ssp370_Achillea.atrata_PA2_RUN4_ANN.tif
[2026-07-20 14:33:23] 	> Projecting Achillea.atrata_PA2_RUN5_GBM ...
[2026-07-20 14:33:23] 		Writing projection on hard drive...
[2026-07-20 14:33:23] 		 /work/data/output_disk_sp1_4cpu/Achillea.atrata/proj_mri.esm2.0_ssp370/individual_projections/proj_mri.esm2.0_ssp370_Achillea.atrata_PA2_RUN4_MAXNET.tif
[2026-07-20 14:33:46] 	> Projecting Achillea.atrata_PA2_RUN5_FDA ...
[2026-07-20 14:33:47] 		Writing projection on hard drive...
[2026-07-20 14:33:47] 		 /work/data/output_disk_sp1_4cpu/Achillea.atrata/proj_mri.esm2.0_ssp370/individual_projections/proj_mri.esm2.0_ssp370_Achillea.atrata_PA2_RUN5_ANN.tif
[2026-07-20 14:34:09] 	> Projecting Achillea.atrata_PA3_RUN1_GBM ...
[2026-07-20 14:34:10] 		Writing projection on hard drive...
[2026-07-20 14:34:10] 		 /work/data/output_disk_sp1_4cpu/Achillea.atrata/proj_mri.esm2.0_ssp370/individual_projections/proj_mri.esm2.0_ssp370_Achillea.atrata_PA2_RUN5_FDA.tif
[2026-07-20 14:34:57] 	> Projecting Achillea.atrata_PA3_RUN1_ANN ...
[2026-07-20 14:34:58] 		Writing projection on hard drive...
[2026-07-20 14:34:58] 		 /work/data/output_disk_sp1_4cpu/Achillea.atrata/proj_mri.esm2.0_ssp370/individual_projections/proj_mri.esm2.0_ssp370_Achillea.atrata_PA3_RUN1_ANN.tif
[2026-07-20 14:45:27] 	> Projecting Achillea.atrata_PA3_RUN2_GBM ...
[2026-07-20 14:45:28] 		Writing projection on hard drive...
[2026-07-20 14:45:28] 		 /work/data/output_disk_sp1_4cpu/Achillea.atrata/proj_mri.esm2.0_ssp370/individual_projections/proj_mri.esm2.0_ssp370_Achillea.atrata_PA2_RUN4_GBM.tif
[2026-07-20 14:46:00] 	> Projecting Achillea.atrata_PA2_RUN5_GLM ...
[2026-07-20 14:46:01] 		Writing projection on hard drive...
[2026-07-20 14:46:01] 		 /work/data/output_disk_sp1_4cpu/Achillea.atrata/proj_mri.esm2.0_ssp370/individual_projections/proj_mri.esm2.0_ssp370_Achillea.atrata_PA2_RUN5_GLM.tif
[2026-07-20 14:46:43] 	> Projecting Achillea.atrata_PA2_RUN5_MAXNET ...
[2026-07-20 14:46:43] 		Writing projection on hard drive...
[2026-07-20 14:46:43] 		 /work/data/output_disk_sp1_4cpu/Achillea.atrata/proj_mri.esm2.0_ssp370/individual_projections/proj_mri.esm2.0_ssp370_Achillea.atrata_PA2_RUN5_MAXNET.tif
[2026-07-20 14:47:02] 	> Projecting Achillea.atrata_PA3_RUN1_FDA ...
[2026-07-20 14:47:03] 		Writing projection on hard drive...
[2026-07-20 14:47:03] 		 /work/data/output_disk_sp1_4cpu/Achillea.atrata/proj_mri.esm2.0_ssp370/individual_projections/proj_mri.esm2.0_ssp370_Achillea.atrata_PA2_RUN5_GBM.tif
[2026-07-20 14:47:26] 	> Projecting Achillea.atrata_PA3_RUN1_GLM ...
[2026-07-20 14:47:27] 		Writing projection on hard drive...
[2026-07-20 14:47:27] 		 /work/data/output_disk_sp1_4cpu/Achillea.atrata/proj_mri.esm2.0_ssp370/individual_projections/proj_mri.esm2.0_ssp370_Achillea.atrata_PA3_RUN1_FDA.tif
[2026-07-20 14:47:39] 	> Projecting Achillea.atrata_PA3_RUN2_ANN ...
[2026-07-20 14:47:40] 		Writing projection on hard drive...
[2026-07-20 14:47:40] 		 /work/data/output_disk_sp1_4cpu/Achillea.atrata/proj_mri.esm2.0_ssp370/individual_projections/proj_mri.esm2.0_ssp370_Achillea.atrata_PA3_RUN1_GLM.tif
[2026-07-20 14:47:54] 	> Projecting Achillea.atrata_PA3_RUN1_MAXNET ...
[2026-07-20 14:47:55] 		Writing projection on hard drive...
[2026-07-20 14:47:55] 		 /work/data/output_disk_sp1_4cpu/Achillea.atrata/proj_mri.esm2.0_ssp370/individual_projections/proj_mri.esm2.0_ssp370_Achillea.atrata_PA3_RUN1_GBM.tif
[2026-07-20 14:48:21] 	> Projecting Achillea.atrata_PA3_RUN2_GLM ...
[2026-07-20 14:48:22] 		Writing projection on hard drive...
[2026-07-20 14:48:22] 		 /work/data/output_disk_sp1_4cpu/Achillea.atrata/proj_mri.esm2.0_ssp370/individual_projections/proj_mri.esm2.0_ssp370_Achillea.atrata_PA3_RUN1_MAXNET.tif
[2026-07-20 14:48:24] 	> Projecting Achillea.atrata_PA3_RUN2_FDA ...
[2026-07-20 14:48:25] 		Writing projection on hard drive...
[2026-07-20 14:48:25] 		 /work/data/output_disk_sp1_4cpu/Achillea.atrata/proj_mri.esm2.0_ssp370/individual_projections/proj_mri.esm2.0_ssp370_Achillea.atrata_PA3_RUN2_ANN.tif
[2026-07-20 14:48:31] 	> Projecting Achillea.atrata_PA3_RUN3_GBM ...
[2026-07-20 14:48:32] 		Writing projection on hard drive...
[2026-07-20 14:48:32] 		 /work/data/output_disk_sp1_4cpu/Achillea.atrata/proj_mri.esm2.0_ssp370/individual_projections/proj_mri.esm2.0_ssp370_Achillea.atrata_PA3_RUN2_GLM.tif
[2026-07-20 14:49:09] 	> Projecting Achillea.atrata_PA3_RUN2_MAXNET ...
[2026-07-20 14:49:10] 		Writing projection on hard drive...
[2026-07-20 14:49:10] 		 /work/data/output_disk_sp1_4cpu/Achillea.atrata/proj_mri.esm2.0_ssp370/individual_projections/proj_mri.esm2.0_ssp370_Achillea.atrata_PA3_RUN2_FDA.tif
[2026-07-20 14:49:13] 	> Projecting Achillea.atrata_PA3_RUN3_ANN ...
[2026-07-20 14:49:14] 		Writing projection on hard drive...
[2026-07-20 14:49:14] 		 /work/data/output_disk_sp1_4cpu/Achillea.atrata/proj_mri.esm2.0_ssp370/individual_projections/proj_mri.esm2.0_ssp370_Achillea.atrata_PA3_RUN2_MAXNET.tif
[2026-07-20 14:49:16] 	> Projecting Achillea.atrata_PA3_RUN3_FDA ...
[2026-07-20 14:49:17] 		Writing projection on hard drive...
[2026-07-20 14:49:17] 		 /work/data/output_disk_sp1_4cpu/Achillea.atrata/proj_mri.esm2.0_ssp370/individual_projections/proj_mri.esm2.0_ssp370_Achillea.atrata_PA3_RUN2_GBM.tif
[2026-07-20 14:49:51] 	> Projecting Achillea.atrata_PA3_RUN3_GLM ...
[2026-07-20 14:49:52] 		Writing projection on hard drive...
[2026-07-20 14:49:52] 		 /work/data/output_disk_sp1_4cpu/Achillea.atrata/proj_mri.esm2.0_ssp370/individual_projections/proj_mri.esm2.0_ssp370_Achillea.atrata_PA3_RUN3_GLM.tif
[2026-07-20 14:50:00] 	> Projecting Achillea.atrata_PA3_RUN3_MAXNET ...
[2026-07-20 14:50:01] 		Writing projection on hard drive...
[2026-07-20 14:50:01] 		 /work/data/output_disk_sp1_4cpu/Achillea.atrata/proj_mri.esm2.0_ssp370/individual_projections/proj_mri.esm2.0_ssp370_Achillea.atrata_PA3_RUN3_FDA.tif
[2026-07-20 14:50:03] 	> Projecting Achillea.atrata_PA3_RUN4_ANN ...
[2026-07-20 14:50:04] 		Writing projection on hard drive...
[2026-07-20 14:50:04] 		 /work/data/output_disk_sp1_4cpu/Achillea.atrata/proj_mri.esm2.0_ssp370/individual_projections/proj_mri.esm2.0_ssp370_Achillea.atrata_PA3_RUN3_ANN.tif
[2026-07-20 14:50:29] 	> Projecting Achillea.atrata_PA3_RUN4_GBM ...
[2026-07-20 14:50:29] 		Writing projection on hard drive...
[2026-07-20 14:50:29] 		 /work/data/output_disk_sp1_4cpu/Achillea.atrata/proj_mri.esm2.0_ssp370/individual_projections/proj_mri.esm2.0_ssp370_Achillea.atrata_PA3_RUN3_MAXNET.tif
[2026-07-20 14:50:54] 	> Projecting Achillea.atrata_PA3_RUN4_FDA ...
[2026-07-20 14:50:55] 		Writing projection on hard drive...
[2026-07-20 14:50:55] 		 /work/data/output_disk_sp1_4cpu/Achillea.atrata/proj_mri.esm2.0_ssp370/individual_projections/proj_mri.esm2.0_ssp370_Achillea.atrata_PA3_RUN4_ANN.tif
[2026-07-20 14:51:18] 	> Projecting Achillea.atrata_PA3_RUN5_GBM ...
[2026-07-20 14:51:19] 		Writing projection on hard drive...
[2026-07-20 14:51:19] 		 /work/data/output_disk_sp1_4cpu/Achillea.atrata/proj_mri.esm2.0_ssp370/individual_projections/proj_mri.esm2.0_ssp370_Achillea.atrata_PA3_RUN4_FDA.tif
[2026-07-20 14:52:06] 	> Projecting Achillea.atrata_PA3_RUN5_ANN ...
[2026-07-20 14:52:07] 		Writing projection on hard drive...
[2026-07-20 14:52:07] 		 /work/data/output_disk_sp1_4cpu/Achillea.atrata/proj_mri.esm2.0_ssp370/individual_projections/proj_mri.esm2.0_ssp370_Achillea.atrata_PA3_RUN5_ANN.tif
[2026-07-20 15:02:26] 	> Projecting Achillea.atrata_PA4_RUN1_GBM ...
[2026-07-20 15:02:27] 		Writing projection on hard drive...
[2026-07-20 15:02:27] 		 /work/data/output_disk_sp1_4cpu/Achillea.atrata/proj_mri.esm2.0_ssp370/individual_projections/proj_mri.esm2.0_ssp370_Achillea.atrata_PA3_RUN3_GBM.tif
[2026-07-20 15:02:59] 	> Projecting Achillea.atrata_PA3_RUN4_GLM ...
[2026-07-20 15:03:00] 		Writing projection on hard drive...
[2026-07-20 15:03:00] 		 /work/data/output_disk_sp1_4cpu/Achillea.atrata/proj_mri.esm2.0_ssp370/individual_projections/proj_mri.esm2.0_ssp370_Achillea.atrata_PA3_RUN4_GLM.tif
[2026-07-20 15:03:32] 	> Projecting Achillea.atrata_PA3_RUN4_MAXNET ...
[2026-07-20 15:03:33] 		Writing projection on hard drive...
[2026-07-20 15:03:33] 		 /work/data/output_disk_sp1_4cpu/Achillea.atrata/proj_mri.esm2.0_ssp370/individual_projections/proj_mri.esm2.0_ssp370_Achillea.atrata_PA3_RUN4_MAXNET.tif
[2026-07-20 15:03:45] 	> Projecting Achillea.atrata_PA3_RUN5_FDA ...
[2026-07-20 15:03:46] 		Writing projection on hard drive...
[2026-07-20 15:03:46] 		 /work/data/output_disk_sp1_4cpu/Achillea.atrata/proj_mri.esm2.0_ssp370/individual_projections/proj_mri.esm2.0_ssp370_Achillea.atrata_PA3_RUN4_GBM.tif
[2026-07-20 15:04:22] 	> Projecting Achillea.atrata_PA3_RUN5_GLM ...
[2026-07-20 15:04:23] 		Writing projection on hard drive...
[2026-07-20 15:04:23] 		Writing projection on hard drive...
[2026-07-20 15:04:23] 		 /work/data/output_disk_sp1_4cpu/Achillea.atrata/proj_mri.esm2.0_ssp370/individual_projections/proj_mri.esm2.0_ssp370_Achillea.atrata_PA3_RUN5_GLM.tif
[2026-07-20 15:04:23] 	> Projecting Achillea.atrata_PA3_RUN5_MAXNET ...
[2026-07-20 15:04:23] 		 /work/data/output_disk_sp1_4cpu/Achillea.atrata/proj_mri.esm2.0_ssp370/individual_projections/proj_mri.esm2.0_ssp370_Achillea.atrata_PA3_RUN5_FDA.tif
[2026-07-20 15:04:52] 	> Projecting Achillea.atrata_PA4_RUN1_ANN ...
[2026-07-20 15:04:53] 		Writing projection on hard drive...
[2026-07-20 15:04:53] 		 /work/data/output_disk_sp1_4cpu/Achillea.atrata/proj_mri.esm2.0_ssp370/individual_projections/proj_mri.esm2.0_ssp370_Achillea.atrata_PA3_RUN5_GBM.tif
[2026-07-20 15:05:06] 	> Projecting Achillea.atrata_PA4_RUN1_GLM ...
[2026-07-20 15:05:07] 		Writing projection on hard drive...
[2026-07-20 15:05:07] 		Writing projection on hard drive...
[2026-07-20 15:05:07] 		 /work/data/output_disk_sp1_4cpu/Achillea.atrata/proj_mri.esm2.0_ssp370/individual_projections/proj_mri.esm2.0_ssp370_Achillea.atrata_PA3_RUN5_MAXNET.tif
[2026-07-20 15:05:07] 	> Projecting Achillea.atrata_PA4_RUN1_FDA ...
[2026-07-20 15:05:07] 		 /work/data/output_disk_sp1_4cpu/Achillea.atrata/proj_mri.esm2.0_ssp370/individual_projections/proj_mri.esm2.0_ssp370_Achillea.atrata_PA4_RUN1_ANN.tif
[2026-07-20 15:05:29] 	> Projecting Achillea.atrata_PA4_RUN2_GBM ...
[2026-07-20 15:05:30] 		Writing projection on hard drive...
[2026-07-20 15:05:30] 		 /work/data/output_disk_sp1_4cpu/Achillea.atrata/proj_mri.esm2.0_ssp370/individual_projections/proj_mri.esm2.0_ssp370_Achillea.atrata_PA4_RUN1_GLM.tif
[2026-07-20 15:05:53] 	> Projecting Achillea.atrata_PA4_RUN1_MAXNET ...
[2026-07-20 15:05:53] 		Writing projection on hard drive...
[2026-07-20 15:05:53] 		 /work/data/output_disk_sp1_4cpu/Achillea.atrata/proj_mri.esm2.0_ssp370/individual_projections/proj_mri.esm2.0_ssp370_Achillea.atrata_PA4_RUN1_FDA.tif
[2026-07-20 15:06:08] 	> Projecting Achillea.atrata_PA4_RUN2_ANN ...
[2026-07-20 15:06:08] 		Writing projection on hard drive...
[2026-07-20 15:06:08] 		 /work/data/output_disk_sp1_4cpu/Achillea.atrata/proj_mri.esm2.0_ssp370/individual_projections/proj_mri.esm2.0_ssp370_Achillea.atrata_PA4_RUN1_MAXNET.tif
[2026-07-20 15:06:12] 	> Projecting Achillea.atrata_PA4_RUN2_FDA ...
[2026-07-20 15:06:13] 		Writing projection on hard drive...
[2026-07-20 15:06:13] 		 /work/data/output_disk_sp1_4cpu/Achillea.atrata/proj_mri.esm2.0_ssp370/individual_projections/proj_mri.esm2.0_ssp370_Achillea.atrata_PA4_RUN1_GBM.tif
[2026-07-20 15:06:40] 	> Projecting Achillea.atrata_PA4_RUN2_GLM ...
[2026-07-20 15:06:41] 		Writing projection on hard drive...
[2026-07-20 15:06:41] 		 /work/data/output_disk_sp1_4cpu/Achillea.atrata/proj_mri.esm2.0_ssp370/individual_projections/proj_mri.esm2.0_ssp370_Achillea.atrata_PA4_RUN2_ANN.tif
[2026-07-20 15:06:42] 	> Projecting Achillea.atrata_PA4_RUN3_GBM ...
[2026-07-20 15:06:43] 		Writing projection on hard drive...
[2026-07-20 15:06:43] 		 /work/data/output_disk_sp1_4cpu/Achillea.atrata/proj_mri.esm2.0_ssp370/individual_projections/proj_mri.esm2.0_ssp370_Achillea.atrata_PA4_RUN2_GLM.tif
[2026-07-20 15:06:55] 	> Projecting Achillea.atrata_PA4_RUN2_MAXNET ...
[2026-07-20 15:06:56] 		Writing projection on hard drive...
[2026-07-20 15:06:56] 		 /work/data/output_disk_sp1_4cpu/Achillea.atrata/proj_mri.esm2.0_ssp370/individual_projections/proj_mri.esm2.0_ssp370_Achillea.atrata_PA4_RUN2_FDA.tif
[2026-07-20 15:07:20] 	> Projecting Achillea.atrata_PA4_RUN3_ANN ...
[2026-07-20 15:07:21] 		Writing projection on hard drive...
[2026-07-20 15:07:21] 		 /work/data/output_disk_sp1_4cpu/Achillea.atrata/proj_mri.esm2.0_ssp370/individual_projections/proj_mri.esm2.0_ssp370_Achillea.atrata_PA4_RUN2_MAXNET.tif
[2026-07-20 15:07:53] 	> Projecting Achillea.atrata_PA4_RUN3_FDA ...
[2026-07-20 15:07:54] 		Writing projection on hard drive...
[2026-07-20 15:07:54] 		 /work/data/output_disk_sp1_4cpu/Achillea.atrata/proj_mri.esm2.0_ssp370/individual_projections/proj_mri.esm2.0_ssp370_Achillea.atrata_PA4_RUN3_ANN.tif
[2026-07-20 15:08:06] 	> Projecting Achillea.atrata_PA4_RUN4_GBM ...
[2026-07-20 15:08:07] 		Writing projection on hard drive...
[2026-07-20 15:08:07] 		 /work/data/output_disk_sp1_4cpu/Achillea.atrata/proj_mri.esm2.0_ssp370/individual_projections/proj_mri.esm2.0_ssp370_Achillea.atrata_PA4_RUN3_FDA.tif
[2026-07-20 15:08:55] 	> Projecting Achillea.atrata_PA4_RUN4_ANN ...
[2026-07-20 15:08:55] 		Writing projection on hard drive...
[2026-07-20 15:08:55] 		 /work/data/output_disk_sp1_4cpu/Achillea.atrata/proj_mri.esm2.0_ssp370/individual_projections/proj_mri.esm2.0_ssp370_Achillea.atrata_PA4_RUN4_ANN.tif
[2026-07-20 15:18:59] 	> Projecting Achillea.atrata_PA4_RUN5_GBM ...
[2026-07-20 15:19:00] 		Writing projection on hard drive...
[2026-07-20 15:19:00] 		 /work/data/output_disk_sp1_4cpu/Achillea.atrata/proj_mri.esm2.0_ssp370/individual_projections/proj_mri.esm2.0_ssp370_Achillea.atrata_PA4_RUN2_GBM.tif
[2026-07-20 15:19:30] 	> Projecting Achillea.atrata_PA4_RUN3_GLM ...
[2026-07-20 15:19:30] 		Writing projection on hard drive...
[2026-07-20 15:19:30] 		 /work/data/output_disk_sp1_4cpu/Achillea.atrata/proj_mri.esm2.0_ssp370/individual_projections/proj_mri.esm2.0_ssp370_Achillea.atrata_PA4_RUN3_GLM.tif
[2026-07-20 15:20:06] 	> Projecting Achillea.atrata_PA4_RUN3_MAXNET ...
[2026-07-20 15:20:07] 		Writing projection on hard drive...
[2026-07-20 15:20:07] 		 /work/data/output_disk_sp1_4cpu/Achillea.atrata/proj_mri.esm2.0_ssp370/individual_projections/proj_mri.esm2.0_ssp370_Achillea.atrata_PA4_RUN3_MAXNET.tif
[2026-07-20 15:20:46] 	> Projecting Achillea.atrata_PA4_RUN4_FDA ...
[2026-07-20 15:20:47] 		Writing projection on hard drive...
[2026-07-20 15:20:47] 		 /work/data/output_disk_sp1_4cpu/Achillea.atrata/proj_mri.esm2.0_ssp370/individual_projections/proj_mri.esm2.0_ssp370_Achillea.atrata_PA4_RUN3_GBM.tif
[2026-07-20 15:20:47] 	> Projecting Achillea.atrata_PA4_RUN4_GLM ...
[2026-07-20 15:20:48] 		Writing projection on hard drive...
[2026-07-20 15:20:48] 		 /work/data/output_disk_sp1_4cpu/Achillea.atrata/proj_mri.esm2.0_ssp370/individual_projections/proj_mri.esm2.0_ssp370_Achillea.atrata_PA4_RUN4_FDA.tif
[2026-07-20 15:21:22] 	> Projecting Achillea.atrata_PA4_RUN5_ANN ...
[2026-07-20 15:21:23] 		Writing projection on hard drive...
[2026-07-20 15:21:23] 		 /work/data/output_disk_sp1_4cpu/Achillea.atrata/proj_mri.esm2.0_ssp370/individual_projections/proj_mri.esm2.0_ssp370_Achillea.atrata_PA4_RUN4_GLM.tif
[2026-07-20 15:21:54] 	> Projecting Achillea.atrata_PA4_RUN4_MAXNET ...
[2026-07-20 15:21:55] 		Writing projection on hard drive...
[2026-07-20 15:21:55] 		 /work/data/output_disk_sp1_4cpu/Achillea.atrata/proj_mri.esm2.0_ssp370/individual_projections/proj_mri.esm2.0_ssp370_Achillea.atrata_PA4_RUN5_ANN.tif
[2026-07-20 15:22:02] 	> Projecting Achillea.atrata_PA5_RUN1_GBM ...
[2026-07-20 15:22:02] 		Writing projection on hard drive...
[2026-07-20 15:22:02] 		 /work/data/output_disk_sp1_4cpu/Achillea.atrata/proj_mri.esm2.0_ssp370/individual_projections/proj_mri.esm2.0_ssp370_Achillea.atrata_PA4_RUN4_MAXNET.tif
[2026-07-20 15:22:03] 	> Projecting Achillea.atrata_PA4_RUN5_FDA ...
[2026-07-20 15:22:04] 		Writing projection on hard drive...
[2026-07-20 15:22:04] 		 /work/data/output_disk_sp1_4cpu/Achillea.atrata/proj_mri.esm2.0_ssp370/individual_projections/proj_mri.esm2.0_ssp370_Achillea.atrata_PA4_RUN4_GBM.tif
[2026-07-20 15:22:37] 	> Projecting Achillea.atrata_PA4_RUN5_GLM ...
[2026-07-20 15:22:38] 		Writing projection on hard drive...
[2026-07-20 15:22:38] 		 /work/data/output_disk_sp1_4cpu/Achillea.atrata/proj_mri.esm2.0_ssp370/individual_projections/proj_mri.esm2.0_ssp370_Achillea.atrata_PA4_RUN5_GLM.tif
[2026-07-20 15:22:43] 	> Projecting Achillea.atrata_PA4_RUN5_MAXNET ...
[2026-07-20 15:22:44] 		Writing projection on hard drive...
[2026-07-20 15:22:44] 		 /work/data/output_disk_sp1_4cpu/Achillea.atrata/proj_mri.esm2.0_ssp370/individual_projections/proj_mri.esm2.0_ssp370_Achillea.atrata_PA4_RUN5_FDA.tif
[2026-07-20 15:22:58] 	> Projecting Achillea.atrata_PA5_RUN1_ANN ...
[2026-07-20 15:22:58] 		Writing projection on hard drive...
[2026-07-20 15:22:58] 		 /work/data/output_disk_sp1_4cpu/Achillea.atrata/proj_mri.esm2.0_ssp370/individual_projections/proj_mri.esm2.0_ssp370_Achillea.atrata_PA4_RUN5_GBM.tif
[2026-07-20 15:23:17] 	> Projecting Achillea.atrata_PA5_RUN1_GLM ...
[2026-07-20 15:23:18] 		Writing projection on hard drive...
[2026-07-20 15:23:18] 		 /work/data/output_disk_sp1_4cpu/Achillea.atrata/proj_mri.esm2.0_ssp370/individual_projections/proj_mri.esm2.0_ssp370_Achillea.atrata_PA4_RUN5_MAXNET.tif
[2026-07-20 15:23:27] 	> Projecting Achillea.atrata_PA5_RUN1_FDA ...
[2026-07-20 15:23:28] 		Writing projection on hard drive...
[2026-07-20 15:23:28] 		 /work/data/output_disk_sp1_4cpu/Achillea.atrata/proj_mri.esm2.0_ssp370/individual_projections/proj_mri.esm2.0_ssp370_Achillea.atrata_PA5_RUN1_GLM.tif
[2026-07-20 15:23:38] 	> Projecting Achillea.atrata_PA5_RUN1_MAXNET ...
[2026-07-20 15:23:39] 		Writing projection on hard drive...
[2026-07-20 15:23:39] 		 /work/data/output_disk_sp1_4cpu/Achillea.atrata/proj_mri.esm2.0_ssp370/individual_projections/proj_mri.esm2.0_ssp370_Achillea.atrata_PA5_RUN1_ANN.tif
[2026-07-20 15:24:04] 	> Projecting Achillea.atrata_PA5_RUN2_GBM ...
[2026-07-20 15:24:05] 		Writing projection on hard drive...
[2026-07-20 15:24:05] 		 /work/data/output_disk_sp1_4cpu/Achillea.atrata/proj_mri.esm2.0_ssp370/individual_projections/proj_mri.esm2.0_ssp370_Achillea.atrata_PA5_RUN1_FDA.tif
[2026-07-20 15:24:09] 	> Projecting Achillea.atrata_PA5_RUN2_ANN ...
[2026-07-20 15:24:10] 		Writing projection on hard drive...
[2026-07-20 15:24:10] 		 /work/data/output_disk_sp1_4cpu/Achillea.atrata/proj_mri.esm2.0_ssp370/individual_projections/proj_mri.esm2.0_ssp370_Achillea.atrata_PA5_RUN1_MAXNET.tif
[2026-07-20 15:24:54] 	> Projecting Achillea.atrata_PA5_RUN2_FDA ...
[2026-07-20 15:24:54] 		Writing projection on hard drive...
[2026-07-20 15:24:54] 		 /work/data/output_disk_sp1_4cpu/Achillea.atrata/proj_mri.esm2.0_ssp370/individual_projections/proj_mri.esm2.0_ssp370_Achillea.atrata_PA5_RUN2_FDA.tif
[2026-07-20 15:24:55] 	> Projecting Achillea.atrata_PA5_RUN3_ANN ...
[2026-07-20 15:24:56] 		Writing projection on hard drive...
[2026-07-20 15:24:56] 		 /work/data/output_disk_sp1_4cpu/Achillea.atrata/proj_mri.esm2.0_ssp370/individual_projections/proj_mri.esm2.0_ssp370_Achillea.atrata_PA5_RUN2_ANN.tif
[2026-07-20 15:25:39] 	> Projecting Achillea.atrata_PA5_RUN3_GBM ...
[2026-07-20 15:25:40] 		Writing projection on hard drive...
[2026-07-20 15:25:40] 		 /work/data/output_disk_sp1_4cpu/Achillea.atrata/proj_mri.esm2.0_ssp370/individual_projections/proj_mri.esm2.0_ssp370_Achillea.atrata_PA5_RUN3_ANN.tif
[2026-07-20 15:35:36] 	> Projecting Achillea.atrata_PA5_RUN4_GBM ...
[2026-07-20 15:35:37] 		Writing projection on hard drive...
[2026-07-20 15:35:37] 		 /work/data/output_disk_sp1_4cpu/Achillea.atrata/proj_mri.esm2.0_ssp370/individual_projections/proj_mri.esm2.0_ssp370_Achillea.atrata_PA5_RUN1_GBM.tif
[2026-07-20 15:36:10] 	> Projecting Achillea.atrata_PA5_RUN2_GLM ...
[2026-07-20 15:36:11] 		Writing projection on hard drive...
[2026-07-20 15:36:11] 		 /work/data/output_disk_sp1_4cpu/Achillea.atrata/proj_mri.esm2.0_ssp370/individual_projections/proj_mri.esm2.0_ssp370_Achillea.atrata_PA5_RUN2_GLM.tif
[2026-07-20 15:36:49] 	> Projecting Achillea.atrata_PA5_RUN2_MAXNET ...
[2026-07-20 15:36:50] 		Writing projection on hard drive...
[2026-07-20 15:36:50] 		 /work/data/output_disk_sp1_4cpu/Achillea.atrata/proj_mri.esm2.0_ssp370/individual_projections/proj_mri.esm2.0_ssp370_Achillea.atrata_PA5_RUN2_MAXNET.tif
[2026-07-20 15:37:07] 	> Projecting Achillea.atrata_PA5_RUN3_FDA ...
[2026-07-20 15:37:07] 		Writing projection on hard drive...
[2026-07-20 15:37:07] 		 /work/data/output_disk_sp1_4cpu/Achillea.atrata/proj_mri.esm2.0_ssp370/individual_projections/proj_mri.esm2.0_ssp370_Achillea.atrata_PA5_RUN2_GBM.tif
[2026-07-20 15:37:33] 	> Projecting Achillea.atrata_PA5_RUN3_GLM ...
[2026-07-20 15:37:33] 		Writing projection on hard drive...
[2026-07-20 15:37:33] 		 /work/data/output_disk_sp1_4cpu/Achillea.atrata/proj_mri.esm2.0_ssp370/individual_projections/proj_mri.esm2.0_ssp370_Achillea.atrata_PA5_RUN3_FDA.tif
[2026-07-20 15:37:41] 	> Projecting Achillea.atrata_PA5_RUN4_ANN ...
[2026-07-20 15:37:42] 		Writing projection on hard drive...
[2026-07-20 15:37:42] 		 /work/data/output_disk_sp1_4cpu/Achillea.atrata/proj_mri.esm2.0_ssp370/individual_projections/proj_mri.esm2.0_ssp370_Achillea.atrata_PA5_RUN3_GLM.tif
[2026-07-20 15:38:23] 	> Projecting Achillea.atrata_PA5_RUN3_MAXNET ...
[2026-07-20 15:38:23] 		Writing projection on hard drive...
[2026-07-20 15:38:23] 		 /work/data/output_disk_sp1_4cpu/Achillea.atrata/proj_mri.esm2.0_ssp370/individual_projections/proj_mri.esm2.0_ssp370_Achillea.atrata_PA5_RUN3_MAXNET.tif
[2026-07-20 15:38:29] 	> Projecting Achillea.atrata_PA5_RUN4_FDA ...
[2026-07-20 15:38:30] 		Writing projection on hard drive...
[2026-07-20 15:38:30] 		 /work/data/output_disk_sp1_4cpu/Achillea.atrata/proj_mri.esm2.0_ssp370/individual_projections/proj_mri.esm2.0_ssp370_Achillea.atrata_PA5_RUN4_ANN.tif
[2026-07-20 15:38:50] 	> Projecting Achillea.atrata_PA5_RUN5_GBM ...
[2026-07-20 15:38:51] 		Writing projection on hard drive...
[2026-07-20 15:38:51] 		 /work/data/output_disk_sp1_4cpu/Achillea.atrata/proj_mri.esm2.0_ssp370/individual_projections/proj_mri.esm2.0_ssp370_Achillea.atrata_PA5_RUN3_GBM.tif
[2026-07-20 15:39:02] 	> Projecting Achillea.atrata_PA5_RUN4_GLM ...
[2026-07-20 15:39:03] 		Writing projection on hard drive...
[2026-07-20 15:39:03] 		 /work/data/output_disk_sp1_4cpu/Achillea.atrata/proj_mri.esm2.0_ssp370/individual_projections/proj_mri.esm2.0_ssp370_Achillea.atrata_PA5_RUN4_FDA.tif
[2026-07-20 15:39:20] 	> Projecting Achillea.atrata_PA5_RUN5_ANN ...
[2026-07-20 15:39:21] 		Writing projection on hard drive...
[2026-07-20 15:39:21] 		 /work/data/output_disk_sp1_4cpu/Achillea.atrata/proj_mri.esm2.0_ssp370/individual_projections/proj_mri.esm2.0_ssp370_Achillea.atrata_PA5_RUN4_GLM.tif
[2026-07-20 15:39:42] 	> Projecting Achillea.atrata_PA5_RUN4_MAXNET ...
[2026-07-20 15:39:43] 		Writing projection on hard drive...
[2026-07-20 15:39:43] 		 /work/data/output_disk_sp1_4cpu/Achillea.atrata/proj_mri.esm2.0_ssp370/individual_projections/proj_mri.esm2.0_ssp370_Achillea.atrata_PA5_RUN4_GBM.tif
[2026-07-20 15:39:59] 	> Projecting Achillea.atrata_PA5_RUN5_GLM ...
[2026-07-20 15:40:00] 		Writing projection on hard drive...
[2026-07-20 15:40:00] 		 /work/data/output_disk_sp1_4cpu/Achillea.atrata/proj_mri.esm2.0_ssp370/individual_projections/proj_mri.esm2.0_ssp370_Achillea.atrata_PA5_RUN4_MAXNET.tif
[2026-07-20 15:40:05] 	> Projecting Achillea.atrata_PA5_RUN5_FDA ...
[2026-07-20 15:40:06] 		Writing projection on hard drive...
[2026-07-20 15:40:13] 		 /work/data/output_disk_sp1_4cpu/Achillea.atrata/proj_mri.esm2.0_ssp370/individual_projections/proj_mri.esm2.0_ssp370_Achillea.atrata_PA5_RUN5_ANN.tif
[2026-07-20 15:40:14] 		Writing projection on hard drive...
[2026-07-20 15:40:14] 		 /work/data/output_disk_sp1_4cpu/Achillea.atrata/proj_mri.esm2.0_ssp370/individual_projections/proj_mri.esm2.0_ssp370_Achillea.atrata_PA5_RUN5_GLM.tif
[2026-07-20 15:40:46] 	> Projecting Achillea.atrata_PA5_RUN5_MAXNET ...
[2026-07-20 15:40:47] 		Writing projection on hard drive...
[2026-07-20 15:40:50] 		 /work/data/output_disk_sp1_4cpu/Achillea.atrata/proj_mri.esm2.0_ssp370/individual_projections/proj_mri.esm2.0_ssp370_Achillea.atrata_PA5_RUN5_FDA.tif
[2026-07-20 15:40:51] 		Writing projection on hard drive...
[2026-07-20 15:52:37] 		 /work/data/output_disk_sp1_4cpu/Achillea.atrata/proj_mri.esm2.0_ssp370/individual_projections/proj_mri.esm2.0_ssp370_Achillea.atrata_PA5_RUN5_MAXNET.tif
[2026-07-20 15:52:37] 		Writing projection on hard drive...
[2026-07-20 15:52:37] 		 /work/data/output_disk_sp1_4cpu/Achillea.atrata/proj_mri.esm2.0_ssp370/individual_projections/proj_mri.esm2.0_ssp370_Achillea.atrata_PA5_RUN5_GBM.tif
[2026-07-20 15:52:37] -=-=-=-=-=-=-=-=-=-=-=-=-=-=-=-=-=-= Done -=-=-=-=-=-=-=-=-=-=-=-=-=-=-=-=-=-=
[2026-07-20 15:52:37] 
[2026-07-20 15:52:37] -=-=-=-=-=-=-=-=-=-=-=-= Do Ensemble Models Projection -=-=-=-=-=-=-=-=-=-=-=-=
[2026-07-20 15:52:37] 
[2026-07-20 15:52:37] Creating suitable Workdir...
[2026-07-20 15:52:38] 
[2026-07-20 15:52:38] 	> Projecting Achillea.atrata_EMmeanByAUCroc_mergedData_mergedRun_mergedAlgo ...
[2026-07-20 16:08:48] 	> Projecting Achillea.atrata_EMcvByAUCroc_mergedData_mergedRun_mergedAlgo ...|---------|---------|---------|---------||---------|---------|---------|---------|=======================================================                                          
[2026-07-20 16:16:41] 		Writing projection on hard drive...===========================                                          
[2026-07-20 16:16:43] 		Writing projection on hard drive...
[2026-07-20 16:16:43] 
[2026-07-20 16:16:43] ! Binary/Filtered transformation automatically desactivated for ensemble models with coefficient of variation or confidence intervals
[2026-07-20 16:16:48] 	> Building TSS binaries / filtered
[2026-07-20 16:16:53] 	> Building AUCroc binaries / filtered
[2026-07-20 16:16:58] 	> Building KAPPA binaries / filtered
[2026-07-20 16:16:58] 
[2026-07-20 16:16:58] -=-=-=-=-=-=-=-=-=-=-=-=-=-=-=-=-=-= Done -=-=-=-=-=-=-=-=-=-=-=-=-=-=-=-=-=-=
[2026-07-20 16:16:59] 
[2026-07-20 16:16:59] 
[2026-07-20 16:16:59] DEBUG: Processing future scenario 8 of 8 : /work/data/input/climate_vars/future/mri.esm2.0/ssp585 
[2026-07-20 16:16:59] DEBUG: Raster loaded, ncell = 63951097 , hasValues = TRUE 
[2026-07-20 16:16:59] 
[2026-07-20 16:16:59] -=-=-=-=-=-=-=-=-=-=-=-=-= Do Single Models Projection -=-=-=-=-=-=-=-=-=-=-=-=-=
[2026-07-20 16:17:22] 
[2026-07-20 16:17:22] 		! 'overwrite' arg is set as FALSE. Projections that have already been saved will not be redone. 
[2026-07-20 16:17:22]         Please be carfeul if you have changed the models in the meantime. 
[2026-07-20 16:17:22] 	> Building clamping mask
[2026-07-20 16:18:25] 
[2026-07-20 16:18:25] 	> Projecting Achillea.atrata_PA1_RUN1_GLM ...
[2026-07-20 16:18:25] 	> Projecting Achillea.atrata_PA1_RUN1_GBM ...
[2026-07-20 16:18:25] 	> Projecting Achillea.atrata_PA1_RUN1_ANN ...
[2026-07-20 16:19:07] 	> Projecting Achillea.atrata_PA1_RUN1_FDA ...
[2026-07-20 16:19:08] 		Writing projection on hard drive...
[2026-07-20 16:19:08] 		 /work/data/output_disk_sp1_4cpu/Achillea.atrata/proj_mri.esm2.0_ssp585/individual_projections/proj_mri.esm2.0_ssp585_Achillea.atrata_PA1_RUN1_GLM.tif
[2026-07-20 16:19:24] 	> Projecting Achillea.atrata_PA1_RUN1_MAXNET ...
[2026-07-20 16:19:25] 		Writing projection on hard drive...
[2026-07-20 16:19:25] 		 /work/data/output_disk_sp1_4cpu/Achillea.atrata/proj_mri.esm2.0_ssp585/individual_projections/proj_mri.esm2.0_ssp585_Achillea.atrata_PA1_RUN1_FDA.tif
[2026-07-20 16:19:39] 	> Projecting Achillea.atrata_PA1_RUN2_ANN ...
[2026-07-20 16:19:40] 		Writing projection on hard drive...
[2026-07-20 16:19:40] 		 /work/data/output_disk_sp1_4cpu/Achillea.atrata/proj_mri.esm2.0_ssp585/individual_projections/proj_mri.esm2.0_ssp585_Achillea.atrata_PA1_RUN1_ANN.tif
[2026-07-20 16:19:52] 	> Projecting Achillea.atrata_PA1_RUN2_GBM ...
[2026-07-20 16:19:52] 		Writing projection on hard drive...
[2026-07-20 16:19:52] 		 /work/data/output_disk_sp1_4cpu/Achillea.atrata/proj_mri.esm2.0_ssp585/individual_projections/proj_mri.esm2.0_ssp585_Achillea.atrata_PA1_RUN1_MAXNET.tif
[2026-07-20 16:20:32] 	> Projecting Achillea.atrata_PA1_RUN2_FDA ...
[2026-07-20 16:20:33] 		Writing projection on hard drive...
[2026-07-20 16:20:33] 		 /work/data/output_disk_sp1_4cpu/Achillea.atrata/proj_mri.esm2.0_ssp585/individual_projections/proj_mri.esm2.0_ssp585_Achillea.atrata_PA1_RUN2_ANN.tif
[2026-07-20 16:20:34] 	> Projecting Achillea.atrata_PA1_RUN3_GBM ...
[2026-07-20 16:20:35] 		Writing projection on hard drive...
[2026-07-20 16:20:35] 		 /work/data/output_disk_sp1_4cpu/Achillea.atrata/proj_mri.esm2.0_ssp585/individual_projections/proj_mri.esm2.0_ssp585_Achillea.atrata_PA1_RUN2_FDA.tif
[2026-07-20 16:21:36] 	> Projecting Achillea.atrata_PA1_RUN3_ANN ...
[2026-07-20 16:21:37] 		Writing projection on hard drive...
[2026-07-20 16:21:37] 		 /work/data/output_disk_sp1_4cpu/Achillea.atrata/proj_mri.esm2.0_ssp585/individual_projections/proj_mri.esm2.0_ssp585_Achillea.atrata_PA1_RUN3_ANN.tif
[2026-07-20 16:32:33] 	> Projecting Achillea.atrata_PA1_RUN4_GBM ...
[2026-07-20 16:32:34] 		Writing projection on hard drive...
[2026-07-20 16:32:34] 		 /work/data/output_disk_sp1_4cpu/Achillea.atrata/proj_mri.esm2.0_ssp585/individual_projections/proj_mri.esm2.0_ssp585_Achillea.atrata_PA1_RUN1_GBM.tif
[2026-07-20 16:33:16] 	> Projecting Achillea.atrata_PA1_RUN2_GLM ...
[2026-07-20 16:33:17] 		Writing projection on hard drive...
[2026-07-20 16:33:17] 		 /work/data/output_disk_sp1_4cpu/Achillea.atrata/proj_mri.esm2.0_ssp585/individual_projections/proj_mri.esm2.0_ssp585_Achillea.atrata_PA1_RUN2_GLM.tif
[2026-07-20 16:33:31] 	> Projecting Achillea.atrata_PA1_RUN2_MAXNET ...
[2026-07-20 16:33:32] 		Writing projection on hard drive...
[2026-07-20 16:33:32] 		 /work/data/output_disk_sp1_4cpu/Achillea.atrata/proj_mri.esm2.0_ssp585/individual_projections/proj_mri.esm2.0_ssp585_Achillea.atrata_PA1_RUN2_GBM.tif
[2026-07-20 16:34:02] 	> Projecting Achillea.atrata_PA1_RUN3_GLM ...
[2026-07-20 16:34:03] 		Writing projection on hard drive...
[2026-07-20 16:34:03] 		 /work/data/output_disk_sp1_4cpu/Achillea.atrata/proj_mri.esm2.0_ssp585/individual_projections/proj_mri.esm2.0_ssp585_Achillea.atrata_PA1_RUN2_MAXNET.tif
[2026-07-20 16:34:08] 	> Projecting Achillea.atrata_PA1_RUN3_FDA ...
[2026-07-20 16:34:09] 		Writing projection on hard drive...
[2026-07-20 16:34:09] 		 /work/data/output_disk_sp1_4cpu/Achillea.atrata/proj_mri.esm2.0_ssp585/individual_projections/proj_mri.esm2.0_ssp585_Achillea.atrata_PA1_RUN3_GLM.tif
[2026-07-20 16:34:24] 	> Projecting Achillea.atrata_PA1_RUN3_MAXNET ...
[2026-07-20 16:34:25] 		Writing projection on hard drive...
[2026-07-20 16:34:25] 		 /work/data/output_disk_sp1_4cpu/Achillea.atrata/proj_mri.esm2.0_ssp585/individual_projections/proj_mri.esm2.0_ssp585_Achillea.atrata_PA1_RUN3_GBM.tif
[2026-07-20 16:34:44] 	> Projecting Achillea.atrata_PA1_RUN4_GLM ...
[2026-07-20 16:34:45] 		Writing projection on hard drive...
[2026-07-20 16:34:45] 		 /work/data/output_disk_sp1_4cpu/Achillea.atrata/proj_mri.esm2.0_ssp585/individual_projections/proj_mri.esm2.0_ssp585_Achillea.atrata_PA1_RUN3_FDA.tif
[2026-07-20 16:34:55] 	> Projecting Achillea.atrata_PA1_RUN4_ANN ...
[2026-07-20 16:34:56] 		Writing projection on hard drive...
[2026-07-20 16:34:56] 		 /work/data/output_disk_sp1_4cpu/Achillea.atrata/proj_mri.esm2.0_ssp585/individual_projections/proj_mri.esm2.0_ssp585_Achillea.atrata_PA1_RUN3_MAXNET.tif
[2026-07-20 16:35:03] 	> Projecting Achillea.atrata_PA1_RUN4_FDA ...
[2026-07-20 16:35:04] 		Writing projection on hard drive...
[2026-07-20 16:35:04] 		 /work/data/output_disk_sp1_4cpu/Achillea.atrata/proj_mri.esm2.0_ssp585/individual_projections/proj_mri.esm2.0_ssp585_Achillea.atrata_PA1_RUN4_GLM.tif
[2026-07-20 16:35:45] 	> Projecting Achillea.atrata_PA1_RUN4_MAXNET ...
[2026-07-20 16:35:45] 		Writing projection on hard drive...
[2026-07-20 16:35:46] 		Writing projection on hard drive...
[2026-07-20 16:35:46] 		 /work/data/output_disk_sp1_4cpu/Achillea.atrata/proj_mri.esm2.0_ssp585/individual_projections/proj_mri.esm2.0_ssp585_Achillea.atrata_PA1_RUN4_FDA.tif
[2026-07-20 16:35:46] 	> Projecting Achillea.atrata_PA1_RUN5_ANN ...
[2026-07-20 16:35:46] 		 /work/data/output_disk_sp1_4cpu/Achillea.atrata/proj_mri.esm2.0_ssp585/individual_projections/proj_mri.esm2.0_ssp585_Achillea.atrata_PA1_RUN4_ANN.tif
[2026-07-20 16:35:51] 	> Projecting Achillea.atrata_PA1_RUN5_GBM ...
[2026-07-20 16:35:51] 		Writing projection on hard drive...
[2026-07-20 16:35:52] 		Writing projection on hard drive...
[2026-07-20 16:35:52] 		 /work/data/output_disk_sp1_4cpu/Achillea.atrata/proj_mri.esm2.0_ssp585/individual_projections/proj_mri.esm2.0_ssp585_Achillea.atrata_PA1_RUN4_MAXNET.tif
[2026-07-20 16:35:52] 	> Projecting Achillea.atrata_PA1_RUN5_FDA ...
[2026-07-20 16:35:52] 		 /work/data/output_disk_sp1_4cpu/Achillea.atrata/proj_mri.esm2.0_ssp585/individual_projections/proj_mri.esm2.0_ssp585_Achillea.atrata_PA1_RUN4_GBM.tif
[2026-07-20 16:36:26] 	> Projecting Achillea.atrata_PA1_RUN5_GLM ...
[2026-07-20 16:36:27] 		Writing projection on hard drive...
[2026-07-20 16:36:27] 		 /work/data/output_disk_sp1_4cpu/Achillea.atrata/proj_mri.esm2.0_ssp585/individual_projections/proj_mri.esm2.0_ssp585_Achillea.atrata_PA1_RUN5_GLM.tif
[2026-07-20 16:36:39] 	> Projecting Achillea.atrata_PA1_RUN5_MAXNET ...
[2026-07-20 16:36:39] 		Writing projection on hard drive...
[2026-07-20 16:36:39] 		 /work/data/output_disk_sp1_4cpu/Achillea.atrata/proj_mri.esm2.0_ssp585/individual_projections/proj_mri.esm2.0_ssp585_Achillea.atrata_PA1_RUN5_FDA.tif
[2026-07-20 16:36:40] 	> Projecting Achillea.atrata_PA2_RUN1_ANN ...
[2026-07-20 16:36:41] 		Writing projection on hard drive...
[2026-07-20 16:36:41] 		 /work/data/output_disk_sp1_4cpu/Achillea.atrata/proj_mri.esm2.0_ssp585/individual_projections/proj_mri.esm2.0_ssp585_Achillea.atrata_PA1_RUN5_ANN.tif
[2026-07-20 16:37:04] 	> Projecting Achillea.atrata_PA2_RUN1_GBM ...
[2026-07-20 16:37:05] 		Writing projection on hard drive...
[2026-07-20 16:37:05] 		 /work/data/output_disk_sp1_4cpu/Achillea.atrata/proj_mri.esm2.0_ssp585/individual_projections/proj_mri.esm2.0_ssp585_Achillea.atrata_PA1_RUN5_MAXNET.tif
[2026-07-20 16:37:36] 	> Projecting Achillea.atrata_PA2_RUN1_FDA ...
[2026-07-20 16:37:37] 		Writing projection on hard drive...
[2026-07-20 16:37:37] 		 /work/data/output_disk_sp1_4cpu/Achillea.atrata/proj_mri.esm2.0_ssp585/individual_projections/proj_mri.esm2.0_ssp585_Achillea.atrata_PA2_RUN1_ANN.tif
[2026-07-20 16:37:49] 	> Projecting Achillea.atrata_PA2_RUN2_GBM ...
[2026-07-20 16:37:49] 		Writing projection on hard drive...
[2026-07-20 16:37:49] 		 /work/data/output_disk_sp1_4cpu/Achillea.atrata/proj_mri.esm2.0_ssp585/individual_projections/proj_mri.esm2.0_ssp585_Achillea.atrata_PA2_RUN1_FDA.tif
[2026-07-20 16:38:44] 	> Projecting Achillea.atrata_PA2_RUN2_ANN ...
[2026-07-20 16:38:44] 		Writing projection on hard drive...
[2026-07-20 16:38:44] 		 /work/data/output_disk_sp1_4cpu/Achillea.atrata/proj_mri.esm2.0_ssp585/individual_projections/proj_mri.esm2.0_ssp585_Achillea.atrata_PA2_RUN2_ANN.tif
[2026-07-20 16:49:42] 	> Projecting Achillea.atrata_PA2_RUN3_GBM ...
[2026-07-20 16:49:43] 		Writing projection on hard drive...
[2026-07-20 16:49:43] 		 /work/data/output_disk_sp1_4cpu/Achillea.atrata/proj_mri.esm2.0_ssp585/individual_projections/proj_mri.esm2.0_ssp585_Achillea.atrata_PA1_RUN5_GBM.tif
[2026-07-20 16:50:16] 	> Projecting Achillea.atrata_PA2_RUN1_GLM ...
[2026-07-20 16:50:16] 		Writing projection on hard drive...
[2026-07-20 16:50:16] 		 /work/data/output_disk_sp1_4cpu/Achillea.atrata/proj_mri.esm2.0_ssp585/individual_projections/proj_mri.esm2.0_ssp585_Achillea.atrata_PA2_RUN1_GLM.tif
[2026-07-20 16:50:42] 	> Projecting Achillea.atrata_PA2_RUN1_MAXNET ...
[2026-07-20 16:50:43] 		Writing projection on hard drive...
[2026-07-20 16:50:43] 		 /work/data/output_disk_sp1_4cpu/Achillea.atrata/proj_mri.esm2.0_ssp585/individual_projections/proj_mri.esm2.0_ssp585_Achillea.atrata_PA2_RUN1_GBM.tif
[2026-07-20 16:50:59] 	> Projecting Achillea.atrata_PA2_RUN2_GLM ...
[2026-07-20 16:50:59] 		Writing projection on hard drive...
[2026-07-20 16:50:59] 		 /work/data/output_disk_sp1_4cpu/Achillea.atrata/proj_mri.esm2.0_ssp585/individual_projections/proj_mri.esm2.0_ssp585_Achillea.atrata_PA2_RUN1_MAXNET.tif
[2026-07-20 16:51:09] 	> Projecting Achillea.atrata_PA2_RUN2_FDA ...
[2026-07-20 16:51:10] 		Writing projection on hard drive...
[2026-07-20 16:51:10] 		 /work/data/output_disk_sp1_4cpu/Achillea.atrata/proj_mri.esm2.0_ssp585/individual_projections/proj_mri.esm2.0_ssp585_Achillea.atrata_PA2_RUN2_GBM.tif
[2026-07-20 16:51:16] 	> Projecting Achillea.atrata_PA2_RUN3_GLM ...
[2026-07-20 16:51:17] 		Writing projection on hard drive...
[2026-07-20 16:51:17] 		 /work/data/output_disk_sp1_4cpu/Achillea.atrata/proj_mri.esm2.0_ssp585/individual_projections/proj_mri.esm2.0_ssp585_Achillea.atrata_PA2_RUN2_GLM.tif
[2026-07-20 16:51:42] 	> Projecting Achillea.atrata_PA2_RUN2_MAXNET ...
[2026-07-20 16:51:43] 		Writing projection on hard drive...
[2026-07-20 16:51:43] 		 /work/data/output_disk_sp1_4cpu/Achillea.atrata/proj_mri.esm2.0_ssp585/individual_projections/proj_mri.esm2.0_ssp585_Achillea.atrata_PA2_RUN3_GLM.tif
[2026-07-20 16:51:46] 	> Projecting Achillea.atrata_PA2_RUN3_MAXNET ...
[2026-07-20 16:51:47] 		Writing projection on hard drive...
[2026-07-20 16:51:47] 		 /work/data/output_disk_sp1_4cpu/Achillea.atrata/proj_mri.esm2.0_ssp585/individual_projections/proj_mri.esm2.0_ssp585_Achillea.atrata_PA2_RUN2_FDA.tif
[2026-07-20 16:52:00] 	> Projecting Achillea.atrata_PA2_RUN3_ANN ...
[2026-07-20 16:52:01] 		Writing projection on hard drive...
[2026-07-20 16:52:01] 		 /work/data/output_disk_sp1_4cpu/Achillea.atrata/proj_mri.esm2.0_ssp585/individual_projections/proj_mri.esm2.0_ssp585_Achillea.atrata_PA2_RUN2_MAXNET.tif
[2026-07-20 16:52:24] 	> Projecting Achillea.atrata_PA2_RUN3_FDA ...
[2026-07-20 16:52:25] 		Writing projection on hard drive...
[2026-07-20 16:52:25] 		 /work/data/output_disk_sp1_4cpu/Achillea.atrata/proj_mri.esm2.0_ssp585/individual_projections/proj_mri.esm2.0_ssp585_Achillea.atrata_PA2_RUN3_MAXNET.tif
[2026-07-20 16:52:35] 	> Projecting Achillea.atrata_PA2_RUN4_FDA ...
[2026-07-20 16:52:35] 		Writing projection on hard drive...
[2026-07-20 16:52:35] 		 /work/data/output_disk_sp1_4cpu/Achillea.atrata/proj_mri.esm2.0_ssp585/individual_projections/proj_mri.esm2.0_ssp585_Achillea.atrata_PA2_RUN3_GBM.tif
[2026-07-20 16:52:37] 	> Projecting Achillea.atrata_PA2_RUN4_GLM ...
[2026-07-20 16:52:38] 		Writing projection on hard drive...
[2026-07-20 16:52:38] 		 /work/data/output_disk_sp1_4cpu/Achillea.atrata/proj_mri.esm2.0_ssp585/individual_projections/proj_mri.esm2.0_ssp585_Achillea.atrata_PA2_RUN3_ANN.tif
[2026-07-20 16:52:49] 	> Projecting Achillea.atrata_PA2_RUN4_GBM ...
[2026-07-20 16:52:50] 		Writing projection on hard drive...
[2026-07-20 16:52:50] 		 /work/data/output_disk_sp1_4cpu/Achillea.atrata/proj_mri.esm2.0_ssp585/individual_projections/proj_mri.esm2.0_ssp585_Achillea.atrata_PA2_RUN3_FDA.tif
[2026-07-20 16:53:10] 	> Projecting Achillea.atrata_PA2_RUN4_ANN ...
[2026-07-20 16:53:10] 		Writing projection on hard drive...
[2026-07-20 16:53:11] 		Writing projection on hard drive...
[2026-07-20 16:53:11] 		 /work/data/output_disk_sp1_4cpu/Achillea.atrata/proj_mri.esm2.0_ssp585/individual_projections/proj_mri.esm2.0_ssp585_Achillea.atrata_PA2_RUN4_FDA.tif
[2026-07-20 16:53:11] 	> Projecting Achillea.atrata_PA2_RUN5_ANN ...
[2026-07-20 16:53:11] 		 /work/data/output_disk_sp1_4cpu/Achillea.atrata/proj_mri.esm2.0_ssp585/individual_projections/proj_mri.esm2.0_ssp585_Achillea.atrata_PA2_RUN4_GLM.tif
[2026-07-20 16:53:44] 	> Projecting Achillea.atrata_PA2_RUN4_MAXNET ...
[2026-07-20 16:53:45] 		Writing projection on hard drive...
[2026-07-20 16:53:45] 		 /work/data/output_disk_sp1_4cpu/Achillea.atrata/proj_mri.esm2.0_ssp585/individual_projections/proj_mri.esm2.0_ssp585_Achillea.atrata_PA2_RUN4_ANN.tif
[2026-07-20 16:53:56] 	> Projecting Achillea.atrata_PA2_RUN5_GBM ...
[2026-07-20 16:53:56] 		Writing projection on hard drive...
[2026-07-20 16:53:56] 		 /work/data/output_disk_sp1_4cpu/Achillea.atrata/proj_mri.esm2.0_ssp585/individual_projections/proj_mri.esm2.0_ssp585_Achillea.atrata_PA2_RUN4_MAXNET.tif
[2026-07-20 16:53:59] 	> Projecting Achillea.atrata_PA2_RUN5_FDA ...
[2026-07-20 16:54:00] 		Writing projection on hard drive...
[2026-07-20 16:54:00] 		 /work/data/output_disk_sp1_4cpu/Achillea.atrata/proj_mri.esm2.0_ssp585/individual_projections/proj_mri.esm2.0_ssp585_Achillea.atrata_PA2_RUN5_ANN.tif
[2026-07-20 16:54:41] 	> Projecting Achillea.atrata_PA3_RUN1_GBM ...
[2026-07-20 16:54:42] 		Writing projection on hard drive...
[2026-07-20 16:54:42] 		 /work/data/output_disk_sp1_4cpu/Achillea.atrata/proj_mri.esm2.0_ssp585/individual_projections/proj_mri.esm2.0_ssp585_Achillea.atrata_PA2_RUN5_FDA.tif
[2026-07-20 16:55:38] 	> Projecting Achillea.atrata_PA3_RUN1_ANN ...
[2026-07-20 16:55:39] 		Writing projection on hard drive...
[2026-07-20 16:55:39] 		 /work/data/output_disk_sp1_4cpu/Achillea.atrata/proj_mri.esm2.0_ssp585/individual_projections/proj_mri.esm2.0_ssp585_Achillea.atrata_PA3_RUN1_ANN.tif
[2026-07-20 17:06:28] 	> Projecting Achillea.atrata_PA3_RUN2_GBM ...
[2026-07-20 17:06:29] 		Writing projection on hard drive...
[2026-07-20 17:06:29] 		 /work/data/output_disk_sp1_4cpu/Achillea.atrata/proj_mri.esm2.0_ssp585/individual_projections/proj_mri.esm2.0_ssp585_Achillea.atrata_PA2_RUN4_GBM.tif
[2026-07-20 17:07:02] 	> Projecting Achillea.atrata_PA2_RUN5_GLM ...
[2026-07-20 17:07:03] 		Writing projection on hard drive...
[2026-07-20 17:07:03] 		 /work/data/output_disk_sp1_4cpu/Achillea.atrata/proj_mri.esm2.0_ssp585/individual_projections/proj_mri.esm2.0_ssp585_Achillea.atrata_PA2_RUN5_GLM.tif
[2026-07-20 17:07:32] 	> Projecting Achillea.atrata_PA2_RUN5_MAXNET ...
[2026-07-20 17:07:32] 		Writing projection on hard drive...
[2026-07-20 17:07:32] 		 /work/data/output_disk_sp1_4cpu/Achillea.atrata/proj_mri.esm2.0_ssp585/individual_projections/proj_mri.esm2.0_ssp585_Achillea.atrata_PA2_RUN5_GBM.tif
[2026-07-20 17:07:38] 	> Projecting Achillea.atrata_PA3_RUN1_GLM ...
[2026-07-20 17:07:39] 		Writing projection on hard drive...
[2026-07-20 17:07:39] 		 /work/data/output_disk_sp1_4cpu/Achillea.atrata/proj_mri.esm2.0_ssp585/individual_projections/proj_mri.esm2.0_ssp585_Achillea.atrata_PA2_RUN5_MAXNET.tif
[2026-07-20 17:07:57] 	> Projecting Achillea.atrata_PA3_RUN1_FDA ...
[2026-07-20 17:07:58] 		Writing projection on hard drive...
[2026-07-20 17:07:58] 		 /work/data/output_disk_sp1_4cpu/Achillea.atrata/proj_mri.esm2.0_ssp585/individual_projections/proj_mri.esm2.0_ssp585_Achillea.atrata_PA3_RUN1_GBM.tif
[2026-07-20 17:08:06] 	> Projecting Achillea.atrata_PA3_RUN2_GLM ...
[2026-07-20 17:08:07] 		Writing projection on hard drive...
[2026-07-20 17:08:07] 		 /work/data/output_disk_sp1_4cpu/Achillea.atrata/proj_mri.esm2.0_ssp585/individual_projections/proj_mri.esm2.0_ssp585_Achillea.atrata_PA3_RUN1_GLM.tif
[2026-07-20 17:08:26] 	> Projecting Achillea.atrata_PA3_RUN1_MAXNET ...
[2026-07-20 17:08:27] 		Writing projection on hard drive...
[2026-07-20 17:08:27] 		 /work/data/output_disk_sp1_4cpu/Achillea.atrata/proj_mri.esm2.0_ssp585/individual_projections/proj_mri.esm2.0_ssp585_Achillea.atrata_PA3_RUN1_FDA.tif
[2026-07-20 17:08:32] 	> Projecting Achillea.atrata_PA3_RUN2_ANN ...
[2026-07-20 17:08:32] 		Writing projection on hard drive...
[2026-07-20 17:08:32] 		 /work/data/output_disk_sp1_4cpu/Achillea.atrata/proj_mri.esm2.0_ssp585/individual_projections/proj_mri.esm2.0_ssp585_Achillea.atrata_PA3_RUN2_GLM.tif
[2026-07-20 17:08:48] 	> Projecting Achillea.atrata_PA3_RUN2_MAXNET ...
[2026-07-20 17:08:49] 		Writing projection on hard drive...
[2026-07-20 17:08:49] 		 /work/data/output_disk_sp1_4cpu/Achillea.atrata/proj_mri.esm2.0_ssp585/individual_projections/proj_mri.esm2.0_ssp585_Achillea.atrata_PA3_RUN1_MAXNET.tif
[2026-07-20 17:09:17] 	> Projecting Achillea.atrata_PA3_RUN2_FDA ...
[2026-07-20 17:09:17] 		Writing projection on hard drive...
[2026-07-20 17:09:17] 		 /work/data/output_disk_sp1_4cpu/Achillea.atrata/proj_mri.esm2.0_ssp585/individual_projections/proj_mri.esm2.0_ssp585_Achillea.atrata_PA3_RUN2_ANN.tif
[2026-07-20 17:09:18] 	> Projecting Achillea.atrata_PA3_RUN3_GBM ...
[2026-07-20 17:09:19] 		Writing projection on hard drive...
[2026-07-20 17:09:19] 		 /work/data/output_disk_sp1_4cpu/Achillea.atrata/proj_mri.esm2.0_ssp585/individual_projections/proj_mri.esm2.0_ssp585_Achillea.atrata_PA3_RUN2_MAXNET.tif
[2026-07-20 17:09:38] 	> Projecting Achillea.atrata_PA3_RUN3_FDA ...
[2026-07-20 17:09:39] 		Writing projection on hard drive...
[2026-07-20 17:09:39] 		 /work/data/output_disk_sp1_4cpu/Achillea.atrata/proj_mri.esm2.0_ssp585/individual_projections/proj_mri.esm2.0_ssp585_Achillea.atrata_PA3_RUN2_FDA.tif
[2026-07-20 17:10:00] 	> Projecting Achillea.atrata_PA3_RUN3_ANN ...
[2026-07-20 17:10:01] 		Writing projection on hard drive...
[2026-07-20 17:10:01] 		 /work/data/output_disk_sp1_4cpu/Achillea.atrata/proj_mri.esm2.0_ssp585/individual_projections/proj_mri.esm2.0_ssp585_Achillea.atrata_PA3_RUN2_GBM.tif
[2026-07-20 17:10:01] 	> Projecting Achillea.atrata_PA3_RUN3_GLM ...
[2026-07-20 17:10:02] 		Writing projection on hard drive...
[2026-07-20 17:10:02] 		 /work/data/output_disk_sp1_4cpu/Achillea.atrata/proj_mri.esm2.0_ssp585/individual_projections/proj_mri.esm2.0_ssp585_Achillea.atrata_PA3_RUN3_FDA.tif
[2026-07-20 17:10:35] 	> Projecting Achillea.atrata_PA3_RUN4_ANN ...
[2026-07-20 17:10:35] 		Writing projection on hard drive...
[2026-07-20 17:10:35] 		 /work/data/output_disk_sp1_4cpu/Achillea.atrata/proj_mri.esm2.0_ssp585/individual_projections/proj_mri.esm2.0_ssp585_Achillea.atrata_PA3_RUN3_GLM.tif
[2026-07-20 17:10:36] 	> Projecting Achillea.atrata_PA3_RUN3_MAXNET ...
[2026-07-20 17:10:37] 		Writing projection on hard drive...
[2026-07-20 17:10:37] 		 /work/data/output_disk_sp1_4cpu/Achillea.atrata/proj_mri.esm2.0_ssp585/individual_projections/proj_mri.esm2.0_ssp585_Achillea.atrata_PA3_RUN3_ANN.tif
[2026-07-20 17:11:00] 	> Projecting Achillea.atrata_PA3_RUN4_GBM ...
[2026-07-20 17:11:01] 		Writing projection on hard drive...
[2026-07-20 17:11:01] 		 /work/data/output_disk_sp1_4cpu/Achillea.atrata/proj_mri.esm2.0_ssp585/individual_projections/proj_mri.esm2.0_ssp585_Achillea.atrata_PA3_RUN4_ANN.tif
[2026-07-20 17:11:18] 	> Projecting Achillea.atrata_PA3_RUN5_GBM ...
[2026-07-20 17:11:18] 		Writing projection on hard drive...
[2026-07-20 17:11:18] 		 /work/data/output_disk_sp1_4cpu/Achillea.atrata/proj_mri.esm2.0_ssp585/individual_projections/proj_mri.esm2.0_ssp585_Achillea.atrata_PA3_RUN3_MAXNET.tif
[2026-07-20 17:12:07] 	> Projecting Achillea.atrata_PA3_RUN4_FDA ...
[2026-07-20 17:12:07] 		Writing projection on hard drive...
[2026-07-20 17:12:07] 		 /work/data/output_disk_sp1_4cpu/Achillea.atrata/proj_mri.esm2.0_ssp585/individual_projections/proj_mri.esm2.0_ssp585_Achillea.atrata_PA3_RUN4_FDA.tif
[2026-07-20 17:13:03] 	> Projecting Achillea.atrata_PA3_RUN5_ANN ...
[2026-07-20 17:13:04] 		Writing projection on hard drive...
[2026-07-20 17:13:04] 		 /work/data/output_disk_sp1_4cpu/Achillea.atrata/proj_mri.esm2.0_ssp585/individual_projections/proj_mri.esm2.0_ssp585_Achillea.atrata_PA3_RUN5_ANN.tif
[2026-07-20 17:23:24] 	> Projecting Achillea.atrata_PA4_RUN1_GBM ...
[2026-07-20 17:23:25] 		Writing projection on hard drive...
[2026-07-20 17:23:25] 		 /work/data/output_disk_sp1_4cpu/Achillea.atrata/proj_mri.esm2.0_ssp585/individual_projections/proj_mri.esm2.0_ssp585_Achillea.atrata_PA3_RUN3_GBM.tif
[2026-07-20 17:23:58] 	> Projecting Achillea.atrata_PA3_RUN4_GLM ...
[2026-07-20 17:23:59] 		Writing projection on hard drive...
[2026-07-20 17:23:59] 		 /work/data/output_disk_sp1_4cpu/Achillea.atrata/proj_mri.esm2.0_ssp585/individual_projections/proj_mri.esm2.0_ssp585_Achillea.atrata_PA3_RUN4_GLM.tif
[2026-07-20 17:24:18] 	> Projecting Achillea.atrata_PA3_RUN4_MAXNET ...
[2026-07-20 17:24:19] 		Writing projection on hard drive...
[2026-07-20 17:24:19] 		 /work/data/output_disk_sp1_4cpu/Achillea.atrata/proj_mri.esm2.0_ssp585/individual_projections/proj_mri.esm2.0_ssp585_Achillea.atrata_PA3_RUN4_GBM.tif
[2026-07-20 17:24:34] 	> Projecting Achillea.atrata_PA3_RUN5_GLM ...
[2026-07-20 17:24:34] 		Writing projection on hard drive...
[2026-07-20 17:24:34] 		 /work/data/output_disk_sp1_4cpu/Achillea.atrata/proj_mri.esm2.0_ssp585/individual_projections/proj_mri.esm2.0_ssp585_Achillea.atrata_PA3_RUN4_MAXNET.tif
[2026-07-20 17:24:48] 	> Projecting Achillea.atrata_PA3_RUN5_FDA ...
[2026-07-20 17:24:49] 		Writing projection on hard drive...
[2026-07-20 17:24:49] 		 /work/data/output_disk_sp1_4cpu/Achillea.atrata/proj_mri.esm2.0_ssp585/individual_projections/proj_mri.esm2.0_ssp585_Achillea.atrata_PA3_RUN5_GBM.tif
[2026-07-20 17:24:54] 	> Projecting Achillea.atrata_PA4_RUN1_GLM ...
[2026-07-20 17:24:54] 		Writing projection on hard drive...
[2026-07-20 17:24:54] 		 /work/data/output_disk_sp1_4cpu/Achillea.atrata/proj_mri.esm2.0_ssp585/individual_projections/proj_mri.esm2.0_ssp585_Achillea.atrata_PA3_RUN5_GLM.tif
[2026-07-20 17:25:21] 	> Projecting Achillea.atrata_PA3_RUN5_MAXNET ...
[2026-07-20 17:25:22] 		Writing projection on hard drive...
[2026-07-20 17:25:22] 		Writing projection on hard drive...
[2026-07-20 17:25:22] 		 /work/data/output_disk_sp1_4cpu/Achillea.atrata/proj_mri.esm2.0_ssp585/individual_projections/proj_mri.esm2.0_ssp585_Achillea.atrata_PA3_RUN5_FDA.tif
[2026-07-20 17:25:22] 	> Projecting Achillea.atrata_PA4_RUN1_ANN ...
[2026-07-20 17:25:22] 		 /work/data/output_disk_sp1_4cpu/Achillea.atrata/proj_mri.esm2.0_ssp585/individual_projections/proj_mri.esm2.0_ssp585_Achillea.atrata_PA4_RUN1_GLM.tif
[2026-07-20 17:25:42] 	> Projecting Achillea.atrata_PA4_RUN1_MAXNET ...
[2026-07-20 17:25:43] 		Writing projection on hard drive...
[2026-07-20 17:25:43] 		 /work/data/output_disk_sp1_4cpu/Achillea.atrata/proj_mri.esm2.0_ssp585/individual_projections/proj_mri.esm2.0_ssp585_Achillea.atrata_PA3_RUN5_MAXNET.tif
[2026-07-20 17:26:03] 	> Projecting Achillea.atrata_PA4_RUN1_FDA ...
[2026-07-20 17:26:03] 		Writing projection on hard drive...
[2026-07-20 17:26:03] 		 /work/data/output_disk_sp1_4cpu/Achillea.atrata/proj_mri.esm2.0_ssp585/individual_projections/proj_mri.esm2.0_ssp585_Achillea.atrata_PA4_RUN1_MAXNET.tif
[2026-07-20 17:26:09] 	> Projecting Achillea.atrata_PA4_RUN2_FDA ...
[2026-07-20 17:26:09] 		Writing projection on hard drive...
[2026-07-20 17:26:09] 		 /work/data/output_disk_sp1_4cpu/Achillea.atrata/proj_mri.esm2.0_ssp585/individual_projections/proj_mri.esm2.0_ssp585_Achillea.atrata_PA4_RUN1_ANN.tif
[2026-07-20 17:26:30] 	> Projecting Achillea.atrata_PA4_RUN2_GBM ...
[2026-07-20 17:26:30] 		Writing projection on hard drive...
[2026-07-20 17:26:30] 		 /work/data/output_disk_sp1_4cpu/Achillea.atrata/proj_mri.esm2.0_ssp585/individual_projections/proj_mri.esm2.0_ssp585_Achillea.atrata_PA4_RUN1_FDA.tif
[2026-07-20 17:26:40] 	> Projecting Achillea.atrata_PA4_RUN2_ANN ...
[2026-07-20 17:26:41] 		Writing projection on hard drive...
[2026-07-20 17:26:41] 		 /work/data/output_disk_sp1_4cpu/Achillea.atrata/proj_mri.esm2.0_ssp585/individual_projections/proj_mri.esm2.0_ssp585_Achillea.atrata_PA4_RUN2_FDA.tif
[2026-07-20 17:27:13] 	> Projecting Achillea.atrata_PA4_RUN3_ANN ...
[2026-07-20 17:27:14] 		Writing projection on hard drive...
[2026-07-20 17:27:14] 		 /work/data/output_disk_sp1_4cpu/Achillea.atrata/proj_mri.esm2.0_ssp585/individual_projections/proj_mri.esm2.0_ssp585_Achillea.atrata_PA4_RUN1_GBM.tif
[2026-07-20 17:27:26] 	> Projecting Achillea.atrata_PA4_RUN2_GLM ...
[2026-07-20 17:27:27] 		Writing projection on hard drive...
[2026-07-20 17:27:27] 		 /work/data/output_disk_sp1_4cpu/Achillea.atrata/proj_mri.esm2.0_ssp585/individual_projections/proj_mri.esm2.0_ssp585_Achillea.atrata_PA4_RUN2_ANN.tif
[2026-07-20 17:27:43] 	> Projecting Achillea.atrata_PA4_RUN3_GBM ...
[2026-07-20 17:27:44] 		Writing projection on hard drive...
[2026-07-20 17:27:44] 		 /work/data/output_disk_sp1_4cpu/Achillea.atrata/proj_mri.esm2.0_ssp585/individual_projections/proj_mri.esm2.0_ssp585_Achillea.atrata_PA4_RUN3_ANN.tif
[2026-07-20 17:27:51] 	> Projecting Achillea.atrata_PA4_RUN4_GBM ...
[2026-07-20 17:27:52] 		Writing projection on hard drive...
[2026-07-20 17:27:52] 		 /work/data/output_disk_sp1_4cpu/Achillea.atrata/proj_mri.esm2.0_ssp585/individual_projections/proj_mri.esm2.0_ssp585_Achillea.atrata_PA4_RUN2_GLM.tif
[2026-07-20 17:28:34] 	> Projecting Achillea.atrata_PA4_RUN2_MAXNET ...
[2026-07-20 17:28:34] 		Writing projection on hard drive...
[2026-07-20 17:28:34] 		 /work/data/output_disk_sp1_4cpu/Achillea.atrata/proj_mri.esm2.0_ssp585/individual_projections/proj_mri.esm2.0_ssp585_Achillea.atrata_PA4_RUN2_MAXNET.tif
[2026-07-20 17:29:17] 	> Projecting Achillea.atrata_PA4_RUN3_FDA ...
[2026-07-20 17:29:18] 		Writing projection on hard drive...
[2026-07-20 17:29:18] 		 /work/data/output_disk_sp1_4cpu/Achillea.atrata/proj_mri.esm2.0_ssp585/individual_projections/proj_mri.esm2.0_ssp585_Achillea.atrata_PA4_RUN3_FDA.tif
[2026-07-20 17:30:05] 	> Projecting Achillea.atrata_PA4_RUN4_ANN ...
[2026-07-20 17:30:06] 		Writing projection on hard drive...
[2026-07-20 17:30:06] 		 /work/data/output_disk_sp1_4cpu/Achillea.atrata/proj_mri.esm2.0_ssp585/individual_projections/proj_mri.esm2.0_ssp585_Achillea.atrata_PA4_RUN4_ANN.tif
[2026-07-20 17:40:10] 	> Projecting Achillea.atrata_PA4_RUN5_GBM ...
[2026-07-20 17:40:11] 		Writing projection on hard drive...
[2026-07-20 17:40:11] 		 /work/data/output_disk_sp1_4cpu/Achillea.atrata/proj_mri.esm2.0_ssp585/individual_projections/proj_mri.esm2.0_ssp585_Achillea.atrata_PA4_RUN2_GBM.tif
[2026-07-20 17:40:43] 	> Projecting Achillea.atrata_PA4_RUN3_GLM ...
[2026-07-20 17:40:44] 		Writing projection on hard drive...
[2026-07-20 17:40:44] 		 /work/data/output_disk_sp1_4cpu/Achillea.atrata/proj_mri.esm2.0_ssp585/individual_projections/proj_mri.esm2.0_ssp585_Achillea.atrata_PA4_RUN3_GLM.tif
[2026-07-20 17:41:19] 	> Projecting Achillea.atrata_PA4_RUN3_MAXNET ...
[2026-07-20 17:41:20] 		Writing projection on hard drive...
[2026-07-20 17:41:20] 		 /work/data/output_disk_sp1_4cpu/Achillea.atrata/proj_mri.esm2.0_ssp585/individual_projections/proj_mri.esm2.0_ssp585_Achillea.atrata_PA4_RUN3_MAXNET.tif
[2026-07-20 17:41:29] 	> Projecting Achillea.atrata_PA4_RUN4_FDA ...
[2026-07-20 17:41:30] 		Writing projection on hard drive...
[2026-07-20 17:41:30] 		 /work/data/output_disk_sp1_4cpu/Achillea.atrata/proj_mri.esm2.0_ssp585/individual_projections/proj_mri.esm2.0_ssp585_Achillea.atrata_PA4_RUN3_GBM.tif
[2026-07-20 17:41:43] 	> Projecting Achillea.atrata_PA4_RUN4_GLM ...
[2026-07-20 17:41:44] 		Writing projection on hard drive...
[2026-07-20 17:41:44] 		 /work/data/output_disk_sp1_4cpu/Achillea.atrata/proj_mri.esm2.0_ssp585/individual_projections/proj_mri.esm2.0_ssp585_Achillea.atrata_PA4_RUN4_GBM.tif
[2026-07-20 17:42:00] 	> Projecting Achillea.atrata_PA4_RUN5_GLM ...
[2026-07-20 17:42:01] 		Writing projection on hard drive...
[2026-07-20 17:42:01] 		 /work/data/output_disk_sp1_4cpu/Achillea.atrata/proj_mri.esm2.0_ssp585/individual_projections/proj_mri.esm2.0_ssp585_Achillea.atrata_PA4_RUN4_FDA.tif
[2026-07-20 17:42:07] 	> Projecting Achillea.atrata_PA4_RUN5_ANN ...
[2026-07-20 17:42:07] 		Writing projection on hard drive...
[2026-07-20 17:42:07] 		 /work/data/output_disk_sp1_4cpu/Achillea.atrata/proj_mri.esm2.0_ssp585/individual_projections/proj_mri.esm2.0_ssp585_Achillea.atrata_PA4_RUN4_GLM.tif
[2026-07-20 17:42:18] 	> Projecting Achillea.atrata_PA4_RUN4_MAXNET ...
[2026-07-20 17:42:18] 		Writing projection on hard drive...
[2026-07-20 17:42:18] 		 /work/data/output_disk_sp1_4cpu/Achillea.atrata/proj_mri.esm2.0_ssp585/individual_projections/proj_mri.esm2.0_ssp585_Achillea.atrata_PA4_RUN5_GLM.tif
[2026-07-20 17:42:48] 	> Projecting Achillea.atrata_PA4_RUN5_MAXNET ...
[2026-07-20 17:42:48] 		Writing projection on hard drive...
[2026-07-20 17:42:48] 		 /work/data/output_disk_sp1_4cpu/Achillea.atrata/proj_mri.esm2.0_ssp585/individual_projections/proj_mri.esm2.0_ssp585_Achillea.atrata_PA4_RUN4_MAXNET.tif
[2026-07-20 17:43:02] 	> Projecting Achillea.atrata_PA4_RUN5_FDA ...
[2026-07-20 17:43:03] 		Writing projection on hard drive...
[2026-07-20 17:43:03] 		 /work/data/output_disk_sp1_4cpu/Achillea.atrata/proj_mri.esm2.0_ssp585/individual_projections/proj_mri.esm2.0_ssp585_Achillea.atrata_PA4_RUN5_MAXNET.tif
[2026-07-20 17:43:07] 	> Projecting Achillea.atrata_PA5_RUN1_FDA ...
[2026-07-20 17:43:08] 		Writing projection on hard drive...
[2026-07-20 17:43:08] 		 /work/data/output_disk_sp1_4cpu/Achillea.atrata/proj_mri.esm2.0_ssp585/individual_projections/proj_mri.esm2.0_ssp585_Achillea.atrata_PA4_RUN5_ANN.tif
[2026-07-20 17:43:32] 	> Projecting Achillea.atrata_PA5_RUN1_GBM ...
[2026-07-20 17:43:32] 		Writing projection on hard drive...
[2026-07-20 17:43:32] 		 /work/data/output_disk_sp1_4cpu/Achillea.atrata/proj_mri.esm2.0_ssp585/individual_projections/proj_mri.esm2.0_ssp585_Achillea.atrata_PA4_RUN5_FDA.tif
[2026-07-20 17:43:46] 	> Projecting Achillea.atrata_PA5_RUN1_ANN ...
[2026-07-20 17:43:47] 		Writing projection on hard drive...
[2026-07-20 17:43:47] 		 /work/data/output_disk_sp1_4cpu/Achillea.atrata/proj_mri.esm2.0_ssp585/individual_projections/proj_mri.esm2.0_ssp585_Achillea.atrata_PA5_RUN1_FDA.tif
[2026-07-20 17:44:11] 	> Projecting Achillea.atrata_PA5_RUN2_ANN ...
[2026-07-20 17:44:11] 		Writing projection on hard drive...
[2026-07-20 17:44:11] 		 /work/data/output_disk_sp1_4cpu/Achillea.atrata/proj_mri.esm2.0_ssp585/individual_projections/proj_mri.esm2.0_ssp585_Achillea.atrata_PA4_RUN5_GBM.tif
[2026-07-20 17:44:33] 	> Projecting Achillea.atrata_PA5_RUN1_GLM ...
[2026-07-20 17:44:34] 		Writing projection on hard drive...
[2026-07-20 17:44:34] 		 /work/data/output_disk_sp1_4cpu/Achillea.atrata/proj_mri.esm2.0_ssp585/individual_projections/proj_mri.esm2.0_ssp585_Achillea.atrata_PA5_RUN1_ANN.tif
[2026-07-20 17:44:42] 	> Projecting Achillea.atrata_PA5_RUN2_GBM ...
[2026-07-20 17:44:43] 		Writing projection on hard drive...
[2026-07-20 17:44:43] 		 /work/data/output_disk_sp1_4cpu/Achillea.atrata/proj_mri.esm2.0_ssp585/individual_projections/proj_mri.esm2.0_ssp585_Achillea.atrata_PA5_RUN2_ANN.tif
[2026-07-20 17:44:45] 	> Projecting Achillea.atrata_PA5_RUN3_GBM ...
[2026-07-20 17:44:46] 		Writing projection on hard drive...
[2026-07-20 17:44:46] 		 /work/data/output_disk_sp1_4cpu/Achillea.atrata/proj_mri.esm2.0_ssp585/individual_projections/proj_mri.esm2.0_ssp585_Achillea.atrata_PA5_RUN1_GLM.tif
[2026-07-20 17:45:34] 	> Projecting Achillea.atrata_PA5_RUN1_MAXNET ...
[2026-07-20 17:45:34] 		Writing projection on hard drive...
[2026-07-20 17:45:34] 		 /work/data/output_disk_sp1_4cpu/Achillea.atrata/proj_mri.esm2.0_ssp585/individual_projections/proj_mri.esm2.0_ssp585_Achillea.atrata_PA5_RUN1_MAXNET.tif
[2026-07-20 17:46:23] 	> Projecting Achillea.atrata_PA5_RUN2_FDA ...
[2026-07-20 17:46:23] 		Writing projection on hard drive...
[2026-07-20 17:46:23] 		 /work/data/output_disk_sp1_4cpu/Achillea.atrata/proj_mri.esm2.0_ssp585/individual_projections/proj_mri.esm2.0_ssp585_Achillea.atrata_PA5_RUN2_FDA.tif
[2026-07-20 17:47:13] 	> Projecting Achillea.atrata_PA5_RUN3_ANN ...
[2026-07-20 17:47:14] 		Writing projection on hard drive...
[2026-07-20 17:47:14] 		 /work/data/output_disk_sp1_4cpu/Achillea.atrata/proj_mri.esm2.0_ssp585/individual_projections/proj_mri.esm2.0_ssp585_Achillea.atrata_PA5_RUN3_ANN.tif
[2026-07-20 17:56:49] 	> Projecting Achillea.atrata_PA5_RUN4_GBM ...
[2026-07-20 17:56:50] 		Writing projection on hard drive...
[2026-07-20 17:56:50] 		 /work/data/output_disk_sp1_4cpu/Achillea.atrata/proj_mri.esm2.0_ssp585/individual_projections/proj_mri.esm2.0_ssp585_Achillea.atrata_PA5_RUN1_GBM.tif
[2026-07-20 17:57:26] 	> Projecting Achillea.atrata_PA5_RUN2_GLM ...
[2026-07-20 17:57:27] 		Writing projection on hard drive...
[2026-07-20 17:57:27] 		 /work/data/output_disk_sp1_4cpu/Achillea.atrata/proj_mri.esm2.0_ssp585/individual_projections/proj_mri.esm2.0_ssp585_Achillea.atrata_PA5_RUN2_GLM.tif
[2026-07-20 17:57:53] 	> Projecting Achillea.atrata_PA5_RUN2_MAXNET ...
[2026-07-20 17:57:53] 		Writing projection on hard drive...
[2026-07-20 17:57:53] 		 /work/data/output_disk_sp1_4cpu/Achillea.atrata/proj_mri.esm2.0_ssp585/individual_projections/proj_mri.esm2.0_ssp585_Achillea.atrata_PA5_RUN2_GBM.tif
[2026-07-20 17:58:06] 	> Projecting Achillea.atrata_PA5_RUN3_GLM ...
[2026-07-20 17:58:07] 		Writing projection on hard drive...
[2026-07-20 17:58:07] 		 /work/data/output_disk_sp1_4cpu/Achillea.atrata/proj_mri.esm2.0_ssp585/individual_projections/proj_mri.esm2.0_ssp585_Achillea.atrata_PA5_RUN2_MAXNET.tif
[2026-07-20 17:58:26] 	> Projecting Achillea.atrata_PA5_RUN3_FDA ...
[2026-07-20 17:58:26] 		Writing projection on hard drive...
[2026-07-20 17:58:26] 		 /work/data/output_disk_sp1_4cpu/Achillea.atrata/proj_mri.esm2.0_ssp585/individual_projections/proj_mri.esm2.0_ssp585_Achillea.atrata_PA5_RUN3_GLM.tif
[2026-07-20 17:58:37] 	> Projecting Achillea.atrata_PA5_RUN3_MAXNET ...
[2026-07-20 17:58:38] 		Writing projection on hard drive...
[2026-07-20 17:58:38] 		 /work/data/output_disk_sp1_4cpu/Achillea.atrata/proj_mri.esm2.0_ssp585/individual_projections/proj_mri.esm2.0_ssp585_Achillea.atrata_PA5_RUN3_GBM.tif
[2026-07-20 17:58:52] 	> Projecting Achillea.atrata_PA5_RUN4_GLM ...
[2026-07-20 17:58:53] 		Writing projection on hard drive...
[2026-07-20 17:58:53] 		 /work/data/output_disk_sp1_4cpu/Achillea.atrata/proj_mri.esm2.0_ssp585/individual_projections/proj_mri.esm2.0_ssp585_Achillea.atrata_PA5_RUN3_FDA.tif
[2026-07-20 17:59:03] 	> Projecting Achillea.atrata_PA5_RUN4_ANN ...
[2026-07-20 17:59:04] 		Writing projection on hard drive...
[2026-07-20 17:59:04] 		 /work/data/output_disk_sp1_4cpu/Achillea.atrata/proj_mri.esm2.0_ssp585/individual_projections/proj_mri.esm2.0_ssp585_Achillea.atrata_PA5_RUN3_MAXNET.tif
[2026-07-20 17:59:12] 	> Projecting Achillea.atrata_PA5_RUN4_FDA ...
[2026-07-20 17:59:13] 		Writing projection on hard drive...
[2026-07-20 17:59:13] 		 /work/data/output_disk_sp1_4cpu/Achillea.atrata/proj_mri.esm2.0_ssp585/individual_projections/proj_mri.esm2.0_ssp585_Achillea.atrata_PA5_RUN4_GLM.tif
[2026-07-20 17:59:42] 	> Projecting Achillea.atrata_PA5_RUN4_MAXNET ...
[2026-07-20 17:59:43] 		Writing projection on hard drive...
[2026-07-20 17:59:43] 		Writing projection on hard drive...
[2026-07-20 17:59:43] 		 /work/data/output_disk_sp1_4cpu/Achillea.atrata/proj_mri.esm2.0_ssp585/individual_projections/proj_mri.esm2.0_ssp585_Achillea.atrata_PA5_RUN4_ANN.tif
[2026-07-20 17:59:43] 	> Projecting Achillea.atrata_PA5_RUN5_GBM ...
[2026-07-20 17:59:43] 		 /work/data/output_disk_sp1_4cpu/Achillea.atrata/proj_mri.esm2.0_ssp585/individual_projections/proj_mri.esm2.0_ssp585_Achillea.atrata_PA5_RUN4_FDA.tif
[2026-07-20 17:59:57] 	> Projecting Achillea.atrata_PA5_RUN5_ANN ...
[2026-07-20 17:59:58] 		Writing projection on hard drive...
[2026-07-20 17:59:58] 		 /work/data/output_disk_sp1_4cpu/Achillea.atrata/proj_mri.esm2.0_ssp585/individual_projections/proj_mri.esm2.0_ssp585_Achillea.atrata_PA5_RUN4_MAXNET.tif
[2026-07-20 18:00:31] 	> Projecting Achillea.atrata_PA5_RUN5_FDA ...
[2026-07-20 18:00:32] 		Writing projection on hard drive...
[2026-07-20 18:00:46] 		 /work/data/output_disk_sp1_4cpu/Achillea.atrata/proj_mri.esm2.0_ssp585/individual_projections/proj_mri.esm2.0_ssp585_Achillea.atrata_PA5_RUN5_ANN.tif
[2026-07-20 18:00:46] 		Writing projection on hard drive...
[2026-07-20 18:01:17] 		 /work/data/output_disk_sp1_4cpu/Achillea.atrata/proj_mri.esm2.0_ssp585/individual_projections/proj_mri.esm2.0_ssp585_Achillea.atrata_PA5_RUN5_FDA.tif
[2026-07-20 18:01:18] 		Writing projection on hard drive...
[2026-07-20 18:01:18] 		 /work/data/output_disk_sp1_4cpu/Achillea.atrata/proj_mri.esm2.0_ssp585/individual_projections/proj_mri.esm2.0_ssp585_Achillea.atrata_PA5_RUN4_GBM.tif
[2026-07-20 18:01:51] 	> Projecting Achillea.atrata_PA5_RUN5_GLM ...
[2026-07-20 18:01:52] 		Writing projection on hard drive...
[2026-07-20 18:01:52] 		 /work/data/output_disk_sp1_4cpu/Achillea.atrata/proj_mri.esm2.0_ssp585/individual_projections/proj_mri.esm2.0_ssp585_Achillea.atrata_PA5_RUN5_GLM.tif
[2026-07-20 18:02:32] 	> Projecting Achillea.atrata_PA5_RUN5_MAXNET ...
[2026-07-20 18:02:33] 		Writing projection on hard drive...
[2026-07-20 18:13:47] 		 /work/data/output_disk_sp1_4cpu/Achillea.atrata/proj_mri.esm2.0_ssp585/individual_projections/proj_mri.esm2.0_ssp585_Achillea.atrata_PA5_RUN5_MAXNET.tif
[2026-07-20 18:13:47] 		Writing projection on hard drive...
[2026-07-20 18:13:47] 		 /work/data/output_disk_sp1_4cpu/Achillea.atrata/proj_mri.esm2.0_ssp585/individual_projections/proj_mri.esm2.0_ssp585_Achillea.atrata_PA5_RUN5_GBM.tif
[2026-07-20 18:13:47] -=-=-=-=-=-=-=-=-=-=-=-=-=-=-=-=-=-= Done -=-=-=-=-=-=-=-=-=-=-=-=-=-=-=-=-=-=
[2026-07-20 18:13:47] 
[2026-07-20 18:13:47] -=-=-=-=-=-=-=-=-=-=-=-= Do Ensemble Models Projection -=-=-=-=-=-=-=-=-=-=-=-=
[2026-07-20 18:13:47] 
[2026-07-20 18:13:47] Creating suitable Workdir...
[2026-07-20 18:13:49] 
[2026-07-20 18:13:49] 	> Projecting Achillea.atrata_EMmeanByAUCroc_mergedData_mergedRun_mergedAlgo ...
[2026-07-20 18:29:01] 	> Projecting Achillea.atrata_EMcvByAUCroc_mergedData_mergedRun_mergedAlgo ...|---------|---------|---------|---------||---------|---------|---------|---------|=======================================================                                          
[2026-07-20 18:37:04] 		Writing projection on hard drive...===========================                                          
[2026-07-20 18:37:05] 		Writing projection on hard drive...
[2026-07-20 18:37:05] 
[2026-07-20 18:37:05] ! Binary/Filtered transformation automatically desactivated for ensemble models with coefficient of variation or confidence intervals
[2026-07-20 18:37:10] 	> Building TSS binaries / filtered
[2026-07-20 18:37:15] 	> Building AUCroc binaries / filtered
[2026-07-20 18:37:20] 	> Building KAPPA binaries / filtered
[2026-07-20 18:37:20] 
[2026-07-20 18:37:20] -=-=-=-=-=-=-=-=-=-=-=-=-=-=-=-=-=-= Done -=-=-=-=-=-=-=-=-=-=-=-=-=-=-=-=-=-=
[2026-07-20 18:37:21] > end.time <- Sys.time()
[2026-07-20 18:37:21] > time.fut_proj <- end.time - start.time
[2026-07-20 18:37:21] > 
[2026-07-20 18:37:21] > # force seconds: write.table strips difftime units and R auto-picks a unit per value,
[2026-07-20 18:37:21] > # so columns aren't comparable. as.numeric(., units="secs") makes them uniform.
[2026-07-20 18:37:21] > time <- data.frame(
[2026-07-20 18:37:21] +   formating = as.numeric(time.formating, units = "secs"),
[2026-07-20 18:37:21] +   modeling = as.numeric(time.modeling, units = "secs"),
[2026-07-20 18:37:21] +   modeling_EM = as.numeric(time.modeling_EM, units = "secs"),
[2026-07-20 18:37:21] +   cur_projection = as.numeric(time.cur_proj, units = "secs"),
[2026-07-20 18:37:21] +   cur_projection_EM = as.numeric(time.cur_proj_EM, units = "secs"),
[2026-07-20 18:37:21] +   fut_projection = as.numeric(time.fut_proj, units = "secs")
[2026-07-20 18:37:21] + )
[2026-07-20 18:37:21] > write.table(time, paste0("time_", species_name, ".txt"), sep = "\t")
[2026-07-20 18:37:21] > write.table(
[2026-07-20 18:37:21] +   future_timings,
[2026-07-20 18:37:21] +   paste0("time_future_", species_name, ".txt"),
[2026-07-20 18:37:21] +   sep = "\t",
[2026-07-20 18:37:21] +   row.names = FALSE
[2026-07-20 18:37:21] + )
[2026-07-20 18:37:21] > writeLines(
[2026-07-20 18:37:21] +   c(
[2026-07-20 18:37:21] +     paste("species", species_name),
[2026-07-20 18:37:21] +     paste("task_id", task_id),
[2026-07-20 18:37:21] +     paste("biomod_ncpu", n_cpu),
[2026-07-20 18:37:21] +     paste("ensemble_ncpu", ensemble_n_cpu),
[2026-07-20 18:37:21] +     paste("completed_at", format(Sys.time(), "%Y-%m-%d %H:%M:%S"))
[2026-07-20 18:37:21] +   ),
[2026-07-20 18:37:21] +   file.path(species_dir, "_SUCCESS")
[2026-07-20 18:37:21] + )
[2026-07-20 18:37:21] > 
Finished: 2026-07-20T18:37:24+02:00
Elapsed: 0d 22h 33m 45s
