[21:19:45] > options(warn = 1) # stampa i warning quando accadono (non in blocco a fine run)
[21:19:45] > 
[21:19:45] > library(biomod2)
[21:19:49] biomod2 4.3-4-5 loaded.
[21:19:49]  /!\ Welcome to augmented biomod2 with abundance modeling available! (*o*)
[21:19:49]  Take a look at the HOME and NEWS section on the website to see all the features!
[21:19:49] 
[21:19:49] Loading required package: nnet
[21:19:49] Loading required package: rpart
[21:19:49] Loading required package: cito
[21:19:49] Warning in library(package, lib.loc = lib.loc, character.only = TRUE, logical.return = TRUE,  :
[21:19:49]   there is no package called ‘cito’
[21:19:49] Loading required package: mda
[21:19:49] Loading required package: class
[21:19:49] Loaded mda 0.5-5
[21:19:49] 
[21:19:49] Loading required package: gam
[21:19:49] Loading required package: splines
[21:19:49] Loading required package: foreach
[21:19:49] Loaded gam 1.22-7
[21:19:49] 
[21:19:49] Loading required package: mgcv
[21:19:49] Loading required package: nlme
[21:19:49] This is mgcv 1.9-4. For overview type '?mgcv'.
[21:19:49] 
[21:19:49] Attaching package: ‘mgcv’
[21:19:49] 
[21:19:49] The following objects are masked from ‘package:gam’:
[21:19:49] 
[21:19:49]     gam, gam.control, gam.fit, s
[21:19:49] 
[21:19:49] The following object is masked from ‘package:nnet’:
[21:19:49] 
[21:19:49]     multinom
[21:19:49] 
[21:19:49] Loading required package: gbm
[21:19:49] Loaded gbm 2.2.3
[21:19:49] This version of gbm is no longer under development. Consider transitioning to gbm3, https://github.com/gbm-developers/gbm3
[21:19:49] Loading required package: earth
[21:19:49] Loading required package: Formula
[21:19:49] Loading required package: plotmo
[21:19:49] Loading required package: plotrix
[21:19:49] Loading required package: maxnet
[21:19:49] Loading required package: randomForest
[21:19:49] randomForest 4.7-1.2
[21:19:49] Type rfNews() to see new features/changes/bug fixes.
[21:19:49] Loading required package: xgboost
[21:19:49] > library(terra)
[21:19:49] terra 1.9.11
[21:19:49] 
[21:19:49] Attaching package: ‘terra’
[21:19:49] 
[21:19:49] The following object is masked from ‘package:plotrix’:
[21:19:49] 
[21:19:49]     rescale
[21:19:49] 
[21:19:49] > library(gbm)
[21:19:49] > library(mda)
[21:19:49] > library(randomForest)
[21:19:49] > 
[21:19:49] > # NOTE: makeCluster/registerDoParallel removed - hangs inside Singularity container.
[21:19:49] > 
[21:19:49] > root <- normalizePath(".")
[21:19:49] > in_dir <- file.path(root, "data/input")
[21:19:49] > out_dir <- file.path(root, "data/output")
[21:19:49] > dir.create(out_dir, showWarnings = FALSE)
[21:19:49] > 
[21:19:49] > ####################################
[21:19:49] > # loading species occurrences data
[21:19:49] > ####################################
[21:19:49] > spocc <- read.csv(file.path(in_dir, "agrostis_1km_EUNIS.csv"), head = TRUE)
[21:19:50] > spocc <- spocc[, -1] # drop id -> cols: sp_name, x, y, pseudo-absences
[21:19:50] > spocc$sp_name <- sub(" ", ".", spocc$sp_name)
[21:19:50] > sp.names <- levels(factor(spocc[, 1]))
[21:19:50] > num_sp <- length(sp.names)
[21:19:50] > cat("DEBUG: num_sp =", num_sp, "| total rows =", nrow(spocc), "\n")
[21:19:50] DEBUG: num_sp = 1 | total rows = 170701 
[21:19:50] > 
[21:19:50] > #####################################
[21:19:50] > # CALIBRATION environmental data
[21:19:50] > #####################################
[21:19:50] > cat("DEBUG: loading calibration rasters...\n")
[21:19:50] DEBUG: loading calibration rasters...
[21:19:50] > clim_cal <- rast(dir(file.path(in_dir, "climate_vars/baseline"), full.names = T))
[21:19:50] > tri_cal <- rast(dir(file.path(in_dir, "TRI_vars"), full.names = T))
[21:19:50] > soil_cal <- rast(dir(file.path(in_dir, "soil_vars"), full.names = T))
[21:19:50] > cur_cal <- c(clim_cal, tri_cal, soil_cal)
[21:19:50] > names(cur_cal) <- c("PC1_clim", "PC2_clim", "tri", "PC1_soil", "PC2_soil")
[21:19:50] > cat("DEBUG: raster dim =", dim(cur_cal)[1], "x", dim(cur_cal)[2], "| ncell =", ncell(cur_cal), "\n")
[21:19:50] DEBUG: raster dim = 5873 x 10889 | ncell = 63951097 
[21:19:50] > 
[21:19:50] > #####################################
[21:19:50] > # PROJECTION environmental data
[21:19:50] > #####################################
[21:19:50] > clim_proj <- rast(dir(file.path(in_dir, "climate_vars/baseline"), full.names = T))
[21:19:50] > tri_proj <- rast(dir(file.path(in_dir, "TRI_vars"), full.names = T))
[21:19:50] > soil_proj <- rast(dir(file.path(in_dir, "soil_vars"), full.names = T))
[21:19:50] > cur_proj <- c(clim_proj, tri_proj, soil_proj)
[21:19:50] > names(cur_proj) <- c("PC1_clim", "PC2_clim", "tri", "PC1_soil", "PC2_soil")
[21:19:50] > 
[21:19:50] > #####################################
[21:19:50] > # loading FUTURE list (leaf dirs containing tif)
[21:19:50] > #####################################
[21:19:50] > lf <- list.dirs(file.path(in_dir, "climate_vars/future"), full.names = T, recursive = T)[-1]
[21:19:50] > lf <- lf[sapply(lf, function(d) length(list.files(d, pattern = "\\.tif$")) > 0)]
[21:19:50] > cat("DEBUG: testing with", length(lf), "future scenarios\n")
[21:19:50] DEBUG: testing with 8 future scenarios
[21:19:50] > 
[21:19:50] > # outputs (biomod2 writes species folders into the working dir)
[21:19:50] > setwd(out_dir)
[21:19:50] > 
[21:19:50] > pb <- txtProgressBar(min = 0, max = num_sp, style = 3, width = 50, char = "=")
[21:19:50]   |                                                          |                                                  |   0%> 
[21:19:50] > selModels <- c("GLM", "GBM", "ANN", "FDA", "MAXNET")
[21:19:50] > 
[21:19:50] > # parallel fork count for Modeling + Projection only. EnsembleForecasting stays nb.cpu=1:
[21:19:50] > # its bm.proj reuse already avoids the re-projection fork that caused the step-6 OOM.
[21:19:50] > # Cap modest: nb.cpu >= 16 historically OOM'd (big-parent forks). Raise only after a clean test.
[21:19:50] > n_cpu <- 4L
[21:19:50] > 
[21:19:50] > # DEBUG: use first species
[21:19:50] > i <- 1
[21:19:50] > spocc1 <- subset(spocc, spocc[, 1] == sp.names[i])
[21:19:50] > cat("DEBUG: species =", sp.names[i], "| occurrences =", nrow(spocc1), "\n")
[21:19:50] DEBUG: species = Agrostis.capillaris | occurrences = 170701 
[21:19:50] > 
[21:19:50] > ###########################################################################
[21:19:50] > ######################     CALIBRATION ON EUROPE      #####################
[21:19:50] > ###########################################################################
[21:19:50] > 
[21:19:50] > start.time <- Sys.time()
[21:19:50] > myRespName <- paste(sp.names[i], sep = ".")
[21:19:50] > myRespXY <- spocc1[, 2:3] # coordinates of points
[21:19:50] > myResp <- rep(1, nrow(spocc1)) # species occurences
[21:19:50] > 
[21:19:50] > cat("DEBUG: starting BIOMOD_FormatingData at", format(Sys.time(), "%H:%M:%S"), "\n")
[21:19:50] DEBUG: starting BIOMOD_FormatingData at 21:19:50 
[21:19:50] > flush.console()
[21:19:50] > 
[21:19:50] > # 1. Formatting Data
[21:19:50] > myBiomodData <- BIOMOD_FormatingData(
[21:19:50] +   resp.var = myResp,
[21:19:50] +   expl.var = cur_cal,
[21:19:50] +   resp.xy = myRespXY,
[21:19:50] +   resp.name = myRespName,
[21:19:50] +   PA.nb.rep = 3,
[21:19:50] +   PA.nb.absences = 10000, # production value (was toy 10); grows modeling only, projection unchanged
[21:19:50] +   PA.strategy = "random",
[21:19:50] +   na.rm = TRUE,
[21:19:50] +   filter.raster = F
[21:19:50] + )
[21:19:50] 
[21:19:50] -=-=-=-=-=-=-=-=-=-=-= Agrostis.capillaris Data Formating -=-=-=-=-=-=-=-=-=-=-=
[21:19:50] 
[21:19:50] 
[21:19:50] Checking Pseudo-absence selection arguments...
[21:19:50] 
[21:19:50]    > random pseudo absences selection
[22:03:11]    > Pseudo absences are selected in explanatory variables
[22:03:11] 
[22:03:24]  ! Some NAs have been automatically removed from your data
[22:03:24] -=-=-=-=-=-=-=-=-=-=-=-=-=-=-=-=-=-= Done -=-=-=-=-=-=-=-=-=-=-=-=-=-=-=-=-=-=
[22:03:24] > 
[22:03:24] > cat("DEBUG: BIOMOD_FormatingData done at", format(Sys.time(), "%H:%M:%S"), "\n")
[22:03:24] DEBUG: BIOMOD_FormatingData done at 22:03:24 
[22:03:24] > end.time <- Sys.time()
[22:03:24] > time.formating <- end.time - start.time
[22:03:24] > 
[22:03:24] > start.time <- Sys.time()
[22:03:24] > # 2. Defining Models Options (bigboss preset)
[22:03:24] > opt.b <- bm_ModelingOptions(
[22:03:24] +   data.type = "binary",
[22:03:24] +   models = selModels,
[22:03:24] +   strategy = "bigboss",
[22:03:24] +   bm.format = myBiomodData
[22:03:24] + )
[22:03:24] 
[22:03:24] -=-=-=-=-=-=-=-=-=-=-=-=-=-= Build Modeling Options -=-=-=-=-=-=-=-=-=-=-=-=-=-=
[22:03:24] 
[22:03:24] 	>  GLM options ( datatype: binary , package: stats , function: glm )...
[22:03:24] 	>  GBM options ( datatype: binary , package: gbm , function: gbm )...
[22:03:24] 	>  ANN options ( datatype: binary , package: nnet , function: nnet )...
[22:03:24] 	>  FDA options ( datatype: binary , package: mda , function: fda )...
[22:03:24] 	>  MAXNET options ( datatype: binary , package: maxnet , function: maxnet )...
[22:03:24] 
[22:03:24] -=-=-=-=-=-=-=-=-=-=-=-=-=-=-=-=-=-= Done -=-=-=-=-=-=-=-=-=-=-=-=-=-=-=-=-=-=
[22:03:24] > 
[22:03:24] > # 3. Computing the models
[22:03:24] > myBiomodModelOut <- BIOMOD_Modeling(
[22:03:24] +   myBiomodData,
[22:03:24] +   models = selModels,
[22:03:24] +   CV.strategy = "random",
[22:03:24] +   CV.nb.rep = 2, # DEBUG: reduced from 5
[22:03:24] +   CV.perc = 0.7,
[22:03:24] +   OPT.strategy = "bigboss",
[22:03:24] +   metric.eval = c("TSS", "AUCroc", "KAPPA", "POD", "FAR"),
[22:03:24] +   scale.models = FALSE,
[22:03:24] +   CV.do.full.models = FALSE,
[22:03:24] +   nb.cpu = n_cpu,
[22:03:24] +   do.progress = T
[22:03:24] + )
[22:03:24] 
[22:03:24] -=-=-=-=-=-=-=-=-=-=-=-=-=-=-= Build Single Models -=-=-=-=-=-=-=-=-=-=-=-=-=-=-=
[22:03:24] 
[22:03:24] 
[22:03:24] Checking Models arguments...
[22:03:24] 
[22:03:24] 	> Automatic weights creation to rise a 0.5 prevalence
[22:03:24] Creating suitable Workdir...
[22:03:27] 
[22:03:27] 
[22:03:27] Checking Cross-Validation arguments...
[22:03:27] 
[22:03:27]    > Random cross-validation selection
[22:03:27] 
[22:03:27] -=-=-=-=-=-=-=-=-=-=-=-=-=-= Build Modeling Options -=-=-=-=-=-=-=-=-=-=-=-=-=-=
[22:03:27] 
[22:03:27] 	>  GLM options ( datatype: binary , package: stats , function: glm )...
[22:03:27] 	>  GBM options ( datatype: binary , package: gbm , function: gbm )...
[22:03:27] 	>  ANN options ( datatype: binary , package: nnet , function: nnet )...
[22:03:27] 	>  FDA options ( datatype: binary , package: mda , function: fda )...
[22:03:27] 	>  MAXNET options ( datatype: binary , package: maxnet , function: maxnet )...
[22:03:27] 
[22:03:27] -=-=-=-=-=-=-=-=-=-=-=-=-=-=-=-=-=-= Done -=-=-=-=-=-=-=-=-=-=-=-=-=-=-=-=-=-=
[22:03:27] 
[22:03:27] 
[22:03:27] 
[22:03:27] -=-=-=-=-=-=-=-=-=-= Agrostis.capillaris Modeling Summary -=-=-=-=-=-=-=-=-=-=
[22:03:27] 
[22:03:27] > 5 environmental variables ( PC1_clim PC2_clim tri PC1_soil PC2_soil )
[22:03:27] 
[22:03:27] > Number of PA datasets : 3
[22:03:27] 
[22:03:27] > Number of calibration/validation splits : 2
[22:03:27] 
[22:03:27] > Algorithms selected : GLM GBM ANN FDA MAXNET
[22:03:27]  6 models for each algorithm
[22:03:27] 
[22:03:27] Total number of model runs: 30 
[22:03:27] 
[22:03:27] -=-=-=-=-=-=-=-=-=-=-=-=-=-=-=-=-=-=-=-=-=-=-=-=-=-=-=-=-=-=-=-=-=-=-=-=-=-=-=-=
[22:03:28] 
[22:03:28] 
[22:03:28] -=-=-=--=-=-=- Agrostis.capillaris_PA1_RUN1_GLM 
[22:03:28] 
[22:03:28] 
[22:03:28] -=-=-=--=-=-=- Agrostis.capillaris_PA1_RUN1_GBM 
[22:03:28] 
[22:03:28] 
[22:03:28] -=-=-=--=-=-=- Agrostis.capillaris_PA1_RUN1_ANN 
[22:03:28] CV: 1 
[22:03:28] 
[22:03:28] 
[22:03:28] -=-=-=--=-=-=- Agrostis.capillaris_PA1_RUN1_FDA 
[22:03:29] 
[22:03:30] 	Evaluating Model stuff...
[22:03:31] 	Model scaling...Warning: glm.fit: fitted probabilities numerically 0 or 1 occurred
[22:03:31] 
[22:03:35] 	Evaluating Model stuff...
[22:03:36] 	Model scaling...
[22:03:37] 	Evaluating Model stuff...Warning in forecast_1 * observed_1 : NAs produced by integer overflow
[22:03:37] Warning in forecast_1 * observed_1 : NAs produced by integer overflow
[22:03:37] Warning in forecast_1 * observed_1 : NAs produced by integer overflow
[22:03:37] Warning in forecast_1 * observed_1 : NAs produced by integer overflow
[22:03:37] Warning in forecast_1 * observed_1 : NAs produced by integer overflow
[22:03:37] Warning in forecast_1 * observed_1 : NAs produced by integer overflow
[22:03:37] Warning in forecast_1 * observed_1 : NAs produced by integer overflow
[22:03:37] Warning in forecast_1 * observed_1 : NAs produced by integer overflow
[22:03:37] Warning in forecast_1 * observed_1 : NAs produced by integer overflow
[22:03:37] Warning in forecast_1 * observed_1 : NAs produced by integer overflow
[22:03:37] Warning in forecast_1 * observed_1 : NAs produced by integer overflow
[22:03:37] Warning in forecast_1 * observed_1 : NAs produced by integer overflow
[22:03:37] Warning in forecast_1 * observed_1 : NAs produced by integer overflow
[22:03:37] Warning in forecast_1 * observed_1 : NAs produced by integer overflow
[22:03:37] Warning in forecast_1 * observed_1 : NAs produced by integer overflow
[22:03:37] Warning in forecast_1 * observed_1 : NAs produced by integer overflow
[22:03:37] Warning in forecast_1 * observed_1 : NAs produced by integer overflow
[22:03:37] Warning in forecast_1 * observed_1 : NAs produced by integer overflow
[22:03:37] Warning in forecast_1 * observed_1 : NAs produced by integer overflow
[22:03:37] Warning in forecast_1 * observed_1 : NAs produced by integer overflow
[22:03:37] Warning in forecast_1 * observed_1 : NAs produced by integer overflow
[22:03:37] Warning in forecast_1 * observed_1 : NAs produced by integer overflow
[22:03:37] Warning in forecast_1 * observed_1 : NAs produced by integer overflow
[22:03:37] Warning in forecast_1 * observed_1 : NAs produced by integer overflow
[22:03:37] Warning in forecast_1 * observed_1 : NAs produced by integer overflow
[22:03:37] Warning in forecast_1 * observed_1 : NAs produced by integer overflow
[22:03:37] Warning in forecast_1 * observed_1 : NAs produced by integer overflow
[22:03:37] Warning in forecast_1 * observed_1 : NAs produced by integer overflow
[22:03:37] Warning in forecast_1 * observed_1 : NAs produced by integer overflow
[22:03:37] Warning in forecast_1 * observed_1 : NAs produced by integer overflow
[22:03:37] Warning in forecast_1 * observed_1 : NAs produced by integer overflow
[22:03:37] Warning in forecast_1 * observed_1 : NAs produced by integer overflow
[22:03:37] Warning in forecast_1 * observed_1 : NAs produced by integer overflow
[22:03:37] Warning in forecast_1 * observed_1 : NAs produced by integer overflow
[22:03:37] Warning in forecast_1 * observed_1 : NAs produced by integer overflow
[22:03:37] Warning in forecast_1 * observed_1 : NAs produced by integer overflow
[22:03:37] Warning in forecast_1 * observed_1 : NAs produced by integer overflow
[22:03:37] Warning in forecast_1 * observed_1 : NAs produced by integer overflow
[22:03:37] Warning in forecast_1 * observed_1 : NAs produced by integer overflow
[22:03:37] Warning in forecast_1 * observed_1 : NAs produced by integer overflow
[22:03:37] Warning in forecast_1 * observed_1 : NAs produced by integer overflow
[22:03:37] Warning in forecast_1 * observed_1 : NAs produced by integer overflow
[22:03:37] Warning in forecast_1 * observed_1 : NAs produced by integer overflow
[22:03:37] Warning in forecast_1 * observed_1 : NAs produced by integer overflow
[22:03:37] Warning in forecast_1 * observed_1 : NAs produced by integer overflow
[22:03:37] Warning in forecast_1 * observed_1 : NAs produced by integer overflow
[22:03:37] Warning in forecast_1 * observed_1 : NAs produced by integer overflow
[22:03:37] Warning in forecast_1 * observed_1 : NAs produced by integer overflow
[22:03:37] Warning in forecast_1 * observed_1 : NAs produced by integer overflow
[22:03:37] Warning in forecast_1 * observed_1 : NAs produced by integer overflow
[22:03:37] Warning in forecast_1 * observed_1 : NAs produced by integer overflow
[22:03:37] Warning in forecast_1 * observed_1 : NAs produced by integer overflow
[22:03:37] Warning in forecast_1 * observed_1 : NAs produced by integer overflow
[22:03:37] Warning in forecast_1 * observed_1 : NAs produced by integer overflow
[22:03:37] Warning in forecast_1 * observed_1 : NAs produced by integer overflow
[22:03:37] Warning in forecast_1 * observed_1 : NAs produced by integer overflow
[22:03:37] Warning in forecast_1 * observed_1 : NAs produced by integer overflow
[22:03:37] Warning in forecast_1 * observed_1 : NAs produced by integer overflow
[22:03:37] Warning in forecast_1 * observed_1 : NAs produced by integer overflow
[22:03:37] Warning in forecast_1 * observed_1 : NAs produced by integer overflow
[22:03:37] Warning in forecast_1 * observed_1 : NAs produced by integer overflow
[22:03:37] Warning in forecast_1 * observed_1 : NAs produced by integer overflow
[22:03:37] Warning in forecast_1 * observed_1 : NAs produced by integer overflow
[22:03:37] Warning in forecast_1 * observed_1 : NAs produced by integer overflow
[22:03:37] Warning in forecast_1 * observed_1 : NAs produced by integer overflow
[22:03:37] Warning in forecast_1 * observed_1 : NAs produced by integer overflow
[22:03:37] Warning in forecast_1 * observed_1 : NAs produced by integer overflow
[22:03:37] Warning in forecast_1 * observed_1 : NAs produced by integer overflow
[22:03:37] Warning in forecast_1 * observed_1 : NAs produced by integer overflow
[22:03:37] Warning in forecast_1 * observed_1 : NAs produced by integer overflow
[22:03:37] Warning in forecast_1 * observed_1 : NAs produced by integer overflow
[22:03:37] Warning in forecast_1 * observed_1 : NAs produced by integer overflow
[22:03:37] Warning in forecast_1 * observed_1 : NAs produced by integer overflow
[22:03:37] Warning in forecast_1 * observed_1 : NAs produced by integer overflow
[22:03:37] Warning in forecast_1 * observed_1 : NAs produced by integer overflow
[22:03:37] Warning in forecast_1 * observed_1 : NAs produced by integer overflow
[22:03:37] Warning in forecast_1 * observed_1 : NAs produced by integer overflow
[22:03:37] Warning in forecast_1 * observed_1 : NAs produced by integer overflow
[22:03:37] Warning in forecast_1 * observed_1 : NAs produced by integer overflow
[22:03:37] Warning in forecast_1 * observed_1 : NAs produced by integer overflow
[22:03:37] Warning in forecast_1 * observed_1 : NAs produced by integer overflow
[22:03:37] Warning in forecast_1 * observed_1 : NAs produced by integer overflow
[22:03:37] Warning in forecast_1 * observed_1 : NAs produced by integer overflow
[22:03:37] Warning in forecast_1 * observed_1 : NAs produced by integer overflow
[22:03:37] Warning in forecast_1 * observed_1 : NAs produced by integer overflow
[22:03:37] Warning in forecast_1 * observed_1 : NAs produced by integer overflow
[22:03:37] Warning in forecast_1 * observed_1 : NAs produced by integer overflow
[22:03:37] Warning in forecast_1 * observed_1 : NAs produced by integer overflow
[22:03:37] Warning in (forecast_1 * observed_1) + (forecast_0 * observed_0) :
[22:03:37]   NAs produced by integer overflow
[22:03:37] Warning in (forecast_1 * observed_1) + (forecast_0 * observed_0) :
[22:03:37]   NAs produced by integer overflow
[22:03:39] Warning in forecast_1 * observed_1 : NAs produced by integer overflow
[22:03:39] Warning in forecast_1 * observed_1 : NAs produced by integer overflow
[22:03:39] Warning in forecast_1 * observed_1 : NAs produced by integer overflow
[22:03:39] Warning in forecast_1 * observed_1 : NAs produced by integer overflow
[22:03:39] Warning in forecast_1 * observed_1 : NAs produced by integer overflow
[22:03:39] Warning in forecast_1 * observed_1 : NAs produced by integer overflow
[22:03:39] Warning in forecast_1 * observed_1 : NAs produced by integer overflow
[22:03:39] Warning in forecast_1 * observed_1 : NAs produced by integer overflow
[22:03:39] Warning in forecast_1 * observed_1 : NAs produced by integer overflow
[22:03:39] Warning in forecast_1 * observed_1 : NAs produced by integer overflow
[22:03:39] Warning in forecast_1 * observed_1 : NAs produced by integer overflow
[22:03:39] Warning in forecast_1 * observed_1 : NAs produced by integer overflow
[22:03:39] Warning in forecast_1 * observed_1 : NAs produced by integer overflow
[22:03:39] Warning in forecast_1 * observed_1 : NAs produced by integer overflow
[22:03:39] Warning in forecast_1 * observed_1 : NAs produced by integer overflow
[22:03:39] Warning in forecast_1 * observed_1 : NAs produced by integer overflow
[22:03:39] Warning in forecast_1 * observed_1 : NAs produced by integer overflow
[22:03:39] Warning in forecast_1 * observed_1 : NAs produced by integer overflow
[22:03:39] Warning in forecast_1 * observed_1 : NAs produced by integer overflow
[22:03:39] Warning in forecast_1 * observed_1 : NAs produced by integer overflow
[22:03:39] Warning in forecast_1 * observed_1 : NAs produced by integer overflow
[22:03:39] Warning in forecast_1 * observed_1 : NAs produced by integer overflow
[22:03:39] Warning in forecast_1 * observed_1 : NAs produced by integer overflow
[22:03:39] Warning in forecast_1 * observed_1 : NAs produced by integer overflow
[22:03:39] Warning in forecast_1 * observed_1 : NAs produced by integer overflow
[22:03:39] Warning in forecast_1 * observed_1 : NAs produced by integer overflow
[22:03:39] Warning in forecast_1 * observed_1 : NAs produced by integer overflow
[22:03:39] Warning in forecast_1 * observed_1 : NAs produced by integer overflow
[22:03:39] Warning in forecast_1 * observed_1 : NAs produced by integer overflow
[22:03:39] Warning in forecast_1 * observed_1 : NAs produced by integer overflow
[22:03:39] Warning in forecast_1 * observed_1 : NAs produced by integer overflow
[22:03:39] Warning in forecast_1 * observed_1 : NAs produced by integer overflow
[22:03:39] Warning in forecast_1 * observed_1 : NAs produced by integer overflow
[22:03:39] Warning in forecast_1 * observed_1 : NAs produced by integer overflow
[22:03:39] Warning in forecast_1 * observed_1 : NAs produced by integer overflow
[22:03:39] Warning in forecast_1 * observed_1 : NAs produced by integer overflow
[22:03:39] Warning in forecast_1 * observed_1 : NAs produced by integer overflow
[22:03:39] Warning in forecast_1 * observed_1 : NAs produced by integer overflow
[22:03:39] Warning in forecast_1 * observed_1 : NAs produced by integer overflow
[22:03:39] Warning in forecast_1 * observed_1 : NAs produced by integer overflow
[22:03:39] Warning in forecast_1 * observed_1 : NAs produced by integer overflow
[22:03:39] Warning in forecast_1 * observed_1 : NAs produced by integer overflow
[22:03:39] Warning in forecast_1 * observed_1 : NAs produced by integer overflow
[22:03:39] Warning in forecast_1 * observed_1 : NAs produced by integer overflow
[22:03:39] Warning in forecast_1 * observed_1 : NAs produced by integer overflow
[22:03:39] Warning in forecast_1 * observed_1 : NAs produced by integer overflow
[22:03:39] Warning in forecast_1 * observed_1 : NAs produced by integer overflow
[22:03:39] Warning in forecast_1 * observed_1 : NAs produced by integer overflow
[22:03:39] Warning in forecast_1 * observed_1 : NAs produced by integer overflow
[22:03:39] Warning in forecast_1 * observed_1 : NAs produced by integer overflow
[22:03:39] Warning in forecast_1 * observed_1 : NAs produced by integer overflow
[22:03:39] Warning in forecast_1 * observed_1 : NAs produced by integer overflow
[22:03:39] Warning in forecast_1 * observed_1 : NAs produced by integer overflow
[22:03:39] Warning in forecast_1 * observed_1 : NAs produced by integer overflow
[22:03:39] Warning in forecast_1 * observed_1 : NAs produced by integer overflow
[22:03:39] Warning in forecast_1 * observed_1 : NAs produced by integer overflow
[22:03:39] Warning in forecast_1 * observed_1 : NAs produced by integer overflow
[22:03:39] Warning in forecast_1 * observed_1 : NAs produced by integer overflow
[22:03:39] Warning in forecast_1 * observed_1 : NAs produced by integer overflow
[22:03:39] Warning in forecast_1 * observed_1 : NAs produced by integer overflow
[22:03:39] Warning in forecast_1 * observed_1 : NAs produced by integer overflow
[22:03:39] Warning in forecast_1 * observed_1 : NAs produced by integer overflow
[22:03:39] Warning in forecast_1 * observed_1 : NAs produced by integer overflow
[22:03:39] Warning in forecast_1 * observed_1 : NAs produced by integer overflow
[22:03:39] Warning in forecast_1 * observed_1 : NAs produced by integer overflow
[22:03:39] Warning in forecast_1 * observed_1 : NAs produced by integer overflow
[22:03:39] Warning in forecast_1 * observed_1 : NAs produced by integer overflow
[22:03:39] Warning in forecast_1 * observed_1 : NAs produced by integer overflow
[22:03:39] Warning in forecast_1 * observed_1 : NAs produced by integer overflow
[22:03:39] Warning in forecast_1 * observed_1 : NAs produced by integer overflow
[22:03:39] Warning in forecast_1 * observed_1 : NAs produced by integer overflow
[22:03:39] Warning in forecast_1 * observed_1 : NAs produced by integer overflow
[22:03:39] Warning in forecast_1 * observed_1 : NAs produced by integer overflow
[22:03:39] Warning in forecast_1 * observed_1 : NAs produced by integer overflow
[22:03:39] Warning in forecast_1 * observed_1 : NAs produced by integer overflow
[22:03:39] Warning in forecast_1 * observed_1 : NAs produced by integer overflow
[22:03:39] Warning in forecast_1 * observed_1 : NAs produced by integer overflow
[22:03:39] Warning in forecast_1 * observed_1 : NAs produced by integer overflow
[22:03:39] Warning in forecast_1 * observed_1 : NAs produced by integer overflow
[22:03:39] Warning in forecast_1 * observed_1 : NAs produced by integer overflow
[22:03:39] Warning in forecast_1 * observed_1 : NAs produced by integer overflow
[22:03:39] Warning in forecast_1 * observed_1 : NAs produced by integer overflow
[22:03:39] Warning in forecast_1 * observed_1 : NAs produced by integer overflow
[22:03:39] Warning in forecast_1 * observed_1 : NAs produced by integer overflow
[22:03:39] Warning in forecast_1 * observed_1 : NAs produced by integer overflow
[22:03:39] Warning in forecast_1 * observed_1 : NAs produced by integer overflow
[22:03:39] Warning in forecast_1 * observed_1 : NAs produced by integer overflow
[22:03:39] Warning in forecast_1 * observed_1 : NAs produced by integer overflow
[22:03:39] Warning in forecast_1 * observed_1 : NAs produced by integer overflow
[22:03:39] Warning in forecast_1 * observed_1 : NAs produced by integer overflow
[22:03:39] Warning in forecast_1 * observed_1 : NAs produced by integer overflow
[22:03:39] Warning in forecast_1 * observed_1 : NAs produced by integer overflow
[22:03:39] Warning in forecast_1 * observed_1 : NAs produced by integer overflow
[22:03:39] Warning in forecast_1 * observed_1 : NAs produced by integer overflow
[22:03:43] Warning in forecast_1 * observed_1 : NAs produced by integer overflow
[22:03:43] Warning in forecast_1 * observed_1 : NAs produced by integer overflow
[22:03:43] Warning in forecast_1 * observed_1 : NAs produced by integer overflow
[22:03:43] Warning in forecast_1 * observed_1 : NAs produced by integer overflow
[22:03:43] Warning in forecast_1 * observed_1 : NAs produced by integer overflow
[22:03:43] Warning in forecast_1 * observed_1 : NAs produced by integer overflow
[22:03:43] Warning in forecast_1 * observed_1 : NAs produced by integer overflow
[22:03:43] Warning in forecast_1 * observed_1 : NAs produced by integer overflow
[22:03:43] Warning in forecast_1 * observed_1 : NAs produced by integer overflow
[22:03:43] Warning in forecast_1 * observed_1 : NAs produced by integer overflow
[22:03:43] Warning in forecast_1 * observed_1 : NAs produced by integer overflow
[22:03:43] Warning in forecast_1 * observed_1 : NAs produced by integer overflow
[22:03:43] Warning in forecast_1 * observed_1 : NAs produced by integer overflow
[22:03:43] Warning in forecast_1 * observed_1 : NAs produced by integer overflow
[22:03:43] Warning in forecast_1 * observed_1 : NAs produced by integer overflow
[22:03:43] Warning in forecast_1 * observed_1 : NAs produced by integer overflow
[22:03:43] Warning in forecast_1 * observed_1 : NAs produced by integer overflow
[22:03:43] Warning in forecast_1 * observed_1 : NAs produced by integer overflow
[22:03:43] Warning in forecast_1 * observed_1 : NAs produced by integer overflow
[22:03:43] Warning in forecast_1 * observed_1 : NAs produced by integer overflow
[22:03:43] Warning in forecast_1 * observed_1 : NAs produced by integer overflow
[22:03:43] Warning in forecast_1 * observed_1 : NAs produced by integer overflow
[22:03:43] Warning in forecast_1 * observed_1 : NAs produced by integer overflow
[22:03:43] Warning in forecast_1 * observed_1 : NAs produced by integer overflow
[22:03:43] Warning in forecast_1 * observed_1 : NAs produced by integer overflow
[22:03:43] Warning in forecast_1 * observed_1 : NAs produced by integer overflow
[22:03:43] Warning in forecast_1 * observed_1 : NAs produced by integer overflow
[22:03:43] Warning in forecast_1 * observed_1 : NAs produced by integer overflow
[22:03:43] Warning in forecast_1 * observed_1 : NAs produced by integer overflow
[22:03:43] Warning in forecast_1 * observed_1 : NAs produced by integer overflow
[22:03:43] Warning in forecast_1 * observed_1 : NAs produced by integer overflow
[22:03:43] Warning in forecast_1 * observed_1 : NAs produced by integer overflow
[22:03:43] Warning in forecast_1 * observed_1 : NAs produced by integer overflow
[22:03:43] Warning in forecast_1 * observed_1 : NAs produced by integer overflow
[22:03:43] Warning in forecast_1 * observed_1 : NAs produced by integer overflow
[22:03:43] Warning in forecast_1 * observed_1 : NAs produced by integer overflow
[22:03:43] Warning in forecast_1 * observed_1 : NAs produced by integer overflow
[22:03:43] Warning in forecast_1 * observed_1 : NAs produced by integer overflow
[22:03:43] Warning in forecast_1 * observed_1 : NAs produced by integer overflow
[22:03:43] Warning in forecast_1 * observed_1 : NAs produced by integer overflow
[22:03:43] Warning in forecast_1 * observed_1 : NAs produced by integer overflow
[22:03:43] Warning in forecast_1 * observed_1 : NAs produced by integer overflow
[22:03:43] Warning in forecast_1 * observed_1 : NAs produced by integer overflow
[22:03:43] Warning in forecast_1 * observed_1 : NAs produced by integer overflow
[22:03:43] Warning in forecast_1 * observed_1 : NAs produced by integer overflow
[22:03:43] Warning in forecast_1 * observed_1 : NAs produced by integer overflow
[22:03:43] Warning in forecast_1 * observed_1 : NAs produced by integer overflow
[22:03:43] Warning in forecast_1 * observed_1 : NAs produced by integer overflow
[22:03:43] Warning in forecast_1 * observed_1 : NAs produced by integer overflow
[22:03:43] Warning in forecast_1 * observed_1 : NAs produced by integer overflow
[22:03:43] Warning in forecast_1 * observed_1 : NAs produced by integer overflow
[22:03:43] Warning in forecast_1 * observed_1 : NAs produced by integer overflow
[22:03:43] Warning in forecast_1 * observed_1 : NAs produced by integer overflow
[22:03:43] Warning in forecast_1 * observed_1 : NAs produced by integer overflow
[22:03:43] Warning in forecast_1 * observed_1 : NAs produced by integer overflow
[22:03:43] Warning in forecast_1 * observed_1 : NAs produced by integer overflow
[22:03:43] Warning in forecast_1 * observed_1 : NAs produced by integer overflow
[22:03:43] Warning in forecast_1 * observed_1 : NAs produced by integer overflow
[22:03:43] Warning in forecast_1 * observed_1 : NAs produced by integer overflow
[22:03:43] Warning in forecast_1 * observed_1 : NAs produced by integer overflow
[22:03:43] Warning in forecast_1 * observed_1 : NAs produced by integer overflow
[22:03:43] Warning in forecast_1 * observed_1 : NAs produced by integer overflow
[22:03:43] Warning in forecast_1 * observed_1 : NAs produced by integer overflow
[22:03:43] Warning in forecast_1 * observed_1 : NAs produced by integer overflow
[22:03:43] Warning in forecast_1 * observed_1 : NAs produced by integer overflow
[22:03:43] Warning in forecast_1 * observed_1 : NAs produced by integer overflow
[22:03:43] Warning in forecast_1 * observed_1 : NAs produced by integer overflow
[22:03:43] Warning in forecast_1 * observed_1 : NAs produced by integer overflow
[22:03:43] Warning in forecast_1 * observed_1 : NAs produced by integer overflow
[22:03:43] Warning in forecast_1 * observed_1 : NAs produced by integer overflow
[22:03:43] Warning in forecast_1 * observed_1 : NAs produced by integer overflow
[22:03:43] Warning in forecast_1 * observed_1 : NAs produced by integer overflow
[22:03:43] Warning in forecast_1 * observed_1 : NAs produced by integer overflow
[22:03:43] Warning in forecast_1 * observed_1 : NAs produced by integer overflow
[22:03:43] Warning in forecast_1 * observed_1 : NAs produced by integer overflow
[22:03:43] Warning in forecast_1 * observed_1 : NAs produced by integer overflow
[22:03:43] Warning in forecast_1 * observed_1 : NAs produced by integer overflow
[22:03:43] Warning in forecast_1 * observed_1 : NAs produced by integer overflow
[22:03:43] Warning in forecast_1 * observed_1 : NAs produced by integer overflow
[22:03:43] Warning in forecast_1 * observed_1 : NAs produced by integer overflow
[22:03:43] Warning in forecast_1 * observed_1 : NAs produced by integer overflow
[22:03:43] Warning in forecast_1 * observed_1 : NAs produced by integer overflow
[22:03:43] Warning in forecast_1 * observed_1 : NAs produced by integer overflow
[22:03:43] Warning in forecast_1 * observed_1 : NAs produced by integer overflow
[22:03:43] Warning in forecast_1 * observed_1 : NAs produced by integer overflow
[22:03:43] Warning in forecast_1 * observed_1 : NAs produced by integer overflow
[22:03:43] Warning in forecast_1 * observed_1 : NAs produced by integer overflow
[22:03:43] Warning in forecast_1 * observed_1 : NAs produced by integer overflow
[22:03:43] Warning in forecast_1 * observed_1 : NAs produced by integer overflow
[22:03:43] Warning in forecast_1 * observed_1 : NAs produced by integer overflow
[22:03:43] Warning in forecast_1 * observed_1 : NAs produced by integer overflow
[22:03:43] Warning in (forecast_1 * observed_1) + (forecast_0 * observed_0) :
[22:03:43]   NAs produced by integer overflow
[22:03:43] Warning in (forecast_1 * observed_1) + (forecast_0 * observed_0) :
[22:03:43]   NAs produced by integer overflow
[22:03:47] 
[22:03:47] 
[22:03:47] -=-=-=--=-=-=- Agrostis.capillaris_PA1_RUN1_MAXNET 
[22:03:49] 
[22:03:49] 
[22:03:49] -=-=-=--=-=-=- Agrostis.capillaris_PA1_RUN2_ANN 
[22:03:53] 
[22:03:53] 
[22:03:53] -=-=-=--=-=-=- Agrostis.capillaris_PA1_RUN2_GBM 
[22:03:53] CV: 1 
[22:03:56] 
[22:03:56] 	Model scaling...
[22:04:03] 	Evaluating Model stuff...Warning in forecast_1 * observed_1 : NAs produced by integer overflow
[22:04:03] Warning in forecast_1 * observed_1 : NAs produced by integer overflow
[22:04:03] Warning in forecast_1 * observed_1 : NAs produced by integer overflow
[22:04:03] Warning in forecast_1 * observed_1 : NAs produced by integer overflow
[22:04:03] Warning in forecast_1 * observed_1 : NAs produced by integer overflow
[22:04:03] Warning in forecast_1 * observed_1 : NAs produced by integer overflow
[22:04:03] Warning in forecast_1 * observed_1 : NAs produced by integer overflow
[22:04:03] Warning in forecast_1 * observed_1 : NAs produced by integer overflow
[22:04:03] Warning in forecast_1 * observed_1 : NAs produced by integer overflow
[22:04:03] Warning in forecast_1 * observed_1 : NAs produced by integer overflow
[22:04:03] Warning in forecast_1 * observed_1 : NAs produced by integer overflow
[22:04:03] Warning in forecast_1 * observed_1 : NAs produced by integer overflow
[22:04:03] Warning in forecast_1 * observed_1 : NAs produced by integer overflow
[22:04:03] Warning in forecast_1 * observed_1 : NAs produced by integer overflow
[22:04:03] Warning in forecast_1 * observed_1 : NAs produced by integer overflow
[22:04:03] Warning in forecast_1 * observed_1 : NAs produced by integer overflow
[22:04:03] Warning in forecast_1 * observed_1 : NAs produced by integer overflow
[22:04:03] Warning in forecast_1 * observed_1 : NAs produced by integer overflow
[22:04:03] Warning in forecast_1 * observed_1 : NAs produced by integer overflow
[22:04:03] Warning in forecast_1 * observed_1 : NAs produced by integer overflow
[22:04:03] Warning in forecast_1 * observed_1 : NAs produced by integer overflow
[22:04:03] Warning in forecast_1 * observed_1 : NAs produced by integer overflow
[22:04:03] Warning in forecast_1 * observed_1 : NAs produced by integer overflow
[22:04:03] Warning in forecast_1 * observed_1 : NAs produced by integer overflow
[22:04:03] Warning in forecast_1 * observed_1 : NAs produced by integer overflow
[22:04:03] Warning in forecast_1 * observed_1 : NAs produced by integer overflow
[22:04:03] Warning in forecast_1 * observed_1 : NAs produced by integer overflow
[22:04:03] Warning in forecast_1 * observed_1 : NAs produced by integer overflow
[22:04:03] Warning in forecast_1 * observed_1 : NAs produced by integer overflow
[22:04:03] Warning in forecast_1 * observed_1 : NAs produced by integer overflow
[22:04:03] Warning in forecast_1 * observed_1 : NAs produced by integer overflow
[22:04:03] Warning in forecast_1 * observed_1 : NAs produced by integer overflow
[22:04:03] Warning in forecast_1 * observed_1 : NAs produced by integer overflow
[22:04:03] Warning in forecast_1 * observed_1 : NAs produced by integer overflow
[22:04:03] Warning in forecast_1 * observed_1 : NAs produced by integer overflow
[22:04:03] Warning in forecast_1 * observed_1 : NAs produced by integer overflow
[22:04:03] Warning in forecast_1 * observed_1 : NAs produced by integer overflow
[22:04:03] Warning in forecast_1 * observed_1 : NAs produced by integer overflow
[22:04:03] Warning in forecast_1 * observed_1 : NAs produced by integer overflow
[22:04:03] Warning in forecast_1 * observed_1 : NAs produced by integer overflow
[22:04:03] Warning in forecast_1 * observed_1 : NAs produced by integer overflow
[22:04:03] Warning in forecast_1 * observed_1 : NAs produced by integer overflow
[22:04:03] Warning in forecast_1 * observed_1 : NAs produced by integer overflow
[22:04:03] Warning in forecast_1 * observed_1 : NAs produced by integer overflow
[22:04:03] Warning in forecast_1 * observed_1 : NAs produced by integer overflow
[22:04:03] Warning in forecast_1 * observed_1 : NAs produced by integer overflow
[22:04:03] Warning in forecast_1 * observed_1 : NAs produced by integer overflow
[22:04:03] Warning in forecast_1 * observed_1 : NAs produced by integer overflow
[22:04:03] Warning in forecast_1 * observed_1 : NAs produced by integer overflow
[22:04:03] Warning in forecast_1 * observed_1 : NAs produced by integer overflow
[22:04:03] Warning in forecast_1 * observed_1 : NAs produced by integer overflow
[22:04:03] Warning in forecast_1 * observed_1 : NAs produced by integer overflow
[22:04:03] Warning in forecast_1 * observed_1 : NAs produced by integer overflow
[22:04:03] Warning in forecast_1 * observed_1 : NAs produced by integer overflow
[22:04:03] Warning in forecast_1 * observed_1 : NAs produced by integer overflow
[22:04:03] Warning in forecast_1 * observed_1 : NAs produced by integer overflow
[22:04:03] Warning in forecast_1 * observed_1 : NAs produced by integer overflow
[22:04:03] Warning in forecast_1 * observed_1 : NAs produced by integer overflow
[22:04:03] Warning in forecast_1 * observed_1 : NAs produced by integer overflow
[22:04:03] Warning in forecast_1 * observed_1 : NAs produced by integer overflow
[22:04:03] Warning in forecast_1 * observed_1 : NAs produced by integer overflow
[22:04:03] Warning in forecast_1 * observed_1 : NAs produced by integer overflow
[22:04:03] Warning in forecast_1 * observed_1 : NAs produced by integer overflow
[22:04:03] Warning in forecast_1 * observed_1 : NAs produced by integer overflow
[22:04:03] Warning in forecast_1 * observed_1 : NAs produced by integer overflow
[22:04:03] Warning in forecast_1 * observed_1 : NAs produced by integer overflow
[22:04:03] Warning in forecast_1 * observed_1 : NAs produced by integer overflow
[22:04:03] Warning in forecast_1 * observed_1 : NAs produced by integer overflow
[22:04:03] Warning in forecast_1 * observed_1 : NAs produced by integer overflow
[22:04:03] Warning in forecast_1 * observed_1 : NAs produced by integer overflow
[22:04:03] Warning in forecast_1 * observed_1 : NAs produced by integer overflow
[22:04:03] Warning in forecast_1 * observed_1 : NAs produced by integer overflow
[22:04:03] Warning in forecast_1 * observed_1 : NAs produced by integer overflow
[22:04:03] Warning in forecast_1 * observed_1 : NAs produced by integer overflow
[22:04:03] Warning in forecast_1 * observed_1 : NAs produced by integer overflow
[22:04:03] Warning in forecast_1 * observed_1 : NAs produced by integer overflow
[22:04:03] Warning in forecast_1 * observed_1 : NAs produced by integer overflow
[22:04:03] Warning in forecast_1 * observed_1 : NAs produced by integer overflow
[22:04:03] Warning in forecast_1 * observed_1 : NAs produced by integer overflow
[22:04:03] Warning in forecast_1 * observed_1 : NAs produced by integer overflow
[22:04:03] Warning in forecast_1 * observed_1 : NAs produced by integer overflow
[22:04:03] Warning in forecast_1 * observed_1 : NAs produced by integer overflow
[22:04:03] Warning in forecast_1 * observed_1 : NAs produced by integer overflow
[22:04:03] Warning in forecast_1 * observed_1 : NAs produced by integer overflow
[22:04:03] Warning in forecast_1 * observed_1 : NAs produced by integer overflow
[22:04:03] Warning in forecast_1 * observed_1 : NAs produced by integer overflow
[22:04:03] Warning in forecast_1 * observed_1 : NAs produced by integer overflow
[22:04:03] Warning in forecast_1 * observed_1 : NAs produced by integer overflow
[22:04:03] Warning in forecast_1 * observed_1 : NAs produced by integer overflow
[22:04:03] Warning in forecast_1 * observed_1 : NAs produced by integer overflow
[22:04:03] Warning in forecast_1 * observed_1 : NAs produced by integer overflow
[22:04:03] Warning in forecast_1 * observed_1 : NAs produced by integer overflow
[22:04:03] Warning in forecast_1 * observed_1 : NAs produced by integer overflow
[22:04:03] Warning in forecast_1 * observed_1 : NAs produced by integer overflow
[22:04:03] Warning in forecast_1 * observed_1 : NAs produced by integer overflow
[22:04:03] Warning in forecast_1 * observed_1 : NAs produced by integer overflow
[22:04:03] Warning in forecast_1 * observed_1 : NAs produced by integer overflow
[22:04:13] 
[22:04:13] 
[22:04:13] -=-=-=--=-=-=- Agrostis.capillaris_PA2_RUN1_GBM 
[22:04:13] CV: 1 
[22:04:44] CV: 2 
[22:05:06] CV: 2 
[22:05:27] CV: 2 
[22:06:01] CV: 3 
[22:06:20] CV: 3 
[22:06:40] CV: 3 
[22:09:39] 
[22:09:46] 	Evaluating Model stuff...Warning in forecast_1 * observed_1 : NAs produced by integer overflow
[22:09:46] Warning in forecast_1 * observed_1 : NAs produced by integer overflow
[22:09:46] Warning in forecast_1 * observed_1 : NAs produced by integer overflow
[22:09:46] Warning in forecast_1 * observed_1 : NAs produced by integer overflow
[22:09:46] Warning in forecast_1 * observed_1 : NAs produced by integer overflow
[22:09:46] Warning in forecast_1 * observed_1 : NAs produced by integer overflow
[22:09:46] Warning in forecast_1 * observed_1 : NAs produced by integer overflow
[22:09:46] Warning in forecast_1 * observed_1 : NAs produced by integer overflow
[22:09:46] Warning in forecast_1 * observed_1 : NAs produced by integer overflow
[22:09:46] Warning in forecast_1 * observed_1 : NAs produced by integer overflow
[22:09:46] Warning in forecast_1 * observed_1 : NAs produced by integer overflow
[22:09:46] Warning in forecast_1 * observed_1 : NAs produced by integer overflow
[22:09:46] Warning in forecast_1 * observed_1 : NAs produced by integer overflow
[22:09:46] Warning in forecast_1 * observed_1 : NAs produced by integer overflow
[22:09:46] Warning in forecast_1 * observed_1 : NAs produced by integer overflow
[22:09:46] Warning in forecast_1 * observed_1 : NAs produced by integer overflow
[22:09:46] Warning in forecast_1 * observed_1 : NAs produced by integer overflow
[22:09:46] Warning in forecast_1 * observed_1 : NAs produced by integer overflow
[22:09:46] Warning in forecast_1 * observed_1 : NAs produced by integer overflow
[22:09:46] Warning in forecast_1 * observed_1 : NAs produced by integer overflow
[22:09:46] Warning in forecast_1 * observed_1 : NAs produced by integer overflow
[22:09:46] Warning in forecast_1 * observed_1 : NAs produced by integer overflow
[22:09:46] Warning in forecast_1 * observed_1 : NAs produced by integer overflow
[22:09:46] Warning in forecast_1 * observed_1 : NAs produced by integer overflow
[22:09:46] Warning in forecast_1 * observed_1 : NAs produced by integer overflow
[22:09:46] Warning in forecast_1 * observed_1 : NAs produced by integer overflow
[22:09:46] Warning in forecast_1 * observed_1 : NAs produced by integer overflow
[22:09:46] Warning in forecast_1 * observed_1 : NAs produced by integer overflow
[22:09:46] Warning in forecast_1 * observed_1 : NAs produced by integer overflow
[22:09:46] Warning in forecast_1 * observed_1 : NAs produced by integer overflow
[22:09:46] Warning in forecast_1 * observed_1 : NAs produced by integer overflow
[22:09:46] Warning in forecast_1 * observed_1 : NAs produced by integer overflow
[22:09:46] Warning in forecast_1 * observed_1 : NAs produced by integer overflow
[22:09:46] Warning in forecast_1 * observed_1 : NAs produced by integer overflow
[22:09:46] Warning in forecast_1 * observed_1 : NAs produced by integer overflow
[22:09:46] Warning in forecast_1 * observed_1 : NAs produced by integer overflow
[22:09:46] Warning in forecast_1 * observed_1 : NAs produced by integer overflow
[22:09:46] Warning in forecast_1 * observed_1 : NAs produced by integer overflow
[22:09:46] Warning in forecast_1 * observed_1 : NAs produced by integer overflow
[22:09:46] Warning in forecast_1 * observed_1 : NAs produced by integer overflow
[22:09:46] Warning in forecast_1 * observed_1 : NAs produced by integer overflow
[22:09:46] Warning in forecast_1 * observed_1 : NAs produced by integer overflow
[22:09:46] Warning in forecast_1 * observed_1 : NAs produced by integer overflow
[22:09:46] Warning in forecast_1 * observed_1 : NAs produced by integer overflow
[22:09:46] Warning in forecast_1 * observed_1 : NAs produced by integer overflow
[22:09:46] Warning in forecast_1 * observed_1 : NAs produced by integer overflow
[22:09:46] Warning in forecast_1 * observed_1 : NAs produced by integer overflow
[22:09:46] Warning in forecast_1 * observed_1 : NAs produced by integer overflow
[22:09:46] Warning in forecast_1 * observed_1 : NAs produced by integer overflow
[22:09:46] Warning in forecast_1 * observed_1 : NAs produced by integer overflow
[22:09:46] Warning in forecast_1 * observed_1 : NAs produced by integer overflow
[22:09:46] Warning in forecast_1 * observed_1 : NAs produced by integer overflow
[22:09:46] Warning in forecast_1 * observed_1 : NAs produced by integer overflow
[22:09:46] Warning in forecast_1 * observed_1 : NAs produced by integer overflow
[22:09:46] Warning in forecast_1 * observed_1 : NAs produced by integer overflow
[22:09:46] Warning in forecast_1 * observed_1 : NAs produced by integer overflow
[22:09:46] Warning in forecast_1 * observed_1 : NAs produced by integer overflow
[22:09:46] Warning in forecast_1 * observed_1 : NAs produced by integer overflow
[22:09:46] Warning in forecast_1 * observed_1 : NAs produced by integer overflow
[22:09:46] Warning in forecast_1 * observed_1 : NAs produced by integer overflow
[22:09:46] Warning in forecast_1 * observed_1 : NAs produced by integer overflow
[22:09:46] Warning in forecast_1 * observed_1 : NAs produced by integer overflow
[22:09:46] Warning in forecast_1 * observed_1 : NAs produced by integer overflow
[22:09:46] Warning in forecast_1 * observed_1 : NAs produced by integer overflow
[22:09:46] Warning in forecast_1 * observed_1 : NAs produced by integer overflow
[22:09:46] Warning in forecast_1 * observed_1 : NAs produced by integer overflow
[22:09:46] Warning in forecast_1 * observed_1 : NAs produced by integer overflow
[22:09:46] Warning in forecast_1 * observed_1 : NAs produced by integer overflow
[22:09:46] Warning in forecast_1 * observed_1 : NAs produced by integer overflow
[22:09:46] Warning in forecast_1 * observed_1 : NAs produced by integer overflow
[22:09:46] Warning in forecast_1 * observed_1 : NAs produced by integer overflow
[22:09:46] Warning in forecast_1 * observed_1 : NAs produced by integer overflow
[22:09:46] Warning in forecast_1 * observed_1 : NAs produced by integer overflow
[22:09:46] Warning in forecast_1 * observed_1 : NAs produced by integer overflow
[22:09:46] Warning in forecast_1 * observed_1 : NAs produced by integer overflow
[22:09:46] Warning in forecast_1 * observed_1 : NAs produced by integer overflow
[22:09:46] Warning in forecast_1 * observed_1 : NAs produced by integer overflow
[22:09:46] Warning in forecast_1 * observed_1 : NAs produced by integer overflow
[22:09:46] Warning in forecast_1 * observed_1 : NAs produced by integer overflow
[22:09:46] Warning in forecast_1 * observed_1 : NAs produced by integer overflow
[22:09:46] Warning in forecast_1 * observed_1 : NAs produced by integer overflow
[22:09:46] Warning in forecast_1 * observed_1 : NAs produced by integer overflow
[22:09:46] Warning in forecast_1 * observed_1 : NAs produced by integer overflow
[22:09:46] Warning in forecast_1 * observed_1 : NAs produced by integer overflow
[22:09:46] Warning in forecast_1 * observed_1 : NAs produced by integer overflow
[22:09:46] Warning in forecast_1 * observed_1 : NAs produced by integer overflow
[22:09:46] Warning in forecast_1 * observed_1 : NAs produced by integer overflow
[22:09:46] Warning in forecast_1 * observed_1 : NAs produced by integer overflow
[22:09:46] Warning in forecast_1 * observed_1 : NAs produced by integer overflow
[22:09:46] Warning in forecast_1 * observed_1 : NAs produced by integer overflow
[22:09:46] Warning in forecast_1 * observed_1 : NAs produced by integer overflow
[22:09:46] Warning in forecast_1 * observed_1 : NAs produced by integer overflow
[22:09:46] Warning in forecast_1 * observed_1 : NAs produced by integer overflow
[22:09:46] Warning in forecast_1 * observed_1 : NAs produced by integer overflow
[22:09:46] Warning in forecast_1 * observed_1 : NAs produced by integer overflow
[22:09:46] Warning in forecast_1 * observed_1 : NAs produced by integer overflow
[22:09:46] Warning in forecast_1 * observed_1 : NAs produced by integer overflow
[22:09:47] 
[22:09:54] 	Evaluating Model stuff...Warning in forecast_1 * observed_1 : NAs produced by integer overflow
[22:09:54] Warning in forecast_1 * observed_1 : NAs produced by integer overflow
[22:09:54] Warning in forecast_1 * observed_1 : NAs produced by integer overflow
[22:09:54] Warning in forecast_1 * observed_1 : NAs produced by integer overflow
[22:09:54] Warning in forecast_1 * observed_1 : NAs produced by integer overflow
[22:09:54] Warning in forecast_1 * observed_1 : NAs produced by integer overflow
[22:09:54] Warning in forecast_1 * observed_1 : NAs produced by integer overflow
[22:09:54] Warning in forecast_1 * observed_1 : NAs produced by integer overflow
[22:09:54] Warning in forecast_1 * observed_1 : NAs produced by integer overflow
[22:09:54] Warning in forecast_1 * observed_1 : NAs produced by integer overflow
[22:09:54] Warning in forecast_1 * observed_1 : NAs produced by integer overflow
[22:09:54] Warning in forecast_1 * observed_1 : NAs produced by integer overflow
[22:09:54] Warning in forecast_1 * observed_1 : NAs produced by integer overflow
[22:09:54] Warning in forecast_1 * observed_1 : NAs produced by integer overflow
[22:09:54] Warning in forecast_1 * observed_1 : NAs produced by integer overflow
[22:09:54] Warning in forecast_1 * observed_1 : NAs produced by integer overflow
[22:09:54] Warning in forecast_1 * observed_1 : NAs produced by integer overflow
[22:09:54] Warning in forecast_1 * observed_1 : NAs produced by integer overflow
[22:09:54] Warning in forecast_1 * observed_1 : NAs produced by integer overflow
[22:09:54] Warning in forecast_1 * observed_1 : NAs produced by integer overflow
[22:09:54] Warning in forecast_1 * observed_1 : NAs produced by integer overflow
[22:09:54] Warning in forecast_1 * observed_1 : NAs produced by integer overflow
[22:09:54] Warning in forecast_1 * observed_1 : NAs produced by integer overflow
[22:09:54] Warning in forecast_1 * observed_1 : NAs produced by integer overflow
[22:09:54] Warning in forecast_1 * observed_1 : NAs produced by integer overflow
[22:09:54] Warning in forecast_1 * observed_1 : NAs produced by integer overflow
[22:09:54] Warning in forecast_1 * observed_1 : NAs produced by integer overflow
[22:09:54] Warning in forecast_1 * observed_1 : NAs produced by integer overflow
[22:09:54] Warning in forecast_1 * observed_1 : NAs produced by integer overflow
[22:09:54] Warning in forecast_1 * observed_1 : NAs produced by integer overflow
[22:09:54] Warning in forecast_1 * observed_1 : NAs produced by integer overflow
[22:09:54] Warning in forecast_1 * observed_1 : NAs produced by integer overflow
[22:09:54] Warning in forecast_1 * observed_1 : NAs produced by integer overflow
[22:09:54] Warning in forecast_1 * observed_1 : NAs produced by integer overflow
[22:09:54] Warning in forecast_1 * observed_1 : NAs produced by integer overflow
[22:09:54] Warning in forecast_1 * observed_1 : NAs produced by integer overflow
[22:09:54] Warning in forecast_1 * observed_1 : NAs produced by integer overflow
[22:09:54] Warning in forecast_1 * observed_1 : NAs produced by integer overflow
[22:09:54] Warning in forecast_1 * observed_1 : NAs produced by integer overflow
[22:09:54] Warning in forecast_1 * observed_1 : NAs produced by integer overflow
[22:09:54] Warning in forecast_1 * observed_1 : NAs produced by integer overflow
[22:09:54] Warning in forecast_1 * observed_1 : NAs produced by integer overflow
[22:09:54] Warning in forecast_1 * observed_1 : NAs produced by integer overflow
[22:09:54] Warning in forecast_1 * observed_1 : NAs produced by integer overflow
[22:09:54] Warning in forecast_1 * observed_1 : NAs produced by integer overflow
[22:09:54] Warning in forecast_1 * observed_1 : NAs produced by integer overflow
[22:09:54] Warning in forecast_1 * observed_1 : NAs produced by integer overflow
[22:09:54] Warning in forecast_1 * observed_1 : NAs produced by integer overflow
[22:09:54] Warning in forecast_1 * observed_1 : NAs produced by integer overflow
[22:09:54] Warning in forecast_1 * observed_1 : NAs produced by integer overflow
[22:09:54] Warning in forecast_1 * observed_1 : NAs produced by integer overflow
[22:09:54] Warning in forecast_1 * observed_1 : NAs produced by integer overflow
[22:09:54] Warning in forecast_1 * observed_1 : NAs produced by integer overflow
[22:09:54] Warning in forecast_1 * observed_1 : NAs produced by integer overflow
[22:09:54] Warning in forecast_1 * observed_1 : NAs produced by integer overflow
[22:09:54] Warning in forecast_1 * observed_1 : NAs produced by integer overflow
[22:09:54] Warning in forecast_1 * observed_1 : NAs produced by integer overflow
[22:09:54] Warning in forecast_1 * observed_1 : NAs produced by integer overflow
[22:09:54] Warning in forecast_1 * observed_1 : NAs produced by integer overflow
[22:09:54] Warning in forecast_1 * observed_1 : NAs produced by integer overflow
[22:09:54] Warning in forecast_1 * observed_1 : NAs produced by integer overflow
[22:09:54] Warning in forecast_1 * observed_1 : NAs produced by integer overflow
[22:09:54] Warning in forecast_1 * observed_1 : NAs produced by integer overflow
[22:09:54] Warning in forecast_1 * observed_1 : NAs produced by integer overflow
[22:09:54] Warning in forecast_1 * observed_1 : NAs produced by integer overflow
[22:09:54] Warning in forecast_1 * observed_1 : NAs produced by integer overflow
[22:09:54] Warning in forecast_1 * observed_1 : NAs produced by integer overflow
[22:09:54] Warning in forecast_1 * observed_1 : NAs produced by integer overflow
[22:09:54] Warning in forecast_1 * observed_1 : NAs produced by integer overflow
[22:09:54] Warning in forecast_1 * observed_1 : NAs produced by integer overflow
[22:09:54] Warning in forecast_1 * observed_1 : NAs produced by integer overflow
[22:09:54] Warning in forecast_1 * observed_1 : NAs produced by integer overflow
[22:09:54] Warning in forecast_1 * observed_1 : NAs produced by integer overflow
[22:09:54] Warning in forecast_1 * observed_1 : NAs produced by integer overflow
[22:09:54] Warning in forecast_1 * observed_1 : NAs produced by integer overflow
[22:09:54] Warning in forecast_1 * observed_1 : NAs produced by integer overflow
[22:09:54] Warning in forecast_1 * observed_1 : NAs produced by integer overflow
[22:09:54] Warning in forecast_1 * observed_1 : NAs produced by integer overflow
[22:09:54] Warning in forecast_1 * observed_1 : NAs produced by integer overflow
[22:09:54] Warning in forecast_1 * observed_1 : NAs produced by integer overflow
[22:09:54] Warning in forecast_1 * observed_1 : NAs produced by integer overflow
[22:09:54] Warning in forecast_1 * observed_1 : NAs produced by integer overflow
[22:09:54] Warning in forecast_1 * observed_1 : NAs produced by integer overflow
[22:09:54] Warning in forecast_1 * observed_1 : NAs produced by integer overflow
[22:09:54] Warning in forecast_1 * observed_1 : NAs produced by integer overflow
[22:09:54] Warning in forecast_1 * observed_1 : NAs produced by integer overflow
[22:09:54] Warning in forecast_1 * observed_1 : NAs produced by integer overflow
[22:09:54] Warning in forecast_1 * observed_1 : NAs produced by integer overflow
[22:09:54] Warning in forecast_1 * observed_1 : NAs produced by integer overflow
[22:09:54] Warning in forecast_1 * observed_1 : NAs produced by integer overflow
[22:09:54] Warning in forecast_1 * observed_1 : NAs produced by integer overflow
[22:09:54] Warning in forecast_1 * observed_1 : NAs produced by integer overflow
[22:09:54] Warning in forecast_1 * observed_1 : NAs produced by integer overflow
[22:09:54] Warning in forecast_1 * observed_1 : NAs produced by integer overflow
[22:09:54] Warning in forecast_1 * observed_1 : NAs produced by integer overflow
[22:09:54] Warning in forecast_1 * observed_1 : NAs produced by integer overflow
[22:09:54] Warning in (forecast_1 * observed_1) + (forecast_0 * observed_0) :
[22:09:54]   NAs produced by integer overflow
[22:09:55] 
[22:09:55] 
[22:09:55] -=-=-=--=-=-=- Agrostis.capillaris_PA1_RUN2_GLM 
[22:09:55] 
[22:10:03] 	Evaluating Model stuff...
[22:10:03] 
[22:10:03] -=-=-=--=-=-=- Agrostis.capillaris_PA2_RUN1_GLM 
[22:10:03] Warning in forecast_1 * observed_1 : NAs produced by integer overflow
[22:10:03] Warning in forecast_1 * observed_1 : NAs produced by integer overflow
[22:10:03] Warning in forecast_1 * observed_1 : NAs produced by integer overflow
[22:10:03] Warning in forecast_1 * observed_1 : NAs produced by integer overflow
[22:10:03] Warning in forecast_1 * observed_1 : NAs produced by integer overflow
[22:10:03] Warning in forecast_1 * observed_1 : NAs produced by integer overflow
[22:10:03] Warning in forecast_1 * observed_1 : NAs produced by integer overflow
[22:10:03] Warning in forecast_1 * observed_1 : NAs produced by integer overflow
[22:10:03] Warning in forecast_1 * observed_1 : NAs produced by integer overflow
[22:10:03] Warning in forecast_1 * observed_1 : NAs produced by integer overflow
[22:10:03] Warning in forecast_1 * observed_1 : NAs produced by integer overflow
[22:10:03] Warning in forecast_1 * observed_1 : NAs produced by integer overflow
[22:10:03] Warning in forecast_1 * observed_1 : NAs produced by integer overflow
[22:10:03] Warning in forecast_1 * observed_1 : NAs produced by integer overflow
[22:10:03] Warning in forecast_1 * observed_1 : NAs produced by integer overflow
[22:10:03] Warning in forecast_1 * observed_1 : NAs produced by integer overflow
[22:10:03] Warning in forecast_1 * observed_1 : NAs produced by integer overflow
[22:10:03] Warning in forecast_1 * observed_1 : NAs produced by integer overflow
[22:10:03] Warning in forecast_1 * observed_1 : NAs produced by integer overflow
[22:10:03] Warning in forecast_1 * observed_1 : NAs produced by integer overflow
[22:10:03] Warning in forecast_1 * observed_1 : NAs produced by integer overflow
[22:10:03] Warning in forecast_1 * observed_1 : NAs produced by integer overflow
[22:10:03] Warning in forecast_1 * observed_1 : NAs produced by integer overflow
[22:10:03] Warning in forecast_1 * observed_1 : NAs produced by integer overflow
[22:10:03] Warning in forecast_1 * observed_1 : NAs produced by integer overflow
[22:10:03] Warning in forecast_1 * observed_1 : NAs produced by integer overflow
[22:10:03] Warning in forecast_1 * observed_1 : NAs produced by integer overflow
[22:10:03] Warning in forecast_1 * observed_1 : NAs produced by integer overflow
[22:10:03] Warning in forecast_1 * observed_1 : NAs produced by integer overflow
[22:10:03] Warning in forecast_1 * observed_1 : NAs produced by integer overflow
[22:10:03] Warning in forecast_1 * observed_1 : NAs produced by integer overflow
[22:10:03] Warning in forecast_1 * observed_1 : NAs produced by integer overflow
[22:10:03] Warning in forecast_1 * observed_1 : NAs produced by integer overflow
[22:10:03] Warning in forecast_1 * observed_1 : NAs produced by integer overflow
[22:10:03] Warning in forecast_1 * observed_1 : NAs produced by integer overflow
[22:10:03] Warning in forecast_1 * observed_1 : NAs produced by integer overflow
[22:10:03] Warning in forecast_1 * observed_1 : NAs produced by integer overflow
[22:10:03] Warning in forecast_1 * observed_1 : NAs produced by integer overflow
[22:10:03] Warning in forecast_1 * observed_1 : NAs produced by integer overflow
[22:10:03] Warning in forecast_1 * observed_1 : NAs produced by integer overflow
[22:10:03] Warning in forecast_1 * observed_1 : NAs produced by integer overflow
[22:10:03] Warning in forecast_1 * observed_1 : NAs produced by integer overflow
[22:10:03] Warning in forecast_1 * observed_1 : NAs produced by integer overflow
[22:10:03] Warning in forecast_1 * observed_1 : NAs produced by integer overflow
[22:10:03] Warning in forecast_1 * observed_1 : NAs produced by integer overflow
[22:10:03] Warning in forecast_1 * observed_1 : NAs produced by integer overflow
[22:10:03] Warning in forecast_1 * observed_1 : NAs produced by integer overflow
[22:10:03] Warning in forecast_1 * observed_1 : NAs produced by integer overflow
[22:10:03] Warning in forecast_1 * observed_1 : NAs produced by integer overflow
[22:10:03] Warning in forecast_1 * observed_1 : NAs produced by integer overflow
[22:10:03] Warning in forecast_1 * observed_1 : NAs produced by integer overflow
[22:10:03] Warning in forecast_1 * observed_1 : NAs produced by integer overflow
[22:10:03] Warning in forecast_1 * observed_1 : NAs produced by integer overflow
[22:10:03] Warning in forecast_1 * observed_1 : NAs produced by integer overflow
[22:10:03] Warning in forecast_1 * observed_1 : NAs produced by integer overflow
[22:10:03] Warning in forecast_1 * observed_1 : NAs produced by integer overflow
[22:10:03] Warning in forecast_1 * observed_1 : NAs produced by integer overflow
[22:10:03] Warning in forecast_1 * observed_1 : NAs produced by integer overflow
[22:10:03] Warning in forecast_1 * observed_1 : NAs produced by integer overflow
[22:10:03] Warning in forecast_1 * observed_1 : NAs produced by integer overflow
[22:10:03] Warning in forecast_1 * observed_1 : NAs produced by integer overflow
[22:10:03] Warning in forecast_1 * observed_1 : NAs produced by integer overflow
[22:10:03] Warning in forecast_1 * observed_1 : NAs produced by integer overflow
[22:10:03] Warning in forecast_1 * observed_1 : NAs produced by integer overflow
[22:10:03] Warning in forecast_1 * observed_1 : NAs produced by integer overflow
[22:10:03] Warning in forecast_1 * observed_1 : NAs produced by integer overflow
[22:10:03] Warning in forecast_1 * observed_1 : NAs produced by integer overflow
[22:10:03] Warning in forecast_1 * observed_1 : NAs produced by integer overflow
[22:10:03] Warning in forecast_1 * observed_1 : NAs produced by integer overflow
[22:10:03] Warning in forecast_1 * observed_1 : NAs produced by integer overflow
[22:10:03] Warning in forecast_1 * observed_1 : NAs produced by integer overflow
[22:10:03] Warning in forecast_1 * observed_1 : NAs produced by integer overflow
[22:10:03] Warning in forecast_1 * observed_1 : NAs produced by integer overflow
[22:10:03] Warning in forecast_1 * observed_1 : NAs produced by integer overflow
[22:10:03] Warning in forecast_1 * observed_1 : NAs produced by integer overflow
[22:10:03] Warning in forecast_1 * observed_1 : NAs produced by integer overflow
[22:10:03] Warning in forecast_1 * observed_1 : NAs produced by integer overflow
[22:10:03] Warning in forecast_1 * observed_1 : NAs produced by integer overflow
[22:10:03] Warning in forecast_1 * observed_1 : NAs produced by integer overflow
[22:10:03] Warning in forecast_1 * observed_1 : NAs produced by integer overflow
[22:10:03] Warning in forecast_1 * observed_1 : NAs produced by integer overflow
[22:10:03] Warning in forecast_1 * observed_1 : NAs produced by integer overflow
[22:10:03] Warning in forecast_1 * observed_1 : NAs produced by integer overflow
[22:10:03] Warning in forecast_1 * observed_1 : NAs produced by integer overflow
[22:10:03] Warning in forecast_1 * observed_1 : NAs produced by integer overflow
[22:10:03] Warning in forecast_1 * observed_1 : NAs produced by integer overflow
[22:10:03] Warning in forecast_1 * observed_1 : NAs produced by integer overflow
[22:10:03] Warning in forecast_1 * observed_1 : NAs produced by integer overflow
[22:10:03] Warning in (forecast_1 * observed_1) + (forecast_0 * observed_0) :
[22:10:03]   NAs produced by integer overflow
[22:10:03] Warning in (forecast_1 * observed_1) + (forecast_0 * observed_0) :
[22:10:03]   NAs produced by integer overflow
[22:10:03] 
[22:10:07] 	Evaluating Model stuff...
[22:10:11] 	Evaluating Model stuff...Warning in forecast_1 * observed_1 : NAs produced by integer overflow
[22:10:11] Warning in forecast_1 * observed_1 : NAs produced by integer overflow
[22:10:11] Warning in forecast_1 * observed_1 : NAs produced by integer overflow
[22:10:11] Warning in forecast_1 * observed_1 : NAs produced by integer overflow
[22:10:11] Warning in forecast_1 * observed_1 : NAs produced by integer overflow
[22:10:11] Warning in forecast_1 * observed_1 : NAs produced by integer overflow
[22:10:11] Warning in forecast_1 * observed_1 : NAs produced by integer overflow
[22:10:11] Warning in forecast_1 * observed_1 : NAs produced by integer overflow
[22:10:11] Warning in forecast_1 * observed_1 : NAs produced by integer overflow
[22:10:11] Warning in forecast_1 * observed_1 : NAs produced by integer overflow
[22:10:11] Warning in forecast_1 * observed_1 : NAs produced by integer overflow
[22:10:11] Warning in forecast_1 * observed_1 : NAs produced by integer overflow
[22:10:11] Warning in forecast_1 * observed_1 : NAs produced by integer overflow
[22:10:11] Warning in forecast_1 * observed_1 : NAs produced by integer overflow
[22:10:11] Warning in forecast_1 * observed_1 : NAs produced by integer overflow
[22:10:11] Warning in forecast_1 * observed_1 : NAs produced by integer overflow
[22:10:11] Warning in forecast_1 * observed_1 : NAs produced by integer overflow
[22:10:11] Warning in forecast_1 * observed_1 : NAs produced by integer overflow
[22:10:11] Warning in forecast_1 * observed_1 : NAs produced by integer overflow
[22:10:11] Warning in forecast_1 * observed_1 : NAs produced by integer overflow
[22:10:11] Warning in forecast_1 * observed_1 : NAs produced by integer overflow
[22:10:11] Warning in forecast_1 * observed_1 : NAs produced by integer overflow
[22:10:11] Warning in forecast_1 * observed_1 : NAs produced by integer overflow
[22:10:11] Warning in forecast_1 * observed_1 : NAs produced by integer overflow
[22:10:11] Warning in forecast_1 * observed_1 : NAs produced by integer overflow
[22:10:11] Warning in forecast_1 * observed_1 : NAs produced by integer overflow
[22:10:11] Warning in forecast_1 * observed_1 : NAs produced by integer overflow
[22:10:11] Warning in forecast_1 * observed_1 : NAs produced by integer overflow
[22:10:11] Warning in forecast_1 * observed_1 : NAs produced by integer overflow
[22:10:11] Warning in forecast_1 * observed_1 : NAs produced by integer overflow
[22:10:11] Warning in forecast_1 * observed_1 : NAs produced by integer overflow
[22:10:11] Warning in forecast_1 * observed_1 : NAs produced by integer overflow
[22:10:11] Warning in forecast_1 * observed_1 : NAs produced by integer overflow
[22:10:11] Warning in forecast_1 * observed_1 : NAs produced by integer overflow
[22:10:11] Warning in forecast_1 * observed_1 : NAs produced by integer overflow
[22:10:11] Warning in forecast_1 * observed_1 : NAs produced by integer overflow
[22:10:11] Warning in forecast_1 * observed_1 : NAs produced by integer overflow
[22:10:11] Warning in forecast_1 * observed_1 : NAs produced by integer overflow
[22:10:11] Warning in forecast_1 * observed_1 : NAs produced by integer overflow
[22:10:11] Warning in forecast_1 * observed_1 : NAs produced by integer overflow
[22:10:11] Warning in forecast_1 * observed_1 : NAs produced by integer overflow
[22:10:11] Warning in forecast_1 * observed_1 : NAs produced by integer overflow
[22:10:11] Warning in forecast_1 * observed_1 : NAs produced by integer overflow
[22:10:11] Warning in forecast_1 * observed_1 : NAs produced by integer overflow
[22:10:11] Warning in forecast_1 * observed_1 : NAs produced by integer overflow
[22:10:11] Warning in forecast_1 * observed_1 : NAs produced by integer overflow
[22:10:11] Warning in forecast_1 * observed_1 : NAs produced by integer overflow
[22:10:11] Warning in forecast_1 * observed_1 : NAs produced by integer overflow
[22:10:11] Warning in forecast_1 * observed_1 : NAs produced by integer overflow
[22:10:11] Warning in forecast_1 * observed_1 : NAs produced by integer overflow
[22:10:11] Warning in forecast_1 * observed_1 : NAs produced by integer overflow
[22:10:11] Warning in forecast_1 * observed_1 : NAs produced by integer overflow
[22:10:11] Warning in forecast_1 * observed_1 : NAs produced by integer overflow
[22:10:11] Warning in forecast_1 * observed_1 : NAs produced by integer overflow
[22:10:11] Warning in forecast_1 * observed_1 : NAs produced by integer overflow
[22:10:11] Warning in forecast_1 * observed_1 : NAs produced by integer overflow
[22:10:11] Warning in forecast_1 * observed_1 : NAs produced by integer overflow
[22:10:11] Warning in forecast_1 * observed_1 : NAs produced by integer overflow
[22:10:11] Warning in forecast_1 * observed_1 : NAs produced by integer overflow
[22:10:11] Warning in forecast_1 * observed_1 : NAs produced by integer overflow
[22:10:11] Warning in forecast_1 * observed_1 : NAs produced by integer overflow
[22:10:11] Warning in forecast_1 * observed_1 : NAs produced by integer overflow
[22:10:11] Warning in forecast_1 * observed_1 : NAs produced by integer overflow
[22:10:11] Warning in forecast_1 * observed_1 : NAs produced by integer overflow
[22:10:11] Warning in forecast_1 * observed_1 : NAs produced by integer overflow
[22:10:11] Warning in forecast_1 * observed_1 : NAs produced by integer overflow
[22:10:11] Warning in forecast_1 * observed_1 : NAs produced by integer overflow
[22:10:11] Warning in forecast_1 * observed_1 : NAs produced by integer overflow
[22:10:11] Warning in forecast_1 * observed_1 : NAs produced by integer overflow
[22:10:11] Warning in forecast_1 * observed_1 : NAs produced by integer overflow
[22:10:11] Warning in forecast_1 * observed_1 : NAs produced by integer overflow
[22:10:11] Warning in forecast_1 * observed_1 : NAs produced by integer overflow
[22:10:11] Warning in forecast_1 * observed_1 : NAs produced by integer overflow
[22:10:11] Warning in forecast_1 * observed_1 : NAs produced by integer overflow
[22:10:11] Warning in forecast_1 * observed_1 : NAs produced by integer overflow
[22:10:11] Warning in forecast_1 * observed_1 : NAs produced by integer overflow
[22:10:11] Warning in forecast_1 * observed_1 : NAs produced by integer overflow
[22:10:11] Warning in forecast_1 * observed_1 : NAs produced by integer overflow
[22:10:11] Warning in forecast_1 * observed_1 : NAs produced by integer overflow
[22:10:11] Warning in forecast_1 * observed_1 : NAs produced by integer overflow
[22:10:11] Warning in forecast_1 * observed_1 : NAs produced by integer overflow
[22:10:11] Warning in forecast_1 * observed_1 : NAs produced by integer overflow
[22:10:11] Warning in forecast_1 * observed_1 : NAs produced by integer overflow
[22:10:11] Warning in forecast_1 * observed_1 : NAs produced by integer overflow
[22:10:11] Warning in forecast_1 * observed_1 : NAs produced by integer overflow
[22:10:11] Warning in forecast_1 * observed_1 : NAs produced by integer overflow
[22:10:11] Warning in forecast_1 * observed_1 : NAs produced by integer overflow
[22:10:11] Warning in forecast_1 * observed_1 : NAs produced by integer overflow
[22:10:11] Warning in (forecast_1 * observed_1) + (forecast_0 * observed_0) :
[22:10:11]   NAs produced by integer overflow
[22:10:11] Warning in (forecast_1 * observed_1) + (forecast_0 * observed_0) :
[22:10:11]   NAs produced by integer overflow
[22:10:13] 
[22:10:13] 
[22:10:13] -=-=-=--=-=-=- Agrostis.capillaris_PA1_RUN2_MAXNET 
[22:10:14] Warning in forecast_1 * observed_1 : NAs produced by integer overflow
[22:10:14] Warning in forecast_1 * observed_1 : NAs produced by integer overflow
[22:10:14] Warning in forecast_1 * observed_1 : NAs produced by integer overflow
[22:10:14] Warning in forecast_1 * observed_1 : NAs produced by integer overflow
[22:10:14] Warning in forecast_1 * observed_1 : NAs produced by integer overflow
[22:10:14] Warning in forecast_1 * observed_1 : NAs produced by integer overflow
[22:10:14] Warning in forecast_1 * observed_1 : NAs produced by integer overflow
[22:10:14] Warning in forecast_1 * observed_1 : NAs produced by integer overflow
[22:10:14] Warning in forecast_1 * observed_1 : NAs produced by integer overflow
[22:10:14] Warning in forecast_1 * observed_1 : NAs produced by integer overflow
[22:10:14] Warning in forecast_1 * observed_1 : NAs produced by integer overflow
[22:10:14] Warning in forecast_1 * observed_1 : NAs produced by integer overflow
[22:10:14] Warning in forecast_1 * observed_1 : NAs produced by integer overflow
[22:10:14] Warning in forecast_1 * observed_1 : NAs produced by integer overflow
[22:10:14] Warning in forecast_1 * observed_1 : NAs produced by integer overflow
[22:10:14] Warning in forecast_1 * observed_1 : NAs produced by integer overflow
[22:10:14] Warning in forecast_1 * observed_1 : NAs produced by integer overflow
[22:10:14] Warning in forecast_1 * observed_1 : NAs produced by integer overflow
[22:10:14] Warning in forecast_1 * observed_1 : NAs produced by integer overflow
[22:10:14] Warning in forecast_1 * observed_1 : NAs produced by integer overflow
[22:10:14] Warning in forecast_1 * observed_1 : NAs produced by integer overflow
[22:10:14] Warning in forecast_1 * observed_1 : NAs produced by integer overflow
[22:10:14] Warning in forecast_1 * observed_1 : NAs produced by integer overflow
[22:10:14] Warning in forecast_1 * observed_1 : NAs produced by integer overflow
[22:10:14] Warning in forecast_1 * observed_1 : NAs produced by integer overflow
[22:10:14] Warning in forecast_1 * observed_1 : NAs produced by integer overflow
[22:10:14] Warning in forecast_1 * observed_1 : NAs produced by integer overflow
[22:10:14] Warning in forecast_1 * observed_1 : NAs produced by integer overflow
[22:10:14] Warning in forecast_1 * observed_1 : NAs produced by integer overflow
[22:10:14] Warning in forecast_1 * observed_1 : NAs produced by integer overflow
[22:10:14] Warning in forecast_1 * observed_1 : NAs produced by integer overflow
[22:10:14] Warning in forecast_1 * observed_1 : NAs produced by integer overflow
[22:10:14] Warning in forecast_1 * observed_1 : NAs produced by integer overflow
[22:10:14] Warning in forecast_1 * observed_1 : NAs produced by integer overflow
[22:10:14] Warning in forecast_1 * observed_1 : NAs produced by integer overflow
[22:10:14] Warning in forecast_1 * observed_1 : NAs produced by integer overflow
[22:10:14] Warning in forecast_1 * observed_1 : NAs produced by integer overflow
[22:10:14] Warning in forecast_1 * observed_1 : NAs produced by integer overflow
[22:10:14] Warning in forecast_1 * observed_1 : NAs produced by integer overflow
[22:10:14] Warning in forecast_1 * observed_1 : NAs produced by integer overflow
[22:10:14] Warning in forecast_1 * observed_1 : NAs produced by integer overflow
[22:10:14] Warning in forecast_1 * observed_1 : NAs produced by integer overflow
[22:10:14] Warning in forecast_1 * observed_1 : NAs produced by integer overflow
[22:10:14] Warning in forecast_1 * observed_1 : NAs produced by integer overflow
[22:10:14] Warning in forecast_1 * observed_1 : NAs produced by integer overflow
[22:10:14] Warning in forecast_1 * observed_1 : NAs produced by integer overflow
[22:10:14] Warning in forecast_1 * observed_1 : NAs produced by integer overflow
[22:10:14] Warning in forecast_1 * observed_1 : NAs produced by integer overflow
[22:10:14] Warning in forecast_1 * observed_1 : NAs produced by integer overflow
[22:10:14] Warning in forecast_1 * observed_1 : NAs produced by integer overflow
[22:10:14] Warning in forecast_1 * observed_1 : NAs produced by integer overflow
[22:10:14] Warning in forecast_1 * observed_1 : NAs produced by integer overflow
[22:10:14] Warning in forecast_1 * observed_1 : NAs produced by integer overflow
[22:10:14] Warning in forecast_1 * observed_1 : NAs produced by integer overflow
[22:10:14] Warning in forecast_1 * observed_1 : NAs produced by integer overflow
[22:10:14] Warning in forecast_1 * observed_1 : NAs produced by integer overflow
[22:10:14] Warning in forecast_1 * observed_1 : NAs produced by integer overflow
[22:10:14] Warning in forecast_1 * observed_1 : NAs produced by integer overflow
[22:10:14] Warning in forecast_1 * observed_1 : NAs produced by integer overflow
[22:10:14] Warning in forecast_1 * observed_1 : NAs produced by integer overflow
[22:10:14] Warning in forecast_1 * observed_1 : NAs produced by integer overflow
[22:10:14] Warning in forecast_1 * observed_1 : NAs produced by integer overflow
[22:10:14] Warning in forecast_1 * observed_1 : NAs produced by integer overflow
[22:10:14] Warning in forecast_1 * observed_1 : NAs produced by integer overflow
[22:10:14] Warning in forecast_1 * observed_1 : NAs produced by integer overflow
[22:10:14] Warning in forecast_1 * observed_1 : NAs produced by integer overflow
[22:10:14] Warning in forecast_1 * observed_1 : NAs produced by integer overflow
[22:10:14] Warning in forecast_1 * observed_1 : NAs produced by integer overflow
[22:10:14] Warning in forecast_1 * observed_1 : NAs produced by integer overflow
[22:10:14] Warning in forecast_1 * observed_1 : NAs produced by integer overflow
[22:10:14] Warning in forecast_1 * observed_1 : NAs produced by integer overflow
[22:10:14] Warning in forecast_1 * observed_1 : NAs produced by integer overflow
[22:10:14] Warning in forecast_1 * observed_1 : NAs produced by integer overflow
[22:10:14] Warning in forecast_1 * observed_1 : NAs produced by integer overflow
[22:10:14] Warning in forecast_1 * observed_1 : NAs produced by integer overflow
[22:10:14] Warning in forecast_1 * observed_1 : NAs produced by integer overflow
[22:10:14] Warning in forecast_1 * observed_1 : NAs produced by integer overflow
[22:10:14] Warning in forecast_1 * observed_1 : NAs produced by integer overflow
[22:10:14] Warning in forecast_1 * observed_1 : NAs produced by integer overflow
[22:10:14] Warning in forecast_1 * observed_1 : NAs produced by integer overflow
[22:10:14] Warning in forecast_1 * observed_1 : NAs produced by integer overflow
[22:10:14] Warning in forecast_1 * observed_1 : NAs produced by integer overflow
[22:10:14] Warning in forecast_1 * observed_1 : NAs produced by integer overflow
[22:10:14] Warning in forecast_1 * observed_1 : NAs produced by integer overflow
[22:10:14] Warning in forecast_1 * observed_1 : NAs produced by integer overflow
[22:10:14] Warning in forecast_1 * observed_1 : NAs produced by integer overflow
[22:10:14] Warning in forecast_1 * observed_1 : NAs produced by integer overflow
[22:10:14] Warning in forecast_1 * observed_1 : NAs produced by integer overflow
[22:10:14] Warning in forecast_1 * observed_1 : NAs produced by integer overflow
[22:10:14] Warning in forecast_1 * observed_1 : NAs produced by integer overflow
[22:10:14] Warning in forecast_1 * observed_1 : NAs produced by integer overflow
[22:10:14] Warning in forecast_1 * observed_1 : NAs produced by integer overflow
[22:10:14] Warning in forecast_1 * observed_1 : NAs produced by integer overflow
[22:10:14] Warning in forecast_1 * observed_1 : NAs produced by integer overflow
[22:10:14] Warning in forecast_1 * observed_1 : NAs produced by integer overflow
[22:10:14] Warning in forecast_1 * observed_1 : NAs produced by integer overflow
[22:10:14] Warning in forecast_1 * observed_1 : NAs produced by integer overflow
[22:10:14] Warning in (forecast_1 * observed_1) + (forecast_0 * observed_0) :
[22:10:14]   NAs produced by integer overflow
[22:10:21] 
[22:10:21] 
[22:10:21] -=-=-=--=-=-=- Agrostis.capillaris_PA2_RUN1_MAXNET 
[22:10:23] 
[22:10:23] 
[22:10:23] -=-=-=--=-=-=- Agrostis.capillaris_PA2_RUN2_GLM 
[22:10:23] Warning: glm.fit: fitted probabilities numerically 0 or 1 occurred
[22:10:23] 
[22:10:31] 	Evaluating Model stuff...Warning in forecast_1 * observed_1 : NAs produced by integer overflow
[22:10:31] Warning in forecast_1 * observed_1 : NAs produced by integer overflow
[22:10:31] Warning in forecast_1 * observed_1 : NAs produced by integer overflow
[22:10:31] Warning in forecast_1 * observed_1 : NAs produced by integer overflow
[22:10:31] Warning in forecast_1 * observed_1 : NAs produced by integer overflow
[22:10:31] Warning in forecast_1 * observed_1 : NAs produced by integer overflow
[22:10:31] Warning in forecast_1 * observed_1 : NAs produced by integer overflow
[22:10:31] Warning in forecast_1 * observed_1 : NAs produced by integer overflow
[22:10:31] Warning in forecast_1 * observed_1 : NAs produced by integer overflow
[22:10:31] Warning in forecast_1 * observed_1 : NAs produced by integer overflow
[22:10:31] Warning in forecast_1 * observed_1 : NAs produced by integer overflow
[22:10:31] Warning in forecast_1 * observed_1 : NAs produced by integer overflow
[22:10:31] Warning in forecast_1 * observed_1 : NAs produced by integer overflow
[22:10:31] Warning in forecast_1 * observed_1 : NAs produced by integer overflow
[22:10:31] Warning in forecast_1 * observed_1 : NAs produced by integer overflow
[22:10:31] Warning in forecast_1 * observed_1 : NAs produced by integer overflow
[22:10:31] Warning in forecast_1 * observed_1 : NAs produced by integer overflow
[22:10:31] Warning in forecast_1 * observed_1 : NAs produced by integer overflow
[22:10:31] Warning in forecast_1 * observed_1 : NAs produced by integer overflow
[22:10:31] Warning in forecast_1 * observed_1 : NAs produced by integer overflow
[22:10:31] Warning in forecast_1 * observed_1 : NAs produced by integer overflow
[22:10:31] Warning in forecast_1 * observed_1 : NAs produced by integer overflow
[22:10:31] Warning in forecast_1 * observed_1 : NAs produced by integer overflow
[22:10:31] Warning in forecast_1 * observed_1 : NAs produced by integer overflow
[22:10:31] Warning in forecast_1 * observed_1 : NAs produced by integer overflow
[22:10:31] Warning in forecast_1 * observed_1 : NAs produced by integer overflow
[22:10:31] Warning in forecast_1 * observed_1 : NAs produced by integer overflow
[22:10:31] Warning in forecast_1 * observed_1 : NAs produced by integer overflow
[22:10:31] Warning in forecast_1 * observed_1 : NAs produced by integer overflow
[22:10:31] Warning in forecast_1 * observed_1 : NAs produced by integer overflow
[22:10:31] Warning in forecast_1 * observed_1 : NAs produced by integer overflow
[22:10:31] Warning in forecast_1 * observed_1 : NAs produced by integer overflow
[22:10:31] Warning in forecast_1 * observed_1 : NAs produced by integer overflow
[22:10:31] Warning in forecast_1 * observed_1 : NAs produced by integer overflow
[22:10:31] Warning in forecast_1 * observed_1 : NAs produced by integer overflow
[22:10:31] Warning in forecast_1 * observed_1 : NAs produced by integer overflow
[22:10:31] Warning in forecast_1 * observed_1 : NAs produced by integer overflow
[22:10:31] Warning in forecast_1 * observed_1 : NAs produced by integer overflow
[22:10:31] Warning in forecast_1 * observed_1 : NAs produced by integer overflow
[22:10:31] Warning in forecast_1 * observed_1 : NAs produced by integer overflow
[22:10:31] Warning in forecast_1 * observed_1 : NAs produced by integer overflow
[22:10:31] Warning in forecast_1 * observed_1 : NAs produced by integer overflow
[22:10:31] Warning in forecast_1 * observed_1 : NAs produced by integer overflow
[22:10:31] Warning in forecast_1 * observed_1 : NAs produced by integer overflow
[22:10:31] Warning in forecast_1 * observed_1 : NAs produced by integer overflow
[22:10:31] Warning in forecast_1 * observed_1 : NAs produced by integer overflow
[22:10:31] Warning in forecast_1 * observed_1 : NAs produced by integer overflow
[22:10:31] Warning in forecast_1 * observed_1 : NAs produced by integer overflow
[22:10:31] Warning in forecast_1 * observed_1 : NAs produced by integer overflow
[22:10:31] Warning in forecast_1 * observed_1 : NAs produced by integer overflow
[22:10:31] Warning in forecast_1 * observed_1 : NAs produced by integer overflow
[22:10:31] Warning in forecast_1 * observed_1 : NAs produced by integer overflow
[22:10:31] Warning in forecast_1 * observed_1 : NAs produced by integer overflow
[22:10:31] Warning in forecast_1 * observed_1 : NAs produced by integer overflow
[22:10:31] Warning in forecast_1 * observed_1 : NAs produced by integer overflow
[22:10:31] Warning in forecast_1 * observed_1 : NAs produced by integer overflow
[22:10:31] Warning in forecast_1 * observed_1 : NAs produced by integer overflow
[22:10:31] Warning in forecast_1 * observed_1 : NAs produced by integer overflow
[22:10:31] Warning in forecast_1 * observed_1 : NAs produced by integer overflow
[22:10:31] Warning in forecast_1 * observed_1 : NAs produced by integer overflow
[22:10:31] Warning in forecast_1 * observed_1 : NAs produced by integer overflow
[22:10:31] Warning in forecast_1 * observed_1 : NAs produced by integer overflow
[22:10:31] Warning in forecast_1 * observed_1 : NAs produced by integer overflow
[22:10:31] Warning in forecast_1 * observed_1 : NAs produced by integer overflow
[22:10:31] Warning in forecast_1 * observed_1 : NAs produced by integer overflow
[22:10:31] Warning in forecast_1 * observed_1 : NAs produced by integer overflow
[22:10:31] Warning in forecast_1 * observed_1 : NAs produced by integer overflow
[22:10:31] Warning in forecast_1 * observed_1 : NAs produced by integer overflow
[22:10:31] Warning in forecast_1 * observed_1 : NAs produced by integer overflow
[22:10:31] Warning in forecast_1 * observed_1 : NAs produced by integer overflow
[22:10:31] Warning in forecast_1 * observed_1 : NAs produced by integer overflow
[22:10:31] Warning in forecast_1 * observed_1 : NAs produced by integer overflow
[22:10:31] Warning in forecast_1 * observed_1 : NAs produced by integer overflow
[22:10:31] Warning in forecast_1 * observed_1 : NAs produced by integer overflow
[22:10:31] Warning in forecast_1 * observed_1 : NAs produced by integer overflow
[22:10:31] Warning in forecast_1 * observed_1 : NAs produced by integer overflow
[22:10:31] Warning in forecast_1 * observed_1 : NAs produced by integer overflow
[22:10:31] Warning in forecast_1 * observed_1 : NAs produced by integer overflow
[22:10:31] Warning in forecast_1 * observed_1 : NAs produced by integer overflow
[22:10:31] Warning in forecast_1 * observed_1 : NAs produced by integer overflow
[22:10:31] Warning in forecast_1 * observed_1 : NAs produced by integer overflow
[22:10:31] Warning in forecast_1 * observed_1 : NAs produced by integer overflow
[22:10:31] Warning in forecast_1 * observed_1 : NAs produced by integer overflow
[22:10:31] Warning in forecast_1 * observed_1 : NAs produced by integer overflow
[22:10:31] Warning in forecast_1 * observed_1 : NAs produced by integer overflow
[22:10:31] Warning in forecast_1 * observed_1 : NAs produced by integer overflow
[22:10:31] Warning in forecast_1 * observed_1 : NAs produced by integer overflow
[22:10:31] Warning in forecast_1 * observed_1 : NAs produced by integer overflow
[22:10:31] Warning in (forecast_1 * observed_1) + (forecast_0 * observed_0) :
[22:10:31]   NAs produced by integer overflow
[22:10:31] Warning in (forecast_1 * observed_1) + (forecast_0 * observed_0) :
[22:10:31]   NAs produced by integer overflow
[22:10:41] 
[22:10:41] 
[22:10:41] -=-=-=--=-=-=- Agrostis.capillaris_PA2_RUN2_MAXNET 
[22:21:46] 
[22:21:54] 	Evaluating Model stuff...Warning in forecast_1 * observed_1 : NAs produced by integer overflow
[22:21:54] Warning in forecast_1 * observed_1 : NAs produced by integer overflow
[22:21:54] Warning in forecast_1 * observed_1 : NAs produced by integer overflow
[22:21:54] Warning in forecast_1 * observed_1 : NAs produced by integer overflow
[22:21:54] Warning in forecast_1 * observed_1 : NAs produced by integer overflow
[22:21:54] Warning in forecast_1 * observed_1 : NAs produced by integer overflow
[22:21:54] Warning in forecast_1 * observed_1 : NAs produced by integer overflow
[22:21:54] Warning in forecast_1 * observed_1 : NAs produced by integer overflow
[22:21:54] Warning in forecast_1 * observed_1 : NAs produced by integer overflow
[22:21:54] Warning in forecast_1 * observed_1 : NAs produced by integer overflow
[22:21:54] Warning in forecast_1 * observed_1 : NAs produced by integer overflow
[22:21:54] Warning in forecast_1 * observed_1 : NAs produced by integer overflow
[22:21:54] Warning in forecast_1 * observed_1 : NAs produced by integer overflow
[22:21:54] Warning in forecast_1 * observed_1 : NAs produced by integer overflow
[22:21:54] Warning in forecast_1 * observed_1 : NAs produced by integer overflow
[22:21:54] Warning in forecast_1 * observed_1 : NAs produced by integer overflow
[22:21:54] Warning in forecast_1 * observed_1 : NAs produced by integer overflow
[22:21:54] Warning in forecast_1 * observed_1 : NAs produced by integer overflow
[22:21:54] Warning in forecast_1 * observed_1 : NAs produced by integer overflow
[22:21:54] Warning in forecast_1 * observed_1 : NAs produced by integer overflow
[22:21:54] Warning in forecast_1 * observed_1 : NAs produced by integer overflow
[22:21:54] Warning in forecast_1 * observed_1 : NAs produced by integer overflow
[22:21:54] Warning in forecast_1 * observed_1 : NAs produced by integer overflow
[22:21:54] Warning in forecast_1 * observed_1 : NAs produced by integer overflow
[22:21:54] Warning in forecast_1 * observed_1 : NAs produced by integer overflow
[22:21:54] Warning in forecast_1 * observed_1 : NAs produced by integer overflow
[22:21:54] Warning in forecast_1 * observed_1 : NAs produced by integer overflow
[22:21:54] Warning in forecast_1 * observed_1 : NAs produced by integer overflow
[22:21:54] Warning in forecast_1 * observed_1 : NAs produced by integer overflow
[22:21:54] Warning in forecast_1 * observed_1 : NAs produced by integer overflow
[22:21:54] Warning in forecast_1 * observed_1 : NAs produced by integer overflow
[22:21:54] Warning in forecast_1 * observed_1 : NAs produced by integer overflow
[22:21:54] Warning in forecast_1 * observed_1 : NAs produced by integer overflow
[22:21:54] Warning in forecast_1 * observed_1 : NAs produced by integer overflow
[22:21:54] Warning in forecast_1 * observed_1 : NAs produced by integer overflow
[22:21:54] Warning in forecast_1 * observed_1 : NAs produced by integer overflow
[22:21:54] Warning in forecast_1 * observed_1 : NAs produced by integer overflow
[22:21:54] Warning in forecast_1 * observed_1 : NAs produced by integer overflow
[22:21:54] Warning in forecast_1 * observed_1 : NAs produced by integer overflow
[22:21:54] Warning in forecast_1 * observed_1 : NAs produced by integer overflow
[22:21:54] Warning in forecast_1 * observed_1 : NAs produced by integer overflow
[22:21:54] Warning in forecast_1 * observed_1 : NAs produced by integer overflow
[22:21:54] Warning in forecast_1 * observed_1 : NAs produced by integer overflow
[22:21:54] Warning in forecast_1 * observed_1 : NAs produced by integer overflow
[22:21:54] Warning in forecast_1 * observed_1 : NAs produced by integer overflow
[22:21:54] Warning in forecast_1 * observed_1 : NAs produced by integer overflow
[22:21:54] Warning in forecast_1 * observed_1 : NAs produced by integer overflow
[22:21:54] Warning in forecast_1 * observed_1 : NAs produced by integer overflow
[22:21:54] Warning in forecast_1 * observed_1 : NAs produced by integer overflow
[22:21:54] Warning in forecast_1 * observed_1 : NAs produced by integer overflow
[22:21:54] Warning in forecast_1 * observed_1 : NAs produced by integer overflow
[22:21:54] Warning in forecast_1 * observed_1 : NAs produced by integer overflow
[22:21:54] Warning in forecast_1 * observed_1 : NAs produced by integer overflow
[22:21:54] Warning in forecast_1 * observed_1 : NAs produced by integer overflow
[22:21:54] Warning in forecast_1 * observed_1 : NAs produced by integer overflow
[22:21:54] Warning in forecast_1 * observed_1 : NAs produced by integer overflow
[22:21:54] Warning in forecast_1 * observed_1 : NAs produced by integer overflow
[22:21:54] Warning in forecast_1 * observed_1 : NAs produced by integer overflow
[22:21:54] Warning in forecast_1 * observed_1 : NAs produced by integer overflow
[22:21:54] Warning in forecast_1 * observed_1 : NAs produced by integer overflow
[22:21:54] Warning in forecast_1 * observed_1 : NAs produced by integer overflow
[22:21:54] Warning in forecast_1 * observed_1 : NAs produced by integer overflow
[22:21:54] Warning in forecast_1 * observed_1 : NAs produced by integer overflow
[22:21:54] Warning in forecast_1 * observed_1 : NAs produced by integer overflow
[22:21:54] Warning in forecast_1 * observed_1 : NAs produced by integer overflow
[22:21:54] Warning in forecast_1 * observed_1 : NAs produced by integer overflow
[22:21:54] Warning in forecast_1 * observed_1 : NAs produced by integer overflow
[22:21:54] Warning in forecast_1 * observed_1 : NAs produced by integer overflow
[22:21:54] Warning in forecast_1 * observed_1 : NAs produced by integer overflow
[22:21:54] Warning in forecast_1 * observed_1 : NAs produced by integer overflow
[22:21:54] Warning in forecast_1 * observed_1 : NAs produced by integer overflow
[22:21:54] Warning in forecast_1 * observed_1 : NAs produced by integer overflow
[22:21:54] Warning in forecast_1 * observed_1 : NAs produced by integer overflow
[22:21:54] Warning in forecast_1 * observed_1 : NAs produced by integer overflow
[22:21:54] Warning in forecast_1 * observed_1 : NAs produced by integer overflow
[22:21:54] Warning in forecast_1 * observed_1 : NAs produced by integer overflow
[22:21:54] Warning in forecast_1 * observed_1 : NAs produced by integer overflow
[22:21:54] Warning in forecast_1 * observed_1 : NAs produced by integer overflow
[22:21:54] Warning in forecast_1 * observed_1 : NAs produced by integer overflow
[22:21:54] Warning in forecast_1 * observed_1 : NAs produced by integer overflow
[22:21:54] Warning in forecast_1 * observed_1 : NAs produced by integer overflow
[22:21:54] Warning in forecast_1 * observed_1 : NAs produced by integer overflow
[22:21:54] Warning in forecast_1 * observed_1 : NAs produced by integer overflow
[22:21:54] Warning in forecast_1 * observed_1 : NAs produced by integer overflow
[22:21:54] Warning in forecast_1 * observed_1 : NAs produced by integer overflow
[22:21:54] Warning in forecast_1 * observed_1 : NAs produced by integer overflow
[22:21:54] Warning in forecast_1 * observed_1 : NAs produced by integer overflow
[22:21:54] Warning in forecast_1 * observed_1 : NAs produced by integer overflow
[22:21:54] Warning in forecast_1 * observed_1 : NAs produced by integer overflow
[22:21:54] Warning in forecast_1 * observed_1 : NAs produced by integer overflow
[22:21:54] Warning in forecast_1 * observed_1 : NAs produced by integer overflow
[22:21:54] Warning in forecast_1 * observed_1 : NAs produced by integer overflow
[22:21:54] Warning in forecast_1 * observed_1 : NAs produced by integer overflow
[22:21:54] Warning in forecast_1 * observed_1 : NAs produced by integer overflow
[22:21:54] Warning in forecast_1 * observed_1 : NAs produced by integer overflow
[22:21:54] Warning in forecast_1 * observed_1 : NAs produced by integer overflow
[22:21:54] Warning in forecast_1 * observed_1 : NAs produced by integer overflow
[22:22:02] 
[22:22:02] 
[22:22:02] -=-=-=--=-=-=- Agrostis.capillaris_PA1_RUN2_FDA 
[22:22:03] 
[22:22:03] 	Model scaling...Warning: glm.fit: fitted probabilities numerically 0 or 1 occurred
[22:22:03] 
[22:22:11] 	Evaluating Model stuff...Warning in forecast_1 * observed_1 : NAs produced by integer overflow
[22:22:11] Warning in forecast_1 * observed_1 : NAs produced by integer overflow
[22:22:11] Warning in forecast_1 * observed_1 : NAs produced by integer overflow
[22:22:11] Warning in forecast_1 * observed_1 : NAs produced by integer overflow
[22:22:11] Warning in forecast_1 * observed_1 : NAs produced by integer overflow
[22:22:11] Warning in forecast_1 * observed_1 : NAs produced by integer overflow
[22:22:11] Warning in forecast_1 * observed_1 : NAs produced by integer overflow
[22:22:11] Warning in forecast_1 * observed_1 : NAs produced by integer overflow
[22:22:11] Warning in forecast_1 * observed_1 : NAs produced by integer overflow
[22:22:11] Warning in forecast_1 * observed_1 : NAs produced by integer overflow
[22:22:11] Warning in forecast_1 * observed_1 : NAs produced by integer overflow
[22:22:11] Warning in forecast_1 * observed_1 : NAs produced by integer overflow
[22:22:11] Warning in forecast_1 * observed_1 : NAs produced by integer overflow
[22:22:11] Warning in forecast_1 * observed_1 : NAs produced by integer overflow
[22:22:11] Warning in forecast_1 * observed_1 : NAs produced by integer overflow
[22:22:11] Warning in forecast_1 * observed_1 : NAs produced by integer overflow
[22:22:11] Warning in forecast_1 * observed_1 : NAs produced by integer overflow
[22:22:11] Warning in forecast_1 * observed_1 : NAs produced by integer overflow
[22:22:11] Warning in forecast_1 * observed_1 : NAs produced by integer overflow
[22:22:11] Warning in forecast_1 * observed_1 : NAs produced by integer overflow
[22:22:11] Warning in forecast_1 * observed_1 : NAs produced by integer overflow
[22:22:11] Warning in forecast_1 * observed_1 : NAs produced by integer overflow
[22:22:11] Warning in forecast_1 * observed_1 : NAs produced by integer overflow
[22:22:11] Warning in forecast_1 * observed_1 : NAs produced by integer overflow
[22:22:11] Warning in forecast_1 * observed_1 : NAs produced by integer overflow
[22:22:11] Warning in forecast_1 * observed_1 : NAs produced by integer overflow
[22:22:11] Warning in forecast_1 * observed_1 : NAs produced by integer overflow
[22:22:11] Warning in forecast_1 * observed_1 : NAs produced by integer overflow
[22:22:11] Warning in forecast_1 * observed_1 : NAs produced by integer overflow
[22:22:11] Warning in forecast_1 * observed_1 : NAs produced by integer overflow
[22:22:11] Warning in forecast_1 * observed_1 : NAs produced by integer overflow
[22:22:11] Warning in forecast_1 * observed_1 : NAs produced by integer overflow
[22:22:11] Warning in forecast_1 * observed_1 : NAs produced by integer overflow
[22:22:11] Warning in forecast_1 * observed_1 : NAs produced by integer overflow
[22:22:11] Warning in forecast_1 * observed_1 : NAs produced by integer overflow
[22:22:11] Warning in forecast_1 * observed_1 : NAs produced by integer overflow
[22:22:11] Warning in forecast_1 * observed_1 : NAs produced by integer overflow
[22:22:11] Warning in forecast_1 * observed_1 : NAs produced by integer overflow
[22:22:11] Warning in forecast_1 * observed_1 : NAs produced by integer overflow
[22:22:11] Warning in forecast_1 * observed_1 : NAs produced by integer overflow
[22:22:11] Warning in forecast_1 * observed_1 : NAs produced by integer overflow
[22:22:11] Warning in forecast_1 * observed_1 : NAs produced by integer overflow
[22:22:11] Warning in forecast_1 * observed_1 : NAs produced by integer overflow
[22:22:11] Warning in forecast_1 * observed_1 : NAs produced by integer overflow
[22:22:11] Warning in forecast_1 * observed_1 : NAs produced by integer overflow
[22:22:11] Warning in forecast_1 * observed_1 : NAs produced by integer overflow
[22:22:11] Warning in forecast_1 * observed_1 : NAs produced by integer overflow
[22:22:11] Warning in forecast_1 * observed_1 : NAs produced by integer overflow
[22:22:11] Warning in forecast_1 * observed_1 : NAs produced by integer overflow
[22:22:11] Warning in forecast_1 * observed_1 : NAs produced by integer overflow
[22:22:11] Warning in forecast_1 * observed_1 : NAs produced by integer overflow
[22:22:11] Warning in forecast_1 * observed_1 : NAs produced by integer overflow
[22:22:11] Warning in forecast_1 * observed_1 : NAs produced by integer overflow
[22:22:11] Warning in forecast_1 * observed_1 : NAs produced by integer overflow
[22:22:11] Warning in forecast_1 * observed_1 : NAs produced by integer overflow
[22:22:11] Warning in forecast_1 * observed_1 : NAs produced by integer overflow
[22:22:11] Warning in forecast_1 * observed_1 : NAs produced by integer overflow
[22:22:11] Warning in forecast_1 * observed_1 : NAs produced by integer overflow
[22:22:11] Warning in forecast_1 * observed_1 : NAs produced by integer overflow
[22:22:11] Warning in forecast_1 * observed_1 : NAs produced by integer overflow
[22:22:11] Warning in forecast_1 * observed_1 : NAs produced by integer overflow
[22:22:11] Warning in forecast_1 * observed_1 : NAs produced by integer overflow
[22:22:11] Warning in forecast_1 * observed_1 : NAs produced by integer overflow
[22:22:11] Warning in forecast_1 * observed_1 : NAs produced by integer overflow
[22:22:11] Warning in forecast_1 * observed_1 : NAs produced by integer overflow
[22:22:11] Warning in forecast_1 * observed_1 : NAs produced by integer overflow
[22:22:11] Warning in forecast_1 * observed_1 : NAs produced by integer overflow
[22:22:11] Warning in forecast_1 * observed_1 : NAs produced by integer overflow
[22:22:11] Warning in forecast_1 * observed_1 : NAs produced by integer overflow
[22:22:11] Warning in forecast_1 * observed_1 : NAs produced by integer overflow
[22:22:11] Warning in forecast_1 * observed_1 : NAs produced by integer overflow
[22:22:11] Warning in forecast_1 * observed_1 : NAs produced by integer overflow
[22:22:11] Warning in forecast_1 * observed_1 : NAs produced by integer overflow
[22:22:11] Warning in forecast_1 * observed_1 : NAs produced by integer overflow
[22:22:11] Warning in forecast_1 * observed_1 : NAs produced by integer overflow
[22:22:11] Warning in forecast_1 * observed_1 : NAs produced by integer overflow
[22:22:11] Warning in forecast_1 * observed_1 : NAs produced by integer overflow
[22:22:11] Warning in forecast_1 * observed_1 : NAs produced by integer overflow
[22:22:11] Warning in forecast_1 * observed_1 : NAs produced by integer overflow
[22:22:11] Warning in forecast_1 * observed_1 : NAs produced by integer overflow
[22:22:11] Warning in forecast_1 * observed_1 : NAs produced by integer overflow
[22:22:11] Warning in forecast_1 * observed_1 : NAs produced by integer overflow
[22:22:11] Warning in forecast_1 * observed_1 : NAs produced by integer overflow
[22:22:11] Warning in forecast_1 * observed_1 : NAs produced by integer overflow
[22:22:11] Warning in forecast_1 * observed_1 : NAs produced by integer overflow
[22:22:11] Warning in forecast_1 * observed_1 : NAs produced by integer overflow
[22:22:11] Warning in forecast_1 * observed_1 : NAs produced by integer overflow
[22:22:11] Warning in forecast_1 * observed_1 : NAs produced by integer overflow
[22:22:11] Warning in forecast_1 * observed_1 : NAs produced by integer overflow
[22:22:11] Warning in forecast_1 * observed_1 : NAs produced by integer overflow
[22:22:11] Warning in forecast_1 * observed_1 : NAs produced by integer overflow
[22:22:11] Warning in forecast_1 * observed_1 : NAs produced by integer overflow
[22:22:11] Warning in forecast_1 * observed_1 : NAs produced by integer overflow
[22:22:11] Warning in forecast_1 * observed_1 : NAs produced by integer overflow
[22:22:11] Warning in (forecast_1 * observed_1) + (forecast_0 * observed_0) :
[22:22:11]   NAs produced by integer overflow
[22:22:20] 
[22:22:20] 
[22:22:20] -=-=-=--=-=-=- Agrostis.capillaris_PA2_RUN1_ANN 
[22:22:27] 
[22:22:27] 	Model scaling...
[22:22:34] 	Evaluating Model stuff...Warning in forecast_1 * observed_1 : NAs produced by integer overflow
[22:22:34] Warning in forecast_1 * observed_1 : NAs produced by integer overflow
[22:22:34] Warning in forecast_1 * observed_1 : NAs produced by integer overflow
[22:22:34] Warning in forecast_1 * observed_1 : NAs produced by integer overflow
[22:22:34] Warning in forecast_1 * observed_1 : NAs produced by integer overflow
[22:22:34] Warning in forecast_1 * observed_1 : NAs produced by integer overflow
[22:22:34] Warning in forecast_1 * observed_1 : NAs produced by integer overflow
[22:22:34] Warning in forecast_1 * observed_1 : NAs produced by integer overflow
[22:22:34] Warning in forecast_1 * observed_1 : NAs produced by integer overflow
[22:22:34] Warning in forecast_1 * observed_1 : NAs produced by integer overflow
[22:22:34] Warning in forecast_1 * observed_1 : NAs produced by integer overflow
[22:22:34] Warning in forecast_1 * observed_1 : NAs produced by integer overflow
[22:22:34] Warning in forecast_1 * observed_1 : NAs produced by integer overflow
[22:22:34] Warning in forecast_1 * observed_1 : NAs produced by integer overflow
[22:22:34] Warning in forecast_1 * observed_1 : NAs produced by integer overflow
[22:22:34] Warning in forecast_1 * observed_1 : NAs produced by integer overflow
[22:22:34] Warning in forecast_1 * observed_1 : NAs produced by integer overflow
[22:22:34] Warning in forecast_1 * observed_1 : NAs produced by integer overflow
[22:22:34] Warning in forecast_1 * observed_1 : NAs produced by integer overflow
[22:22:34] Warning in forecast_1 * observed_1 : NAs produced by integer overflow
[22:22:34] Warning in forecast_1 * observed_1 : NAs produced by integer overflow
[22:22:34] Warning in forecast_1 * observed_1 : NAs produced by integer overflow
[22:22:34] Warning in forecast_1 * observed_1 : NAs produced by integer overflow
[22:22:34] Warning in forecast_1 * observed_1 : NAs produced by integer overflow
[22:22:34] Warning in forecast_1 * observed_1 : NAs produced by integer overflow
[22:22:34] Warning in forecast_1 * observed_1 : NAs produced by integer overflow
[22:22:34] Warning in forecast_1 * observed_1 : NAs produced by integer overflow
[22:22:34] Warning in forecast_1 * observed_1 : NAs produced by integer overflow
[22:22:34] Warning in forecast_1 * observed_1 : NAs produced by integer overflow
[22:22:34] Warning in forecast_1 * observed_1 : NAs produced by integer overflow
[22:22:34] Warning in forecast_1 * observed_1 : NAs produced by integer overflow
[22:22:34] Warning in forecast_1 * observed_1 : NAs produced by integer overflow
[22:22:34] Warning in forecast_1 * observed_1 : NAs produced by integer overflow
[22:22:34] Warning in forecast_1 * observed_1 : NAs produced by integer overflow
[22:22:34] Warning in forecast_1 * observed_1 : NAs produced by integer overflow
[22:22:34] Warning in forecast_1 * observed_1 : NAs produced by integer overflow
[22:22:34] Warning in forecast_1 * observed_1 : NAs produced by integer overflow
[22:22:34] Warning in forecast_1 * observed_1 : NAs produced by integer overflow
[22:22:34] Warning in forecast_1 * observed_1 : NAs produced by integer overflow
[22:22:34] Warning in forecast_1 * observed_1 : NAs produced by integer overflow
[22:22:34] Warning in forecast_1 * observed_1 : NAs produced by integer overflow
[22:22:34] Warning in forecast_1 * observed_1 : NAs produced by integer overflow
[22:22:34] Warning in forecast_1 * observed_1 : NAs produced by integer overflow
[22:22:34] Warning in forecast_1 * observed_1 : NAs produced by integer overflow
[22:22:34] Warning in forecast_1 * observed_1 : NAs produced by integer overflow
[22:22:34] Warning in forecast_1 * observed_1 : NAs produced by integer overflow
[22:22:34] Warning in forecast_1 * observed_1 : NAs produced by integer overflow
[22:22:34] Warning in forecast_1 * observed_1 : NAs produced by integer overflow
[22:22:34] Warning in forecast_1 * observed_1 : NAs produced by integer overflow
[22:22:34] Warning in forecast_1 * observed_1 : NAs produced by integer overflow
[22:22:34] Warning in forecast_1 * observed_1 : NAs produced by integer overflow
[22:22:34] Warning in forecast_1 * observed_1 : NAs produced by integer overflow
[22:22:34] Warning in forecast_1 * observed_1 : NAs produced by integer overflow
[22:22:34] Warning in forecast_1 * observed_1 : NAs produced by integer overflow
[22:22:34] Warning in forecast_1 * observed_1 : NAs produced by integer overflow
[22:22:34] Warning in forecast_1 * observed_1 : NAs produced by integer overflow
[22:22:34] Warning in forecast_1 * observed_1 : NAs produced by integer overflow
[22:22:34] Warning in forecast_1 * observed_1 : NAs produced by integer overflow
[22:22:34] Warning in forecast_1 * observed_1 : NAs produced by integer overflow
[22:22:34] Warning in forecast_1 * observed_1 : NAs produced by integer overflow
[22:22:34] Warning in forecast_1 * observed_1 : NAs produced by integer overflow
[22:22:34] Warning in forecast_1 * observed_1 : NAs produced by integer overflow
[22:22:34] Warning in forecast_1 * observed_1 : NAs produced by integer overflow
[22:22:34] Warning in forecast_1 * observed_1 : NAs produced by integer overflow
[22:22:34] Warning in forecast_1 * observed_1 : NAs produced by integer overflow
[22:22:34] Warning in forecast_1 * observed_1 : NAs produced by integer overflow
[22:22:34] Warning in forecast_1 * observed_1 : NAs produced by integer overflow
[22:22:34] Warning in forecast_1 * observed_1 : NAs produced by integer overflow
[22:22:34] Warning in forecast_1 * observed_1 : NAs produced by integer overflow
[22:22:34] Warning in forecast_1 * observed_1 : NAs produced by integer overflow
[22:22:34] Warning in forecast_1 * observed_1 : NAs produced by integer overflow
[22:22:34] Warning in forecast_1 * observed_1 : NAs produced by integer overflow
[22:22:34] Warning in forecast_1 * observed_1 : NAs produced by integer overflow
[22:22:34] Warning in forecast_1 * observed_1 : NAs produced by integer overflow
[22:22:34] Warning in forecast_1 * observed_1 : NAs produced by integer overflow
[22:22:34] Warning in forecast_1 * observed_1 : NAs produced by integer overflow
[22:22:34] Warning in forecast_1 * observed_1 : NAs produced by integer overflow
[22:22:34] Warning in forecast_1 * observed_1 : NAs produced by integer overflow
[22:22:34] Warning in forecast_1 * observed_1 : NAs produced by integer overflow
[22:22:34] Warning in forecast_1 * observed_1 : NAs produced by integer overflow
[22:22:34] Warning in forecast_1 * observed_1 : NAs produced by integer overflow
[22:22:34] Warning in forecast_1 * observed_1 : NAs produced by integer overflow
[22:22:34] Warning in forecast_1 * observed_1 : NAs produced by integer overflow
[22:22:34] Warning in forecast_1 * observed_1 : NAs produced by integer overflow
[22:22:34] Warning in forecast_1 * observed_1 : NAs produced by integer overflow
[22:22:34] Warning in forecast_1 * observed_1 : NAs produced by integer overflow
[22:22:34] Warning in forecast_1 * observed_1 : NAs produced by integer overflow
[22:22:34] Warning in forecast_1 * observed_1 : NAs produced by integer overflow
[22:22:34] Warning in forecast_1 * observed_1 : NAs produced by integer overflow
[22:22:34] Warning in forecast_1 * observed_1 : NAs produced by integer overflow
[22:22:34] Warning in forecast_1 * observed_1 : NAs produced by integer overflow
[22:22:34] Warning in forecast_1 * observed_1 : NAs produced by integer overflow
[22:22:34] Warning in forecast_1 * observed_1 : NAs produced by integer overflow
[22:22:34] Warning in forecast_1 * observed_1 : NAs produced by integer overflow
[22:22:34] Warning in (forecast_1 * observed_1) + (forecast_0 * observed_0) :
[22:22:34]   NAs produced by integer overflow
[22:22:44] 
[22:22:44] 
[22:22:44] -=-=-=--=-=-=- Agrostis.capillaris_PA2_RUN2_GBM 
[22:22:44] CV: 1 
[22:23:57] CV: 2 
[22:25:11] CV: 3 
[22:28:17] 
[22:28:18] 	Evaluating Model stuff...
[22:28:24] 	Evaluating Model stuff...Warning in forecast_1 * observed_1 : NAs produced by integer overflow
[22:28:24] Warning in forecast_1 * observed_1 : NAs produced by integer overflow
[22:28:24] Warning in forecast_1 * observed_1 : NAs produced by integer overflow
[22:28:24] Warning in forecast_1 * observed_1 : NAs produced by integer overflow
[22:28:24] Warning in forecast_1 * observed_1 : NAs produced by integer overflow
[22:28:24] Warning in forecast_1 * observed_1 : NAs produced by integer overflow
[22:28:24] Warning in forecast_1 * observed_1 : NAs produced by integer overflow
[22:28:24] Warning in forecast_1 * observed_1 : NAs produced by integer overflow
[22:28:24] Warning in forecast_1 * observed_1 : NAs produced by integer overflow
[22:28:24] Warning in forecast_1 * observed_1 : NAs produced by integer overflow
[22:28:24] Warning in forecast_1 * observed_1 : NAs produced by integer overflow
[22:28:24] Warning in forecast_1 * observed_1 : NAs produced by integer overflow
[22:28:24] Warning in forecast_1 * observed_1 : NAs produced by integer overflow
[22:28:24] Warning in forecast_1 * observed_1 : NAs produced by integer overflow
[22:28:24] Warning in forecast_1 * observed_1 : NAs produced by integer overflow
[22:28:24] Warning in forecast_1 * observed_1 : NAs produced by integer overflow
[22:28:24] Warning in forecast_1 * observed_1 : NAs produced by integer overflow
[22:28:24] Warning in forecast_1 * observed_1 : NAs produced by integer overflow
[22:28:24] Warning in forecast_1 * observed_1 : NAs produced by integer overflow
[22:28:24] Warning in forecast_1 * observed_1 : NAs produced by integer overflow
[22:28:24] Warning in forecast_1 * observed_1 : NAs produced by integer overflow
[22:28:24] Warning in forecast_1 * observed_1 : NAs produced by integer overflow
[22:28:24] Warning in forecast_1 * observed_1 : NAs produced by integer overflow
[22:28:24] Warning in forecast_1 * observed_1 : NAs produced by integer overflow
[22:28:24] Warning in forecast_1 * observed_1 : NAs produced by integer overflow
[22:28:24] Warning in forecast_1 * observed_1 : NAs produced by integer overflow
[22:28:24] Warning in forecast_1 * observed_1 : NAs produced by integer overflow
[22:28:24] Warning in forecast_1 * observed_1 : NAs produced by integer overflow
[22:28:24] Warning in forecast_1 * observed_1 : NAs produced by integer overflow
[22:28:24] Warning in forecast_1 * observed_1 : NAs produced by integer overflow
[22:28:24] Warning in forecast_1 * observed_1 : NAs produced by integer overflow
[22:28:24] Warning in forecast_1 * observed_1 : NAs produced by integer overflow
[22:28:24] Warning in forecast_1 * observed_1 : NAs produced by integer overflow
[22:28:24] Warning in forecast_1 * observed_1 : NAs produced by integer overflow
[22:28:24] Warning in forecast_1 * observed_1 : NAs produced by integer overflow
[22:28:24] Warning in forecast_1 * observed_1 : NAs produced by integer overflow
[22:28:24] Warning in forecast_1 * observed_1 : NAs produced by integer overflow
[22:28:24] Warning in forecast_1 * observed_1 : NAs produced by integer overflow
[22:28:24] Warning in forecast_1 * observed_1 : NAs produced by integer overflow
[22:28:24] Warning in forecast_1 * observed_1 : NAs produced by integer overflow
[22:28:24] Warning in forecast_1 * observed_1 : NAs produced by integer overflow
[22:28:24] Warning in forecast_1 * observed_1 : NAs produced by integer overflow
[22:28:24] Warning in forecast_1 * observed_1 : NAs produced by integer overflow
[22:28:24] Warning in forecast_1 * observed_1 : NAs produced by integer overflow
[22:28:24] Warning in forecast_1 * observed_1 : NAs produced by integer overflow
[22:28:24] Warning in forecast_1 * observed_1 : NAs produced by integer overflow
[22:28:24] Warning in forecast_1 * observed_1 : NAs produced by integer overflow
[22:28:24] Warning in forecast_1 * observed_1 : NAs produced by integer overflow
[22:28:24] Warning in forecast_1 * observed_1 : NAs produced by integer overflow
[22:28:24] Warning in forecast_1 * observed_1 : NAs produced by integer overflow
[22:28:24] Warning in forecast_1 * observed_1 : NAs produced by integer overflow
[22:28:24] Warning in forecast_1 * observed_1 : NAs produced by integer overflow
[22:28:24] Warning in forecast_1 * observed_1 : NAs produced by integer overflow
[22:28:24] Warning in forecast_1 * observed_1 : NAs produced by integer overflow
[22:28:24] Warning in forecast_1 * observed_1 : NAs produced by integer overflow
[22:28:24] Warning in forecast_1 * observed_1 : NAs produced by integer overflow
[22:28:24] Warning in forecast_1 * observed_1 : NAs produced by integer overflow
[22:28:24] Warning in forecast_1 * observed_1 : NAs produced by integer overflow
[22:28:24] Warning in forecast_1 * observed_1 : NAs produced by integer overflow
[22:28:24] Warning in forecast_1 * observed_1 : NAs produced by integer overflow
[22:28:24] Warning in forecast_1 * observed_1 : NAs produced by integer overflow
[22:28:24] Warning in forecast_1 * observed_1 : NAs produced by integer overflow
[22:28:24] Warning in forecast_1 * observed_1 : NAs produced by integer overflow
[22:28:24] Warning in forecast_1 * observed_1 : NAs produced by integer overflow
[22:28:24] Warning in forecast_1 * observed_1 : NAs produced by integer overflow
[22:28:24] Warning in forecast_1 * observed_1 : NAs produced by integer overflow
[22:28:24] Warning in forecast_1 * observed_1 : NAs produced by integer overflow
[22:28:24] Warning in forecast_1 * observed_1 : NAs produced by integer overflow
[22:28:24] Warning in forecast_1 * observed_1 : NAs produced by integer overflow
[22:28:24] Warning in forecast_1 * observed_1 : NAs produced by integer overflow
[22:28:24] Warning in forecast_1 * observed_1 : NAs produced by integer overflow
[22:28:24] Warning in forecast_1 * observed_1 : NAs produced by integer overflow
[22:28:24] Warning in forecast_1 * observed_1 : NAs produced by integer overflow
[22:28:24] Warning in forecast_1 * observed_1 : NAs produced by integer overflow
[22:28:24] Warning in forecast_1 * observed_1 : NAs produced by integer overflow
[22:28:24] Warning in forecast_1 * observed_1 : NAs produced by integer overflow
[22:28:24] Warning in forecast_1 * observed_1 : NAs produced by integer overflow
[22:28:24] Warning in forecast_1 * observed_1 : NAs produced by integer overflow
[22:28:24] Warning in forecast_1 * observed_1 : NAs produced by integer overflow
[22:28:24] Warning in forecast_1 * observed_1 : NAs produced by integer overflow
[22:28:24] Warning in forecast_1 * observed_1 : NAs produced by integer overflow
[22:28:24] Warning in forecast_1 * observed_1 : NAs produced by integer overflow
[22:28:24] Warning in forecast_1 * observed_1 : NAs produced by integer overflow
[22:28:24] Warning in forecast_1 * observed_1 : NAs produced by integer overflow
[22:28:24] Warning in forecast_1 * observed_1 : NAs produced by integer overflow
[22:28:24] Warning in forecast_1 * observed_1 : NAs produced by integer overflow
[22:28:24] Warning in forecast_1 * observed_1 : NAs produced by integer overflow
[22:28:24] Warning in forecast_1 * observed_1 : NAs produced by integer overflow
[22:28:24] Warning in forecast_1 * observed_1 : NAs produced by integer overflow
[22:28:24] Warning in forecast_1 * observed_1 : NAs produced by integer overflow
[22:28:24] Warning in forecast_1 * observed_1 : NAs produced by integer overflow
[22:28:24] Warning in forecast_1 * observed_1 : NAs produced by integer overflow
[22:28:24] Warning in forecast_1 * observed_1 : NAs produced by integer overflow
[22:28:24] Warning in forecast_1 * observed_1 : NAs produced by integer overflow
[22:28:24] Warning in forecast_1 * observed_1 : NAs produced by integer overflow
[22:28:24] Warning in forecast_1 * observed_1 : NAs produced by integer overflow
[22:28:24] Warning in forecast_1 * observed_1 : NAs produced by integer overflow
[22:28:26] Warning in forecast_1 * observed_1 : NAs produced by integer overflow
[22:28:26] Warning in forecast_1 * observed_1 : NAs produced by integer overflow
[22:28:26] Warning in forecast_1 * observed_1 : NAs produced by integer overflow
[22:28:26] Warning in forecast_1 * observed_1 : NAs produced by integer overflow
[22:28:26] Warning in forecast_1 * observed_1 : NAs produced by integer overflow
[22:28:26] Warning in forecast_1 * observed_1 : NAs produced by integer overflow
[22:28:26] Warning in forecast_1 * observed_1 : NAs produced by integer overflow
[22:28:26] Warning in forecast_1 * observed_1 : NAs produced by integer overflow
[22:28:26] Warning in forecast_1 * observed_1 : NAs produced by integer overflow
[22:28:26] Warning in forecast_1 * observed_1 : NAs produced by integer overflow
[22:28:26] Warning in forecast_1 * observed_1 : NAs produced by integer overflow
[22:28:26] Warning in forecast_1 * observed_1 : NAs produced by integer overflow
[22:28:26] Warning in forecast_1 * observed_1 : NAs produced by integer overflow
[22:28:26] Warning in forecast_1 * observed_1 : NAs produced by integer overflow
[22:28:26] Warning in forecast_1 * observed_1 : NAs produced by integer overflow
[22:28:26] Warning in forecast_1 * observed_1 : NAs produced by integer overflow
[22:28:26] Warning in forecast_1 * observed_1 : NAs produced by integer overflow
[22:28:26] Warning in forecast_1 * observed_1 : NAs produced by integer overflow
[22:28:26] Warning in forecast_1 * observed_1 : NAs produced by integer overflow
[22:28:26] Warning in forecast_1 * observed_1 : NAs produced by integer overflow
[22:28:26] Warning in forecast_1 * observed_1 : NAs produced by integer overflow
[22:28:26] Warning in forecast_1 * observed_1 : NAs produced by integer overflow
[22:28:26] Warning in forecast_1 * observed_1 : NAs produced by integer overflow
[22:28:26] Warning in forecast_1 * observed_1 : NAs produced by integer overflow
[22:28:26] Warning in forecast_1 * observed_1 : NAs produced by integer overflow
[22:28:26] Warning in forecast_1 * observed_1 : NAs produced by integer overflow
[22:28:26] Warning in forecast_1 * observed_1 : NAs produced by integer overflow
[22:28:26] Warning in forecast_1 * observed_1 : NAs produced by integer overflow
[22:28:26] Warning in forecast_1 * observed_1 : NAs produced by integer overflow
[22:28:26] Warning in forecast_1 * observed_1 : NAs produced by integer overflow
[22:28:26] Warning in forecast_1 * observed_1 : NAs produced by integer overflow
[22:28:26] Warning in forecast_1 * observed_1 : NAs produced by integer overflow
[22:28:26] Warning in forecast_1 * observed_1 : NAs produced by integer overflow
[22:28:26] Warning in forecast_1 * observed_1 : NAs produced by integer overflow
[22:28:26] Warning in forecast_1 * observed_1 : NAs produced by integer overflow
[22:28:26] Warning in forecast_1 * observed_1 : NAs produced by integer overflow
[22:28:26] Warning in forecast_1 * observed_1 : NAs produced by integer overflow
[22:28:26] Warning in forecast_1 * observed_1 : NAs produced by integer overflow
[22:28:26] Warning in forecast_1 * observed_1 : NAs produced by integer overflow
[22:28:26] Warning in forecast_1 * observed_1 : NAs produced by integer overflow
[22:28:26] Warning in forecast_1 * observed_1 : NAs produced by integer overflow
[22:28:26] Warning in forecast_1 * observed_1 : NAs produced by integer overflow
[22:28:26] Warning in forecast_1 * observed_1 : NAs produced by integer overflow
[22:28:26] Warning in forecast_1 * observed_1 : NAs produced by integer overflow
[22:28:26] Warning in forecast_1 * observed_1 : NAs produced by integer overflow
[22:28:26] Warning in forecast_1 * observed_1 : NAs produced by integer overflow
[22:28:26] Warning in forecast_1 * observed_1 : NAs produced by integer overflow
[22:28:26] Warning in forecast_1 * observed_1 : NAs produced by integer overflow
[22:28:26] Warning in forecast_1 * observed_1 : NAs produced by integer overflow
[22:28:26] Warning in forecast_1 * observed_1 : NAs produced by integer overflow
[22:28:26] Warning in forecast_1 * observed_1 : NAs produced by integer overflow
[22:28:26] Warning in forecast_1 * observed_1 : NAs produced by integer overflow
[22:28:26] Warning in forecast_1 * observed_1 : NAs produced by integer overflow
[22:28:26] Warning in forecast_1 * observed_1 : NAs produced by integer overflow
[22:28:26] Warning in forecast_1 * observed_1 : NAs produced by integer overflow
[22:28:26] Warning in forecast_1 * observed_1 : NAs produced by integer overflow
[22:28:26] Warning in forecast_1 * observed_1 : NAs produced by integer overflow
[22:28:26] Warning in forecast_1 * observed_1 : NAs produced by integer overflow
[22:28:26] Warning in forecast_1 * observed_1 : NAs produced by integer overflow
[22:28:26] Warning in forecast_1 * observed_1 : NAs produced by integer overflow
[22:28:26] Warning in forecast_1 * observed_1 : NAs produced by integer overflow
[22:28:26] Warning in forecast_1 * observed_1 : NAs produced by integer overflow
[22:28:26] Warning in forecast_1 * observed_1 : NAs produced by integer overflow
[22:28:26] Warning in forecast_1 * observed_1 : NAs produced by integer overflow
[22:28:26] Warning in forecast_1 * observed_1 : NAs produced by integer overflow
[22:28:26] Warning in forecast_1 * observed_1 : NAs produced by integer overflow
[22:28:26] Warning in forecast_1 * observed_1 : NAs produced by integer overflow
[22:28:26] Warning in forecast_1 * observed_1 : NAs produced by integer overflow
[22:28:26] Warning in forecast_1 * observed_1 : NAs produced by integer overflow
[22:28:26] Warning in forecast_1 * observed_1 : NAs produced by integer overflow
[22:28:26] Warning in forecast_1 * observed_1 : NAs produced by integer overflow
[22:28:26] Warning in forecast_1 * observed_1 : NAs produced by integer overflow
[22:28:26] Warning in forecast_1 * observed_1 : NAs produced by integer overflow
[22:28:26] Warning in forecast_1 * observed_1 : NAs produced by integer overflow
[22:28:26] Warning in forecast_1 * observed_1 : NAs produced by integer overflow
[22:28:26] Warning in forecast_1 * observed_1 : NAs produced by integer overflow
[22:28:26] Warning in forecast_1 * observed_1 : NAs produced by integer overflow
[22:28:26] Warning in forecast_1 * observed_1 : NAs produced by integer overflow
[22:28:26] Warning in forecast_1 * observed_1 : NAs produced by integer overflow
[22:28:26] Warning in forecast_1 * observed_1 : NAs produced by integer overflow
[22:28:26] Warning in forecast_1 * observed_1 : NAs produced by integer overflow
[22:28:26] Warning in forecast_1 * observed_1 : NAs produced by integer overflow
[22:28:26] Warning in forecast_1 * observed_1 : NAs produced by integer overflow
[22:28:26] Warning in forecast_1 * observed_1 : NAs produced by integer overflow
[22:28:26] Warning in forecast_1 * observed_1 : NAs produced by integer overflow
[22:28:26] Warning in forecast_1 * observed_1 : NAs produced by integer overflow
[22:28:26] Warning in forecast_1 * observed_1 : NAs produced by integer overflow
[22:28:26] Warning in forecast_1 * observed_1 : NAs produced by integer overflow
[22:28:26] Warning in forecast_1 * observed_1 : NAs produced by integer overflow
[22:28:26] Warning in forecast_1 * observed_1 : NAs produced by integer overflow
[22:28:26] Warning in forecast_1 * observed_1 : NAs produced by integer overflow
[22:28:26] Warning in forecast_1 * observed_1 : NAs produced by integer overflow
[22:28:26] Warning in forecast_1 * observed_1 : NAs produced by integer overflow
[22:28:26] Warning in forecast_1 * observed_1 : NAs produced by integer overflow
[22:28:26] Warning in forecast_1 * observed_1 : NAs produced by integer overflow
[22:28:26] Warning in forecast_1 * observed_1 : NAs produced by integer overflow
[22:28:26] Warning in forecast_1 * observed_1 : NAs produced by integer overflow
[22:28:32] 
[22:28:32] 
[22:28:32] -=-=-=--=-=-=- Agrostis.capillaris_PA2_RUN1_FDA 
[22:28:33] 
[22:28:33] 	Model scaling...Warning: glm.fit: fitted probabilities numerically 0 or 1 occurred
[22:28:33] 
[22:28:33] 
[22:28:33] -=-=-=--=-=-=- Agrostis.capillaris_PA2_RUN2_FDA 
[22:28:34] 
[22:28:34] 	Evaluating Model stuff...
[22:28:35] 	Model scaling...Warning: glm.fit: fitted probabilities numerically 0 or 1 occurred
[22:28:35] 
[22:28:40] 	Evaluating Model stuff...
[22:28:41] 	Evaluating Model stuff...
[22:28:41] 	Evaluating Model stuff...Warning in forecast_1 * observed_1 : NAs produced by integer overflow
[22:28:41] Warning in forecast_1 * observed_1 : NAs produced by integer overflow
[22:28:41] Warning in forecast_1 * observed_1 : NAs produced by integer overflow
[22:28:41] Warning in forecast_1 * observed_1 : NAs produced by integer overflow
[22:28:41] Warning in forecast_1 * observed_1 : NAs produced by integer overflow
[22:28:41] Warning in forecast_1 * observed_1 : NAs produced by integer overflow
[22:28:41] Warning in forecast_1 * observed_1 : NAs produced by integer overflow
[22:28:41] Warning in forecast_1 * observed_1 : NAs produced by integer overflow
[22:28:41] Warning in forecast_1 * observed_1 : NAs produced by integer overflow
[22:28:41] Warning in forecast_1 * observed_1 : NAs produced by integer overflow
[22:28:41] Warning in forecast_1 * observed_1 : NAs produced by integer overflow
[22:28:41] Warning in forecast_1 * observed_1 : NAs produced by integer overflow
[22:28:41] Warning in forecast_1 * observed_1 : NAs produced by integer overflow
[22:28:41] Warning in forecast_1 * observed_1 : NAs produced by integer overflow
[22:28:41] Warning in forecast_1 * observed_1 : NAs produced by integer overflow
[22:28:41] Warning in forecast_1 * observed_1 : NAs produced by integer overflow
[22:28:41] Warning in forecast_1 * observed_1 : NAs produced by integer overflow
[22:28:41] Warning in forecast_1 * observed_1 : NAs produced by integer overflow
[22:28:41] Warning in forecast_1 * observed_1 : NAs produced by integer overflow
[22:28:41] Warning in forecast_1 * observed_1 : NAs produced by integer overflow
[22:28:41] Warning in forecast_1 * observed_1 : NAs produced by integer overflow
[22:28:41] Warning in forecast_1 * observed_1 : NAs produced by integer overflow
[22:28:41] Warning in forecast_1 * observed_1 : NAs produced by integer overflow
[22:28:41] Warning in forecast_1 * observed_1 : NAs produced by integer overflow
[22:28:41] Warning in forecast_1 * observed_1 : NAs produced by integer overflow
[22:28:41] Warning in forecast_1 * observed_1 : NAs produced by integer overflow
[22:28:41] Warning in forecast_1 * observed_1 : NAs produced by integer overflow
[22:28:41] Warning in forecast_1 * observed_1 : NAs produced by integer overflow
[22:28:41] Warning in forecast_1 * observed_1 : NAs produced by integer overflow
[22:28:41] Warning in forecast_1 * observed_1 : NAs produced by integer overflow
[22:28:41] Warning in forecast_1 * observed_1 : NAs produced by integer overflow
[22:28:41] Warning in forecast_1 * observed_1 : NAs produced by integer overflow
[22:28:41] Warning in forecast_1 * observed_1 : NAs produced by integer overflow
[22:28:41] Warning in forecast_1 * observed_1 : NAs produced by integer overflow
[22:28:41] Warning in forecast_1 * observed_1 : NAs produced by integer overflow
[22:28:41] Warning in forecast_1 * observed_1 : NAs produced by integer overflow
[22:28:41] Warning in forecast_1 * observed_1 : NAs produced by integer overflow
[22:28:41] Warning in forecast_1 * observed_1 : NAs produced by integer overflow
[22:28:41] Warning in forecast_1 * observed_1 : NAs produced by integer overflow
[22:28:41] Warning in forecast_1 * observed_1 : NAs produced by integer overflow
[22:28:41] Warning in forecast_1 * observed_1 : NAs produced by integer overflow
[22:28:41] Warning in forecast_1 * observed_1 : NAs produced by integer overflow
[22:28:41] Warning in forecast_1 * observed_1 : NAs produced by integer overflow
[22:28:41] Warning in forecast_1 * observed_1 : NAs produced by integer overflow
[22:28:41] Warning in forecast_1 * observed_1 : NAs produced by integer overflow
[22:28:41] Warning in forecast_1 * observed_1 : NAs produced by integer overflow
[22:28:41] Warning in forecast_1 * observed_1 : NAs produced by integer overflow
[22:28:41] Warning in forecast_1 * observed_1 : NAs produced by integer overflow
[22:28:41] Warning in forecast_1 * observed_1 : NAs produced by integer overflow
[22:28:41] Warning in forecast_1 * observed_1 : NAs produced by integer overflow
[22:28:41] Warning in forecast_1 * observed_1 : NAs produced by integer overflow
[22:28:41] Warning in forecast_1 * observed_1 : NAs produced by integer overflow
[22:28:41] Warning in forecast_1 * observed_1 : NAs produced by integer overflow
[22:28:41] Warning in forecast_1 * observed_1 : NAs produced by integer overflow
[22:28:41] Warning in forecast_1 * observed_1 : NAs produced by integer overflow
[22:28:41] Warning in forecast_1 * observed_1 : NAs produced by integer overflow
[22:28:41] Warning in forecast_1 * observed_1 : NAs produced by integer overflow
[22:28:41] Warning in forecast_1 * observed_1 : NAs produced by integer overflow
[22:28:41] Warning in forecast_1 * observed_1 : NAs produced by integer overflow
[22:28:41] Warning in forecast_1 * observed_1 : NAs produced by integer overflow
[22:28:41] Warning in forecast_1 * observed_1 : NAs produced by integer overflow
[22:28:41] Warning in forecast_1 * observed_1 : NAs produced by integer overflow
[22:28:41] Warning in forecast_1 * observed_1 : NAs produced by integer overflow
[22:28:41] Warning in forecast_1 * observed_1 : NAs produced by integer overflow
[22:28:41] Warning in forecast_1 * observed_1 : NAs produced by integer overflow
[22:28:41] Warning in forecast_1 * observed_1 : NAs produced by integer overflow
[22:28:41] Warning in forecast_1 * observed_1 : NAs produced by integer overflow
[22:28:41] Warning in forecast_1 * observed_1 : NAs produced by integer overflow
[22:28:41] Warning in forecast_1 * observed_1 : NAs produced by integer overflow
[22:28:41] Warning in forecast_1 * observed_1 : NAs produced by integer overflow
[22:28:41] Warning in forecast_1 * observed_1 : NAs produced by integer overflow
[22:28:41] Warning in forecast_1 * observed_1 : NAs produced by integer overflow
[22:28:41] Warning in forecast_1 * observed_1 : NAs produced by integer overflow
[22:28:41] Warning in forecast_1 * observed_1 : NAs produced by integer overflow
[22:28:41] Warning in forecast_1 * observed_1 : NAs produced by integer overflow
[22:28:41] Warning in forecast_1 * observed_1 : NAs produced by integer overflow
[22:28:41] Warning in forecast_1 * observed_1 : NAs produced by integer overflow
[22:28:41] Warning in forecast_1 * observed_1 : NAs produced by integer overflow
[22:28:41] Warning in forecast_1 * observed_1 : NAs produced by integer overflow
[22:28:41] Warning in forecast_1 * observed_1 : NAs produced by integer overflow
[22:28:41] Warning in forecast_1 * observed_1 : NAs produced by integer overflow
[22:28:41] Warning in forecast_1 * observed_1 : NAs produced by integer overflow
[22:28:41] Warning in forecast_1 * observed_1 : NAs produced by integer overflow
[22:28:41] Warning in forecast_1 * observed_1 : NAs produced by integer overflow
[22:28:41] Warning in forecast_1 * observed_1 : NAs produced by integer overflow
[22:28:41] Warning in forecast_1 * observed_1 : NAs produced by integer overflow
[22:28:41] Warning in forecast_1 * observed_1 : NAs produced by integer overflow
[22:28:41] Warning in forecast_1 * observed_1 : NAs produced by integer overflow
[22:28:41] Warning in forecast_1 * observed_1 : NAs produced by integer overflow
[22:28:41] Warning in forecast_1 * observed_1 : NAs produced by integer overflow
[22:28:41] Warning in forecast_1 * observed_1 : NAs produced by integer overflow
[22:28:41] Warning in forecast_1 * observed_1 : NAs produced by integer overflow
[22:28:41] Warning in forecast_1 * observed_1 : NAs produced by integer overflow
[22:28:41] Warning in forecast_1 * observed_1 : NAs produced by integer overflow
[22:28:43] Warning in forecast_1 * observed_1 : NAs produced by integer overflow
[22:28:43] Warning in forecast_1 * observed_1 : NAs produced by integer overflow
[22:28:43] Warning in forecast_1 * observed_1 : NAs produced by integer overflow
[22:28:43] Warning in forecast_1 * observed_1 : NAs produced by integer overflow
[22:28:43] Warning in forecast_1 * observed_1 : NAs produced by integer overflow
[22:28:43] Warning in forecast_1 * observed_1 : NAs produced by integer overflow
[22:28:43] Warning in forecast_1 * observed_1 : NAs produced by integer overflow
[22:28:43] Warning in forecast_1 * observed_1 : NAs produced by integer overflow
[22:28:43] Warning in forecast_1 * observed_1 : NAs produced by integer overflow
[22:28:43] Warning in forecast_1 * observed_1 : NAs produced by integer overflow
[22:28:43] Warning in forecast_1 * observed_1 : NAs produced by integer overflow
[22:28:43] Warning in forecast_1 * observed_1 : NAs produced by integer overflow
[22:28:43] Warning in forecast_1 * observed_1 : NAs produced by integer overflow
[22:28:43] Warning in forecast_1 * observed_1 : NAs produced by integer overflow
[22:28:43] Warning in forecast_1 * observed_1 : NAs produced by integer overflow
[22:28:43] Warning in forecast_1 * observed_1 : NAs produced by integer overflow
[22:28:43] Warning in forecast_1 * observed_1 : NAs produced by integer overflow
[22:28:43] Warning in forecast_1 * observed_1 : NAs produced by integer overflow
[22:28:43] Warning in forecast_1 * observed_1 : NAs produced by integer overflow
[22:28:43] Warning in forecast_1 * observed_1 : NAs produced by integer overflow
[22:28:43] Warning in forecast_1 * observed_1 : NAs produced by integer overflow
[22:28:43] Warning in forecast_1 * observed_1 : NAs produced by integer overflow
[22:28:43] Warning in forecast_1 * observed_1 : NAs produced by integer overflow
[22:28:43] Warning in forecast_1 * observed_1 : NAs produced by integer overflow
[22:28:43] Warning in forecast_1 * observed_1 : NAs produced by integer overflow
[22:28:43] Warning in forecast_1 * observed_1 : NAs produced by integer overflow
[22:28:43] Warning in forecast_1 * observed_1 : NAs produced by integer overflow
[22:28:43] Warning in forecast_1 * observed_1 : NAs produced by integer overflow
[22:28:43] Warning in forecast_1 * observed_1 : NAs produced by integer overflow
[22:28:43] Warning in forecast_1 * observed_1 : NAs produced by integer overflow
[22:28:43] Warning in forecast_1 * observed_1 : NAs produced by integer overflow
[22:28:43] Warning in forecast_1 * observed_1 : NAs produced by integer overflow
[22:28:43] Warning in forecast_1 * observed_1 : NAs produced by integer overflow
[22:28:43] Warning in forecast_1 * observed_1 : NAs produced by integer overflow
[22:28:43] Warning in forecast_1 * observed_1 : NAs produced by integer overflow
[22:28:43] Warning in forecast_1 * observed_1 : NAs produced by integer overflow
[22:28:43] Warning in forecast_1 * observed_1 : NAs produced by integer overflow
[22:28:43] Warning in forecast_1 * observed_1 : NAs produced by integer overflow
[22:28:43] Warning in forecast_1 * observed_1 : NAs produced by integer overflow
[22:28:43] Warning in forecast_1 * observed_1 : NAs produced by integer overflow
[22:28:43] Warning in forecast_1 * observed_1 : NAs produced by integer overflow
[22:28:43] Warning in forecast_1 * observed_1 : NAs produced by integer overflow
[22:28:43] Warning in forecast_1 * observed_1 : NAs produced by integer overflow
[22:28:43] Warning in forecast_1 * observed_1 : NAs produced by integer overflow
[22:28:43] Warning in forecast_1 * observed_1 : NAs produced by integer overflow
[22:28:43] Warning in forecast_1 * observed_1 : NAs produced by integer overflow
[22:28:43] Warning in forecast_1 * observed_1 : NAs produced by integer overflow
[22:28:43] Warning in forecast_1 * observed_1 : NAs produced by integer overflow
[22:28:43] Warning in forecast_1 * observed_1 : NAs produced by integer overflow
[22:28:43] Warning in forecast_1 * observed_1 : NAs produced by integer overflow
[22:28:43] Warning in forecast_1 * observed_1 : NAs produced by integer overflow
[22:28:43] Warning in forecast_1 * observed_1 : NAs produced by integer overflow
[22:28:43] Warning in forecast_1 * observed_1 : NAs produced by integer overflow
[22:28:43] Warning in forecast_1 * observed_1 : NAs produced by integer overflow
[22:28:43] Warning in forecast_1 * observed_1 : NAs produced by integer overflow
[22:28:43] Warning in forecast_1 * observed_1 : NAs produced by integer overflow
[22:28:43] Warning in forecast_1 * observed_1 : NAs produced by integer overflow
[22:28:43] Warning in forecast_1 * observed_1 : NAs produced by integer overflow
[22:28:43] Warning in forecast_1 * observed_1 : NAs produced by integer overflow
[22:28:43] Warning in forecast_1 * observed_1 : NAs produced by integer overflow
[22:28:43] Warning in forecast_1 * observed_1 : NAs produced by integer overflow
[22:28:43] Warning in forecast_1 * observed_1 : NAs produced by integer overflow
[22:28:43] Warning in forecast_1 * observed_1 : NAs produced by integer overflow
[22:28:43] Warning in forecast_1 * observed_1 : NAs produced by integer overflow
[22:28:43] Warning in forecast_1 * observed_1 : NAs produced by integer overflow
[22:28:43] Warning in forecast_1 * observed_1 : NAs produced by integer overflow
[22:28:43] Warning in forecast_1 * observed_1 : NAs produced by integer overflow
[22:28:43] Warning in forecast_1 * observed_1 : NAs produced by integer overflow
[22:28:43] Warning in forecast_1 * observed_1 : NAs produced by integer overflow
[22:28:43] Warning in forecast_1 * observed_1 : NAs produced by integer overflow
[22:28:43] Warning in forecast_1 * observed_1 : NAs produced by integer overflow
[22:28:43] Warning in forecast_1 * observed_1 : NAs produced by integer overflow
[22:28:43] Warning in forecast_1 * observed_1 : NAs produced by integer overflow
[22:28:43] Warning in forecast_1 * observed_1 : NAs produced by integer overflow
[22:28:43] Warning in forecast_1 * observed_1 : NAs produced by integer overflow
[22:28:43] Warning in forecast_1 * observed_1 : NAs produced by integer overflow
[22:28:43] Warning in forecast_1 * observed_1 : NAs produced by integer overflow
[22:28:43] Warning in forecast_1 * observed_1 : NAs produced by integer overflow
[22:28:43] Warning in forecast_1 * observed_1 : NAs produced by integer overflow
[22:28:43] Warning in forecast_1 * observed_1 : NAs produced by integer overflow
[22:28:43] Warning in forecast_1 * observed_1 : NAs produced by integer overflow
[22:28:43] Warning in forecast_1 * observed_1 : NAs produced by integer overflow
[22:28:43] Warning in forecast_1 * observed_1 : NAs produced by integer overflow
[22:28:43] Warning in forecast_1 * observed_1 : NAs produced by integer overflow
[22:28:43] Warning in forecast_1 * observed_1 : NAs produced by integer overflow
[22:28:43] Warning in forecast_1 * observed_1 : NAs produced by integer overflow
[22:28:43] Warning in forecast_1 * observed_1 : NAs produced by integer overflow
[22:28:43] Warning in forecast_1 * observed_1 : NAs produced by integer overflow
[22:28:43] Warning in forecast_1 * observed_1 : NAs produced by integer overflow
[22:28:43] Warning in forecast_1 * observed_1 : NAs produced by integer overflow
[22:28:43] Warning in forecast_1 * observed_1 : NAs produced by integer overflow
[22:28:43] Warning in forecast_1 * observed_1 : NAs produced by integer overflow
[22:28:43] Warning in forecast_1 * observed_1 : NAs produced by integer overflow
[22:28:43] Warning in forecast_1 * observed_1 : NAs produced by integer overflow
[22:28:48] Warning in forecast_1 * observed_1 : NAs produced by integer overflow
[22:28:48] Warning in forecast_1 * observed_1 : NAs produced by integer overflow
[22:28:48] Warning in forecast_1 * observed_1 : NAs produced by integer overflow
[22:28:48] Warning in forecast_1 * observed_1 : NAs produced by integer overflow
[22:28:48] Warning in forecast_1 * observed_1 : NAs produced by integer overflow
[22:28:48] Warning in forecast_1 * observed_1 : NAs produced by integer overflow
[22:28:48] Warning in forecast_1 * observed_1 : NAs produced by integer overflow
[22:28:48] Warning in forecast_1 * observed_1 : NAs produced by integer overflow
[22:28:48] Warning in forecast_1 * observed_1 : NAs produced by integer overflow
[22:28:48] Warning in forecast_1 * observed_1 : NAs produced by integer overflow
[22:28:48] Warning in forecast_1 * observed_1 : NAs produced by integer overflow
[22:28:48] Warning in forecast_1 * observed_1 : NAs produced by integer overflow
[22:28:48] Warning in forecast_1 * observed_1 : NAs produced by integer overflow
[22:28:48] Warning in forecast_1 * observed_1 : NAs produced by integer overflow
[22:28:48] Warning in forecast_1 * observed_1 : NAs produced by integer overflow
[22:28:48] Warning in forecast_1 * observed_1 : NAs produced by integer overflow
[22:28:48] Warning in forecast_1 * observed_1 : NAs produced by integer overflow
[22:28:48] Warning in forecast_1 * observed_1 : NAs produced by integer overflow
[22:28:48] Warning in forecast_1 * observed_1 : NAs produced by integer overflow
[22:28:48] Warning in forecast_1 * observed_1 : NAs produced by integer overflow
[22:28:48] Warning in forecast_1 * observed_1 : NAs produced by integer overflow
[22:28:48] Warning in forecast_1 * observed_1 : NAs produced by integer overflow
[22:28:48] Warning in forecast_1 * observed_1 : NAs produced by integer overflow
[22:28:48] Warning in forecast_1 * observed_1 : NAs produced by integer overflow
[22:28:48] Warning in forecast_1 * observed_1 : NAs produced by integer overflow
[22:28:48] Warning in forecast_1 * observed_1 : NAs produced by integer overflow
[22:28:48] Warning in forecast_1 * observed_1 : NAs produced by integer overflow
[22:28:48] Warning in forecast_1 * observed_1 : NAs produced by integer overflow
[22:28:48] Warning in forecast_1 * observed_1 : NAs produced by integer overflow
[22:28:48] Warning in forecast_1 * observed_1 : NAs produced by integer overflow
[22:28:48] Warning in forecast_1 * observed_1 : NAs produced by integer overflow
[22:28:48] Warning in forecast_1 * observed_1 : NAs produced by integer overflow
[22:28:48] Warning in forecast_1 * observed_1 : NAs produced by integer overflow
[22:28:48] Warning in forecast_1 * observed_1 : NAs produced by integer overflow
[22:28:48] Warning in forecast_1 * observed_1 : NAs produced by integer overflow
[22:28:48] Warning in forecast_1 * observed_1 : NAs produced by integer overflow
[22:28:48] Warning in forecast_1 * observed_1 : NAs produced by integer overflow
[22:28:48] Warning in forecast_1 * observed_1 : NAs produced by integer overflow
[22:28:48] Warning in forecast_1 * observed_1 : NAs produced by integer overflow
[22:28:48] Warning in forecast_1 * observed_1 : NAs produced by integer overflow
[22:28:48] Warning in forecast_1 * observed_1 : NAs produced by integer overflow
[22:28:48] Warning in forecast_1 * observed_1 : NAs produced by integer overflow
[22:28:48] Warning in forecast_1 * observed_1 : NAs produced by integer overflow
[22:28:48] Warning in forecast_1 * observed_1 : NAs produced by integer overflow
[22:28:48] Warning in forecast_1 * observed_1 : NAs produced by integer overflow
[22:28:48] Warning in forecast_1 * observed_1 : NAs produced by integer overflow
[22:28:48] Warning in forecast_1 * observed_1 : NAs produced by integer overflow
[22:28:48] Warning in forecast_1 * observed_1 : NAs produced by integer overflow
[22:28:48] Warning in forecast_1 * observed_1 : NAs produced by integer overflow
[22:28:48] Warning in forecast_1 * observed_1 : NAs produced by integer overflow
[22:28:48] Warning in forecast_1 * observed_1 : NAs produced by integer overflow
[22:28:48] Warning in forecast_1 * observed_1 : NAs produced by integer overflow
[22:28:48] Warning in forecast_1 * observed_1 : NAs produced by integer overflow
[22:28:48] Warning in forecast_1 * observed_1 : NAs produced by integer overflow
[22:28:48] Warning in forecast_1 * observed_1 : NAs produced by integer overflow
[22:28:48] Warning in forecast_1 * observed_1 : NAs produced by integer overflow
[22:28:48] Warning in forecast_1 * observed_1 : NAs produced by integer overflow
[22:28:48] Warning in forecast_1 * observed_1 : NAs produced by integer overflow
[22:28:48] Warning in forecast_1 * observed_1 : NAs produced by integer overflow
[22:28:48] Warning in forecast_1 * observed_1 : NAs produced by integer overflow
[22:28:48] Warning in forecast_1 * observed_1 : NAs produced by integer overflow
[22:28:48] Warning in forecast_1 * observed_1 : NAs produced by integer overflow
[22:28:48] Warning in forecast_1 * observed_1 : NAs produced by integer overflow
[22:28:48] Warning in forecast_1 * observed_1 : NAs produced by integer overflow
[22:28:48] Warning in forecast_1 * observed_1 : NAs produced by integer overflow
[22:28:48] Warning in forecast_1 * observed_1 : NAs produced by integer overflow
[22:28:48] Warning in forecast_1 * observed_1 : NAs produced by integer overflow
[22:28:48] Warning in forecast_1 * observed_1 : NAs produced by integer overflow
[22:28:48] Warning in forecast_1 * observed_1 : NAs produced by integer overflow
[22:28:48] Warning in forecast_1 * observed_1 : NAs produced by integer overflow
[22:28:48] Warning in forecast_1 * observed_1 : NAs produced by integer overflow
[22:28:48] Warning in forecast_1 * observed_1 : NAs produced by integer overflow
[22:28:48] Warning in forecast_1 * observed_1 : NAs produced by integer overflow
[22:28:48] Warning in forecast_1 * observed_1 : NAs produced by integer overflow
[22:28:48] Warning in forecast_1 * observed_1 : NAs produced by integer overflow
[22:28:48] Warning in forecast_1 * observed_1 : NAs produced by integer overflow
[22:28:48] Warning in forecast_1 * observed_1 : NAs produced by integer overflow
[22:28:48] Warning in forecast_1 * observed_1 : NAs produced by integer overflow
[22:28:48] Warning in forecast_1 * observed_1 : NAs produced by integer overflow
[22:28:48] Warning in forecast_1 * observed_1 : NAs produced by integer overflow
[22:28:48] Warning in forecast_1 * observed_1 : NAs produced by integer overflow
[22:28:48] Warning in forecast_1 * observed_1 : NAs produced by integer overflow
[22:28:48] Warning in forecast_1 * observed_1 : NAs produced by integer overflow
[22:28:48] Warning in forecast_1 * observed_1 : NAs produced by integer overflow
[22:28:48] Warning in forecast_1 * observed_1 : NAs produced by integer overflow
[22:28:48] Warning in forecast_1 * observed_1 : NAs produced by integer overflow
[22:28:48] Warning in forecast_1 * observed_1 : NAs produced by integer overflow
[22:28:48] Warning in forecast_1 * observed_1 : NAs produced by integer overflow
[22:28:48] Warning in forecast_1 * observed_1 : NAs produced by integer overflow
[22:28:48] Warning in forecast_1 * observed_1 : NAs produced by integer overflow
[22:28:48] Warning in forecast_1 * observed_1 : NAs produced by integer overflow
[22:28:48] Warning in forecast_1 * observed_1 : NAs produced by integer overflow
[22:28:48] Warning in forecast_1 * observed_1 : NAs produced by integer overflow
[22:28:48] Warning in forecast_1 * observed_1 : NAs produced by integer overflow
[22:28:48] Warning in forecast_1 * observed_1 : NAs produced by integer overflow
[22:28:48] Warning in forecast_1 * observed_1 : NAs produced by integer overflow
[22:28:48] Warning in forecast_1 * observed_1 : NAs produced by integer overflow
[22:28:49] Warning in forecast_1 * observed_1 : NAs produced by integer overflow
[22:28:49] Warning in forecast_1 * observed_1 : NAs produced by integer overflow
[22:28:49] Warning in forecast_1 * observed_1 : NAs produced by integer overflow
[22:28:49] Warning in forecast_1 * observed_1 : NAs produced by integer overflow
[22:28:49] Warning in forecast_1 * observed_1 : NAs produced by integer overflow
[22:28:49] Warning in forecast_1 * observed_1 : NAs produced by integer overflow
[22:28:49] Warning in forecast_1 * observed_1 : NAs produced by integer overflow
[22:28:49] Warning in forecast_1 * observed_1 : NAs produced by integer overflow
[22:28:49] Warning in forecast_1 * observed_1 : NAs produced by integer overflow
[22:28:49] Warning in forecast_1 * observed_1 : NAs produced by integer overflow
[22:28:49] Warning in forecast_1 * observed_1 : NAs produced by integer overflow
[22:28:49] Warning in forecast_1 * observed_1 : NAs produced by integer overflow
[22:28:49] Warning in forecast_1 * observed_1 : NAs produced by integer overflow
[22:28:49] Warning in forecast_1 * observed_1 : NAs produced by integer overflow
[22:28:49] Warning in forecast_1 * observed_1 : NAs produced by integer overflow
[22:28:49] Warning in forecast_1 * observed_1 : NAs produced by integer overflow
[22:28:49] Warning in forecast_1 * observed_1 : NAs produced by integer overflow
[22:28:49] Warning in forecast_1 * observed_1 : NAs produced by integer overflow
[22:28:49] Warning in forecast_1 * observed_1 : NAs produced by integer overflow
[22:28:49] Warning in forecast_1 * observed_1 : NAs produced by integer overflow
[22:28:49] Warning in forecast_1 * observed_1 : NAs produced by integer overflow
[22:28:49] Warning in forecast_1 * observed_1 : NAs produced by integer overflow
[22:28:49] Warning in forecast_1 * observed_1 : NAs produced by integer overflow
[22:28:49] Warning in forecast_1 * observed_1 : NAs produced by integer overflow
[22:28:49] Warning in forecast_1 * observed_1 : NAs produced by integer overflow
[22:28:49] Warning in forecast_1 * observed_1 : NAs produced by integer overflow
[22:28:49] Warning in forecast_1 * observed_1 : NAs produced by integer overflow
[22:28:49] Warning in forecast_1 * observed_1 : NAs produced by integer overflow
[22:28:49] Warning in forecast_1 * observed_1 : NAs produced by integer overflow
[22:28:49] Warning in forecast_1 * observed_1 : NAs produced by integer overflow
[22:28:49] Warning in forecast_1 * observed_1 : NAs produced by integer overflow
[22:28:49] Warning in forecast_1 * observed_1 : NAs produced by integer overflow
[22:28:49] Warning in forecast_1 * observed_1 : NAs produced by integer overflow
[22:28:49] Warning in forecast_1 * observed_1 : NAs produced by integer overflow
[22:28:49] Warning in forecast_1 * observed_1 : NAs produced by integer overflow
[22:28:49] Warning in forecast_1 * observed_1 : NAs produced by integer overflow
[22:28:49] Warning in forecast_1 * observed_1 : NAs produced by integer overflow
[22:28:49] Warning in forecast_1 * observed_1 : NAs produced by integer overflow
[22:28:49] Warning in forecast_1 * observed_1 : NAs produced by integer overflow
[22:28:49] Warning in forecast_1 * observed_1 : NAs produced by integer overflow
[22:28:49] Warning in forecast_1 * observed_1 : NAs produced by integer overflow
[22:28:49] Warning in forecast_1 * observed_1 : NAs produced by integer overflow
[22:28:49] Warning in forecast_1 * observed_1 : NAs produced by integer overflow
[22:28:49] Warning in forecast_1 * observed_1 : NAs produced by integer overflow
[22:28:49] Warning in forecast_1 * observed_1 : NAs produced by integer overflow
[22:28:49] Warning in forecast_1 * observed_1 : NAs produced by integer overflow
[22:28:49] Warning in forecast_1 * observed_1 : NAs produced by integer overflow
[22:28:49] Warning in forecast_1 * observed_1 : NAs produced by integer overflow
[22:28:49] Warning in forecast_1 * observed_1 : NAs produced by integer overflow
[22:28:49] Warning in forecast_1 * observed_1 : NAs produced by integer overflow
[22:28:49] Warning in forecast_1 * observed_1 : NAs produced by integer overflow
[22:28:49] Warning in forecast_1 * observed_1 : NAs produced by integer overflow
[22:28:49] Warning in forecast_1 * observed_1 : NAs produced by integer overflow
[22:28:49] Warning in forecast_1 * observed_1 : NAs produced by integer overflow
[22:28:49] Warning in forecast_1 * observed_1 : NAs produced by integer overflow
[22:28:49] Warning in forecast_1 * observed_1 : NAs produced by integer overflow
[22:28:49] Warning in forecast_1 * observed_1 : NAs produced by integer overflow
[22:28:49] Warning in forecast_1 * observed_1 : NAs produced by integer overflow
[22:28:49] Warning in forecast_1 * observed_1 : NAs produced by integer overflow
[22:28:49] Warning in forecast_1 * observed_1 : NAs produced by integer overflow
[22:28:49] Warning in forecast_1 * observed_1 : NAs produced by integer overflow
[22:28:49] Warning in forecast_1 * observed_1 : NAs produced by integer overflow
[22:28:49] Warning in forecast_1 * observed_1 : NAs produced by integer overflow
[22:28:49] Warning in forecast_1 * observed_1 : NAs produced by integer overflow
[22:28:49] Warning in forecast_1 * observed_1 : NAs produced by integer overflow
[22:28:49] Warning in forecast_1 * observed_1 : NAs produced by integer overflow
[22:28:49] Warning in forecast_1 * observed_1 : NAs produced by integer overflow
[22:28:49] Warning in forecast_1 * observed_1 : NAs produced by integer overflow
[22:28:49] Warning in forecast_1 * observed_1 : NAs produced by integer overflow
[22:28:49] Warning in forecast_1 * observed_1 : NAs produced by integer overflow
[22:28:49] Warning in forecast_1 * observed_1 : NAs produced by integer overflow
[22:28:49] Warning in forecast_1 * observed_1 : NAs produced by integer overflow
[22:28:49] Warning in forecast_1 * observed_1 : NAs produced by integer overflow
[22:28:49] Warning in forecast_1 * observed_1 : NAs produced by integer overflow
[22:28:49] Warning in forecast_1 * observed_1 : NAs produced by integer overflow
[22:28:49] Warning in forecast_1 * observed_1 : NAs produced by integer overflow
[22:28:49] Warning in forecast_1 * observed_1 : NAs produced by integer overflow
[22:28:49] Warning in forecast_1 * observed_1 : NAs produced by integer overflow
[22:28:49] Warning in forecast_1 * observed_1 : NAs produced by integer overflow
[22:28:49] Warning in forecast_1 * observed_1 : NAs produced by integer overflow
[22:28:49] Warning in forecast_1 * observed_1 : NAs produced by integer overflow
[22:28:49] Warning in forecast_1 * observed_1 : NAs produced by integer overflow
[22:28:49] Warning in forecast_1 * observed_1 : NAs produced by integer overflow
[22:28:49] Warning in forecast_1 * observed_1 : NAs produced by integer overflow
[22:28:49] Warning in forecast_1 * observed_1 : NAs produced by integer overflow
[22:28:49] Warning in forecast_1 * observed_1 : NAs produced by integer overflow
[22:28:49] Warning in forecast_1 * observed_1 : NAs produced by integer overflow
[22:28:49] Warning in forecast_1 * observed_1 : NAs produced by integer overflow
[22:28:49] Warning in forecast_1 * observed_1 : NAs produced by integer overflow
[22:28:49] Warning in forecast_1 * observed_1 : NAs produced by integer overflow
[22:28:49] Warning in forecast_1 * observed_1 : NAs produced by integer overflow
[22:28:49] Warning in forecast_1 * observed_1 : NAs produced by integer overflow
[22:28:49] Warning in forecast_1 * observed_1 : NAs produced by integer overflow
[22:28:49] Warning in forecast_1 * observed_1 : NAs produced by integer overflow
[22:28:49] Warning in forecast_1 * observed_1 : NAs produced by integer overflow
[22:28:49] Warning in forecast_1 * observed_1 : NAs produced by integer overflow
[22:28:49] Warning in forecast_1 * observed_1 : NAs produced by integer overflow
[22:28:49] Warning in (forecast_1 * observed_1) + (forecast_0 * observed_0) :
[22:28:49]   NAs produced by integer overflow
[22:28:49] Warning in max(calcStat, na.rm = TRUE) :
[22:28:49]   no non-missing arguments to max; returning -Inf
[22:28:51] 
[22:28:51] 
[22:28:51] -=-=-=--=-=-=- Agrostis.capillaris_PA2_RUN2_ANN 
[22:28:52] 
[22:28:52] 
[22:28:52] -=-=-=--=-=-=- Agrostis.capillaris_PA3_RUN1_ANN 
[22:28:55] 
[22:28:55] 
[22:28:55] -=-=-=--=-=-=- Agrostis.capillaris_PA3_RUN1_FDA 
[22:28:56] 
[22:28:57] 	Model scaling...Warning: glm.fit: fitted probabilities numerically 0 or 1 occurred
[22:28:57] 
[22:28:57] 	Evaluating Model stuff...
[22:28:57] 	Model scaling...
[22:28:57] 
[22:28:57] -=-=-=--=-=-=- Agrostis.capillaris_PA3_RUN1_GLM 
[22:28:57] 
[22:28:58] 	Evaluating Model stuff...
[22:28:59] 	Evaluating Model stuff...
[22:28:59] 	Model scaling...
[22:29:04] 	Evaluating Model stuff...Warning in forecast_1 * observed_1 : NAs produced by integer overflow
[22:29:04] Warning in forecast_1 * observed_1 : NAs produced by integer overflow
[22:29:04] Warning in forecast_1 * observed_1 : NAs produced by integer overflow
[22:29:04] Warning in forecast_1 * observed_1 : NAs produced by integer overflow
[22:29:04] Warning in forecast_1 * observed_1 : NAs produced by integer overflow
[22:29:04] Warning in forecast_1 * observed_1 : NAs produced by integer overflow
[22:29:04] Warning in forecast_1 * observed_1 : NAs produced by integer overflow
[22:29:04] Warning in forecast_1 * observed_1 : NAs produced by integer overflow
[22:29:04] Warning in forecast_1 * observed_1 : NAs produced by integer overflow
[22:29:04] Warning in forecast_1 * observed_1 : NAs produced by integer overflow
[22:29:04] Warning in forecast_1 * observed_1 : NAs produced by integer overflow
[22:29:04] Warning in forecast_1 * observed_1 : NAs produced by integer overflow
[22:29:04] Warning in forecast_1 * observed_1 : NAs produced by integer overflow
[22:29:04] Warning in forecast_1 * observed_1 : NAs produced by integer overflow
[22:29:04] Warning in forecast_1 * observed_1 : NAs produced by integer overflow
[22:29:04] Warning in forecast_1 * observed_1 : NAs produced by integer overflow
[22:29:04] Warning in forecast_1 * observed_1 : NAs produced by integer overflow
[22:29:04] Warning in forecast_1 * observed_1 : NAs produced by integer overflow
[22:29:04] Warning in forecast_1 * observed_1 : NAs produced by integer overflow
[22:29:04] Warning in forecast_1 * observed_1 : NAs produced by integer overflow
[22:29:04] Warning in forecast_1 * observed_1 : NAs produced by integer overflow
[22:29:04] Warning in forecast_1 * observed_1 : NAs produced by integer overflow
[22:29:04] Warning in forecast_1 * observed_1 : NAs produced by integer overflow
[22:29:04] Warning in forecast_1 * observed_1 : NAs produced by integer overflow
[22:29:04] Warning in forecast_1 * observed_1 : NAs produced by integer overflow
[22:29:04] Warning in forecast_1 * observed_1 : NAs produced by integer overflow
[22:29:04] Warning in forecast_1 * observed_1 : NAs produced by integer overflow
[22:29:04] Warning in forecast_1 * observed_1 : NAs produced by integer overflow
[22:29:04] Warning in forecast_1 * observed_1 : NAs produced by integer overflow
[22:29:04] Warning in forecast_1 * observed_1 : NAs produced by integer overflow
[22:29:04] Warning in forecast_1 * observed_1 : NAs produced by integer overflow
[22:29:04] Warning in forecast_1 * observed_1 : NAs produced by integer overflow
[22:29:04] Warning in forecast_1 * observed_1 : NAs produced by integer overflow
[22:29:04] Warning in forecast_1 * observed_1 : NAs produced by integer overflow
[22:29:04] Warning in forecast_1 * observed_1 : NAs produced by integer overflow
[22:29:04] Warning in forecast_1 * observed_1 : NAs produced by integer overflow
[22:29:04] Warning in forecast_1 * observed_1 : NAs produced by integer overflow
[22:29:04] Warning in forecast_1 * observed_1 : NAs produced by integer overflow
[22:29:04] Warning in forecast_1 * observed_1 : NAs produced by integer overflow
[22:29:04] Warning in forecast_1 * observed_1 : NAs produced by integer overflow
[22:29:04] Warning in forecast_1 * observed_1 : NAs produced by integer overflow
[22:29:04] Warning in forecast_1 * observed_1 : NAs produced by integer overflow
[22:29:04] Warning in forecast_1 * observed_1 : NAs produced by integer overflow
[22:29:04] Warning in forecast_1 * observed_1 : NAs produced by integer overflow
[22:29:04] Warning in forecast_1 * observed_1 : NAs produced by integer overflow
[22:29:04] Warning in forecast_1 * observed_1 : NAs produced by integer overflow
[22:29:04] Warning in forecast_1 * observed_1 : NAs produced by integer overflow
[22:29:04] Warning in forecast_1 * observed_1 : NAs produced by integer overflow
[22:29:04] Warning in forecast_1 * observed_1 : NAs produced by integer overflow
[22:29:04] Warning in forecast_1 * observed_1 : NAs produced by integer overflow
[22:29:04] Warning in forecast_1 * observed_1 : NAs produced by integer overflow
[22:29:04] Warning in forecast_1 * observed_1 : NAs produced by integer overflow
[22:29:04] Warning in forecast_1 * observed_1 : NAs produced by integer overflow
[22:29:04] Warning in forecast_1 * observed_1 : NAs produced by integer overflow
[22:29:04] Warning in forecast_1 * observed_1 : NAs produced by integer overflow
[22:29:04] Warning in forecast_1 * observed_1 : NAs produced by integer overflow
[22:29:04] Warning in forecast_1 * observed_1 : NAs produced by integer overflow
[22:29:04] Warning in forecast_1 * observed_1 : NAs produced by integer overflow
[22:29:04] Warning in forecast_1 * observed_1 : NAs produced by integer overflow
[22:29:04] Warning in forecast_1 * observed_1 : NAs produced by integer overflow
[22:29:04] Warning in forecast_1 * observed_1 : NAs produced by integer overflow
[22:29:04] Warning in forecast_1 * observed_1 : NAs produced by integer overflow
[22:29:04] Warning in forecast_1 * observed_1 : NAs produced by integer overflow
[22:29:04] Warning in forecast_1 * observed_1 : NAs produced by integer overflow
[22:29:04] Warning in forecast_1 * observed_1 : NAs produced by integer overflow
[22:29:04] Warning in forecast_1 * observed_1 : NAs produced by integer overflow
[22:29:04] Warning in forecast_1 * observed_1 : NAs produced by integer overflow
[22:29:04] Warning in forecast_1 * observed_1 : NAs produced by integer overflow
[22:29:04] Warning in forecast_1 * observed_1 : NAs produced by integer overflow
[22:29:04] Warning in forecast_1 * observed_1 : NAs produced by integer overflow
[22:29:04] Warning in forecast_1 * observed_1 : NAs produced by integer overflow
[22:29:04] Warning in forecast_1 * observed_1 : NAs produced by integer overflow
[22:29:04] Warning in forecast_1 * observed_1 : NAs produced by integer overflow
[22:29:04] Warning in forecast_1 * observed_1 : NAs produced by integer overflow
[22:29:04] Warning in forecast_1 * observed_1 : NAs produced by integer overflow
[22:29:04] Warning in forecast_1 * observed_1 : NAs produced by integer overflow
[22:29:04] Warning in forecast_1 * observed_1 : NAs produced by integer overflow
[22:29:04] Warning in forecast_1 * observed_1 : NAs produced by integer overflow
[22:29:04] Warning in forecast_1 * observed_1 : NAs produced by integer overflow
[22:29:04] Warning in forecast_1 * observed_1 : NAs produced by integer overflow
[22:29:04] Warning in forecast_1 * observed_1 : NAs produced by integer overflow
[22:29:04] Warning in forecast_1 * observed_1 : NAs produced by integer overflow
[22:29:04] Warning in forecast_1 * observed_1 : NAs produced by integer overflow
[22:29:04] Warning in forecast_1 * observed_1 : NAs produced by integer overflow
[22:29:04] Warning in forecast_1 * observed_1 : NAs produced by integer overflow
[22:29:04] Warning in forecast_1 * observed_1 : NAs produced by integer overflow
[22:29:04] Warning in forecast_1 * observed_1 : NAs produced by integer overflow
[22:29:04] Warning in forecast_1 * observed_1 : NAs produced by integer overflow
[22:29:04] Warning in forecast_1 * observed_1 : NAs produced by integer overflow
[22:29:04] Warning in forecast_1 * observed_1 : NAs produced by integer overflow
[22:29:04] Warning in forecast_1 * observed_1 : NAs produced by integer overflow
[22:29:04] Warning in forecast_1 * observed_1 : NAs produced by integer overflow
[22:29:04] Warning in forecast_1 * observed_1 : NAs produced by integer overflow
[22:29:04] Warning in forecast_1 * observed_1 : NAs produced by integer overflow
[22:29:05] Warning in forecast_1 * observed_1 : NAs produced by integer overflow
[22:29:05] Warning in forecast_1 * observed_1 : NAs produced by integer overflow
[22:29:05] Warning in forecast_1 * observed_1 : NAs produced by integer overflow
[22:29:05] Warning in forecast_1 * observed_1 : NAs produced by integer overflow
[22:29:05] Warning in forecast_1 * observed_1 : NAs produced by integer overflow
[22:29:05] Warning in forecast_1 * observed_1 : NAs produced by integer overflow
[22:29:05] Warning in forecast_1 * observed_1 : NAs produced by integer overflow
[22:29:05] Warning in forecast_1 * observed_1 : NAs produced by integer overflow
[22:29:05] Warning in forecast_1 * observed_1 : NAs produced by integer overflow
[22:29:05] Warning in forecast_1 * observed_1 : NAs produced by integer overflow
[22:29:05] Warning in forecast_1 * observed_1 : NAs produced by integer overflow
[22:29:05] Warning in forecast_1 * observed_1 : NAs produced by integer overflow
[22:29:05] Warning in forecast_1 * observed_1 : NAs produced by integer overflow
[22:29:05] Warning in forecast_1 * observed_1 : NAs produced by integer overflow
[22:29:05] Warning in forecast_1 * observed_1 : NAs produced by integer overflow
[22:29:05] Warning in forecast_1 * observed_1 : NAs produced by integer overflow
[22:29:05] Warning in forecast_1 * observed_1 : NAs produced by integer overflow
[22:29:05] Warning in forecast_1 * observed_1 : NAs produced by integer overflow
[22:29:05] Warning in forecast_1 * observed_1 : NAs produced by integer overflow
[22:29:05] Warning in forecast_1 * observed_1 : NAs produced by integer overflow
[22:29:05] Warning in forecast_1 * observed_1 : NAs produced by integer overflow
[22:29:05] Warning in forecast_1 * observed_1 : NAs produced by integer overflow
[22:29:05] Warning in forecast_1 * observed_1 : NAs produced by integer overflow
[22:29:05] Warning in forecast_1 * observed_1 : NAs produced by integer overflow
[22:29:05] Warning in forecast_1 * observed_1 : NAs produced by integer overflow
[22:29:05] Warning in forecast_1 * observed_1 : NAs produced by integer overflow
[22:29:05] Warning in forecast_1 * observed_1 : NAs produced by integer overflow
[22:29:05] Warning in forecast_1 * observed_1 : NAs produced by integer overflow
[22:29:05] Warning in forecast_1 * observed_1 : NAs produced by integer overflow
[22:29:05] Warning in forecast_1 * observed_1 : NAs produced by integer overflow
[22:29:05] Warning in forecast_1 * observed_1 : NAs produced by integer overflow
[22:29:05] Warning in forecast_1 * observed_1 : NAs produced by integer overflow
[22:29:05] Warning in forecast_1 * observed_1 : NAs produced by integer overflow
[22:29:05] Warning in forecast_1 * observed_1 : NAs produced by integer overflow
[22:29:05] Warning in forecast_1 * observed_1 : NAs produced by integer overflow
[22:29:05] Warning in forecast_1 * observed_1 : NAs produced by integer overflow
[22:29:05] Warning in forecast_1 * observed_1 : NAs produced by integer overflow
[22:29:05] Warning in forecast_1 * observed_1 : NAs produced by integer overflow
[22:29:05] Warning in forecast_1 * observed_1 : NAs produced by integer overflow
[22:29:05] Warning in forecast_1 * observed_1 : NAs produced by integer overflow
[22:29:05] Warning in forecast_1 * observed_1 : NAs produced by integer overflow
[22:29:05] Warning in forecast_1 * observed_1 : NAs produced by integer overflow
[22:29:05] Warning in forecast_1 * observed_1 : NAs produced by integer overflow
[22:29:05] Warning in forecast_1 * observed_1 : NAs produced by integer overflow
[22:29:05] Warning in forecast_1 * observed_1 : NAs produced by integer overflow
[22:29:05] Warning in forecast_1 * observed_1 : NAs produced by integer overflow
[22:29:05] Warning in forecast_1 * observed_1 : NAs produced by integer overflow
[22:29:05] Warning in forecast_1 * observed_1 : NAs produced by integer overflow
[22:29:05] Warning in forecast_1 * observed_1 : NAs produced by integer overflow
[22:29:05] Warning in forecast_1 * observed_1 : NAs produced by integer overflow
[22:29:05] Warning in forecast_1 * observed_1 : NAs produced by integer overflow
[22:29:05] Warning in forecast_1 * observed_1 : NAs produced by integer overflow
[22:29:05] Warning in forecast_1 * observed_1 : NAs produced by integer overflow
[22:29:05] Warning in forecast_1 * observed_1 : NAs produced by integer overflow
[22:29:05] Warning in forecast_1 * observed_1 : NAs produced by integer overflow
[22:29:05] Warning in forecast_1 * observed_1 : NAs produced by integer overflow
[22:29:05] Warning in forecast_1 * observed_1 : NAs produced by integer overflow
[22:29:05] Warning in forecast_1 * observed_1 : NAs produced by integer overflow
[22:29:05] Warning in forecast_1 * observed_1 : NAs produced by integer overflow
[22:29:05] Warning in forecast_1 * observed_1 : NAs produced by integer overflow
[22:29:05] Warning in forecast_1 * observed_1 : NAs produced by integer overflow
[22:29:05] Warning in forecast_1 * observed_1 : NAs produced by integer overflow
[22:29:05] Warning in forecast_1 * observed_1 : NAs produced by integer overflow
[22:29:05] Warning in forecast_1 * observed_1 : NAs produced by integer overflow
[22:29:05] Warning in forecast_1 * observed_1 : NAs produced by integer overflow
[22:29:05] Warning in forecast_1 * observed_1 : NAs produced by integer overflow
[22:29:05] Warning in forecast_1 * observed_1 : NAs produced by integer overflow
[22:29:05] Warning in forecast_1 * observed_1 : NAs produced by integer overflow
[22:29:05] Warning in forecast_1 * observed_1 : NAs produced by integer overflow
[22:29:05] Warning in forecast_1 * observed_1 : NAs produced by integer overflow
[22:29:05] Warning in forecast_1 * observed_1 : NAs produced by integer overflow
[22:29:05] Warning in forecast_1 * observed_1 : NAs produced by integer overflow
[22:29:05] Warning in forecast_1 * observed_1 : NAs produced by integer overflow
[22:29:05] Warning in forecast_1 * observed_1 : NAs produced by integer overflow
[22:29:05] Warning in forecast_1 * observed_1 : NAs produced by integer overflow
[22:29:05] Warning in forecast_1 * observed_1 : NAs produced by integer overflow
[22:29:05] Warning in forecast_1 * observed_1 : NAs produced by integer overflow
[22:29:05] Warning in forecast_1 * observed_1 : NAs produced by integer overflow
[22:29:05] Warning in forecast_1 * observed_1 : NAs produced by integer overflow
[22:29:05] Warning in forecast_1 * observed_1 : NAs produced by integer overflow
[22:29:05] Warning in forecast_1 * observed_1 : NAs produced by integer overflow
[22:29:05] Warning in forecast_1 * observed_1 : NAs produced by integer overflow
[22:29:05] Warning in forecast_1 * observed_1 : NAs produced by integer overflow
[22:29:05] Warning in forecast_1 * observed_1 : NAs produced by integer overflow
[22:29:05] Warning in forecast_1 * observed_1 : NAs produced by integer overflow
[22:29:05] Warning in forecast_1 * observed_1 : NAs produced by integer overflow
[22:29:05] Warning in forecast_1 * observed_1 : NAs produced by integer overflow
[22:29:05] Warning in forecast_1 * observed_1 : NAs produced by integer overflow
[22:29:05] Warning in forecast_1 * observed_1 : NAs produced by integer overflow
[22:29:05] Warning in forecast_1 * observed_1 : NAs produced by integer overflow
[22:29:05] Warning in forecast_1 * observed_1 : NAs produced by integer overflow
[22:29:05] Warning in forecast_1 * observed_1 : NAs produced by integer overflow
[22:29:05] Warning in forecast_1 * observed_1 : NAs produced by integer overflow
[22:29:05] Warning in forecast_1 * observed_1 : NAs produced by integer overflow
[22:29:05] Warning in (forecast_1 * observed_1) + (forecast_0 * observed_0) :
[22:29:05]   NAs produced by integer overflow
[22:29:05] Warning in (forecast_1 * observed_1) + (forecast_0 * observed_0) :
[22:29:05]   NAs produced by integer overflow
[22:29:05] Warning in forecast_1 * observed_1 : NAs produced by integer overflow
[22:29:05] Warning in forecast_1 * observed_1 : NAs produced by integer overflow
[22:29:05] Warning in forecast_1 * observed_1 : NAs produced by integer overflow
[22:29:05] Warning in forecast_1 * observed_1 : NAs produced by integer overflow
[22:29:05] Warning in forecast_1 * observed_1 : NAs produced by integer overflow
[22:29:05] Warning in forecast_1 * observed_1 : NAs produced by integer overflow
[22:29:05] Warning in forecast_1 * observed_1 : NAs produced by integer overflow
[22:29:05] Warning in forecast_1 * observed_1 : NAs produced by integer overflow
[22:29:05] Warning in forecast_1 * observed_1 : NAs produced by integer overflow
[22:29:05] Warning in forecast_1 * observed_1 : NAs produced by integer overflow
[22:29:05] Warning in forecast_1 * observed_1 : NAs produced by integer overflow
[22:29:05] Warning in forecast_1 * observed_1 : NAs produced by integer overflow
[22:29:05] Warning in forecast_1 * observed_1 : NAs produced by integer overflow
[22:29:05] Warning in forecast_1 * observed_1 : NAs produced by integer overflow
[22:29:05] Warning in forecast_1 * observed_1 : NAs produced by integer overflow
[22:29:05] Warning in forecast_1 * observed_1 : NAs produced by integer overflow
[22:29:05] Warning in forecast_1 * observed_1 : NAs produced by integer overflow
[22:29:05] Warning in forecast_1 * observed_1 : NAs produced by integer overflow
[22:29:05] Warning in forecast_1 * observed_1 : NAs produced by integer overflow
[22:29:05] Warning in forecast_1 * observed_1 : NAs produced by integer overflow
[22:29:05] Warning in forecast_1 * observed_1 : NAs produced by integer overflow
[22:29:05] Warning in forecast_1 * observed_1 : NAs produced by integer overflow
[22:29:05] Warning in forecast_1 * observed_1 : NAs produced by integer overflow
[22:29:05] Warning in forecast_1 * observed_1 : NAs produced by integer overflow
[22:29:05] Warning in forecast_1 * observed_1 : NAs produced by integer overflow
[22:29:05] Warning in forecast_1 * observed_1 : NAs produced by integer overflow
[22:29:05] Warning in forecast_1 * observed_1 : NAs produced by integer overflow
[22:29:05] Warning in forecast_1 * observed_1 : NAs produced by integer overflow
[22:29:05] Warning in forecast_1 * observed_1 : NAs produced by integer overflow
[22:29:05] Warning in forecast_1 * observed_1 : NAs produced by integer overflow
[22:29:05] Warning in forecast_1 * observed_1 : NAs produced by integer overflow
[22:29:05] Warning in forecast_1 * observed_1 : NAs produced by integer overflow
[22:29:05] Warning in forecast_1 * observed_1 : NAs produced by integer overflow
[22:29:05] Warning in forecast_1 * observed_1 : NAs produced by integer overflow
[22:29:05] Warning in forecast_1 * observed_1 : NAs produced by integer overflow
[22:29:05] Warning in forecast_1 * observed_1 : NAs produced by integer overflow
[22:29:05] Warning in forecast_1 * observed_1 : NAs produced by integer overflow
[22:29:05] Warning in forecast_1 * observed_1 : NAs produced by integer overflow
[22:29:05] Warning in forecast_1 * observed_1 : NAs produced by integer overflow
[22:29:05] Warning in forecast_1 * observed_1 : NAs produced by integer overflow
[22:29:05] Warning in forecast_1 * observed_1 : NAs produced by integer overflow
[22:29:05] Warning in forecast_1 * observed_1 : NAs produced by integer overflow
[22:29:05] Warning in forecast_1 * observed_1 : NAs produced by integer overflow
[22:29:05] Warning in forecast_1 * observed_1 : NAs produced by integer overflow
[22:29:05] Warning in forecast_1 * observed_1 : NAs produced by integer overflow
[22:29:05] Warning in forecast_1 * observed_1 : NAs produced by integer overflow
[22:29:05] Warning in forecast_1 * observed_1 : NAs produced by integer overflow
[22:29:05] Warning in forecast_1 * observed_1 : NAs produced by integer overflow
[22:29:05] Warning in forecast_1 * observed_1 : NAs produced by integer overflow
[22:29:05] Warning in forecast_1 * observed_1 : NAs produced by integer overflow
[22:29:05] Warning in forecast_1 * observed_1 : NAs produced by integer overflow
[22:29:05] Warning in forecast_1 * observed_1 : NAs produced by integer overflow
[22:29:05] Warning in forecast_1 * observed_1 : NAs produced by integer overflow
[22:29:05] Warning in forecast_1 * observed_1 : NAs produced by integer overflow
[22:29:05] Warning in forecast_1 * observed_1 : NAs produced by integer overflow
[22:29:05] Warning in forecast_1 * observed_1 : NAs produced by integer overflow
[22:29:05] Warning in forecast_1 * observed_1 : NAs produced by integer overflow
[22:29:05] Warning in forecast_1 * observed_1 : NAs produced by integer overflow
[22:29:05] Warning in forecast_1 * observed_1 : NAs produced by integer overflow
[22:29:05] Warning in forecast_1 * observed_1 : NAs produced by integer overflow
[22:29:05] Warning in forecast_1 * observed_1 : NAs produced by integer overflow
[22:29:05] Warning in forecast_1 * observed_1 : NAs produced by integer overflow
[22:29:05] Warning in forecast_1 * observed_1 : NAs produced by integer overflow
[22:29:05] Warning in forecast_1 * observed_1 : NAs produced by integer overflow
[22:29:05] Warning in forecast_1 * observed_1 : NAs produced by integer overflow
[22:29:05] Warning in forecast_1 * observed_1 : NAs produced by integer overflow
[22:29:05] Warning in forecast_1 * observed_1 : NAs produced by integer overflow
[22:29:05] Warning in forecast_1 * observed_1 : NAs produced by integer overflow
[22:29:05] Warning in forecast_1 * observed_1 : NAs produced by integer overflow
[22:29:05] Warning in forecast_1 * observed_1 : NAs produced by integer overflow
[22:29:05] Warning in forecast_1 * observed_1 : NAs produced by integer overflow
[22:29:05] Warning in forecast_1 * observed_1 : NAs produced by integer overflow
[22:29:05] Warning in forecast_1 * observed_1 : NAs produced by integer overflow
[22:29:05] Warning in forecast_1 * observed_1 : NAs produced by integer overflow
[22:29:05] Warning in forecast_1 * observed_1 : NAs produced by integer overflow
[22:29:05] Warning in forecast_1 * observed_1 : NAs produced by integer overflow
[22:29:05] Warning in forecast_1 * observed_1 : NAs produced by integer overflow
[22:29:05] Warning in forecast_1 * observed_1 : NAs produced by integer overflow
[22:29:05] Warning in forecast_1 * observed_1 : NAs produced by integer overflow
[22:29:05] Warning in forecast_1 * observed_1 : NAs produced by integer overflow
[22:29:05] Warning in forecast_1 * observed_1 : NAs produced by integer overflow
[22:29:05] Warning in forecast_1 * observed_1 : NAs produced by integer overflow
[22:29:05] Warning in forecast_1 * observed_1 : NAs produced by integer overflow
[22:29:05] Warning in forecast_1 * observed_1 : NAs produced by integer overflow
[22:29:05] Warning in forecast_1 * observed_1 : NAs produced by integer overflow
[22:29:05] Warning in forecast_1 * observed_1 : NAs produced by integer overflow
[22:29:05] Warning in forecast_1 * observed_1 : NAs produced by integer overflow
[22:29:05] Warning in forecast_1 * observed_1 : NAs produced by integer overflow
[22:29:05] Warning in forecast_1 * observed_1 : NAs produced by integer overflow
[22:29:05] Warning in (forecast_1 * observed_1) + (forecast_0 * observed_0) :
[22:29:05]   NAs produced by integer overflow
[22:29:05] Warning in (forecast_1 * observed_1) + (forecast_0 * observed_0) :
[22:29:05]   NAs produced by integer overflow
[22:29:07] Warning in forecast_1 * observed_1 : NAs produced by integer overflow
[22:29:07] Warning in forecast_1 * observed_1 : NAs produced by integer overflow
[22:29:07] Warning in forecast_1 * observed_1 : NAs produced by integer overflow
[22:29:07] Warning in forecast_1 * observed_1 : NAs produced by integer overflow
[22:29:07] Warning in forecast_1 * observed_1 : NAs produced by integer overflow
[22:29:07] Warning in forecast_1 * observed_1 : NAs produced by integer overflow
[22:29:07] Warning in forecast_1 * observed_1 : NAs produced by integer overflow
[22:29:07] Warning in forecast_1 * observed_1 : NAs produced by integer overflow
[22:29:07] Warning in forecast_1 * observed_1 : NAs produced by integer overflow
[22:29:07] Warning in forecast_1 * observed_1 : NAs produced by integer overflow
[22:29:07] Warning in forecast_1 * observed_1 : NAs produced by integer overflow
[22:29:07] Warning in forecast_1 * observed_1 : NAs produced by integer overflow
[22:29:07] Warning in forecast_1 * observed_1 : NAs produced by integer overflow
[22:29:07] Warning in forecast_1 * observed_1 : NAs produced by integer overflow
[22:29:07] Warning in forecast_1 * observed_1 : NAs produced by integer overflow
[22:29:07] Warning in forecast_1 * observed_1 : NAs produced by integer overflow
[22:29:07] Warning in forecast_1 * observed_1 : NAs produced by integer overflow
[22:29:07] Warning in forecast_1 * observed_1 : NAs produced by integer overflow
[22:29:07] Warning in forecast_1 * observed_1 : NAs produced by integer overflow
[22:29:07] Warning in forecast_1 * observed_1 : NAs produced by integer overflow
[22:29:07] Warning in forecast_1 * observed_1 : NAs produced by integer overflow
[22:29:07] Warning in forecast_1 * observed_1 : NAs produced by integer overflow
[22:29:07] Warning in forecast_1 * observed_1 : NAs produced by integer overflow
[22:29:07] Warning in forecast_1 * observed_1 : NAs produced by integer overflow
[22:29:07] Warning in forecast_1 * observed_1 : NAs produced by integer overflow
[22:29:07] Warning in forecast_1 * observed_1 : NAs produced by integer overflow
[22:29:07] Warning in forecast_1 * observed_1 : NAs produced by integer overflow
[22:29:07] Warning in forecast_1 * observed_1 : NAs produced by integer overflow
[22:29:07] Warning in forecast_1 * observed_1 : NAs produced by integer overflow
[22:29:07] Warning in forecast_1 * observed_1 : NAs produced by integer overflow
[22:29:07] Warning in forecast_1 * observed_1 : NAs produced by integer overflow
[22:29:07] Warning in forecast_1 * observed_1 : NAs produced by integer overflow
[22:29:07] Warning in forecast_1 * observed_1 : NAs produced by integer overflow
[22:29:07] Warning in forecast_1 * observed_1 : NAs produced by integer overflow
[22:29:07] Warning in forecast_1 * observed_1 : NAs produced by integer overflow
[22:29:07] Warning in forecast_1 * observed_1 : NAs produced by integer overflow
[22:29:07] Warning in forecast_1 * observed_1 : NAs produced by integer overflow
[22:29:07] Warning in forecast_1 * observed_1 : NAs produced by integer overflow
[22:29:07] Warning in forecast_1 * observed_1 : NAs produced by integer overflow
[22:29:07] Warning in forecast_1 * observed_1 : NAs produced by integer overflow
[22:29:07] Warning in forecast_1 * observed_1 : NAs produced by integer overflow
[22:29:07] Warning in forecast_1 * observed_1 : NAs produced by integer overflow
[22:29:07] Warning in forecast_1 * observed_1 : NAs produced by integer overflow
[22:29:07] Warning in forecast_1 * observed_1 : NAs produced by integer overflow
[22:29:07] Warning in forecast_1 * observed_1 : NAs produced by integer overflow
[22:29:07] Warning in forecast_1 * observed_1 : NAs produced by integer overflow
[22:29:07] Warning in forecast_1 * observed_1 : NAs produced by integer overflow
[22:29:07] Warning in forecast_1 * observed_1 : NAs produced by integer overflow
[22:29:07] Warning in forecast_1 * observed_1 : NAs produced by integer overflow
[22:29:07] Warning in forecast_1 * observed_1 : NAs produced by integer overflow
[22:29:07] Warning in forecast_1 * observed_1 : NAs produced by integer overflow
[22:29:07] Warning in forecast_1 * observed_1 : NAs produced by integer overflow
[22:29:07] Warning in forecast_1 * observed_1 : NAs produced by integer overflow
[22:29:07] Warning in forecast_1 * observed_1 : NAs produced by integer overflow
[22:29:07] Warning in forecast_1 * observed_1 : NAs produced by integer overflow
[22:29:07] Warning in forecast_1 * observed_1 : NAs produced by integer overflow
[22:29:07] Warning in forecast_1 * observed_1 : NAs produced by integer overflow
[22:29:07] Warning in forecast_1 * observed_1 : NAs produced by integer overflow
[22:29:07] Warning in forecast_1 * observed_1 : NAs produced by integer overflow
[22:29:07] Warning in forecast_1 * observed_1 : NAs produced by integer overflow
[22:29:07] Warning in forecast_1 * observed_1 : NAs produced by integer overflow
[22:29:07] Warning in forecast_1 * observed_1 : NAs produced by integer overflow
[22:29:07] Warning in forecast_1 * observed_1 : NAs produced by integer overflow
[22:29:07] Warning in forecast_1 * observed_1 : NAs produced by integer overflow
[22:29:07] Warning in forecast_1 * observed_1 : NAs produced by integer overflow
[22:29:07] Warning in forecast_1 * observed_1 : NAs produced by integer overflow
[22:29:07] Warning in forecast_1 * observed_1 : NAs produced by integer overflow
[22:29:07] Warning in forecast_1 * observed_1 : NAs produced by integer overflow
[22:29:07] Warning in forecast_1 * observed_1 : NAs produced by integer overflow
[22:29:07] Warning in forecast_1 * observed_1 : NAs produced by integer overflow
[22:29:07] Warning in forecast_1 * observed_1 : NAs produced by integer overflow
[22:29:07] Warning in forecast_1 * observed_1 : NAs produced by integer overflow
[22:29:07] Warning in forecast_1 * observed_1 : NAs produced by integer overflow
[22:29:07] Warning in forecast_1 * observed_1 : NAs produced by integer overflow
[22:29:07] Warning in forecast_1 * observed_1 : NAs produced by integer overflow
[22:29:07] Warning in forecast_1 * observed_1 : NAs produced by integer overflow
[22:29:07] Warning in forecast_1 * observed_1 : NAs produced by integer overflow
[22:29:07] Warning in forecast_1 * observed_1 : NAs produced by integer overflow
[22:29:07] Warning in forecast_1 * observed_1 : NAs produced by integer overflow
[22:29:07] Warning in forecast_1 * observed_1 : NAs produced by integer overflow
[22:29:07] Warning in forecast_1 * observed_1 : NAs produced by integer overflow
[22:29:07] Warning in forecast_1 * observed_1 : NAs produced by integer overflow
[22:29:07] Warning in forecast_1 * observed_1 : NAs produced by integer overflow
[22:29:07] Warning in forecast_1 * observed_1 : NAs produced by integer overflow
[22:29:07] Warning in forecast_1 * observed_1 : NAs produced by integer overflow
[22:29:07] Warning in forecast_1 * observed_1 : NAs produced by integer overflow
[22:29:07] Warning in forecast_1 * observed_1 : NAs produced by integer overflow
[22:29:07] Warning in forecast_1 * observed_1 : NAs produced by integer overflow
[22:29:07] Warning in forecast_1 * observed_1 : NAs produced by integer overflow
[22:29:07] Warning in forecast_1 * observed_1 : NAs produced by integer overflow
[22:29:07] Warning in forecast_1 * observed_1 : NAs produced by integer overflow
[22:29:07] Warning in forecast_1 * observed_1 : NAs produced by integer overflow
[22:29:07] Warning in forecast_1 * observed_1 : NAs produced by integer overflow
[22:29:07] Warning in (forecast_1 * observed_1) + (forecast_0 * observed_0) :
[22:29:07]   NAs produced by integer overflow
[22:29:07] Warning in (forecast_1 * observed_1) + (forecast_0 * observed_0) :
[22:29:07]   NAs produced by integer overflow
[22:29:07] Warning in (forecast_1 * observed_1) + (forecast_0 * observed_0) :
[22:29:07]   NAs produced by integer overflow
[22:29:12] Warning in max(calcStat, na.rm = TRUE) :
[22:29:12]   no non-missing arguments to max; returning -Inf
[22:29:13] Warning in max(calcStat, na.rm = TRUE) :
[22:29:13]   no non-missing arguments to max; returning -Inf
[22:29:14] 
[22:29:14] 
[22:29:14] -=-=-=--=-=-=- Agrostis.capillaris_PA3_RUN2_ANN 
[22:29:14] 
[22:29:14] 
[22:29:14] -=-=-=--=-=-=- Agrostis.capillaris_PA3_RUN1_GBM 
[22:29:14] CV: 1 
[22:29:15] 
[22:29:15] 
[22:29:15] -=-=-=--=-=-=- Agrostis.capillaris_PA3_RUN1_MAXNET 
[22:29:16] 
[22:29:16] 
[22:29:16] -=-=-=--=-=-=- Agrostis.capillaris_PA3_RUN2_GBM 
[22:29:16] CV: 1 
[22:29:20] 
[22:29:21] 	Model scaling...
[22:29:28] 	Evaluating Model stuff...Warning in forecast_1 * observed_1 : NAs produced by integer overflow
[22:29:28] Warning in forecast_1 * observed_1 : NAs produced by integer overflow
[22:29:28] Warning in forecast_1 * observed_1 : NAs produced by integer overflow
[22:29:28] Warning in forecast_1 * observed_1 : NAs produced by integer overflow
[22:29:28] Warning in forecast_1 * observed_1 : NAs produced by integer overflow
[22:29:28] Warning in forecast_1 * observed_1 : NAs produced by integer overflow
[22:29:28] Warning in forecast_1 * observed_1 : NAs produced by integer overflow
[22:29:28] Warning in forecast_1 * observed_1 : NAs produced by integer overflow
[22:29:28] Warning in forecast_1 * observed_1 : NAs produced by integer overflow
[22:29:28] Warning in forecast_1 * observed_1 : NAs produced by integer overflow
[22:29:28] Warning in forecast_1 * observed_1 : NAs produced by integer overflow
[22:29:28] Warning in forecast_1 * observed_1 : NAs produced by integer overflow
[22:29:28] Warning in forecast_1 * observed_1 : NAs produced by integer overflow
[22:29:28] Warning in forecast_1 * observed_1 : NAs produced by integer overflow
[22:29:28] Warning in forecast_1 * observed_1 : NAs produced by integer overflow
[22:29:28] Warning in forecast_1 * observed_1 : NAs produced by integer overflow
[22:29:28] Warning in forecast_1 * observed_1 : NAs produced by integer overflow
[22:29:28] Warning in forecast_1 * observed_1 : NAs produced by integer overflow
[22:29:28] Warning in forecast_1 * observed_1 : NAs produced by integer overflow
[22:29:28] Warning in forecast_1 * observed_1 : NAs produced by integer overflow
[22:29:28] Warning in forecast_1 * observed_1 : NAs produced by integer overflow
[22:29:28] Warning in forecast_1 * observed_1 : NAs produced by integer overflow
[22:29:28] Warning in forecast_1 * observed_1 : NAs produced by integer overflow
[22:29:28] Warning in forecast_1 * observed_1 : NAs produced by integer overflow
[22:29:28] Warning in forecast_1 * observed_1 : NAs produced by integer overflow
[22:29:28] Warning in forecast_1 * observed_1 : NAs produced by integer overflow
[22:29:28] Warning in forecast_1 * observed_1 : NAs produced by integer overflow
[22:29:28] Warning in forecast_1 * observed_1 : NAs produced by integer overflow
[22:29:28] Warning in forecast_1 * observed_1 : NAs produced by integer overflow
[22:29:28] Warning in forecast_1 * observed_1 : NAs produced by integer overflow
[22:29:28] Warning in forecast_1 * observed_1 : NAs produced by integer overflow
[22:29:28] Warning in forecast_1 * observed_1 : NAs produced by integer overflow
[22:29:28] Warning in forecast_1 * observed_1 : NAs produced by integer overflow
[22:29:28] Warning in forecast_1 * observed_1 : NAs produced by integer overflow
[22:29:28] Warning in forecast_1 * observed_1 : NAs produced by integer overflow
[22:29:28] Warning in forecast_1 * observed_1 : NAs produced by integer overflow
[22:29:28] Warning in forecast_1 * observed_1 : NAs produced by integer overflow
[22:29:28] Warning in forecast_1 * observed_1 : NAs produced by integer overflow
[22:29:28] Warning in forecast_1 * observed_1 : NAs produced by integer overflow
[22:29:28] Warning in forecast_1 * observed_1 : NAs produced by integer overflow
[22:29:28] Warning in forecast_1 * observed_1 : NAs produced by integer overflow
[22:29:28] Warning in forecast_1 * observed_1 : NAs produced by integer overflow
[22:29:28] Warning in forecast_1 * observed_1 : NAs produced by integer overflow
[22:29:28] Warning in forecast_1 * observed_1 : NAs produced by integer overflow
[22:29:28] Warning in forecast_1 * observed_1 : NAs produced by integer overflow
[22:29:28] Warning in forecast_1 * observed_1 : NAs produced by integer overflow
[22:29:28] Warning in forecast_1 * observed_1 : NAs produced by integer overflow
[22:29:28] Warning in forecast_1 * observed_1 : NAs produced by integer overflow
[22:29:28] Warning in forecast_1 * observed_1 : NAs produced by integer overflow
[22:29:28] Warning in forecast_1 * observed_1 : NAs produced by integer overflow
[22:29:28] Warning in forecast_1 * observed_1 : NAs produced by integer overflow
[22:29:28] Warning in forecast_1 * observed_1 : NAs produced by integer overflow
[22:29:28] Warning in forecast_1 * observed_1 : NAs produced by integer overflow
[22:29:28] Warning in forecast_1 * observed_1 : NAs produced by integer overflow
[22:29:28] Warning in forecast_1 * observed_1 : NAs produced by integer overflow
[22:29:28] Warning in forecast_1 * observed_1 : NAs produced by integer overflow
[22:29:28] Warning in forecast_1 * observed_1 : NAs produced by integer overflow
[22:29:28] Warning in forecast_1 * observed_1 : NAs produced by integer overflow
[22:29:28] Warning in forecast_1 * observed_1 : NAs produced by integer overflow
[22:29:28] Warning in forecast_1 * observed_1 : NAs produced by integer overflow
[22:29:28] Warning in forecast_1 * observed_1 : NAs produced by integer overflow
[22:29:28] Warning in forecast_1 * observed_1 : NAs produced by integer overflow
[22:29:28] Warning in forecast_1 * observed_1 : NAs produced by integer overflow
[22:29:28] Warning in forecast_1 * observed_1 : NAs produced by integer overflow
[22:29:28] Warning in forecast_1 * observed_1 : NAs produced by integer overflow
[22:29:28] Warning in forecast_1 * observed_1 : NAs produced by integer overflow
[22:29:28] Warning in forecast_1 * observed_1 : NAs produced by integer overflow
[22:29:28] Warning in forecast_1 * observed_1 : NAs produced by integer overflow
[22:29:28] Warning in forecast_1 * observed_1 : NAs produced by integer overflow
[22:29:28] Warning in forecast_1 * observed_1 : NAs produced by integer overflow
[22:29:28] Warning in forecast_1 * observed_1 : NAs produced by integer overflow
[22:29:28] Warning in forecast_1 * observed_1 : NAs produced by integer overflow
[22:29:28] Warning in forecast_1 * observed_1 : NAs produced by integer overflow
[22:29:28] Warning in forecast_1 * observed_1 : NAs produced by integer overflow
[22:29:28] Warning in forecast_1 * observed_1 : NAs produced by integer overflow
[22:29:28] Warning in forecast_1 * observed_1 : NAs produced by integer overflow
[22:29:28] Warning in forecast_1 * observed_1 : NAs produced by integer overflow
[22:29:28] Warning in forecast_1 * observed_1 : NAs produced by integer overflow
[22:29:28] Warning in forecast_1 * observed_1 : NAs produced by integer overflow
[22:29:28] Warning in forecast_1 * observed_1 : NAs produced by integer overflow
[22:29:28] Warning in forecast_1 * observed_1 : NAs produced by integer overflow
[22:29:28] Warning in forecast_1 * observed_1 : NAs produced by integer overflow
[22:29:28] Warning in forecast_1 * observed_1 : NAs produced by integer overflow
[22:29:28] Warning in forecast_1 * observed_1 : NAs produced by integer overflow
[22:29:28] Warning in forecast_1 * observed_1 : NAs produced by integer overflow
[22:29:28] Warning in forecast_1 * observed_1 : NAs produced by integer overflow
[22:29:28] Warning in forecast_1 * observed_1 : NAs produced by integer overflow
[22:29:28] Warning in forecast_1 * observed_1 : NAs produced by integer overflow
[22:29:28] Warning in forecast_1 * observed_1 : NAs produced by integer overflow
[22:29:28] Warning in forecast_1 * observed_1 : NAs produced by integer overflow
[22:29:28] Warning in forecast_1 * observed_1 : NAs produced by integer overflow
[22:29:28] Warning in forecast_1 * observed_1 : NAs produced by integer overflow
[22:29:28] Warning in forecast_1 * observed_1 : NAs produced by integer overflow
[22:29:28] Warning in forecast_1 * observed_1 : NAs produced by integer overflow
[22:29:28] Warning in forecast_1 * observed_1 : NAs produced by integer overflow
[22:29:28] Warning in forecast_1 * observed_1 : NAs produced by integer overflow
[22:29:28] Warning in (forecast_1 * observed_1) + (forecast_0 * observed_0) :
[22:29:28]   NAs produced by integer overflow
[22:30:29] CV: 2 
[22:30:29] CV: 2 
[22:31:43] CV: 3 
[22:31:43] CV: 3 
[22:35:11] 
[22:35:12] 	Evaluating Model stuff...
[22:35:18] 	Evaluating Model stuff...Warning in forecast_1 * observed_1 : NAs produced by integer overflow
[22:35:18] Warning in forecast_1 * observed_1 : NAs produced by integer overflow
[22:35:18] Warning in forecast_1 * observed_1 : NAs produced by integer overflow
[22:35:18] Warning in forecast_1 * observed_1 : NAs produced by integer overflow
[22:35:18] Warning in forecast_1 * observed_1 : NAs produced by integer overflow
[22:35:18] Warning in forecast_1 * observed_1 : NAs produced by integer overflow
[22:35:18] Warning in forecast_1 * observed_1 : NAs produced by integer overflow
[22:35:18] Warning in forecast_1 * observed_1 : NAs produced by integer overflow
[22:35:18] Warning in forecast_1 * observed_1 : NAs produced by integer overflow
[22:35:18] Warning in forecast_1 * observed_1 : NAs produced by integer overflow
[22:35:18] Warning in forecast_1 * observed_1 : NAs produced by integer overflow
[22:35:18] Warning in forecast_1 * observed_1 : NAs produced by integer overflow
[22:35:18] Warning in forecast_1 * observed_1 : NAs produced by integer overflow
[22:35:18] Warning in forecast_1 * observed_1 : NAs produced by integer overflow
[22:35:18] Warning in forecast_1 * observed_1 : NAs produced by integer overflow
[22:35:18] Warning in forecast_1 * observed_1 : NAs produced by integer overflow
[22:35:18] Warning in forecast_1 * observed_1 : NAs produced by integer overflow
[22:35:18] Warning in forecast_1 * observed_1 : NAs produced by integer overflow
[22:35:18] Warning in forecast_1 * observed_1 : NAs produced by integer overflow
[22:35:18] Warning in forecast_1 * observed_1 : NAs produced by integer overflow
[22:35:18] Warning in forecast_1 * observed_1 : NAs produced by integer overflow
[22:35:18] Warning in forecast_1 * observed_1 : NAs produced by integer overflow
[22:35:18] Warning in forecast_1 * observed_1 : NAs produced by integer overflow
[22:35:18] Warning in forecast_1 * observed_1 : NAs produced by integer overflow
[22:35:18] Warning in forecast_1 * observed_1 : NAs produced by integer overflow
[22:35:18] Warning in forecast_1 * observed_1 : NAs produced by integer overflow
[22:35:18] Warning in forecast_1 * observed_1 : NAs produced by integer overflow
[22:35:18] Warning in forecast_1 * observed_1 : NAs produced by integer overflow
[22:35:18] Warning in forecast_1 * observed_1 : NAs produced by integer overflow
[22:35:18] Warning in forecast_1 * observed_1 : NAs produced by integer overflow
[22:35:18] Warning in forecast_1 * observed_1 : NAs produced by integer overflow
[22:35:18] Warning in forecast_1 * observed_1 : NAs produced by integer overflow
[22:35:18] Warning in forecast_1 * observed_1 : NAs produced by integer overflow
[22:35:18] Warning in forecast_1 * observed_1 : NAs produced by integer overflow
[22:35:18] Warning in forecast_1 * observed_1 : NAs produced by integer overflow
[22:35:18] Warning in forecast_1 * observed_1 : NAs produced by integer overflow
[22:35:18] Warning in forecast_1 * observed_1 : NAs produced by integer overflow
[22:35:18] Warning in forecast_1 * observed_1 : NAs produced by integer overflow
[22:35:18] Warning in forecast_1 * observed_1 : NAs produced by integer overflow
[22:35:18] Warning in forecast_1 * observed_1 : NAs produced by integer overflow
[22:35:18] Warning in forecast_1 * observed_1 : NAs produced by integer overflow
[22:35:18] Warning in forecast_1 * observed_1 : NAs produced by integer overflow
[22:35:18] Warning in forecast_1 * observed_1 : NAs produced by integer overflow
[22:35:18] Warning in forecast_1 * observed_1 : NAs produced by integer overflow
[22:35:18] Warning in forecast_1 * observed_1 : NAs produced by integer overflow
[22:35:18] Warning in forecast_1 * observed_1 : NAs produced by integer overflow
[22:35:18] Warning in forecast_1 * observed_1 : NAs produced by integer overflow
[22:35:18] Warning in forecast_1 * observed_1 : NAs produced by integer overflow
[22:35:18] Warning in forecast_1 * observed_1 : NAs produced by integer overflow
[22:35:18] Warning in forecast_1 * observed_1 : NAs produced by integer overflow
[22:35:18] Warning in forecast_1 * observed_1 : NAs produced by integer overflow
[22:35:18] Warning in forecast_1 * observed_1 : NAs produced by integer overflow
[22:35:18] Warning in forecast_1 * observed_1 : NAs produced by integer overflow
[22:35:18] Warning in forecast_1 * observed_1 : NAs produced by integer overflow
[22:35:18] Warning in forecast_1 * observed_1 : NAs produced by integer overflow
[22:35:18] Warning in forecast_1 * observed_1 : NAs produced by integer overflow
[22:35:18] Warning in forecast_1 * observed_1 : NAs produced by integer overflow
[22:35:18] Warning in forecast_1 * observed_1 : NAs produced by integer overflow
[22:35:18] Warning in forecast_1 * observed_1 : NAs produced by integer overflow
[22:35:18] Warning in forecast_1 * observed_1 : NAs produced by integer overflow
[22:35:18] Warning in forecast_1 * observed_1 : NAs produced by integer overflow
[22:35:18] Warning in forecast_1 * observed_1 : NAs produced by integer overflow
[22:35:18] Warning in forecast_1 * observed_1 : NAs produced by integer overflow
[22:35:18] Warning in forecast_1 * observed_1 : NAs produced by integer overflow
[22:35:18] Warning in forecast_1 * observed_1 : NAs produced by integer overflow
[22:35:18] Warning in forecast_1 * observed_1 : NAs produced by integer overflow
[22:35:18] Warning in forecast_1 * observed_1 : NAs produced by integer overflow
[22:35:18] Warning in forecast_1 * observed_1 : NAs produced by integer overflow
[22:35:18] Warning in forecast_1 * observed_1 : NAs produced by integer overflow
[22:35:18] Warning in forecast_1 * observed_1 : NAs produced by integer overflow
[22:35:18] Warning in forecast_1 * observed_1 : NAs produced by integer overflow
[22:35:18] Warning in forecast_1 * observed_1 : NAs produced by integer overflow
[22:35:18] Warning in forecast_1 * observed_1 : NAs produced by integer overflow
[22:35:18] Warning in forecast_1 * observed_1 : NAs produced by integer overflow
[22:35:18] Warning in forecast_1 * observed_1 : NAs produced by integer overflow
[22:35:18] Warning in forecast_1 * observed_1 : NAs produced by integer overflow
[22:35:18] Warning in forecast_1 * observed_1 : NAs produced by integer overflow
[22:35:18] Warning in forecast_1 * observed_1 : NAs produced by integer overflow
[22:35:18] Warning in forecast_1 * observed_1 : NAs produced by integer overflow
[22:35:18] Warning in forecast_1 * observed_1 : NAs produced by integer overflow
[22:35:18] Warning in forecast_1 * observed_1 : NAs produced by integer overflow
[22:35:18] Warning in forecast_1 * observed_1 : NAs produced by integer overflow
[22:35:18] Warning in forecast_1 * observed_1 : NAs produced by integer overflow
[22:35:18] Warning in forecast_1 * observed_1 : NAs produced by integer overflow
[22:35:18] Warning in forecast_1 * observed_1 : NAs produced by integer overflow
[22:35:18] Warning in forecast_1 * observed_1 : NAs produced by integer overflow
[22:35:18] Warning in forecast_1 * observed_1 : NAs produced by integer overflow
[22:35:18] Warning in forecast_1 * observed_1 : NAs produced by integer overflow
[22:35:18] Warning in forecast_1 * observed_1 : NAs produced by integer overflow
[22:35:18] Warning in forecast_1 * observed_1 : NAs produced by integer overflow
[22:35:18] Warning in forecast_1 * observed_1 : NAs produced by integer overflow
[22:35:18] Warning in forecast_1 * observed_1 : NAs produced by integer overflow
[22:35:18] Warning in forecast_1 * observed_1 : NAs produced by integer overflow
[22:35:18] Warning in forecast_1 * observed_1 : NAs produced by integer overflow
[22:35:18] Warning in forecast_1 * observed_1 : NAs produced by integer overflow
[22:35:18] Warning in forecast_1 * observed_1 : NAs produced by integer overflow
[22:35:18] Warning in forecast_1 * observed_1 : NAs produced by integer overflow
[22:35:18] Warning in forecast_1 * observed_1 : NAs produced by integer overflow
[22:35:19] Warning in forecast_1 * observed_1 : NAs produced by integer overflow
[22:35:19] Warning in forecast_1 * observed_1 : NAs produced by integer overflow
[22:35:19] Warning in forecast_1 * observed_1 : NAs produced by integer overflow
[22:35:19] Warning in forecast_1 * observed_1 : NAs produced by integer overflow
[22:35:19] Warning in forecast_1 * observed_1 : NAs produced by integer overflow
[22:35:19] Warning in forecast_1 * observed_1 : NAs produced by integer overflow
[22:35:19] Warning in forecast_1 * observed_1 : NAs produced by integer overflow
[22:35:19] Warning in forecast_1 * observed_1 : NAs produced by integer overflow
[22:35:19] Warning in forecast_1 * observed_1 : NAs produced by integer overflow
[22:35:19] Warning in forecast_1 * observed_1 : NAs produced by integer overflow
[22:35:19] Warning in forecast_1 * observed_1 : NAs produced by integer overflow
[22:35:19] Warning in forecast_1 * observed_1 : NAs produced by integer overflow
[22:35:19] Warning in forecast_1 * observed_1 : NAs produced by integer overflow
[22:35:19] Warning in forecast_1 * observed_1 : NAs produced by integer overflow
[22:35:19] Warning in forecast_1 * observed_1 : NAs produced by integer overflow
[22:35:19] Warning in forecast_1 * observed_1 : NAs produced by integer overflow
[22:35:19] Warning in forecast_1 * observed_1 : NAs produced by integer overflow
[22:35:19] Warning in forecast_1 * observed_1 : NAs produced by integer overflow
[22:35:19] Warning in forecast_1 * observed_1 : NAs produced by integer overflow
[22:35:19] Warning in forecast_1 * observed_1 : NAs produced by integer overflow
[22:35:19] Warning in forecast_1 * observed_1 : NAs produced by integer overflow
[22:35:19] Warning in forecast_1 * observed_1 : NAs produced by integer overflow
[22:35:19] Warning in forecast_1 * observed_1 : NAs produced by integer overflow
[22:35:19] Warning in forecast_1 * observed_1 : NAs produced by integer overflow
[22:35:19] Warning in forecast_1 * observed_1 : NAs produced by integer overflow
[22:35:19] Warning in forecast_1 * observed_1 : NAs produced by integer overflow
[22:35:19] Warning in forecast_1 * observed_1 : NAs produced by integer overflow
[22:35:19] Warning in forecast_1 * observed_1 : NAs produced by integer overflow
[22:35:19] Warning in forecast_1 * observed_1 : NAs produced by integer overflow
[22:35:19] Warning in forecast_1 * observed_1 : NAs produced by integer overflow
[22:35:19] Warning in forecast_1 * observed_1 : NAs produced by integer overflow
[22:35:19] Warning in forecast_1 * observed_1 : NAs produced by integer overflow
[22:35:19] Warning in forecast_1 * observed_1 : NAs produced by integer overflow
[22:35:19] Warning in forecast_1 * observed_1 : NAs produced by integer overflow
[22:35:19] Warning in forecast_1 * observed_1 : NAs produced by integer overflow
[22:35:19] Warning in forecast_1 * observed_1 : NAs produced by integer overflow
[22:35:19] Warning in forecast_1 * observed_1 : NAs produced by integer overflow
[22:35:19] Warning in forecast_1 * observed_1 : NAs produced by integer overflow
[22:35:19] Warning in forecast_1 * observed_1 : NAs produced by integer overflow
[22:35:19] Warning in forecast_1 * observed_1 : NAs produced by integer overflow
[22:35:19] Warning in forecast_1 * observed_1 : NAs produced by integer overflow
[22:35:19] Warning in forecast_1 * observed_1 : NAs produced by integer overflow
[22:35:19] Warning in forecast_1 * observed_1 : NAs produced by integer overflow
[22:35:19] Warning in forecast_1 * observed_1 : NAs produced by integer overflow
[22:35:19] Warning in forecast_1 * observed_1 : NAs produced by integer overflow
[22:35:19] Warning in forecast_1 * observed_1 : NAs produced by integer overflow
[22:35:19] Warning in forecast_1 * observed_1 : NAs produced by integer overflow
[22:35:19] Warning in forecast_1 * observed_1 : NAs produced by integer overflow
[22:35:19] Warning in forecast_1 * observed_1 : NAs produced by integer overflow
[22:35:19] Warning in forecast_1 * observed_1 : NAs produced by integer overflow
[22:35:19] Warning in forecast_1 * observed_1 : NAs produced by integer overflow
[22:35:19] Warning in forecast_1 * observed_1 : NAs produced by integer overflow
[22:35:19] Warning in forecast_1 * observed_1 : NAs produced by integer overflow
[22:35:19] Warning in forecast_1 * observed_1 : NAs produced by integer overflow
[22:35:19] Warning in forecast_1 * observed_1 : NAs produced by integer overflow
[22:35:19] Warning in forecast_1 * observed_1 : NAs produced by integer overflow
[22:35:19] Warning in forecast_1 * observed_1 : NAs produced by integer overflow
[22:35:19] Warning in forecast_1 * observed_1 : NAs produced by integer overflow
[22:35:19] Warning in forecast_1 * observed_1 : NAs produced by integer overflow
[22:35:19] Warning in forecast_1 * observed_1 : NAs produced by integer overflow
[22:35:19] Warning in forecast_1 * observed_1 : NAs produced by integer overflow
[22:35:19] Warning in forecast_1 * observed_1 : NAs produced by integer overflow
[22:35:19] Warning in forecast_1 * observed_1 : NAs produced by integer overflow
[22:35:19] Warning in forecast_1 * observed_1 : NAs produced by integer overflow
[22:35:19] Warning in forecast_1 * observed_1 : NAs produced by integer overflow
[22:35:19] Warning in forecast_1 * observed_1 : NAs produced by integer overflow
[22:35:19] Warning in forecast_1 * observed_1 : NAs produced by integer overflow
[22:35:19] Warning in forecast_1 * observed_1 : NAs produced by integer overflow
[22:35:19] Warning in forecast_1 * observed_1 : NAs produced by integer overflow
[22:35:19] Warning in forecast_1 * observed_1 : NAs produced by integer overflow
[22:35:19] Warning in forecast_1 * observed_1 : NAs produced by integer overflow
[22:35:19] Warning in forecast_1 * observed_1 : NAs produced by integer overflow
[22:35:19] Warning in forecast_1 * observed_1 : NAs produced by integer overflow
[22:35:19] Warning in forecast_1 * observed_1 : NAs produced by integer overflow
[22:35:19] Warning in forecast_1 * observed_1 : NAs produced by integer overflow
[22:35:19] Warning in forecast_1 * observed_1 : NAs produced by integer overflow
[22:35:19] Warning in forecast_1 * observed_1 : NAs produced by integer overflow
[22:35:19] Warning in forecast_1 * observed_1 : NAs produced by integer overflow
[22:35:19] Warning in forecast_1 * observed_1 : NAs produced by integer overflow
[22:35:19] Warning in forecast_1 * observed_1 : NAs produced by integer overflow
[22:35:19] Warning in forecast_1 * observed_1 : NAs produced by integer overflow
[22:35:19] Warning in forecast_1 * observed_1 : NAs produced by integer overflow
[22:35:19] Warning in forecast_1 * observed_1 : NAs produced by integer overflow
[22:35:19] Warning in forecast_1 * observed_1 : NAs produced by integer overflow
[22:35:19] Warning in forecast_1 * observed_1 : NAs produced by integer overflow
[22:35:19] Warning in forecast_1 * observed_1 : NAs produced by integer overflow
[22:35:19] Warning in forecast_1 * observed_1 : NAs produced by integer overflow
[22:35:19] Warning in forecast_1 * observed_1 : NAs produced by integer overflow
[22:35:19] Warning in forecast_1 * observed_1 : NAs produced by integer overflow
[22:35:19] Warning in forecast_1 * observed_1 : NAs produced by integer overflow
[22:35:19] Warning in forecast_1 * observed_1 : NAs produced by integer overflow
[22:35:19] Warning in forecast_1 * observed_1 : NAs produced by integer overflow
[22:35:19] Warning in forecast_1 * observed_1 : NAs produced by integer overflow
[22:35:19] Warning in forecast_1 * observed_1 : NAs produced by integer overflow
[22:35:19] Warning in forecast_1 * observed_1 : NAs produced by integer overflow
[22:35:19] Warning in forecast_1 * observed_1 : NAs produced by integer overflow
[22:35:19] Warning in forecast_1 * observed_1 : NAs produced by integer overflow
[22:35:19] Warning in forecast_1 * observed_1 : NAs produced by integer overflow
[22:35:28] 
[22:35:28] 
[22:35:28] -=-=-=--=-=-=- Agrostis.capillaris_PA3_RUN2_GLM 
[22:35:28] 
[22:35:36] 	Evaluating Model stuff...Warning in forecast_1 * observed_1 : NAs produced by integer overflow
[22:35:36] Warning in forecast_1 * observed_1 : NAs produced by integer overflow
[22:35:36] Warning in forecast_1 * observed_1 : NAs produced by integer overflow
[22:35:36] Warning in forecast_1 * observed_1 : NAs produced by integer overflow
[22:35:36] Warning in forecast_1 * observed_1 : NAs produced by integer overflow
[22:35:36] Warning in forecast_1 * observed_1 : NAs produced by integer overflow
[22:35:36] Warning in forecast_1 * observed_1 : NAs produced by integer overflow
[22:35:36] Warning in forecast_1 * observed_1 : NAs produced by integer overflow
[22:35:36] Warning in forecast_1 * observed_1 : NAs produced by integer overflow
[22:35:36] Warning in forecast_1 * observed_1 : NAs produced by integer overflow
[22:35:36] Warning in forecast_1 * observed_1 : NAs produced by integer overflow
[22:35:36] Warning in forecast_1 * observed_1 : NAs produced by integer overflow
[22:35:36] Warning in forecast_1 * observed_1 : NAs produced by integer overflow
[22:35:36] Warning in forecast_1 * observed_1 : NAs produced by integer overflow
[22:35:36] Warning in forecast_1 * observed_1 : NAs produced by integer overflow
[22:35:36] Warning in forecast_1 * observed_1 : NAs produced by integer overflow
[22:35:36] Warning in forecast_1 * observed_1 : NAs produced by integer overflow
[22:35:36] Warning in forecast_1 * observed_1 : NAs produced by integer overflow
[22:35:36] Warning in forecast_1 * observed_1 : NAs produced by integer overflow
[22:35:36] Warning in forecast_1 * observed_1 : NAs produced by integer overflow
[22:35:36] Warning in forecast_1 * observed_1 : NAs produced by integer overflow
[22:35:36] Warning in forecast_1 * observed_1 : NAs produced by integer overflow
[22:35:36] Warning in forecast_1 * observed_1 : NAs produced by integer overflow
[22:35:36] Warning in forecast_1 * observed_1 : NAs produced by integer overflow
[22:35:36] Warning in forecast_1 * observed_1 : NAs produced by integer overflow
[22:35:36] Warning in forecast_1 * observed_1 : NAs produced by integer overflow
[22:35:36] Warning in forecast_1 * observed_1 : NAs produced by integer overflow
[22:35:36] Warning in forecast_1 * observed_1 : NAs produced by integer overflow
[22:35:36] Warning in forecast_1 * observed_1 : NAs produced by integer overflow
[22:35:36] Warning in forecast_1 * observed_1 : NAs produced by integer overflow
[22:35:36] Warning in forecast_1 * observed_1 : NAs produced by integer overflow
[22:35:36] Warning in forecast_1 * observed_1 : NAs produced by integer overflow
[22:35:36] Warning in forecast_1 * observed_1 : NAs produced by integer overflow
[22:35:36] Warning in forecast_1 * observed_1 : NAs produced by integer overflow
[22:35:36] Warning in forecast_1 * observed_1 : NAs produced by integer overflow
[22:35:36] Warning in forecast_1 * observed_1 : NAs produced by integer overflow
[22:35:36] Warning in forecast_1 * observed_1 : NAs produced by integer overflow
[22:35:36] Warning in forecast_1 * observed_1 : NAs produced by integer overflow
[22:35:36] Warning in forecast_1 * observed_1 : NAs produced by integer overflow
[22:35:36] Warning in forecast_1 * observed_1 : NAs produced by integer overflow
[22:35:36] Warning in forecast_1 * observed_1 : NAs produced by integer overflow
[22:35:36] Warning in forecast_1 * observed_1 : NAs produced by integer overflow
[22:35:36] Warning in forecast_1 * observed_1 : NAs produced by integer overflow
[22:35:36] Warning in forecast_1 * observed_1 : NAs produced by integer overflow
[22:35:36] Warning in forecast_1 * observed_1 : NAs produced by integer overflow
[22:35:36] Warning in forecast_1 * observed_1 : NAs produced by integer overflow
[22:35:36] Warning in forecast_1 * observed_1 : NAs produced by integer overflow
[22:35:36] Warning in forecast_1 * observed_1 : NAs produced by integer overflow
[22:35:36] Warning in forecast_1 * observed_1 : NAs produced by integer overflow
[22:35:36] Warning in forecast_1 * observed_1 : NAs produced by integer overflow
[22:35:36] Warning in forecast_1 * observed_1 : NAs produced by integer overflow
[22:35:36] Warning in forecast_1 * observed_1 : NAs produced by integer overflow
[22:35:36] Warning in forecast_1 * observed_1 : NAs produced by integer overflow
[22:35:36] Warning in forecast_1 * observed_1 : NAs produced by integer overflow
[22:35:36] Warning in forecast_1 * observed_1 : NAs produced by integer overflow
[22:35:36] Warning in forecast_1 * observed_1 : NAs produced by integer overflow
[22:35:36] Warning in forecast_1 * observed_1 : NAs produced by integer overflow
[22:35:36] Warning in forecast_1 * observed_1 : NAs produced by integer overflow
[22:35:36] Warning in forecast_1 * observed_1 : NAs produced by integer overflow
[22:35:36] Warning in forecast_1 * observed_1 : NAs produced by integer overflow
[22:35:36] Warning in forecast_1 * observed_1 : NAs produced by integer overflow
[22:35:36] Warning in forecast_1 * observed_1 : NAs produced by integer overflow
[22:35:36] Warning in forecast_1 * observed_1 : NAs produced by integer overflow
[22:35:36] Warning in forecast_1 * observed_1 : NAs produced by integer overflow
[22:35:36] Warning in forecast_1 * observed_1 : NAs produced by integer overflow
[22:35:36] Warning in forecast_1 * observed_1 : NAs produced by integer overflow
[22:35:36] Warning in forecast_1 * observed_1 : NAs produced by integer overflow
[22:35:36] Warning in forecast_1 * observed_1 : NAs produced by integer overflow
[22:35:36] Warning in forecast_1 * observed_1 : NAs produced by integer overflow
[22:35:36] Warning in forecast_1 * observed_1 : NAs produced by integer overflow
[22:35:36] Warning in forecast_1 * observed_1 : NAs produced by integer overflow
[22:35:36] Warning in forecast_1 * observed_1 : NAs produced by integer overflow
[22:35:36] Warning in forecast_1 * observed_1 : NAs produced by integer overflow
[22:35:36] Warning in forecast_1 * observed_1 : NAs produced by integer overflow
[22:35:36] Warning in forecast_1 * observed_1 : NAs produced by integer overflow
[22:35:36] Warning in forecast_1 * observed_1 : NAs produced by integer overflow
[22:35:36] Warning in forecast_1 * observed_1 : NAs produced by integer overflow
[22:35:36] Warning in forecast_1 * observed_1 : NAs produced by integer overflow
[22:35:36] Warning in forecast_1 * observed_1 : NAs produced by integer overflow
[22:35:36] Warning in forecast_1 * observed_1 : NAs produced by integer overflow
[22:35:36] Warning in forecast_1 * observed_1 : NAs produced by integer overflow
[22:35:36] Warning in forecast_1 * observed_1 : NAs produced by integer overflow
[22:35:36] Warning in forecast_1 * observed_1 : NAs produced by integer overflow
[22:35:36] Warning in forecast_1 * observed_1 : NAs produced by integer overflow
[22:35:36] Warning in forecast_1 * observed_1 : NAs produced by integer overflow
[22:35:36] Warning in forecast_1 * observed_1 : NAs produced by integer overflow
[22:35:36] Warning in forecast_1 * observed_1 : NAs produced by integer overflow
[22:35:36] Warning in forecast_1 * observed_1 : NAs produced by integer overflow
[22:35:36] Warning in forecast_1 * observed_1 : NAs produced by integer overflow
[22:35:36] Warning in (forecast_1 * observed_1) + (forecast_0 * observed_0) :
[22:35:36]   NAs produced by integer overflow
[22:35:36] Warning in (forecast_1 * observed_1) + (forecast_0 * observed_0) :
[22:35:36]   NAs produced by integer overflow
[22:35:43] Warning in max(calcStat, na.rm = TRUE) :
[22:35:43]   no non-missing arguments to max; returning -Inf
[22:35:46] 
[22:35:46] 
[22:35:46] -=-=-=--=-=-=- Agrostis.capillaris_PA3_RUN2_MAXNET 
[22:47:03] 
[22:47:11] 	Evaluating Model stuff...Warning in forecast_1 * observed_1 : NAs produced by integer overflow
[22:47:11] Warning in forecast_1 * observed_1 : NAs produced by integer overflow
[22:47:11] Warning in forecast_1 * observed_1 : NAs produced by integer overflow
[22:47:11] Warning in forecast_1 * observed_1 : NAs produced by integer overflow
[22:47:11] Warning in forecast_1 * observed_1 : NAs produced by integer overflow
[22:47:11] Warning in forecast_1 * observed_1 : NAs produced by integer overflow
[22:47:11] Warning in forecast_1 * observed_1 : NAs produced by integer overflow
[22:47:11] Warning in forecast_1 * observed_1 : NAs produced by integer overflow
[22:47:11] Warning in forecast_1 * observed_1 : NAs produced by integer overflow
[22:47:11] Warning in forecast_1 * observed_1 : NAs produced by integer overflow
[22:47:11] Warning in forecast_1 * observed_1 : NAs produced by integer overflow
[22:47:11] Warning in forecast_1 * observed_1 : NAs produced by integer overflow
[22:47:11] Warning in forecast_1 * observed_1 : NAs produced by integer overflow
[22:47:11] Warning in forecast_1 * observed_1 : NAs produced by integer overflow
[22:47:11] Warning in forecast_1 * observed_1 : NAs produced by integer overflow
[22:47:11] Warning in forecast_1 * observed_1 : NAs produced by integer overflow
[22:47:11] Warning in forecast_1 * observed_1 : NAs produced by integer overflow
[22:47:11] Warning in forecast_1 * observed_1 : NAs produced by integer overflow
[22:47:11] Warning in forecast_1 * observed_1 : NAs produced by integer overflow
[22:47:11] Warning in forecast_1 * observed_1 : NAs produced by integer overflow
[22:47:11] Warning in forecast_1 * observed_1 : NAs produced by integer overflow
[22:47:11] Warning in forecast_1 * observed_1 : NAs produced by integer overflow
[22:47:11] Warning in forecast_1 * observed_1 : NAs produced by integer overflow
[22:47:11] Warning in forecast_1 * observed_1 : NAs produced by integer overflow
[22:47:11] Warning in forecast_1 * observed_1 : NAs produced by integer overflow
[22:47:11] Warning in forecast_1 * observed_1 : NAs produced by integer overflow
[22:47:11] Warning in forecast_1 * observed_1 : NAs produced by integer overflow
[22:47:11] Warning in forecast_1 * observed_1 : NAs produced by integer overflow
[22:47:11] Warning in forecast_1 * observed_1 : NAs produced by integer overflow
[22:47:11] Warning in forecast_1 * observed_1 : NAs produced by integer overflow
[22:47:11] Warning in forecast_1 * observed_1 : NAs produced by integer overflow
[22:47:11] Warning in forecast_1 * observed_1 : NAs produced by integer overflow
[22:47:11] Warning in forecast_1 * observed_1 : NAs produced by integer overflow
[22:47:11] Warning in forecast_1 * observed_1 : NAs produced by integer overflow
[22:47:11] Warning in forecast_1 * observed_1 : NAs produced by integer overflow
[22:47:11] Warning in forecast_1 * observed_1 : NAs produced by integer overflow
[22:47:11] Warning in forecast_1 * observed_1 : NAs produced by integer overflow
[22:47:11] Warning in forecast_1 * observed_1 : NAs produced by integer overflow
[22:47:11] Warning in forecast_1 * observed_1 : NAs produced by integer overflow
[22:47:11] Warning in forecast_1 * observed_1 : NAs produced by integer overflow
[22:47:11] Warning in forecast_1 * observed_1 : NAs produced by integer overflow
[22:47:11] Warning in forecast_1 * observed_1 : NAs produced by integer overflow
[22:47:11] Warning in forecast_1 * observed_1 : NAs produced by integer overflow
[22:47:11] Warning in forecast_1 * observed_1 : NAs produced by integer overflow
[22:47:11] Warning in forecast_1 * observed_1 : NAs produced by integer overflow
[22:47:11] Warning in forecast_1 * observed_1 : NAs produced by integer overflow
[22:47:11] Warning in forecast_1 * observed_1 : NAs produced by integer overflow
[22:47:11] Warning in forecast_1 * observed_1 : NAs produced by integer overflow
[22:47:11] Warning in forecast_1 * observed_1 : NAs produced by integer overflow
[22:47:11] Warning in forecast_1 * observed_1 : NAs produced by integer overflow
[22:47:11] Warning in forecast_1 * observed_1 : NAs produced by integer overflow
[22:47:11] Warning in forecast_1 * observed_1 : NAs produced by integer overflow
[22:47:11] Warning in forecast_1 * observed_1 : NAs produced by integer overflow
[22:47:11] Warning in forecast_1 * observed_1 : NAs produced by integer overflow
[22:47:11] Warning in forecast_1 * observed_1 : NAs produced by integer overflow
[22:47:11] Warning in forecast_1 * observed_1 : NAs produced by integer overflow
[22:47:11] Warning in forecast_1 * observed_1 : NAs produced by integer overflow
[22:47:11] Warning in forecast_1 * observed_1 : NAs produced by integer overflow
[22:47:11] Warning in forecast_1 * observed_1 : NAs produced by integer overflow
[22:47:11] Warning in forecast_1 * observed_1 : NAs produced by integer overflow
[22:47:11] Warning in forecast_1 * observed_1 : NAs produced by integer overflow
[22:47:11] Warning in forecast_1 * observed_1 : NAs produced by integer overflow
[22:47:11] Warning in forecast_1 * observed_1 : NAs produced by integer overflow
[22:47:11] Warning in forecast_1 * observed_1 : NAs produced by integer overflow
[22:47:11] Warning in forecast_1 * observed_1 : NAs produced by integer overflow
[22:47:11] Warning in forecast_1 * observed_1 : NAs produced by integer overflow
[22:47:11] Warning in forecast_1 * observed_1 : NAs produced by integer overflow
[22:47:11] Warning in forecast_1 * observed_1 : NAs produced by integer overflow
[22:47:11] Warning in forecast_1 * observed_1 : NAs produced by integer overflow
[22:47:11] Warning in forecast_1 * observed_1 : NAs produced by integer overflow
[22:47:11] Warning in forecast_1 * observed_1 : NAs produced by integer overflow
[22:47:11] Warning in forecast_1 * observed_1 : NAs produced by integer overflow
[22:47:11] Warning in forecast_1 * observed_1 : NAs produced by integer overflow
[22:47:11] Warning in forecast_1 * observed_1 : NAs produced by integer overflow
[22:47:11] Warning in forecast_1 * observed_1 : NAs produced by integer overflow
[22:47:11] Warning in forecast_1 * observed_1 : NAs produced by integer overflow
[22:47:11] Warning in forecast_1 * observed_1 : NAs produced by integer overflow
[22:47:11] Warning in forecast_1 * observed_1 : NAs produced by integer overflow
[22:47:11] Warning in forecast_1 * observed_1 : NAs produced by integer overflow
[22:47:11] Warning in forecast_1 * observed_1 : NAs produced by integer overflow
[22:47:11] Warning in forecast_1 * observed_1 : NAs produced by integer overflow
[22:47:11] Warning in forecast_1 * observed_1 : NAs produced by integer overflow
[22:47:11] Warning in forecast_1 * observed_1 : NAs produced by integer overflow
[22:47:11] Warning in forecast_1 * observed_1 : NAs produced by integer overflow
[22:47:11] Warning in forecast_1 * observed_1 : NAs produced by integer overflow
[22:47:11] Warning in forecast_1 * observed_1 : NAs produced by integer overflow
[22:47:11] Warning in forecast_1 * observed_1 : NAs produced by integer overflow
[22:47:11] Warning in forecast_1 * observed_1 : NAs produced by integer overflow
[22:47:11] Warning in forecast_1 * observed_1 : NAs produced by integer overflow
[22:47:11] Warning in forecast_1 * observed_1 : NAs produced by integer overflow
[22:47:11] Warning in forecast_1 * observed_1 : NAs produced by integer overflow
[22:47:11] Warning in forecast_1 * observed_1 : NAs produced by integer overflow
[22:47:11] Warning in forecast_1 * observed_1 : NAs produced by integer overflow
[22:47:11] Warning in forecast_1 * observed_1 : NAs produced by integer overflow
[22:47:11] Warning in forecast_1 * observed_1 : NAs produced by integer overflow
[22:47:11] Warning in forecast_1 * observed_1 : NAs produced by integer overflow
[22:47:11] Warning in forecast_1 * observed_1 : NAs produced by integer overflow
[22:47:18] 
[22:47:18] 
[22:47:18] -=-=-=--=-=-=- Agrostis.capillaris_PA3_RUN2_FDA 
[22:47:19] 
[22:47:20] 	Model scaling...Warning: glm.fit: fitted probabilities numerically 0 or 1 occurred
[22:47:20] 
[22:47:28] 	Evaluating Model stuff...Warning in forecast_1 * observed_1 : NAs produced by integer overflow
[22:47:28] Warning in forecast_1 * observed_1 : NAs produced by integer overflow
[22:47:28] Warning in forecast_1 * observed_1 : NAs produced by integer overflow
[22:47:28] Warning in forecast_1 * observed_1 : NAs produced by integer overflow
[22:47:28] Warning in forecast_1 * observed_1 : NAs produced by integer overflow
[22:47:28] Warning in forecast_1 * observed_1 : NAs produced by integer overflow
[22:47:28] Warning in forecast_1 * observed_1 : NAs produced by integer overflow
[22:47:28] Warning in forecast_1 * observed_1 : NAs produced by integer overflow
[22:47:28] Warning in forecast_1 * observed_1 : NAs produced by integer overflow
[22:47:28] Warning in forecast_1 * observed_1 : NAs produced by integer overflow
[22:47:28] Warning in forecast_1 * observed_1 : NAs produced by integer overflow
[22:47:28] Warning in forecast_1 * observed_1 : NAs produced by integer overflow
[22:47:28] Warning in forecast_1 * observed_1 : NAs produced by integer overflow
[22:47:28] Warning in forecast_1 * observed_1 : NAs produced by integer overflow
[22:47:28] Warning in forecast_1 * observed_1 : NAs produced by integer overflow
[22:47:28] Warning in forecast_1 * observed_1 : NAs produced by integer overflow
[22:47:28] Warning in forecast_1 * observed_1 : NAs produced by integer overflow
[22:47:28] Warning in forecast_1 * observed_1 : NAs produced by integer overflow
[22:47:28] Warning in forecast_1 * observed_1 : NAs produced by integer overflow
[22:47:28] Warning in forecast_1 * observed_1 : NAs produced by integer overflow
[22:47:28] Warning in forecast_1 * observed_1 : NAs produced by integer overflow
[22:47:28] Warning in forecast_1 * observed_1 : NAs produced by integer overflow
[22:47:28] Warning in forecast_1 * observed_1 : NAs produced by integer overflow
[22:47:28] Warning in forecast_1 * observed_1 : NAs produced by integer overflow
[22:47:28] Warning in forecast_1 * observed_1 : NAs produced by integer overflow
[22:47:28] Warning in forecast_1 * observed_1 : NAs produced by integer overflow
[22:47:28] Warning in forecast_1 * observed_1 : NAs produced by integer overflow
[22:47:28] Warning in forecast_1 * observed_1 : NAs produced by integer overflow
[22:47:28] Warning in forecast_1 * observed_1 : NAs produced by integer overflow
[22:47:28] Warning in forecast_1 * observed_1 : NAs produced by integer overflow
[22:47:28] Warning in forecast_1 * observed_1 : NAs produced by integer overflow
[22:47:28] Warning in forecast_1 * observed_1 : NAs produced by integer overflow
[22:47:28] Warning in forecast_1 * observed_1 : NAs produced by integer overflow
[22:47:28] Warning in forecast_1 * observed_1 : NAs produced by integer overflow
[22:47:28] Warning in forecast_1 * observed_1 : NAs produced by integer overflow
[22:47:28] Warning in forecast_1 * observed_1 : NAs produced by integer overflow
[22:47:28] Warning in forecast_1 * observed_1 : NAs produced by integer overflow
[22:47:28] Warning in forecast_1 * observed_1 : NAs produced by integer overflow
[22:47:28] Warning in forecast_1 * observed_1 : NAs produced by integer overflow
[22:47:28] Warning in forecast_1 * observed_1 : NAs produced by integer overflow
[22:47:28] Warning in forecast_1 * observed_1 : NAs produced by integer overflow
[22:47:28] Warning in forecast_1 * observed_1 : NAs produced by integer overflow
[22:47:28] Warning in forecast_1 * observed_1 : NAs produced by integer overflow
[22:47:28] Warning in forecast_1 * observed_1 : NAs produced by integer overflow
[22:47:28] Warning in forecast_1 * observed_1 : NAs produced by integer overflow
[22:47:28] Warning in forecast_1 * observed_1 : NAs produced by integer overflow
[22:47:28] Warning in forecast_1 * observed_1 : NAs produced by integer overflow
[22:47:28] Warning in forecast_1 * observed_1 : NAs produced by integer overflow
[22:47:28] Warning in forecast_1 * observed_1 : NAs produced by integer overflow
[22:47:28] Warning in forecast_1 * observed_1 : NAs produced by integer overflow
[22:47:28] Warning in forecast_1 * observed_1 : NAs produced by integer overflow
[22:47:28] Warning in forecast_1 * observed_1 : NAs produced by integer overflow
[22:47:28] Warning in forecast_1 * observed_1 : NAs produced by integer overflow
[22:47:28] Warning in forecast_1 * observed_1 : NAs produced by integer overflow
[22:47:28] Warning in forecast_1 * observed_1 : NAs produced by integer overflow
[22:47:28] Warning in forecast_1 * observed_1 : NAs produced by integer overflow
[22:47:28] Warning in forecast_1 * observed_1 : NAs produced by integer overflow
[22:47:28] Warning in forecast_1 * observed_1 : NAs produced by integer overflow
[22:47:28] Warning in forecast_1 * observed_1 : NAs produced by integer overflow
[22:47:28] Warning in forecast_1 * observed_1 : NAs produced by integer overflow
[22:47:28] Warning in forecast_1 * observed_1 : NAs produced by integer overflow
[22:47:28] Warning in forecast_1 * observed_1 : NAs produced by integer overflow
[22:47:28] Warning in forecast_1 * observed_1 : NAs produced by integer overflow
[22:47:28] Warning in forecast_1 * observed_1 : NAs produced by integer overflow
[22:47:28] Warning in forecast_1 * observed_1 : NAs produced by integer overflow
[22:47:28] Warning in forecast_1 * observed_1 : NAs produced by integer overflow
[22:47:28] Warning in forecast_1 * observed_1 : NAs produced by integer overflow
[22:47:28] Warning in forecast_1 * observed_1 : NAs produced by integer overflow
[22:47:28] Warning in forecast_1 * observed_1 : NAs produced by integer overflow
[22:47:28] Warning in forecast_1 * observed_1 : NAs produced by integer overflow
[22:47:28] Warning in forecast_1 * observed_1 : NAs produced by integer overflow
[22:47:28] Warning in forecast_1 * observed_1 : NAs produced by integer overflow
[22:47:28] Warning in forecast_1 * observed_1 : NAs produced by integer overflow
[22:47:28] Warning in forecast_1 * observed_1 : NAs produced by integer overflow
[22:47:28] Warning in forecast_1 * observed_1 : NAs produced by integer overflow
[22:47:28] Warning in forecast_1 * observed_1 : NAs produced by integer overflow
[22:47:28] Warning in forecast_1 * observed_1 : NAs produced by integer overflow
[22:47:28] Warning in forecast_1 * observed_1 : NAs produced by integer overflow
[22:47:28] Warning in forecast_1 * observed_1 : NAs produced by integer overflow
[22:47:28] Warning in forecast_1 * observed_1 : NAs produced by integer overflow
[22:47:28] Warning in forecast_1 * observed_1 : NAs produced by integer overflow
[22:47:28] Warning in forecast_1 * observed_1 : NAs produced by integer overflow
[22:47:28] Warning in forecast_1 * observed_1 : NAs produced by integer overflow
[22:47:28] Warning in forecast_1 * observed_1 : NAs produced by integer overflow
[22:47:28] Warning in forecast_1 * observed_1 : NAs produced by integer overflow
[22:47:28] Warning in forecast_1 * observed_1 : NAs produced by integer overflow
[22:47:28] Warning in forecast_1 * observed_1 : NAs produced by integer overflow
[22:47:28] Warning in forecast_1 * observed_1 : NAs produced by integer overflow
[22:47:28] Warning in forecast_1 * observed_1 : NAs produced by integer overflow
[22:47:28] Warning in forecast_1 * observed_1 : NAs produced by integer overflow
[22:47:28] Warning in forecast_1 * observed_1 : NAs produced by integer overflow
[22:47:28] Warning in forecast_1 * observed_1 : NAs produced by integer overflow
[22:47:28] Warning in forecast_1 * observed_1 : NAs produced by integer overflow
[22:47:28] Warning in forecast_1 * observed_1 : NAs produced by integer overflow
[22:47:28] Warning in (forecast_1 * observed_1) + (forecast_0 * observed_0) :
[22:47:28]   NAs produced by integer overflow
[22:54:03] 
[22:54:10] 	Evaluating Model stuff...Warning in forecast_1 * observed_1 : NAs produced by integer overflow
[22:54:10] Warning in forecast_1 * observed_1 : NAs produced by integer overflow
[22:54:10] Warning in forecast_1 * observed_1 : NAs produced by integer overflow
[22:54:10] Warning in forecast_1 * observed_1 : NAs produced by integer overflow
[22:54:10] Warning in forecast_1 * observed_1 : NAs produced by integer overflow
[22:54:10] Warning in forecast_1 * observed_1 : NAs produced by integer overflow
[22:54:10] Warning in forecast_1 * observed_1 : NAs produced by integer overflow
[22:54:10] Warning in forecast_1 * observed_1 : NAs produced by integer overflow
[22:54:10] Warning in forecast_1 * observed_1 : NAs produced by integer overflow
[22:54:10] Warning in forecast_1 * observed_1 : NAs produced by integer overflow
[22:54:10] Warning in forecast_1 * observed_1 : NAs produced by integer overflow
[22:54:10] Warning in forecast_1 * observed_1 : NAs produced by integer overflow
[22:54:10] Warning in forecast_1 * observed_1 : NAs produced by integer overflow
[22:54:10] Warning in forecast_1 * observed_1 : NAs produced by integer overflow
[22:54:10] Warning in forecast_1 * observed_1 : NAs produced by integer overflow
[22:54:10] Warning in forecast_1 * observed_1 : NAs produced by integer overflow
[22:54:10] Warning in forecast_1 * observed_1 : NAs produced by integer overflow
[22:54:10] Warning in forecast_1 * observed_1 : NAs produced by integer overflow
[22:54:10] Warning in forecast_1 * observed_1 : NAs produced by integer overflow
[22:54:10] Warning in forecast_1 * observed_1 : NAs produced by integer overflow
[22:54:10] Warning in forecast_1 * observed_1 : NAs produced by integer overflow
[22:54:10] Warning in forecast_1 * observed_1 : NAs produced by integer overflow
[22:54:10] Warning in forecast_1 * observed_1 : NAs produced by integer overflow
[22:54:10] Warning in forecast_1 * observed_1 : NAs produced by integer overflow
[22:54:10] Warning in forecast_1 * observed_1 : NAs produced by integer overflow
[22:54:10] Warning in forecast_1 * observed_1 : NAs produced by integer overflow
[22:54:10] Warning in forecast_1 * observed_1 : NAs produced by integer overflow
[22:54:10] Warning in forecast_1 * observed_1 : NAs produced by integer overflow
[22:54:10] Warning in forecast_1 * observed_1 : NAs produced by integer overflow
[22:54:10] Warning in forecast_1 * observed_1 : NAs produced by integer overflow
[22:54:10] Warning in forecast_1 * observed_1 : NAs produced by integer overflow
[22:54:10] Warning in forecast_1 * observed_1 : NAs produced by integer overflow
[22:54:10] Warning in forecast_1 * observed_1 : NAs produced by integer overflow
[22:54:10] Warning in forecast_1 * observed_1 : NAs produced by integer overflow
[22:54:10] Warning in forecast_1 * observed_1 : NAs produced by integer overflow
[22:54:10] Warning in forecast_1 * observed_1 : NAs produced by integer overflow
[22:54:10] Warning in forecast_1 * observed_1 : NAs produced by integer overflow
[22:54:10] Warning in forecast_1 * observed_1 : NAs produced by integer overflow
[22:54:10] Warning in forecast_1 * observed_1 : NAs produced by integer overflow
[22:54:10] Warning in forecast_1 * observed_1 : NAs produced by integer overflow
[22:54:10] Warning in forecast_1 * observed_1 : NAs produced by integer overflow
[22:54:10] Warning in forecast_1 * observed_1 : NAs produced by integer overflow
[22:54:10] Warning in forecast_1 * observed_1 : NAs produced by integer overflow
[22:54:10] Warning in forecast_1 * observed_1 : NAs produced by integer overflow
[22:54:10] Warning in forecast_1 * observed_1 : NAs produced by integer overflow
[22:54:10] Warning in forecast_1 * observed_1 : NAs produced by integer overflow
[22:54:10] Warning in forecast_1 * observed_1 : NAs produced by integer overflow
[22:54:10] Warning in forecast_1 * observed_1 : NAs produced by integer overflow
[22:54:10] Warning in forecast_1 * observed_1 : NAs produced by integer overflow
[22:54:10] Warning in forecast_1 * observed_1 : NAs produced by integer overflow
[22:54:10] Warning in forecast_1 * observed_1 : NAs produced by integer overflow
[22:54:10] Warning in forecast_1 * observed_1 : NAs produced by integer overflow
[22:54:10] Warning in forecast_1 * observed_1 : NAs produced by integer overflow
[22:54:10] Warning in forecast_1 * observed_1 : NAs produced by integer overflow
[22:54:10] Warning in forecast_1 * observed_1 : NAs produced by integer overflow
[22:54:10] Warning in forecast_1 * observed_1 : NAs produced by integer overflow
[22:54:10] Warning in forecast_1 * observed_1 : NAs produced by integer overflow
[22:54:10] Warning in forecast_1 * observed_1 : NAs produced by integer overflow
[22:54:10] Warning in forecast_1 * observed_1 : NAs produced by integer overflow
[22:54:10] Warning in forecast_1 * observed_1 : NAs produced by integer overflow
[22:54:10] Warning in forecast_1 * observed_1 : NAs produced by integer overflow
[22:54:10] Warning in forecast_1 * observed_1 : NAs produced by integer overflow
[22:54:10] Warning in forecast_1 * observed_1 : NAs produced by integer overflow
[22:54:10] Warning in forecast_1 * observed_1 : NAs produced by integer overflow
[22:54:10] Warning in forecast_1 * observed_1 : NAs produced by integer overflow
[22:54:10] Warning in forecast_1 * observed_1 : NAs produced by integer overflow
[22:54:10] Warning in forecast_1 * observed_1 : NAs produced by integer overflow
[22:54:10] Warning in forecast_1 * observed_1 : NAs produced by integer overflow
[22:54:10] Warning in forecast_1 * observed_1 : NAs produced by integer overflow
[22:54:10] Warning in forecast_1 * observed_1 : NAs produced by integer overflow
[22:54:10] Warning in forecast_1 * observed_1 : NAs produced by integer overflow
[22:54:10] Warning in forecast_1 * observed_1 : NAs produced by integer overflow
[22:54:10] Warning in forecast_1 * observed_1 : NAs produced by integer overflow
[22:54:10] Warning in forecast_1 * observed_1 : NAs produced by integer overflow
[22:54:10] Warning in forecast_1 * observed_1 : NAs produced by integer overflow
[22:54:10] Warning in forecast_1 * observed_1 : NAs produced by integer overflow
[22:54:10] Warning in forecast_1 * observed_1 : NAs produced by integer overflow
[22:54:10] Warning in forecast_1 * observed_1 : NAs produced by integer overflow
[22:54:10] Warning in forecast_1 * observed_1 : NAs produced by integer overflow
[22:54:10] Warning in forecast_1 * observed_1 : NAs produced by integer overflow
[22:54:10] Warning in forecast_1 * observed_1 : NAs produced by integer overflow
[22:54:10] Warning in forecast_1 * observed_1 : NAs produced by integer overflow
[22:54:10] Warning in forecast_1 * observed_1 : NAs produced by integer overflow
[22:54:10] Warning in forecast_1 * observed_1 : NAs produced by integer overflow
[22:54:10] Warning in forecast_1 * observed_1 : NAs produced by integer overflow
[22:54:10] Warning in forecast_1 * observed_1 : NAs produced by integer overflow
[22:54:10] Warning in forecast_1 * observed_1 : NAs produced by integer overflow
[22:54:10] Warning in forecast_1 * observed_1 : NAs produced by integer overflow
[22:54:10] Warning in forecast_1 * observed_1 : NAs produced by integer overflow
[22:54:10] Warning in forecast_1 * observed_1 : NAs produced by integer overflow
[22:54:10] Warning in forecast_1 * observed_1 : NAs produced by integer overflow
[22:54:10] Warning in forecast_1 * observed_1 : NAs produced by integer overflow
[22:54:10] Warning in forecast_1 * observed_1 : NAs produced by integer overflow
[22:54:10] Warning in forecast_1 * observed_1 : NAs produced by integer overflow
[22:54:10] Warning in forecast_1 * observed_1 : NAs produced by integer overflow
[22:54:10] Warning in forecast_1 * observed_1 : NAs produced by integer overflow
[22:54:10] Warning in forecast_1 * observed_1 : NAs produced by integer overflow
[22:54:26] 
[22:54:26] -=-=-=-=-=-=-=-=-=-=-=-=-=-=-=-=-=-= Done -=-=-=-=-=-=-=-=-=-=-=-=-=-=-=-=-=-=
[22:54:26] > end.time <- Sys.time()
[22:54:26] > time.modeling <- end.time - start.time
[22:54:26] > 
[22:54:26] > start.time <- Sys.time()
[22:54:26] > # 4. Model ensemble models
[22:54:26] > myBiomodEM <- BIOMOD_EnsembleModeling(
[22:54:26] +   bm.mod = myBiomodModelOut,
[22:54:26] +   models.chosen = "all",
[22:54:26] +   em.by = "all",
[22:54:26] +   em.algo = c("EMmean", "EMcv"),
[22:54:26] +   metric.select = c("AUCroc"),
[22:54:26] +   metric.select.thresh = c(0.6),
[22:54:26] +   metric.eval = c("TSS", "AUCroc", "KAPPA"),
[22:54:26] +   nb.cpu = 1
[22:54:26] + )
[22:54:26] 
[22:54:26] -=-=-=-=-=-=-=-=-=-=-=-=-=-= Build Ensemble Models -=-=-=-=-=-=-=-=-=-=-=-=-=-=
[22:54:26] 
[22:54:26]    ! all models available will be included in ensemble.modeling
[22:54:26]   ! Ensemble Models will be filtered and/or weighted using validation dataset (if possible). Please use `metric.select.dataset` for alternative options.
[22:54:26]    > Evaluation & Weighting methods summary :
[22:54:26]       AUCroc over 0.6
[22:54:28] 
[22:54:28] 
[22:54:32]   > mergedData_mergedRun_mergedAlgo ensemble modeling
[22:54:38]    ! Additional projection required for ensemble models merging several pseudo-absence dataset...
[22:54:38] -=-=-=-=-=-=-=-=-=-=-=-=-= Do Single Models Projection -=-=-=-=-=-=-=-=-=-=-=-=-=
[22:54:38] 
[22:54:38] 	> Projecting Agrostis.capillaris_PA1_RUN1_GLM ...
[22:54:38] 	> Projecting Agrostis.capillaris_PA1_RUN1_GBM ...
[22:54:38] 	> Projecting Agrostis.capillaris_PA1_RUN1_ANN ...
[22:54:38] 	> Projecting Agrostis.capillaris_PA1_RUN1_FDA ...
[22:54:38] 	> Projecting Agrostis.capillaris_PA1_RUN2_ANN ...
[22:54:39] 	> Projecting Agrostis.capillaris_PA1_RUN2_GBM ...
[22:54:39] 	> Projecting Agrostis.capillaris_PA1_RUN1_MAXNET ...
[22:54:40] 	> Projecting Agrostis.capillaris_PA1_RUN2_FDA ...
[22:54:40] 	> Projecting Agrostis.capillaris_PA1_RUN2_GLM ...
[22:54:42] 	> Projecting Agrostis.capillaris_PA1_RUN2_MAXNET ...
[22:54:42] -=-=-=-=-=-=-=-=-=-=-=-=-=-=-=-=-=-= Done -=-=-=-=-=-=-=-=-=-=-=-=-=-=-=-=-=-=
[22:54:48] 
[22:54:48] -=-=-=-=-=-=-=-=-=-=-=-=-= Do Single Models Projection -=-=-=-=-=-=-=-=-=-=-=-=-=
[22:54:48] 
[22:54:48] 	> Projecting Agrostis.capillaris_PA2_RUN1_GLM ...
[22:54:48] 	> Projecting Agrostis.capillaris_PA2_RUN1_GBM ...
[22:54:48] 	> Projecting Agrostis.capillaris_PA2_RUN1_ANN ...
[22:54:48] 	> Projecting Agrostis.capillaris_PA2_RUN1_FDA ...
[22:54:48] 	> Projecting Agrostis.capillaris_PA2_RUN2_ANN ...
[22:54:48] 	> Projecting Agrostis.capillaris_PA2_RUN2_GBM ...
[22:54:49] 	> Projecting Agrostis.capillaris_PA2_RUN1_MAXNET ...
[22:54:49] 	> Projecting Agrostis.capillaris_PA2_RUN2_FDA ...
[22:54:50] 	> Projecting Agrostis.capillaris_PA2_RUN2_GLM ...
[22:54:52] 	> Projecting Agrostis.capillaris_PA2_RUN2_MAXNET ...
[22:54:52] -=-=-=-=-=-=-=-=-=-=-=-=-=-=-=-=-=-= Done -=-=-=-=-=-=-=-=-=-=-=-=-=-=-=-=-=-=
[22:54:58] 
[22:54:58] -=-=-=-=-=-=-=-=-=-=-=-=-= Do Single Models Projection -=-=-=-=-=-=-=-=-=-=-=-=-=
[22:54:58] 
[22:54:58] 	> Projecting Agrostis.capillaris_PA3_RUN1_GLM ...
[22:54:58] 	> Projecting Agrostis.capillaris_PA3_RUN1_GBM ...
[22:54:58] 	> Projecting Agrostis.capillaris_PA3_RUN1_ANN ...
[22:54:58] 	> Projecting Agrostis.capillaris_PA3_RUN1_FDA ...
[22:54:58] 	> Projecting Agrostis.capillaris_PA3_RUN2_ANN ...
[22:54:59] 	> Projecting Agrostis.capillaris_PA3_RUN2_GBM ...
[22:54:59] 	> Projecting Agrostis.capillaris_PA3_RUN1_MAXNET ...
[22:55:00] 	> Projecting Agrostis.capillaris_PA3_RUN2_FDA ...
[22:55:00] 	> Projecting Agrostis.capillaris_PA3_RUN2_GLM ...
[22:55:02] 	> Projecting Agrostis.capillaris_PA3_RUN2_MAXNET ...
[22:55:02] -=-=-=-=-=-=-=-=-=-=-=-=-=-=-=-=-=-= Done -=-=-=-=-=-=-=-=-=-=-=-=-=-=-=-=-=-=
[22:55:12] 
[22:55:14] 
[22:55:14] 
[22:55:14]    > Mean of probabilities by AUCroc ...
[22:55:14] 
[22:55:36]    > Coef of variation of probabilities by AUCroc ...
[22:55:49] 			Evaluating Model stuff...Warning in forecast_1 * observed_1 : NAs produced by integer overflow
[22:55:49] Warning in forecast_1 * observed_1 : NAs produced by integer overflow
[22:55:49] Warning in forecast_1 * observed_1 : NAs produced by integer overflow
[22:55:49] Warning in forecast_1 * observed_1 : NAs produced by integer overflow
[22:55:49] Warning in forecast_1 * observed_1 : NAs produced by integer overflow
[22:55:49] Warning in forecast_1 * observed_1 : NAs produced by integer overflow
[22:55:49] Warning in forecast_1 * observed_1 : NAs produced by integer overflow
[22:55:49] Warning in forecast_1 * observed_1 : NAs produced by integer overflow
[22:55:49] Warning in forecast_1 * observed_1 : NAs produced by integer overflow
[22:55:49] Warning in forecast_1 * observed_1 : NAs produced by integer overflow
[22:55:49] Warning in forecast_1 * observed_1 : NAs produced by integer overflow
[22:55:49] Warning in forecast_1 * observed_1 : NAs produced by integer overflow
[22:55:49] Warning in forecast_1 * observed_1 : NAs produced by integer overflow
[22:55:49] Warning in forecast_1 * observed_1 : NAs produced by integer overflow
[22:55:49] Warning in forecast_1 * observed_1 : NAs produced by integer overflow
[22:55:49] Warning in forecast_1 * observed_1 : NAs produced by integer overflow
[22:55:49] Warning in forecast_1 * observed_1 : NAs produced by integer overflow
[22:55:49] Warning in forecast_1 * observed_1 : NAs produced by integer overflow
[22:55:49] Warning in forecast_1 * observed_1 : NAs produced by integer overflow
[22:55:49] Warning in forecast_1 * observed_1 : NAs produced by integer overflow
[22:55:49] Warning in forecast_1 * observed_1 : NAs produced by integer overflow
[22:55:49] Warning in forecast_1 * observed_1 : NAs produced by integer overflow
[22:55:49] Warning in forecast_1 * observed_1 : NAs produced by integer overflow
[22:55:49] Warning in forecast_1 * observed_1 : NAs produced by integer overflow
[22:55:49] Warning in forecast_1 * observed_1 : NAs produced by integer overflow
[22:55:49] Warning in forecast_1 * observed_1 : NAs produced by integer overflow
[22:55:49] Warning in forecast_1 * observed_1 : NAs produced by integer overflow
[22:55:49] Warning in forecast_1 * observed_1 : NAs produced by integer overflow
[22:55:49] Warning in forecast_1 * observed_1 : NAs produced by integer overflow
[22:55:49] Warning in forecast_1 * observed_1 : NAs produced by integer overflow
[22:55:49] Warning in forecast_1 * observed_1 : NAs produced by integer overflow
[22:55:49] Warning in forecast_1 * observed_1 : NAs produced by integer overflow
[22:55:49] Warning in forecast_1 * observed_1 : NAs produced by integer overflow
[22:55:49] Warning in forecast_1 * observed_1 : NAs produced by integer overflow
[22:55:49] Warning in forecast_1 * observed_1 : NAs produced by integer overflow
[22:55:49] Warning in forecast_1 * observed_1 : NAs produced by integer overflow
[22:55:49] Warning in forecast_1 * observed_1 : NAs produced by integer overflow
[22:55:49] Warning in forecast_1 * observed_1 : NAs produced by integer overflow
[22:55:49] Warning in forecast_1 * observed_1 : NAs produced by integer overflow
[22:55:49] Warning in forecast_1 * observed_1 : NAs produced by integer overflow
[22:55:49] Warning in forecast_1 * observed_1 : NAs produced by integer overflow
[22:55:49] Warning in forecast_1 * observed_1 : NAs produced by integer overflow
[22:55:49] Warning in forecast_1 * observed_1 : NAs produced by integer overflow
[22:55:49] Warning in forecast_1 * observed_1 : NAs produced by integer overflow
[22:55:49] Warning in forecast_1 * observed_1 : NAs produced by integer overflow
[22:55:49] Warning in forecast_1 * observed_1 : NAs produced by integer overflow
[22:55:49] Warning in forecast_1 * observed_1 : NAs produced by integer overflow
[22:55:49] Warning in forecast_1 * observed_1 : NAs produced by integer overflow
[22:55:49] Warning in forecast_1 * observed_1 : NAs produced by integer overflow
[22:55:49] Warning in forecast_1 * observed_1 : NAs produced by integer overflow
[22:55:49] Warning in forecast_1 * observed_1 : NAs produced by integer overflow
[22:55:49] Warning in forecast_1 * observed_1 : NAs produced by integer overflow
[22:55:49] Warning in forecast_1 * observed_1 : NAs produced by integer overflow
[22:55:49] Warning in forecast_1 * observed_1 : NAs produced by integer overflow
[22:55:49] Warning in forecast_1 * observed_1 : NAs produced by integer overflow
[22:55:49] Warning in forecast_1 * observed_1 : NAs produced by integer overflow
[22:55:49] Warning in forecast_1 * observed_1 : NAs produced by integer overflow
[22:55:49] Warning in forecast_1 * observed_1 : NAs produced by integer overflow
[22:55:49] Warning in forecast_1 * observed_1 : NAs produced by integer overflow
[22:55:49] Warning in forecast_1 * observed_1 : NAs produced by integer overflow
[22:55:49] Warning in forecast_1 * observed_1 : NAs produced by integer overflow
[22:55:49] Warning in forecast_1 * observed_1 : NAs produced by integer overflow
[22:55:49] Warning in forecast_1 * observed_1 : NAs produced by integer overflow
[22:55:49] Warning in forecast_1 * observed_1 : NAs produced by integer overflow
[22:55:49] Warning in forecast_1 * observed_1 : NAs produced by integer overflow
[22:55:49] Warning in forecast_1 * observed_1 : NAs produced by integer overflow
[22:55:49] Warning in forecast_1 * observed_1 : NAs produced by integer overflow
[22:55:49] Warning in forecast_1 * observed_1 : NAs produced by integer overflow
[22:55:49] Warning in forecast_1 * observed_1 : NAs produced by integer overflow
[22:55:49] Warning in forecast_1 * observed_1 : NAs produced by integer overflow
[22:55:49] Warning in forecast_1 * observed_1 : NAs produced by integer overflow
[22:55:49] Warning in forecast_1 * observed_1 : NAs produced by integer overflow
[22:55:49] Warning in forecast_1 * observed_1 : NAs produced by integer overflow
[22:55:49] Warning in forecast_1 * observed_1 : NAs produced by integer overflow
[22:55:49] Warning in forecast_1 * observed_1 : NAs produced by integer overflow
[22:55:49] Warning in forecast_1 * observed_1 : NAs produced by integer overflow
[22:55:49] Warning in forecast_1 * observed_1 : NAs produced by integer overflow
[22:55:49] Warning in forecast_0 * observed_0 : NAs produced by integer overflow
[22:55:49] Warning in forecast_1 * observed_1 : NAs produced by integer overflow
[22:55:49] Warning in forecast_0 * observed_0 : NAs produced by integer overflow
[22:55:49] Warning in forecast_1 * observed_1 : NAs produced by integer overflow
[22:55:49] Warning in forecast_0 * observed_0 : NAs produced by integer overflow
[22:55:49] Warning in forecast_1 * observed_1 : NAs produced by integer overflow
[22:55:49] Warning in forecast_0 * observed_0 : NAs produced by integer overflow
[22:55:49] Warning in forecast_1 * observed_1 : NAs produced by integer overflow
[22:55:49] Warning in forecast_0 * observed_0 : NAs produced by integer overflow
[22:55:49] Warning in forecast_1 * observed_1 : NAs produced by integer overflow
[22:55:49] Warning in forecast_0 * observed_0 : NAs produced by integer overflow
[22:55:49] Warning in forecast_1 * observed_1 : NAs produced by integer overflow
[22:55:49] Warning in forecast_0 * observed_0 : NAs produced by integer overflow
[22:55:49] Warning in forecast_1 * observed_1 : NAs produced by integer overflow
[22:55:49] Warning in forecast_0 * observed_0 : NAs produced by integer overflow
[22:55:49] Warning in forecast_1 * observed_1 : NAs produced by integer overflow
[22:55:49] Warning in forecast_0 * observed_0 : NAs produced by integer overflow
[22:55:49] Warning in forecast_1 * observed_1 : NAs produced by integer overflow
[22:55:49] Warning in forecast_0 * observed_0 : NAs produced by integer overflow
[22:55:49] Warning in forecast_1 * observed_1 : NAs produced by integer overflow
[22:55:49] Warning in forecast_0 * observed_0 : NAs produced by integer overflow
[22:55:49] Warning in forecast_1 * observed_1 : NAs produced by integer overflow
[22:55:49] Warning in forecast_0 * observed_0 : NAs produced by integer overflow
[22:55:49] Warning in forecast_1 * observed_1 : NAs produced by integer overflow
[22:55:49] Warning in forecast_0 * observed_0 : NAs produced by integer overflow
[22:55:49] Warning in forecast_1 * observed_1 : NAs produced by integer overflow
[22:55:49] Warning in forecast_0 * observed_0 : NAs produced by integer overflow
[22:55:49] Warning in forecast_1 * observed_1 : NAs produced by integer overflow
[22:55:49] Warning in forecast_0 * observed_0 : NAs produced by integer overflow
[22:55:49] Warning in forecast_1 * observed_1 : NAs produced by integer overflow
[22:55:49] Warning in forecast_0 * observed_0 : NAs produced by integer overflow
[22:55:49] Warning in forecast_1 * observed_1 : NAs produced by integer overflow
[22:55:49] Warning in forecast_0 * observed_0 : NAs produced by integer overflow
[22:55:49] Warning in forecast_1 * observed_1 : NAs produced by integer overflow
[22:55:49] Warning in forecast_0 * observed_0 : NAs produced by integer overflow
[22:55:49] Warning in forecast_1 * observed_1 : NAs produced by integer overflow
[22:55:49] Warning in forecast_0 * observed_0 : NAs produced by integer overflow
[22:55:49] Warning in forecast_1 * observed_1 : NAs produced by integer overflow
[22:55:49] Warning in forecast_0 * observed_0 : NAs produced by integer overflow
[22:55:49] Warning in forecast_0 * observed_0 : NAs produced by integer overflow
[22:55:49] Warning in forecast_0 * observed_0 : NAs produced by integer overflow
[22:55:49] Warning in forecast_0 * observed_0 : NAs produced by integer overflow
[22:55:50] 
[22:55:50] -=-=-=-=-=-=-=-=-=-=-=-=-=-=-=-=-=-= Done -=-=-=-=-=-=-=-=-=-=-=-=-=-=-=-=-=-=
[22:55:50] > end.time <- Sys.time()
[22:55:50] > time.modeling_EM <- end.time - start.time
[22:55:50] > 
[22:55:50] > ### Models evaluations
[22:55:50] > myBiomodModelEval <- get_evaluations(myBiomodModelOut)
[22:55:50] > myBiomodModelEval_ensamble <- get_evaluations(myBiomodEM)
[22:55:50] > 
[22:55:50] > nome <- paste0("Eval_", sp.names[i], ".txt", sep = "")
[22:55:50] > write.table(myBiomodModelEval, file = nome, sep = "\t")
[22:55:50] > 
[22:55:50] > nome1 <- paste0("Eval_EM_", sp.names[i], ".txt", sep = "")
[22:55:50] > write.table(myBiomodModelEval_ensamble, file = nome1, sep = "\t")
[22:55:50] > 
[22:55:50] > ###########################################################################
[22:55:50] > ######################      PROJECTION ON ALPS        #####################
[22:55:50] > ###########################################################################
[22:55:50] > 
[22:55:50] > ###########################################################################
[22:55:50] > ###########################           CURRENT   ###########################
[22:55:50] > ###########################################################################
[22:55:50] > 
[22:55:50] > # 5. Individual models projections on current environmental conditions
[22:55:50] > start.time <- Sys.time()
[22:55:50] > myBiomodProj <- BIOMOD_Projection(
[22:55:50] +   bm.mod = myBiomodModelOut,
[22:55:50] +   proj.name = "current",
[22:55:50] +   new.env = cur_proj,
[22:55:50] +   models.chosen = "all",
[22:55:50] +   build.clamping.mask = T,
[22:55:50] +   nb.cpu = n_cpu
[22:55:50] + )
[22:55:50] 
[22:55:50] -=-=-=-=-=-=-=-=-=-=-=-=-= Do Single Models Projection -=-=-=-=-=-=-=-=-=-=-=-=-=
[22:56:14] 
[22:56:14] 	> Building clamping mask
[22:57:18] 
[22:57:18] 	> Projecting Agrostis.capillaris_PA1_RUN1_GLM ...
[22:57:18] 	> Projecting Agrostis.capillaris_PA1_RUN1_GBM ...
[22:57:18] 	> Projecting Agrostis.capillaris_PA1_RUN1_ANN ...
[22:57:59] 	> Projecting Agrostis.capillaris_PA1_RUN1_FDA ...
[22:58:19] 	> Projecting Agrostis.capillaris_PA1_RUN1_MAXNET ...
[22:58:29] 	> Projecting Agrostis.capillaris_PA1_RUN2_ANN ...
[22:58:35] 	> Projecting Agrostis.capillaris_PA1_RUN2_GBM ...
[22:59:26] 	> Projecting Agrostis.capillaris_PA1_RUN2_FDA ...
[22:59:28] 	> Projecting Agrostis.capillaris_PA2_RUN1_ANN ...
[23:00:31] 	> Projecting Agrostis.capillaris_PA2_RUN1_GBM ...
[23:16:29] 	> Projecting Agrostis.capillaris_PA2_RUN2_GBM ...
[23:17:10] 	> Projecting Agrostis.capillaris_PA1_RUN2_GLM ...
[23:17:28] 	> Projecting Agrostis.capillaris_PA1_RUN2_MAXNET ...
[23:17:49] 	> Projecting Agrostis.capillaris_PA2_RUN1_GLM ...
[23:18:05] 	> Projecting Agrostis.capillaris_PA2_RUN1_FDA ...
[23:18:29] 	> Projecting Agrostis.capillaris_PA2_RUN1_MAXNET ...
[23:18:30] 	> Projecting Agrostis.capillaris_PA2_RUN2_ANN ...
[23:18:41] 	> Projecting Agrostis.capillaris_PA2_RUN2_GLM ...
[23:19:09] 	> Projecting Agrostis.capillaris_PA2_RUN2_FDA ...
[23:19:23] 	> Projecting Agrostis.capillaris_PA2_RUN2_MAXNET ...
[23:19:31] 	> Projecting Agrostis.capillaris_PA3_RUN1_GLM ...
[23:19:32] 	> Projecting Agrostis.capillaris_PA3_RUN1_ANN ...
[23:19:46] 	> Projecting Agrostis.capillaris_PA3_RUN1_GBM ...
[23:19:57] 	> Projecting Agrostis.capillaris_PA3_RUN1_FDA ...
[23:20:33] 	> Projecting Agrostis.capillaris_PA3_RUN1_MAXNET ...
[23:20:34] 	> Projecting Agrostis.capillaris_PA3_RUN2_ANN ...
[23:20:35] 	> Projecting Agrostis.capillaris_PA3_RUN2_GBM ...
[23:38:31] 	> Projecting Agrostis.capillaris_PA3_RUN2_FDA ...
[23:39:06] 	> Projecting Agrostis.capillaris_PA3_RUN2_GLM ...
[23:45:21] 	> Projecting Agrostis.capillaris_PA3_RUN2_MAXNET ...
[23:45:21] -=-=-=-=-=-=-=-=-=-=-=-=-=-=-=-=-=-= Done -=-=-=-=-=-=-=-=-=-=-=-=-=-=-=-=-=-=
[23:45:21] > end.time <- Sys.time()
[23:45:21] > time.cur_proj <- end.time - start.time
[23:45:21] > 
[23:45:21] > # 6. Project ensemble models (reuse bm.proj to avoid internal re-projection)
[23:45:21] > start.time <- Sys.time()
[23:45:21] > myBiomodEMProj <- BIOMOD_EnsembleForecasting(
[23:45:21] +   bm.em = myBiomodEM,
[23:45:21] +   bm.proj = myBiomodProj, # reuse computed projection; biomod2 wants XOR(bm.proj, new.env)
[23:45:21] +   proj.name = "CurrentEM",
[23:45:21] +   models.chosen = "all",
[23:45:21] +   metric.binary = "all",
[23:45:21] +   metric.filter = "all",
[23:45:21] +   nb.cpu = 1
[23:45:21] + )
[23:45:21] 
[23:45:21] -=-=-=-=-=-=-=-=-=-=-=-= Do Ensemble Models Projection -=-=-=-=-=-=-=-=-=-=-=-=
[23:45:21] 
[23:45:21] Creating suitable Workdir...
[23:45:56] 
[23:45:56] 	> Projecting Agrostis.capillaris_EMmeanByAUCroc_mergedData_mergedRun_mergedAlgo ...
[00:03:05] 	> Projecting Agrostis.capillaris_EMcvByAUCroc_mergedData_mergedRun_mergedAlgo ...
[00:03:05] 
[00:03:05] ! Binary/Filtered transformation automatically desactivated for ensemble models with coefficient of variation or confidence intervals
[00:03:11] 	> Building TSS binaries / filtered
[00:03:18] 	> Building AUCroc binaries / filtered
[00:03:24] 	> Building KAPPA binaries / filtered
[00:03:37] 
[00:03:37] -=-=-=-=-=-=-=-=-=-=-=-=-=-=-=-=-=-= Done -=-=-=-=-=-=-=-=-=-=-=-=-=-=-=-=-=-=
[00:03:37] > end.time <- Sys.time()
[00:03:37] > time.cur_proj_EM <- end.time - start.time
[00:03:37] > 
[00:03:37] > ###########################################################################
[00:03:37] > #######################################   FUTURE     ######################
[00:03:37] > ###########################################################################
[00:03:37] > 
[00:03:37] > ## Number of future projections
[00:03:37] > nf <- length(lf)
[00:03:37] > 
[00:03:37] > start.time <- Sys.time()
[00:03:37] > for (k in 1:nf) {
[00:03:37] +   name <- lf[k]
[00:03:37] +   cat("\n\nDEBUG: Processing future scenario", k, "of", nf, ":", name, "\n")
[00:03:37] + 
[00:03:37] +   fut_files <- dir(lf[k], full.names = T)
[00:03:37] +   fut1 <- rast(fut_files)
[00:03:37] +   cat("DEBUG: Raster loaded, ncell =", ncell(fut1), ", hasValues =", hasValues(fut1), "\n")
[00:03:37] + 
[00:03:37] +   fut <- fut1
[00:03:37] +   fut_proj <- c(fut[[1]], fut[[2]], tri_proj, soil_proj[[1]], soil_proj[[2]])
[00:03:37] +   names(fut_proj) <- c("PC1_clim", "PC2_clim", "tri", "PC1_soil", "PC2_soil")
[00:03:37] + 
[00:03:37] +   # path-depth independent: <gcm>/<ssp> are the last two path components
[00:03:37] +   nm1 <- strsplit(name, "/")[[1]]
[00:03:37] +   nm <- paste0(nm1[length(nm1) - 1], "_", nm1[length(nm1)])
[00:03:37] +   nm2 <- paste0("futureEM_", nm1[length(nm1) - 1], "_", nm1[length(nm1)])
[00:03:37] + 
[00:03:37] +   # 5. Individual models projections on future environmental conditions
[00:03:37] +   myBiomodProj_fut <- BIOMOD_Projection(
[00:03:37] +     bm.mod = myBiomodModelOut,
[00:03:37] +     proj.name = nm,
[00:03:37] +     new.env = fut_proj,
[00:03:37] +     models.chosen = "all",
[00:03:37] +     build.clamping.mask = T,
[00:03:37] +     nb.cpu = n_cpu
[00:03:37] +   )
[00:03:37] + 
[00:03:37] +   myBiomodEMProj_fut <- BIOMOD_EnsembleForecasting(
[00:03:37] +     bm.em = myBiomodEM,
[00:03:37] +     bm.proj = myBiomodProj_fut, # reuse computed projection; biomod2 wants XOR(bm.proj, new.env)
[00:03:37] +     proj.name = nm2,
[00:03:37] +     models.chosen = "all",
[00:03:37] +     metric.binary = "all",
[00:03:37] +     metric.filter = "all",
[00:03:37] +     nb.cpu = 1
[00:03:37] +   )
[00:03:37] + }
[00:03:37] 
[00:03:37] 
[00:03:37] DEBUG: Processing future scenario 1 of 8 : /work/data/input/climate_vars/future/gfdl.esm4/ssp370 
[00:03:37] DEBUG: Raster loaded, ncell = 63951097 , hasValues = TRUE 
[00:03:37] 
[00:03:37] -=-=-=-=-=-=-=-=-=-=-=-=-= Do Single Models Projection -=-=-=-=-=-=-=-=-=-=-=-=-=
[00:04:01] 
[00:04:01] 	> Building clamping mask
[00:05:04] 
[00:05:05] 	> Projecting Agrostis.capillaris_PA1_RUN1_GLM ...
[00:05:05] 	> Projecting Agrostis.capillaris_PA1_RUN1_GBM ...
[00:05:05] 	> Projecting Agrostis.capillaris_PA1_RUN1_ANN ...
[00:05:45] 	> Projecting Agrostis.capillaris_PA1_RUN1_FDA ...
[00:06:03] 	> Projecting Agrostis.capillaris_PA1_RUN1_MAXNET ...
[00:06:13] 	> Projecting Agrostis.capillaris_PA1_RUN2_ANN ...
[00:06:21] 	> Projecting Agrostis.capillaris_PA1_RUN2_GBM ...
[00:07:01] 	> Projecting Agrostis.capillaris_PA1_RUN2_FDA ...
[00:07:17] 	> Projecting Agrostis.capillaris_PA2_RUN1_GBM ...
[00:08:08] 	> Projecting Agrostis.capillaris_PA2_RUN1_ANN ...
[00:24:07] 	> Projecting Agrostis.capillaris_PA2_RUN2_GBM ...
[00:24:47] 	> Projecting Agrostis.capillaris_PA1_RUN2_GLM ...
[00:24:59] 	> Projecting Agrostis.capillaris_PA1_RUN2_MAXNET ...
[00:25:22] 	> Projecting Agrostis.capillaris_PA2_RUN1_GLM ...
[00:25:33] 	> Projecting Agrostis.capillaris_PA2_RUN1_FDA ...
[00:25:45] 	> Projecting Agrostis.capillaris_PA2_RUN1_MAXNET ...
[00:26:08] 	> Projecting Agrostis.capillaris_PA2_RUN2_GLM ...
[00:26:12] 	> Projecting Agrostis.capillaris_PA2_RUN2_ANN ...
[00:26:19] 	> Projecting Agrostis.capillaris_PA2_RUN2_FDA ...
[00:26:42] 	> Projecting Agrostis.capillaris_PA2_RUN2_MAXNET ...
[00:26:57] 	> Projecting Agrostis.capillaris_PA3_RUN1_GLM ...
[00:27:02] 	> Projecting Agrostis.capillaris_PA3_RUN1_ANN ...
[00:27:09] 	> Projecting Agrostis.capillaris_PA3_RUN1_FDA ...
[00:27:15] 	> Projecting Agrostis.capillaris_PA3_RUN1_GBM ...
[00:27:41] 	> Projecting Agrostis.capillaris_PA3_RUN1_MAXNET ...
[00:27:54] 	> Projecting Agrostis.capillaris_PA3_RUN2_ANN ...
[00:28:00] 	> Projecting Agrostis.capillaris_PA3_RUN2_FDA ...
[00:46:17] 	> Projecting Agrostis.capillaris_PA3_RUN2_GBM ...
[00:46:56] 	> Projecting Agrostis.capillaris_PA3_RUN2_GLM ...
[00:53:10] 	> Projecting Agrostis.capillaris_PA3_RUN2_MAXNET ...
[00:53:10] -=-=-=-=-=-=-=-=-=-=-=-=-=-=-=-=-=-= Done -=-=-=-=-=-=-=-=-=-=-=-=-=-=-=-=-=-=
[00:53:10] 
[00:53:10] -=-=-=-=-=-=-=-=-=-=-=-= Do Ensemble Models Projection -=-=-=-=-=-=-=-=-=-=-=-=
[00:53:10] 
[00:53:10] Creating suitable Workdir...
[00:53:47] 
[00:53:47] 	> Projecting Agrostis.capillaris_EMmeanByAUCroc_mergedData_mergedRun_mergedAlgo ...
[01:10:57] 	> Projecting Agrostis.capillaris_EMcvByAUCroc_mergedData_mergedRun_mergedAlgo ...
[01:10:57] 
[01:10:57] ! Binary/Filtered transformation automatically desactivated for ensemble models with coefficient of variation or confidence intervals
[01:11:04] 	> Building TSS binaries / filtered
[01:11:11] 	> Building AUCroc binaries / filtered
[01:11:17] 	> Building KAPPA binaries / filtered
[01:11:30] 
[01:11:30] -=-=-=-=-=-=-=-=-=-=-=-=-=-=-=-=-=-= Done -=-=-=-=-=-=-=-=-=-=-=-=-=-=-=-=-=-=
[01:11:30] 
[01:11:30] 
[01:11:30] DEBUG: Processing future scenario 2 of 8 : /work/data/input/climate_vars/future/gfdl.esm4/ssp585 
[01:11:30] DEBUG: Raster loaded, ncell = 63951097 , hasValues = TRUE 
[01:11:30] 
[01:11:30] -=-=-=-=-=-=-=-=-=-=-=-=-= Do Single Models Projection -=-=-=-=-=-=-=-=-=-=-=-=-=
[01:11:54] 
[01:11:54] 	> Building clamping mask
[01:12:56] 
[01:12:57] 	> Projecting Agrostis.capillaris_PA1_RUN1_GLM ...
[01:12:57] 	> Projecting Agrostis.capillaris_PA1_RUN1_GBM ...
[01:12:58] 	> Projecting Agrostis.capillaris_PA1_RUN1_ANN ...
[01:13:40] 	> Projecting Agrostis.capillaris_PA1_RUN1_FDA ...
[01:13:53] 	> Projecting Agrostis.capillaris_PA1_RUN1_MAXNET ...
[01:14:07] 	> Projecting Agrostis.capillaris_PA1_RUN2_ANN ...
[01:14:16] 	> Projecting Agrostis.capillaris_PA1_RUN2_GBM ...
[01:14:51] 	> Projecting Agrostis.capillaris_PA1_RUN2_FDA ...
[01:15:04] 	> Projecting Agrostis.capillaris_PA2_RUN1_GBM ...
[01:15:56] 	> Projecting Agrostis.capillaris_PA2_RUN1_ANN ...
[01:31:50] 	> Projecting Agrostis.capillaris_PA2_RUN2_GBM ...
[01:32:30] 	> Projecting Agrostis.capillaris_PA1_RUN2_GLM ...
[01:32:50] 	> Projecting Agrostis.capillaris_PA1_RUN2_MAXNET ...
[01:33:04] 	> Projecting Agrostis.capillaris_PA2_RUN1_GLM ...
[01:33:26] 	> Projecting Agrostis.capillaris_PA2_RUN1_FDA ...
[01:33:34] 	> Projecting Agrostis.capillaris_PA2_RUN1_MAXNET ...
[01:33:53] 	> Projecting Agrostis.capillaris_PA2_RUN2_GLM ...
[01:34:05] 	> Projecting Agrostis.capillaris_PA2_RUN2_ANN ...
[01:34:12] 	> Projecting Agrostis.capillaris_PA2_RUN2_FDA ...
[01:34:35] 	> Projecting Agrostis.capillaris_PA2_RUN2_MAXNET ...
[01:34:48] 	> Projecting Agrostis.capillaris_PA3_RUN1_GLM ...
[01:34:56] 	> Projecting Agrostis.capillaris_PA3_RUN1_FDA ...
[01:34:59] 	> Projecting Agrostis.capillaris_PA3_RUN1_GBM ...
[01:35:09] 	> Projecting Agrostis.capillaris_PA3_RUN1_ANN ...
[01:35:34] 	> Projecting Agrostis.capillaris_PA3_RUN1_MAXNET ...
[01:35:46] 	> Projecting Agrostis.capillaris_PA3_RUN2_ANN ...
[01:35:58] 	> Projecting Agrostis.capillaris_PA3_RUN2_FDA ...
[01:54:10] 	> Projecting Agrostis.capillaris_PA3_RUN2_GBM ...
[01:54:47] 	> Projecting Agrostis.capillaris_PA3_RUN2_GLM ...
[02:00:58] 	> Projecting Agrostis.capillaris_PA3_RUN2_MAXNET ...
[02:00:58] -=-=-=-=-=-=-=-=-=-=-=-=-=-=-=-=-=-= Done -=-=-=-=-=-=-=-=-=-=-=-=-=-=-=-=-=-=
[02:00:58] 
[02:00:58] -=-=-=-=-=-=-=-=-=-=-=-= Do Ensemble Models Projection -=-=-=-=-=-=-=-=-=-=-=-=
[02:00:58] 
[02:00:58] Creating suitable Workdir...
[02:01:33] 
[02:01:34] 	> Projecting Agrostis.capillaris_EMmeanByAUCroc_mergedData_mergedRun_mergedAlgo ...
[02:18:38] 	> Projecting Agrostis.capillaris_EMcvByAUCroc_mergedData_mergedRun_mergedAlgo ...
[02:18:38] 
[02:18:38] ! Binary/Filtered transformation automatically desactivated for ensemble models with coefficient of variation or confidence intervals
[02:18:45] 	> Building TSS binaries / filtered
[02:18:52] 	> Building AUCroc binaries / filtered
[02:18:58] 	> Building KAPPA binaries / filtered
[02:19:11] 
[02:19:11] -=-=-=-=-=-=-=-=-=-=-=-=-=-=-=-=-=-= Done -=-=-=-=-=-=-=-=-=-=-=-=-=-=-=-=-=-=
[02:19:11] 
[02:19:11] 
[02:19:11] DEBUG: Processing future scenario 3 of 8 : /work/data/input/climate_vars/future/ipsl.cm6a.lr/ssp370 
[02:19:11] DEBUG: Raster loaded, ncell = 63951097 , hasValues = TRUE 
[02:19:11] 
[02:19:11] -=-=-=-=-=-=-=-=-=-=-=-=-= Do Single Models Projection -=-=-=-=-=-=-=-=-=-=-=-=-=
[02:19:35] 
[02:19:35] 	> Building clamping mask
[02:20:38] 
[02:20:39] 	> Projecting Agrostis.capillaris_PA1_RUN1_GLM ...
[02:20:39] 	> Projecting Agrostis.capillaris_PA1_RUN1_GBM ...
[02:20:40] 	> Projecting Agrostis.capillaris_PA1_RUN1_ANN ...
[02:21:21] 	> Projecting Agrostis.capillaris_PA1_RUN1_FDA ...
[02:21:39] 	> Projecting Agrostis.capillaris_PA1_RUN1_MAXNET ...
[02:21:53] 	> Projecting Agrostis.capillaris_PA1_RUN2_ANN ...
[02:21:59] 	> Projecting Agrostis.capillaris_PA1_RUN2_GBM ...
[02:22:39] 	> Projecting Agrostis.capillaris_PA1_RUN2_FDA ...
[02:22:51] 	> Projecting Agrostis.capillaris_PA2_RUN1_GBM ...
[02:23:44] 	> Projecting Agrostis.capillaris_PA2_RUN1_ANN ...
[02:39:21] 	> Projecting Agrostis.capillaris_PA2_RUN2_GBM ...
[02:40:06] 	> Projecting Agrostis.capillaris_PA1_RUN2_GLM ...
[02:40:20] 	> Projecting Agrostis.capillaris_PA1_RUN2_MAXNET ...
[02:40:42] 	> Projecting Agrostis.capillaris_PA2_RUN1_GLM ...
[02:40:55] 	> Projecting Agrostis.capillaris_PA2_RUN1_FDA ...
[02:41:06] 	> Projecting Agrostis.capillaris_PA2_RUN1_MAXNET ...
[02:41:35] 	> Projecting Agrostis.capillaris_PA2_RUN2_GLM ...
[02:41:36] 	> Projecting Agrostis.capillaris_PA2_RUN2_ANN ...
[02:41:41] 	> Projecting Agrostis.capillaris_PA2_RUN2_FDA ...
[02:42:01] 	> Projecting Agrostis.capillaris_PA2_RUN2_MAXNET ...
[02:42:19] 	> Projecting Agrostis.capillaris_PA3_RUN1_GLM ...
[02:42:29] 	> Projecting Agrostis.capillaris_PA3_RUN1_FDA ...
[02:42:36] 	> Projecting Agrostis.capillaris_PA3_RUN1_ANN ...
[02:42:38] 	> Projecting Agrostis.capillaris_PA3_RUN1_MAXNET ...
[02:43:17] 	> Projecting Agrostis.capillaris_PA3_RUN1_GBM ...
[02:43:18] 	> Projecting Agrostis.capillaris_PA3_RUN2_ANN ...
[02:43:34] 	> Projecting Agrostis.capillaris_PA3_RUN2_FDA ...
[03:01:35] 	> Projecting Agrostis.capillaris_PA3_RUN2_GBM ...
[03:02:08] 	> Projecting Agrostis.capillaris_PA3_RUN2_GLM ...
[03:08:25] 	> Projecting Agrostis.capillaris_PA3_RUN2_MAXNET ...
[03:08:25] -=-=-=-=-=-=-=-=-=-=-=-=-=-=-=-=-=-= Done -=-=-=-=-=-=-=-=-=-=-=-=-=-=-=-=-=-=
[03:08:25] 
[03:08:25] -=-=-=-=-=-=-=-=-=-=-=-= Do Ensemble Models Projection -=-=-=-=-=-=-=-=-=-=-=-=
[03:08:25] 
[03:08:25] Creating suitable Workdir...
[03:09:01] 
[03:09:02] 	> Projecting Agrostis.capillaris_EMmeanByAUCroc_mergedData_mergedRun_mergedAlgo ...
[03:26:42] 	> Projecting Agrostis.capillaris_EMcvByAUCroc_mergedData_mergedRun_mergedAlgo ...
[03:26:42] 
[03:26:42] ! Binary/Filtered transformation automatically desactivated for ensemble models with coefficient of variation or confidence intervals
[03:26:48] 	> Building TSS binaries / filtered
[03:26:55] 	> Building AUCroc binaries / filtered
[03:27:02] 	> Building KAPPA binaries / filtered
[03:27:15] 
[03:27:15] -=-=-=-=-=-=-=-=-=-=-=-=-=-=-=-=-=-= Done -=-=-=-=-=-=-=-=-=-=-=-=-=-=-=-=-=-=
[03:27:15] 
[03:27:15] 
[03:27:15] DEBUG: Processing future scenario 4 of 8 : /work/data/input/climate_vars/future/ipsl.cm6a.lr/ssp585 
[03:27:15] DEBUG: Raster loaded, ncell = 63951097 , hasValues = TRUE 
[03:27:15] 
[03:27:15] -=-=-=-=-=-=-=-=-=-=-=-=-= Do Single Models Projection -=-=-=-=-=-=-=-=-=-=-=-=-=
[03:27:38] 
[03:27:38] 	> Building clamping mask
[03:28:44] 
[03:28:44] 	> Projecting Agrostis.capillaris_PA1_RUN1_GLM ...
[03:28:45] 	> Projecting Agrostis.capillaris_PA1_RUN1_GBM ...
[03:28:47] 	> Projecting Agrostis.capillaris_PA1_RUN1_ANN ...
[03:29:28] 	> Projecting Agrostis.capillaris_PA1_RUN1_FDA ...
[03:29:43] 	> Projecting Agrostis.capillaris_PA1_RUN1_MAXNET ...
[03:30:02] 	> Projecting Agrostis.capillaris_PA1_RUN2_ANN ...
[03:30:07] 	> Projecting Agrostis.capillaris_PA1_RUN2_GBM ...
[03:30:46] 	> Projecting Agrostis.capillaris_PA1_RUN2_FDA ...
[03:31:00] 	> Projecting Agrostis.capillaris_PA2_RUN1_GBM ...
[03:31:55] 	> Projecting Agrostis.capillaris_PA2_RUN1_ANN ...
[03:46:50] 	> Projecting Agrostis.capillaris_PA2_RUN2_GBM ...
[03:47:34] 	> Projecting Agrostis.capillaris_PA1_RUN2_GLM ...
[03:48:03] 	> Projecting Agrostis.capillaris_PA1_RUN2_MAXNET ...
[03:48:10] 	> Projecting Agrostis.capillaris_PA2_RUN1_GLM ...
[03:48:29] 	> Projecting Agrostis.capillaris_PA2_RUN1_FDA ...
[03:48:39] 	> Projecting Agrostis.capillaris_PA2_RUN2_GLM ...
[03:49:02] 	> Projecting Agrostis.capillaris_PA2_RUN1_MAXNET ...
[03:49:07] 	> Projecting Agrostis.capillaris_PA2_RUN2_ANN ...
[03:49:19] 	> Projecting Agrostis.capillaris_PA2_RUN2_MAXNET ...
[03:49:44] 	> Projecting Agrostis.capillaris_PA2_RUN2_FDA ...
[03:49:46] 	> Projecting Agrostis.capillaris_PA3_RUN1_FDA ...
[03:50:01] 	> Projecting Agrostis.capillaris_PA3_RUN1_GLM ...
[03:50:14] 	> Projecting Agrostis.capillaris_PA3_RUN1_GBM ...
[03:50:21] 	> Projecting Agrostis.capillaris_PA3_RUN1_ANN ...
[03:50:39] 	> Projecting Agrostis.capillaris_PA3_RUN1_MAXNET ...
[03:51:02] 	> Projecting Agrostis.capillaris_PA3_RUN2_ANN ...
[03:51:24] 	> Projecting Agrostis.capillaris_PA3_RUN2_FDA ...
[04:08:28] 	> Projecting Agrostis.capillaris_PA3_RUN2_GBM ...
[04:09:00] 	> Projecting Agrostis.capillaris_PA3_RUN2_GLM ...
[04:15:28] 	> Projecting Agrostis.capillaris_PA3_RUN2_MAXNET ...
[04:15:28] -=-=-=-=-=-=-=-=-=-=-=-=-=-=-=-=-=-= Done -=-=-=-=-=-=-=-=-=-=-=-=-=-=-=-=-=-=
[04:15:28] 
[04:15:28] -=-=-=-=-=-=-=-=-=-=-=-= Do Ensemble Models Projection -=-=-=-=-=-=-=-=-=-=-=-=
[04:15:28] 
[04:15:28] Creating suitable Workdir...
[04:16:04] 
[04:16:05] 	> Projecting Agrostis.capillaris_EMmeanByAUCroc_mergedData_mergedRun_mergedAlgo ...
[04:33:40] 	> Projecting Agrostis.capillaris_EMcvByAUCroc_mergedData_mergedRun_mergedAlgo ...
[04:33:40] 
[04:33:40] ! Binary/Filtered transformation automatically desactivated for ensemble models with coefficient of variation or confidence intervals
[04:33:47] 	> Building TSS binaries / filtered
[04:33:53] 	> Building AUCroc binaries / filtered
[04:34:00] 	> Building KAPPA binaries / filtered
[04:34:13] 
[04:34:13] -=-=-=-=-=-=-=-=-=-=-=-=-=-=-=-=-=-= Done -=-=-=-=-=-=-=-=-=-=-=-=-=-=-=-=-=-=
[04:34:13] 
[04:34:13] 
[04:34:13] DEBUG: Processing future scenario 5 of 8 : /work/data/input/climate_vars/future/mpi.esm1.2.hr/ssp370 
[04:34:13] DEBUG: Raster loaded, ncell = 63951097 , hasValues = TRUE 
[04:34:13] 
[04:34:13] -=-=-=-=-=-=-=-=-=-=-=-=-= Do Single Models Projection -=-=-=-=-=-=-=-=-=-=-=-=-=
[04:34:37] 
[04:34:37] 	> Building clamping mask
[04:35:44] 
[04:35:45] 	> Projecting Agrostis.capillaris_PA1_RUN1_GLM ...
[04:35:46] 	> Projecting Agrostis.capillaris_PA1_RUN1_GBM ...
[04:35:48] 	> Projecting Agrostis.capillaris_PA1_RUN1_ANN ...
[04:36:29] 	> Projecting Agrostis.capillaris_PA1_RUN1_FDA ...
[04:36:45] 	> Projecting Agrostis.capillaris_PA1_RUN1_MAXNET ...
[04:36:56] 	> Projecting Agrostis.capillaris_PA1_RUN2_ANN ...
[04:37:07] 	> Projecting Agrostis.capillaris_PA1_RUN2_GBM ...
[04:37:44] 	> Projecting Agrostis.capillaris_PA1_RUN2_FDA ...
[04:38:00] 	> Projecting Agrostis.capillaris_PA2_RUN1_GBM ...
[04:38:53] 	> Projecting Agrostis.capillaris_PA2_RUN1_ANN ...
[04:55:02] 	> Projecting Agrostis.capillaris_PA2_RUN2_GBM ...
[04:55:41] 	> Projecting Agrostis.capillaris_PA1_RUN2_GLM ...
[04:55:49] 	> Projecting Agrostis.capillaris_PA2_RUN1_GLM ...
[04:56:14] 	> Projecting Agrostis.capillaris_PA1_RUN2_MAXNET ...
[04:56:27] 	> Projecting Agrostis.capillaris_PA2_RUN1_MAXNET ...
[04:56:36] 	> Projecting Agrostis.capillaris_PA2_RUN1_FDA ...
[04:56:52] 	> Projecting Agrostis.capillaris_PA2_RUN2_GLM ...
[04:57:09] 	> Projecting Agrostis.capillaris_PA2_RUN2_FDA ...
[04:57:22] 	> Projecting Agrostis.capillaris_PA2_RUN2_MAXNET ...
[04:57:42] 	> Projecting Agrostis.capillaris_PA2_RUN2_ANN ...
[04:57:47] 	> Projecting Agrostis.capillaris_PA3_RUN1_ANN ...
[04:57:47] 	> Projecting Agrostis.capillaris_PA3_RUN1_FDA ...
[04:58:21] 	> Projecting Agrostis.capillaris_PA3_RUN1_GLM ...
[04:58:31] 	> Projecting Agrostis.capillaris_PA3_RUN1_MAXNET ...
[04:58:43] 	> Projecting Agrostis.capillaris_PA3_RUN1_GBM ...
[04:58:45] 	> Projecting Agrostis.capillaris_PA3_RUN2_GBM ...
[04:59:01] 	> Projecting Agrostis.capillaris_PA3_RUN2_ANN ...
[05:17:54] 	> Projecting Agrostis.capillaris_PA3_RUN2_FDA ...
[05:18:30] 	> Projecting Agrostis.capillaris_PA3_RUN2_GLM ...
[05:24:52] 	> Projecting Agrostis.capillaris_PA3_RUN2_MAXNET ...
[05:24:52] -=-=-=-=-=-=-=-=-=-=-=-=-=-=-=-=-=-= Done -=-=-=-=-=-=-=-=-=-=-=-=-=-=-=-=-=-=
[05:24:52] 
[05:24:52] -=-=-=-=-=-=-=-=-=-=-=-= Do Ensemble Models Projection -=-=-=-=-=-=-=-=-=-=-=-=
[05:24:52] 
[05:24:52] Creating suitable Workdir...
[05:25:29] 
[05:25:30] 	> Projecting Agrostis.capillaris_EMmeanByAUCroc_mergedData_mergedRun_mergedAlgo ...
[05:42:38] 	> Projecting Agrostis.capillaris_EMcvByAUCroc_mergedData_mergedRun_mergedAlgo ...
[05:42:38] 
[05:42:38] ! Binary/Filtered transformation automatically desactivated for ensemble models with coefficient of variation or confidence intervals
[05:42:45] 	> Building TSS binaries / filtered
[05:42:51] 	> Building AUCroc binaries / filtered
[05:42:58] 	> Building KAPPA binaries / filtered
[05:43:11] 
[05:43:11] -=-=-=-=-=-=-=-=-=-=-=-=-=-=-=-=-=-= Done -=-=-=-=-=-=-=-=-=-=-=-=-=-=-=-=-=-=
[05:43:11] 
[05:43:11] 
[05:43:11] DEBUG: Processing future scenario 6 of 8 : /work/data/input/climate_vars/future/mpi.esm1.2.hr/ssp585 
[05:43:11] DEBUG: Raster loaded, ncell = 63951097 , hasValues = TRUE 
[05:43:11] 
[05:43:11] -=-=-=-=-=-=-=-=-=-=-=-=-= Do Single Models Projection -=-=-=-=-=-=-=-=-=-=-=-=-=
[05:43:35] 
[05:43:35] 	> Building clamping mask
[05:44:41] 
[05:44:42] 	> Projecting Agrostis.capillaris_PA1_RUN1_GLM ...
[05:44:43] 	> Projecting Agrostis.capillaris_PA1_RUN1_GBM ...
[05:44:44] 	> Projecting Agrostis.capillaris_PA1_RUN1_ANN ...
[05:45:25] 	> Projecting Agrostis.capillaris_PA1_RUN1_FDA ...
[05:45:44] 	> Projecting Agrostis.capillaris_PA1_RUN1_MAXNET ...
[05:45:55] 	> Projecting Agrostis.capillaris_PA1_RUN2_ANN ...
[05:46:02] 	> Projecting Agrostis.capillaris_PA1_RUN2_GBM ...
[05:46:43] 	> Projecting Agrostis.capillaris_PA1_RUN2_FDA ...
[05:46:52] 	> Projecting Agrostis.capillaris_PA2_RUN1_GBM ...
[05:47:41] 	> Projecting Agrostis.capillaris_PA2_RUN1_ANN ...
[06:02:49] 	> Projecting Agrostis.capillaris_PA2_RUN2_GBM ...
[06:03:36] 	> Projecting Agrostis.capillaris_PA1_RUN2_GLM ...
[06:03:45] 	> Projecting Agrostis.capillaris_PA1_RUN2_MAXNET ...
[06:04:13] 	> Projecting Agrostis.capillaris_PA2_RUN1_GLM ...
[06:04:21] 	> Projecting Agrostis.capillaris_PA2_RUN1_FDA ...
[06:04:35] 	> Projecting Agrostis.capillaris_PA2_RUN1_MAXNET ...
[06:05:03] 	> Projecting Agrostis.capillaris_PA2_RUN2_GLM ...
[06:05:11] 	> Projecting Agrostis.capillaris_PA2_RUN2_FDA ...
[06:05:13] 	> Projecting Agrostis.capillaris_PA2_RUN2_MAXNET ...
[06:05:26] 	> Projecting Agrostis.capillaris_PA2_RUN2_ANN ...
[06:05:52] 	> Projecting Agrostis.capillaris_PA3_RUN1_GLM ...
[06:05:59] 	> Projecting Agrostis.capillaris_PA3_RUN1_FDA ...
[06:06:00] 	> Projecting Agrostis.capillaris_PA3_RUN1_ANN ...
[06:06:15] 	> Projecting Agrostis.capillaris_PA3_RUN1_MAXNET ...
[06:06:39] 	> Projecting Agrostis.capillaris_PA3_RUN1_GBM ...
[06:06:47] 	> Projecting Agrostis.capillaris_PA3_RUN2_FDA ...
[06:07:07] 	> Projecting Agrostis.capillaris_PA3_RUN2_ANN ...
[06:24:36] 	> Projecting Agrostis.capillaris_PA3_RUN2_GBM ...
[06:25:09] 	> Projecting Agrostis.capillaris_PA3_RUN2_GLM ...
[06:31:29] 	> Projecting Agrostis.capillaris_PA3_RUN2_MAXNET ...
[06:31:29] -=-=-=-=-=-=-=-=-=-=-=-=-=-=-=-=-=-= Done -=-=-=-=-=-=-=-=-=-=-=-=-=-=-=-=-=-=
[06:31:29] 
[06:31:29] -=-=-=-=-=-=-=-=-=-=-=-= Do Ensemble Models Projection -=-=-=-=-=-=-=-=-=-=-=-=
[06:31:29] 
[06:31:29] Creating suitable Workdir...
[06:32:06] 
[06:32:07] 	> Projecting Agrostis.capillaris_EMmeanByAUCroc_mergedData_mergedRun_mergedAlgo ...
[06:49:17] 	> Projecting Agrostis.capillaris_EMcvByAUCroc_mergedData_mergedRun_mergedAlgo ...
[06:49:17] 
[06:49:17] ! Binary/Filtered transformation automatically desactivated for ensemble models with coefficient of variation or confidence intervals
[06:49:23] 	> Building TSS binaries / filtered
[06:49:30] 	> Building AUCroc binaries / filtered
[06:49:37] 	> Building KAPPA binaries / filtered
[06:49:49] 
[06:49:49] -=-=-=-=-=-=-=-=-=-=-=-=-=-=-=-=-=-= Done -=-=-=-=-=-=-=-=-=-=-=-=-=-=-=-=-=-=
[06:49:49] 
[06:49:49] 
[06:49:49] DEBUG: Processing future scenario 7 of 8 : /work/data/input/climate_vars/future/mri.esm2.0/ssp370 
[06:49:49] DEBUG: Raster loaded, ncell = 63951097 , hasValues = TRUE 
[06:49:49] 
[06:49:49] -=-=-=-=-=-=-=-=-=-=-=-=-= Do Single Models Projection -=-=-=-=-=-=-=-=-=-=-=-=-=
[06:50:13] 
[06:50:13] 	> Building clamping mask
[06:51:18] 
[06:51:19] 	> Projecting Agrostis.capillaris_PA1_RUN1_GLM ...
[06:51:20] 	> Projecting Agrostis.capillaris_PA1_RUN1_GBM ...
[06:51:20] 	> Projecting Agrostis.capillaris_PA1_RUN1_ANN ...
[06:52:00] 	> Projecting Agrostis.capillaris_PA1_RUN1_FDA ...
[06:52:23] 	> Projecting Agrostis.capillaris_PA1_RUN1_MAXNET ...
[06:52:29] 	> Projecting Agrostis.capillaris_PA1_RUN2_ANN ...
[06:52:36] 	> Projecting Agrostis.capillaris_PA1_RUN2_GBM ...
[06:53:26] 	> Projecting Agrostis.capillaris_PA1_RUN2_FDA ...
[06:53:31] 	> Projecting Agrostis.capillaris_PA2_RUN1_ANN ...
[06:54:16] 	> Projecting Agrostis.capillaris_PA2_RUN1_GBM ...
[07:10:59] 	> Projecting Agrostis.capillaris_PA2_RUN2_GBM ...
[07:11:45] 	> Projecting Agrostis.capillaris_PA1_RUN2_GLM ...
[07:11:47] 	> Projecting Agrostis.capillaris_PA1_RUN2_MAXNET ...
[07:12:20] 	> Projecting Agrostis.capillaris_PA2_RUN1_GLM ...
[07:12:21] 	> Projecting Agrostis.capillaris_PA2_RUN1_MAXNET ...
[07:12:54] 	> Projecting Agrostis.capillaris_PA2_RUN1_FDA ...
[07:12:57] 	> Projecting Agrostis.capillaris_PA2_RUN2_GLM ...
[07:13:16] 	> Projecting Agrostis.capillaris_PA2_RUN2_FDA ...
[07:13:29] 	> Projecting Agrostis.capillaris_PA2_RUN2_ANN ...
[07:13:35] 	> Projecting Agrostis.capillaris_PA3_RUN1_GLM ...
[07:13:49] 	> Projecting Agrostis.capillaris_PA2_RUN2_MAXNET ...
[07:14:01] 	> Projecting Agrostis.capillaris_PA3_RUN1_ANN ...
[07:14:19] 	> Projecting Agrostis.capillaris_PA3_RUN1_MAXNET ...
[07:14:20] 	> Projecting Agrostis.capillaris_PA3_RUN1_FDA ...
[07:14:38] 	> Projecting Agrostis.capillaris_PA3_RUN1_GBM ...
[07:14:48] 	> Projecting Agrostis.capillaris_PA3_RUN2_FDA ...
[07:15:20] 	> Projecting Agrostis.capillaris_PA3_RUN2_GBM ...
[07:34:09] 	> Projecting Agrostis.capillaris_PA3_RUN2_ANN ...
[07:34:43] 	> Projecting Agrostis.capillaris_PA3_RUN2_GLM ...
[07:41:12] 	> Projecting Agrostis.capillaris_PA3_RUN2_MAXNET ...
[07:41:12] -=-=-=-=-=-=-=-=-=-=-=-=-=-=-=-=-=-= Done -=-=-=-=-=-=-=-=-=-=-=-=-=-=-=-=-=-=
[07:41:12] 
[07:41:12] -=-=-=-=-=-=-=-=-=-=-=-= Do Ensemble Models Projection -=-=-=-=-=-=-=-=-=-=-=-=
[07:41:12] 
[07:41:12] Creating suitable Workdir...
[07:41:50] 
[07:41:51] 	> Projecting Agrostis.capillaris_EMmeanByAUCroc_mergedData_mergedRun_mergedAlgo ...
[07:59:07] 	> Projecting Agrostis.capillaris_EMcvByAUCroc_mergedData_mergedRun_mergedAlgo ...
[07:59:07] 
[07:59:07] ! Binary/Filtered transformation automatically desactivated for ensemble models with coefficient of variation or confidence intervals
[07:59:14] 	> Building TSS binaries / filtered
[07:59:21] 	> Building AUCroc binaries / filtered
[07:59:27] 	> Building KAPPA binaries / filtered
[07:59:40] 
[07:59:40] -=-=-=-=-=-=-=-=-=-=-=-=-=-=-=-=-=-= Done -=-=-=-=-=-=-=-=-=-=-=-=-=-=-=-=-=-=
[07:59:40] 
[07:59:40] 
[07:59:40] DEBUG: Processing future scenario 8 of 8 : /work/data/input/climate_vars/future/mri.esm2.0/ssp585 
[07:59:40] DEBUG: Raster loaded, ncell = 63951097 , hasValues = TRUE 
[07:59:41] 
[07:59:41] -=-=-=-=-=-=-=-=-=-=-=-=-= Do Single Models Projection -=-=-=-=-=-=-=-=-=-=-=-=-=
[08:00:04] 
[08:00:04] 	> Building clamping mask
[08:01:09] 
[08:01:11] 	> Projecting Agrostis.capillaris_PA1_RUN1_GLM ...
[08:01:12] 	> Projecting Agrostis.capillaris_PA1_RUN1_GBM ...
[08:01:13] 	> Projecting Agrostis.capillaris_PA1_RUN1_ANN ...
[08:01:53] 	> Projecting Agrostis.capillaris_PA1_RUN1_FDA ...
[08:02:16] 	> Projecting Agrostis.capillaris_PA1_RUN1_MAXNET ...
[08:02:20] 	> Projecting Agrostis.capillaris_PA1_RUN2_ANN ...
[08:02:30] 	> Projecting Agrostis.capillaris_PA1_RUN2_GBM ...
[08:03:20] 	> Projecting Agrostis.capillaris_PA1_RUN2_FDA ...
[08:03:20] 	> Projecting Agrostis.capillaris_PA2_RUN1_ANN ...
[08:04:11] 	> Projecting Agrostis.capillaris_PA2_RUN1_GBM ...
[08:20:29] 	> Projecting Agrostis.capillaris_PA2_RUN2_GBM ...
[08:21:15] 	> Projecting Agrostis.capillaris_PA1_RUN2_GLM ...
[08:21:16] 	> Projecting Agrostis.capillaris_PA1_RUN2_MAXNET ...
[08:21:50] 	> Projecting Agrostis.capillaris_PA2_RUN1_GLM ...
[08:21:51] 	> Projecting Agrostis.capillaris_PA2_RUN1_MAXNET ...
[08:22:28] 	> Projecting Agrostis.capillaris_PA2_RUN1_FDA ...
[08:22:28] 	> Projecting Agrostis.capillaris_PA2_RUN2_FDA ...
[08:22:50] 	> Projecting Agrostis.capillaris_PA2_RUN2_GLM ...
[08:23:08] 	> Projecting Agrostis.capillaris_PA2_RUN2_ANN ...
[08:23:08] 	> Projecting Agrostis.capillaris_PA3_RUN1_GLM ...
[08:23:19] 	> Projecting Agrostis.capillaris_PA2_RUN2_MAXNET ...
[08:23:38] 	> Projecting Agrostis.capillaris_PA3_RUN1_ANN ...
[08:23:50] 	> Projecting Agrostis.capillaris_PA3_RUN1_MAXNET ...
[08:24:04] 	> Projecting Agrostis.capillaris_PA3_RUN1_FDA ...
[08:24:17] 	> Projecting Agrostis.capillaris_PA3_RUN1_GBM ...
[08:24:20] 	> Projecting Agrostis.capillaris_PA3_RUN2_FDA ...
[08:24:48] 	> Projecting Agrostis.capillaris_PA3_RUN2_GBM ...
[08:43:38] 	> Projecting Agrostis.capillaris_PA3_RUN2_ANN ...
[08:44:16] 	> Projecting Agrostis.capillaris_PA3_RUN2_GLM ...
[08:50:38] 	> Projecting Agrostis.capillaris_PA3_RUN2_MAXNET ...
[08:50:38] -=-=-=-=-=-=-=-=-=-=-=-=-=-=-=-=-=-= Done -=-=-=-=-=-=-=-=-=-=-=-=-=-=-=-=-=-=
[08:50:38] 
[08:50:38] -=-=-=-=-=-=-=-=-=-=-=-= Do Ensemble Models Projection -=-=-=-=-=-=-=-=-=-=-=-=
[08:50:38] 
[08:50:38] Creating suitable Workdir...
[08:51:16] 
[08:51:17] 	> Projecting Agrostis.capillaris_EMmeanByAUCroc_mergedData_mergedRun_mergedAlgo ...
[09:08:31] 	> Projecting Agrostis.capillaris_EMcvByAUCroc_mergedData_mergedRun_mergedAlgo ...
[09:08:31] 
[09:08:31] ! Binary/Filtered transformation automatically desactivated for ensemble models with coefficient of variation or confidence intervals
[09:08:38] 	> Building TSS binaries / filtered
[09:08:44] 	> Building AUCroc binaries / filtered
[09:08:51] 	> Building KAPPA binaries / filtered
[09:09:04] 
[09:09:04] -=-=-=-=-=-=-=-=-=-=-=-=-=-=-=-=-=-= Done -=-=-=-=-=-=-=-=-=-=-=-=-=-=-=-=-=-=
[09:09:04] > setTxtProgressBar(pb, i)
[09:09:04]   |                                                          |==================================================| 100%> Sys.sleep(10)
[09:09:14] > end.time <- Sys.time()
[09:09:14] > time.fut_proj <- end.time - start.time
[09:09:14] > close(pb)
[09:09:14] 
[09:09:14] > 
[09:09:14] > # force seconds: write.table strips difftime units and R auto-picks a unit per value,
[09:09:14] > # so columns aren't comparable. as.numeric(., units="secs") makes them uniform.
[09:09:14] > time <- data.frame(
[09:09:14] +   formating = as.numeric(time.formating, units = "secs"),
[09:09:14] +   modeling = as.numeric(time.modeling, units = "secs"),
[09:09:14] +   modeling_EM = as.numeric(time.modeling_EM, units = "secs"),
[09:09:14] +   cur_projection = as.numeric(time.cur_proj, units = "secs"),
[09:09:14] +   cur_projection_EM = as.numeric(time.cur_proj_EM, units = "secs"),
[09:09:14] +   fut_projection = as.numeric(time.fut_proj, units = "secs")
[09:09:14] + )
[09:09:14] > write.table(time, paste0("time_", sp.names[i], ".txt"), sep = "\t")
[09:09:14] > 

real	709m39.014s
user	1607m40.959s
sys	165m8.568s
