+ export OMP_NUM_THREADS=4
+ OMP_NUM_THREADS=4
+ RSCRIPT_PATH=/work/R/fast.test_risolto.R
+ R_DEBUG_ECHO=false
+ FORCE_CLEAN=false
+ FORCE_REBUILD_FUTURE=false
+ PROJ_KEEP_IN_MEMORY=false
+ PROJ_DO_STACK=false
+ TERRA_MEMFRAC=0.7
+ echo 'CONFIG: RSCRIPT_PATH=/work/R/fast.test_risolto.R'
CONFIG: RSCRIPT_PATH=/work/R/fast.test_risolto.R
+ echo 'CONFIG: R_DEBUG_ECHO=false FORCE_CLEAN=false FORCE_REBUILD_FUTURE=false'
CONFIG: R_DEBUG_ECHO=false FORCE_CLEAN=false FORCE_REBUILD_FUTURE=false
+ echo 'CONFIG: PROJ_KEEP_IN_MEMORY=false PROJ_DO_STACK=false TERRA_MEMFRAC=0.7'
CONFIG: PROJ_KEEP_IN_MEMORY=false PROJ_DO_STACK=false TERRA_MEMFRAC=0.7
+ mkdir -p data/output logs
+ T_START=0
+ singularity exec --pwd /work --bind /leonardo_work/IscrC_SPECC:/work /leonardo_work/IscrC_SPECC/container/geospatial.sif env R_DEBUG_ECHO=false FORCE_CLEAN=false FORCE_REBUILD_FUTURE=false PROJ_KEEP_IN_MEMORY=false PROJ_DO_STACK=false TERRA_MEMFRAC=0.7 OMP_NUM_THREADS=4 Rscript /work/R/fast.test_risolto.R
+ gawk '{ print strftime("[%H:%M:%S]"), $0; fflush() }'
[11:31:52] biomod2 4.3-4-5 loaded.
[11:31:52]  /!\ Welcome to augmented biomod2 with abundance modeling available! (*o*)
[11:31:52]  Take a look at the HOME and NEWS section on the website to see all the features!
[11:31:52] 
[11:31:52] Loading required package: nnet
[11:31:52] Loading required package: rpart
[11:31:52] Loading required package: cito
[11:31:52] Warning in library(package, lib.loc = lib.loc, character.only = TRUE, logical.return = TRUE,  :
[11:31:52]   there is no package called ‘cito’
[11:31:52] Loading required package: mda
[11:31:52] Loading required package: class
[11:31:52] Loaded mda 0.5-5
[11:31:52] 
[11:31:52] Loading required package: gam
[11:31:52] Loading required package: splines
[11:31:52] Loading required package: foreach
[11:31:52] Loaded gam 1.22-7
[11:31:52] 
[11:31:52] Loading required package: mgcv
[11:31:52] Loading required package: nlme
[11:31:52] This is mgcv 1.9-4. For overview type '?mgcv'.
[11:31:52] 
[11:31:52] Attaching package: ‘mgcv’
[11:31:52] 
[11:31:52] The following objects are masked from ‘package:gam’:
[11:31:52] 
[11:31:52]     gam, gam.control, gam.fit, s
[11:31:52] 
[11:31:52] The following object is masked from ‘package:nnet’:
[11:31:52] 
[11:31:52]     multinom
[11:31:52] 
[11:31:52] Loading required package: gbm
[11:31:52] Loaded gbm 2.2.3
[11:31:52] This version of gbm is no longer under development. Consider transitioning to gbm3, https://github.com/gbm-developers/gbm3
[11:31:52] Loading required package: earth
[11:31:52] Loading required package: Formula
[11:31:52] Loading required package: plotmo
[11:31:52] Loading required package: plotrix
[11:31:52] Loading required package: maxnet
[11:31:52] Loading required package: randomForest
[11:31:52] randomForest 4.7-1.2
[11:31:52] Type rfNews() to see new features/changes/bug fixes.
[11:31:52] Loading required package: xgboost
[11:31:52] terra 1.9.11
[11:31:52] 
[11:31:52] Attaching package: ‘terra’
[11:31:52] 
[11:31:52] The following object is masked from ‘package:plotrix’:
[11:31:52] 
[11:31:52]     rescale
[11:31:52] 
[11:31:52] DEBUG: R_DEBUG_ECHO = FALSE | TERRA_MEMFRAC = 0.7 
[11:32:00] DEBUG: species order = shortest-job-first by occurrence count
[11:32:00] DEBUG: num_sp = 167 | total rows = 2583359 
[11:32:00] DEBUG: loading calibration rasters...
[11:32:01] DEBUG: raster dim = 5873 x 10889 | ncell = 63951097 
[11:32:01] DEBUG: testing with 8 future scenarios
[11:32:01]   |                                                          |                                                  |   0%DEBUG: seed_val = 42 
[11:32:01] DEBUG: SJF rank 5 of 167 | species = Allium.senescens | occurrences = 260 
[11:32:01] DEBUG: loaded species rows = 260 
[11:32:01]           used  (Mb) gc trigger  (Mb) max used  (Mb)
[11:32:01] Ncells 3154638 168.5    9579658 511.7  5746370 306.9
[11:32:01] Vcells 6891775  52.6   40579068 309.6 50152349 382.7
[11:32:01] DEBUG: n_cpu = 1 (threshold 50k)
[11:32:01] DEBUG: projection_keep_in_memory = FALSE | projection_do_stack = FALSE 
[11:32:01] DEBUG: starting BIOMOD_FormatingData at 11:32:01 
[11:32:01] 
[11:32:01] -=-=-=-=-=-=-=-=-=-=-=-= Allium.senescens Data Formating -=-=-=-=-=-=-=-=-=-=-=-=
[11:32:01] 
[11:32:01] 
[11:32:01] Checking Pseudo-absence selection arguments...
[11:32:01] 
[11:32:01]    > random pseudo absences selection
[14:14:38]    > Pseudo absences are selected in explanatory variables
[14:14:38] 
[14:14:51]  ! Some NAs have been automatically removed from your data
[14:14:51] -=-=-=-=-=-=-=-=-=-=-=-=-=-=-=-=-=-= Done -=-=-=-=-=-=-=-=-=-=-=-=-=-=-=-=-=-=
[14:14:51] DEBUG: BIOMOD_FormatingData done at 14:14:51 
[14:14:51] 
[14:14:51] -=-=-=-=-=-=-=-=-=-=-=-=-=-= Build Modeling Options -=-=-=-=-=-=-=-=-=-=-=-=-=-=
[14:14:51] 
[14:14:52] 	>  GLM options ( datatype: binary , package: stats , function: glm )...
[14:14:52] 	>  GBM options ( datatype: binary , package: gbm , function: gbm )...
[14:14:52] 	>  ANN options ( datatype: binary , package: nnet , function: nnet )...
[14:14:52] 	>  FDA options ( datatype: binary , package: mda , function: fda )...
[14:14:52] 	>  MAXNET options ( datatype: binary , package: maxnet , function: maxnet )...
[14:14:52] 
[14:14:52] -=-=-=-=-=-=-=-=-=-=-=-=-=-=-=-=-=-= Done -=-=-=-=-=-=-=-=-=-=-=-=-=-=-=-=-=-=
[14:14:52] 
[14:14:52] -=-=-=-=-=-=-=-=-=-=-=-=-=-=-= Build Single Models -=-=-=-=-=-=-=-=-=-=-=-=-=-=-=
[14:14:52] 
[14:14:52] 
[14:14:52] Checking Models arguments...
[14:14:52] 
[14:14:52] 	> Automatic weights creation to rise a 0.5 prevalence
[14:14:52] Creating suitable Workdir...
[14:14:54] 
[14:14:54] 
[14:14:54] Checking Cross-Validation arguments...
[14:14:54] 
[14:14:54]    > Random cross-validation selection
[14:14:54] 
[14:14:54] -=-=-=-=-=-=-=-=-=-=-=-=-=-= Build Modeling Options -=-=-=-=-=-=-=-=-=-=-=-=-=-=
[14:14:54] 
[14:14:54] 	>  GLM options ( datatype: binary , package: stats , function: glm )...
[14:14:54] 	>  GBM options ( datatype: binary , package: gbm , function: gbm )...
[14:14:54] 	>  ANN options ( datatype: binary , package: nnet , function: nnet )...
[14:14:54] 	>  FDA options ( datatype: binary , package: mda , function: fda )...
[14:14:54] 	>  MAXNET options ( datatype: binary , package: maxnet , function: maxnet )...
[14:14:54] 
[14:14:54] -=-=-=-=-=-=-=-=-=-=-=-=-=-=-=-=-=-= Done -=-=-=-=-=-=-=-=-=-=-=-=-=-=-=-=-=-=
[14:14:55] 
[14:14:55] 
[14:14:55] 
[14:14:55] -=-=-=-=-=-=-=-=-=-=-= Allium.senescens Modeling Summary -=-=-=-=-=-=-=-=-=-=-=
[14:14:55] 
[14:14:55] > 5 environmental variables ( PC1_clim PC2_clim tri PC1_soil PC2_soil )
[14:14:55] 
[14:14:55] > Number of PA datasets : 10
[14:14:55] 
[14:14:55] > Number of calibration/validation splits : 5
[14:14:55] 
[14:14:55] > Algorithms selected : GLM GBM ANN FDA MAXNET
[14:14:55]  50 models for each algorithm
[14:14:55] 
[14:14:55] Total number of model runs: 250 
[14:14:55] 
[14:14:55] -=-=-=-=-=-=-=-=-=-=-=-=-=-=-=-=-=-=-=-=-=-=-=-=-=-=-=-=-=-=-=-=-=-=-=-=-=-=-=-=
[14:14:56] Warning: executing %dopar% sequentially: no parallel backend registered
[14:14:56] 
[14:14:56] 
[14:14:56] -=-=-=--=-=-=- Allium.senescens_PA1_RUN1_GLM 
[14:14:56] Warning: glm.fit: fitted probabilities numerically 0 or 1 occurred
[14:14:56] 
[14:14:57] 	Evaluating Model stuff...
[14:14:57] 
[14:14:57] -=-=-=--=-=-=- Allium.senescens_PA1_RUN1_GBM 
[14:14:57] CV: 1 
[14:15:01] CV: 2 
[14:15:05] CV: 3 
[14:15:17] 
[14:15:18] 	Evaluating Model stuff...
[14:15:18] 
[14:15:18] -=-=-=--=-=-=- Allium.senescens_PA1_RUN1_ANN 
[14:15:18] 
[14:15:18] 	Model scaling...
[14:15:19] 	Evaluating Model stuff...
[14:15:19] 
[14:15:19] -=-=-=--=-=-=- Allium.senescens_PA1_RUN1_FDA 
[14:15:19] 
[14:15:19] 	Model scaling...
[14:15:20] 	Evaluating Model stuff...
[14:15:20] 
[14:15:20] -=-=-=--=-=-=- Allium.senescens_PA1_RUN1_MAXNET 
[14:15:23] 
[14:15:24] 	Evaluating Model stuff...Warning in max(calcStat, na.rm = TRUE) :
[14:15:24]   no non-missing arguments to max; returning -Inf
[14:15:24] 
[14:15:24] 
[14:15:24] -=-=-=--=-=-=- Allium.senescens_PA1_RUN2_GLM 
[14:15:24] Warning: glm.fit: fitted probabilities numerically 0 or 1 occurred
[14:15:24] 
[14:15:25] 	Evaluating Model stuff...
[14:15:25] 
[14:15:25] -=-=-=--=-=-=- Allium.senescens_PA1_RUN2_GBM 
[14:15:25] CV: 1 
[14:15:29] CV: 2 
[14:15:33] CV: 3 
[14:15:45] 
[14:15:46] 	Evaluating Model stuff...
[14:15:46] 
[14:15:46] -=-=-=--=-=-=- Allium.senescens_PA1_RUN2_ANN 
[14:15:46] 
[14:15:46] 	Model scaling...
[14:15:47] 	Evaluating Model stuff...
[14:15:47] 
[14:15:47] -=-=-=--=-=-=- Allium.senescens_PA1_RUN2_FDA 
[14:15:47] 
[14:15:47] 	Model scaling...Warning: glm.fit: fitted probabilities numerically 0 or 1 occurred
[14:15:47] 
[14:15:48] 	Evaluating Model stuff...
[14:15:48] 
[14:15:48] -=-=-=--=-=-=- Allium.senescens_PA1_RUN2_MAXNET 
[14:15:51] 
[14:15:52] 	Evaluating Model stuff...
[14:15:52] 
[14:15:52] -=-=-=--=-=-=- Allium.senescens_PA1_RUN3_GLM 
[14:15:52] Warning: glm.fit: fitted probabilities numerically 0 or 1 occurred
[14:15:52] 
[14:15:52] 	Evaluating Model stuff...
[14:15:52] 
[14:15:52] -=-=-=--=-=-=- Allium.senescens_PA1_RUN3_GBM 
[14:15:52] CV: 1 
[14:15:57] CV: 2 
[14:16:01] CV: 3 
[14:16:12] 
[14:16:13] 	Evaluating Model stuff...
[14:16:13] 
[14:16:13] -=-=-=--=-=-=- Allium.senescens_PA1_RUN3_ANN 
[14:16:13] 
[14:16:13] 	Model scaling...
[14:16:14] 	Evaluating Model stuff...
[14:16:14] 
[14:16:14] -=-=-=--=-=-=- Allium.senescens_PA1_RUN3_FDA 
[14:16:14] 
[14:16:14] 	Model scaling...
[14:16:15] 	Evaluating Model stuff...
[14:16:15] 
[14:16:15] -=-=-=--=-=-=- Allium.senescens_PA1_RUN3_MAXNET 
[14:16:18] 
[14:16:19] 	Evaluating Model stuff...
[14:16:19] 
[14:16:19] -=-=-=--=-=-=- Allium.senescens_PA1_RUN4_GLM 
[14:16:19] Warning: glm.fit: fitted probabilities numerically 0 or 1 occurred
[14:16:19] 
[14:16:20] 	Evaluating Model stuff...
[14:16:20] 
[14:16:20] -=-=-=--=-=-=- Allium.senescens_PA1_RUN4_GBM 
[14:16:20] CV: 1 
[14:16:24] CV: 2 
[14:16:28] CV: 3 
[14:16:40] 
[14:16:41] 	Evaluating Model stuff...
[14:16:41] 
[14:16:41] -=-=-=--=-=-=- Allium.senescens_PA1_RUN4_ANN 
[14:16:41] 
[14:16:41] 	Model scaling...
[14:16:42] 	Evaluating Model stuff...
[14:16:42] 
[14:16:42] -=-=-=--=-=-=- Allium.senescens_PA1_RUN4_FDA 
[14:16:42] 
[14:16:42] 	Model scaling...Warning: glm.fit: fitted probabilities numerically 0 or 1 occurred
[14:16:42] 
[14:16:43] 	Evaluating Model stuff...
[14:16:43] 
[14:16:43] -=-=-=--=-=-=- Allium.senescens_PA1_RUN4_MAXNET 
[14:16:46] 
[14:16:47] 	Evaluating Model stuff...
[14:16:47] 
[14:16:47] -=-=-=--=-=-=- Allium.senescens_PA1_RUN5_GLM 
[14:16:47] Warning: glm.fit: fitted probabilities numerically 0 or 1 occurred
[14:16:47] 
[14:16:47] 	Evaluating Model stuff...
[14:16:47] 
[14:16:47] -=-=-=--=-=-=- Allium.senescens_PA1_RUN5_GBM 
[14:16:47] CV: 1 
[14:16:52] CV: 2 
[14:16:56] CV: 3 
[14:17:08] 
[14:17:09] 	Evaluating Model stuff...
[14:17:09] 
[14:17:09] -=-=-=--=-=-=- Allium.senescens_PA1_RUN5_ANN 
[14:17:09] 
[14:17:09] 	Model scaling...
[14:17:10] 	Evaluating Model stuff...
[14:17:10] 
[14:17:10] -=-=-=--=-=-=- Allium.senescens_PA1_RUN5_FDA 
[14:17:10] 
[14:17:10] 	Model scaling...
[14:17:11] 	Evaluating Model stuff...
[14:17:11] 
[14:17:11] -=-=-=--=-=-=- Allium.senescens_PA1_RUN5_MAXNET 
[14:17:14] 
[14:17:14] 	Evaluating Model stuff...
[14:17:14] 
[14:17:14] -=-=-=--=-=-=- Allium.senescens_PA2_RUN1_GLM 
[14:17:14] Warning: glm.fit: fitted probabilities numerically 0 or 1 occurred
[14:17:14] 
[14:17:15] 	Evaluating Model stuff...
[14:17:15] 
[14:17:15] -=-=-=--=-=-=- Allium.senescens_PA2_RUN1_GBM 
[14:17:15] CV: 1 
[14:17:19] CV: 2 
[14:17:24] CV: 3 
[14:17:35] 
[14:17:36] 	Evaluating Model stuff...
[14:17:36] 
[14:17:36] -=-=-=--=-=-=- Allium.senescens_PA2_RUN1_ANN 
[14:17:36] 
[14:17:37] 	Model scaling...
[14:17:37] 	Evaluating Model stuff...
[14:17:37] 
[14:17:37] -=-=-=--=-=-=- Allium.senescens_PA2_RUN1_FDA 
[14:17:37] 
[14:17:37] 	Model scaling...Warning: glm.fit: fitted probabilities numerically 0 or 1 occurred
[14:17:38] 
[14:17:38] 	Evaluating Model stuff...
[14:17:38] 
[14:17:38] -=-=-=--=-=-=- Allium.senescens_PA2_RUN1_MAXNET 
[14:17:41] 
[14:17:42] 	Evaluating Model stuff...Warning in max(calcStat, na.rm = TRUE) :
[14:17:42]   no non-missing arguments to max; returning -Inf
[14:17:42] 
[14:17:42] 
[14:17:42] -=-=-=--=-=-=- Allium.senescens_PA2_RUN2_GLM 
[14:17:42] Warning: glm.fit: fitted probabilities numerically 0 or 1 occurred
[14:17:42] 
[14:17:43] 	Evaluating Model stuff...
[14:17:43] 
[14:17:43] -=-=-=--=-=-=- Allium.senescens_PA2_RUN2_GBM 
[14:17:43] CV: 1 
[14:17:47] CV: 2 
[14:17:51] CV: 3 
[14:18:03] 
[14:18:04] 	Evaluating Model stuff...
[14:18:04] 
[14:18:04] -=-=-=--=-=-=- Allium.senescens_PA2_RUN2_ANN 
[14:18:04] 
[14:18:04] 	Model scaling...
[14:18:05] 	Evaluating Model stuff...
[14:18:05] 
[14:18:05] -=-=-=--=-=-=- Allium.senescens_PA2_RUN2_FDA 
[14:18:05] 
[14:18:05] 	Model scaling...Warning: glm.fit: fitted probabilities numerically 0 or 1 occurred
[14:18:05] 
[14:18:06] 	Evaluating Model stuff...
[14:18:06] 
[14:18:06] -=-=-=--=-=-=- Allium.senescens_PA2_RUN2_MAXNET 
[14:18:09] 
[14:18:09] 	Evaluating Model stuff...Warning in max(calcStat, na.rm = TRUE) :
[14:18:09]   no non-missing arguments to max; returning -Inf
[14:18:09] 
[14:18:09] 
[14:18:09] -=-=-=--=-=-=- Allium.senescens_PA2_RUN3_GLM 
[14:18:09] Warning: glm.fit: fitted probabilities numerically 0 or 1 occurred
[14:18:09] 
[14:18:10] 	Evaluating Model stuff...
[14:18:10] 
[14:18:10] -=-=-=--=-=-=- Allium.senescens_PA2_RUN3_GBM 
[14:18:10] CV: 1 
[14:18:15] CV: 2 
[14:18:19] CV: 3 
[14:18:31] 
[14:18:31] 	Evaluating Model stuff...
[14:18:31] 
[14:18:31] -=-=-=--=-=-=- Allium.senescens_PA2_RUN3_ANN 
[14:18:32] 
[14:18:32] 	Model scaling...
[14:18:33] 	Evaluating Model stuff...
[14:18:33] 
[14:18:33] -=-=-=--=-=-=- Allium.senescens_PA2_RUN3_FDA 
[14:18:33] 
[14:18:33] 	Model scaling...
[14:18:34] 	Evaluating Model stuff...
[14:18:34] 
[14:18:34] -=-=-=--=-=-=- Allium.senescens_PA2_RUN3_MAXNET 
[14:18:37] 
[14:18:37] 	Evaluating Model stuff...
[14:18:37] 
[14:18:37] -=-=-=--=-=-=- Allium.senescens_PA2_RUN4_GLM 
[14:18:37] Warning: glm.fit: fitted probabilities numerically 0 or 1 occurred
[14:18:37] 
[14:18:38] 	Evaluating Model stuff...
[14:18:38] 
[14:18:38] -=-=-=--=-=-=- Allium.senescens_PA2_RUN4_GBM 
[14:18:38] CV: 1 
[14:18:42] CV: 2 
[14:18:47] CV: 3 
[14:18:58] 
[14:18:59] 	Evaluating Model stuff...
[14:18:59] 
[14:18:59] -=-=-=--=-=-=- Allium.senescens_PA2_RUN4_ANN 
[14:18:59] 
[14:18:59] 	Model scaling...
[14:19:00] 	Evaluating Model stuff...
[14:19:00] 
[14:19:00] -=-=-=--=-=-=- Allium.senescens_PA2_RUN4_FDA 
[14:19:00] 
[14:19:00] 	Model scaling...Warning: glm.fit: fitted probabilities numerically 0 or 1 occurred
[14:19:00] 
[14:19:01] 	Evaluating Model stuff...
[14:19:01] 
[14:19:01] -=-=-=--=-=-=- Allium.senescens_PA2_RUN4_MAXNET 
[14:19:04] 
[14:19:05] 	Evaluating Model stuff...
[14:19:05] 
[14:19:05] -=-=-=--=-=-=- Allium.senescens_PA2_RUN5_GLM 
[14:19:05] Warning: glm.fit: fitted probabilities numerically 0 or 1 occurred
[14:19:05] 
[14:19:05] 	Evaluating Model stuff...
[14:19:05] 
[14:19:05] -=-=-=--=-=-=- Allium.senescens_PA2_RUN5_GBM 
[14:19:05] CV: 1 
[14:19:10] CV: 2 
[14:19:14] CV: 3 
[14:19:26] 
[14:19:27] 	Evaluating Model stuff...
[14:19:27] 
[14:19:27] -=-=-=--=-=-=- Allium.senescens_PA2_RUN5_ANN 
[14:19:27] 
[14:19:27] 	Model scaling...
[14:19:28] 	Evaluating Model stuff...
[14:19:28] 
[14:19:28] -=-=-=--=-=-=- Allium.senescens_PA2_RUN5_FDA 
[14:19:28] 
[14:19:28] 	Model scaling...Warning: glm.fit: fitted probabilities numerically 0 or 1 occurred
[14:19:28] 
[14:19:29] 	Evaluating Model stuff...
[14:19:29] 
[14:19:29] -=-=-=--=-=-=- Allium.senescens_PA2_RUN5_MAXNET 
[14:19:32] 
[14:19:32] 	Evaluating Model stuff...
[14:19:32] 
[14:19:32] -=-=-=--=-=-=- Allium.senescens_PA3_RUN1_GLM 
[14:19:32] Warning: glm.fit: fitted probabilities numerically 0 or 1 occurred
[14:19:32] 
[14:19:33] 	Evaluating Model stuff...
[14:19:33] 
[14:19:33] -=-=-=--=-=-=- Allium.senescens_PA3_RUN1_GBM 
[14:19:33] CV: 1 
[14:19:37] CV: 2 
[14:19:42] CV: 3 
[14:19:53] 
[14:19:54] 	Evaluating Model stuff...
[14:19:54] 
[14:19:54] -=-=-=--=-=-=- Allium.senescens_PA3_RUN1_ANN 
[14:19:54] 
[14:19:54] 	Model scaling...
[14:19:55] 	Evaluating Model stuff...
[14:19:55] 
[14:19:55] -=-=-=--=-=-=- Allium.senescens_PA3_RUN1_FDA 
[14:19:55] 
[14:19:55] 	Model scaling...Warning: glm.fit: algorithm did not converge
[14:19:55] Warning: glm.fit: fitted probabilities numerically 0 or 1 occurred
[14:19:55] 
[14:19:56] 	Evaluating Model stuff...
[14:19:56] 
[14:19:56] -=-=-=--=-=-=- Allium.senescens_PA3_RUN1_MAXNET 
[14:19:59] 
[14:20:00] 	Evaluating Model stuff...
[14:20:00] 
[14:20:00] -=-=-=--=-=-=- Allium.senescens_PA3_RUN2_GLM 
[14:20:00] Warning: glm.fit: fitted probabilities numerically 0 or 1 occurred
[14:20:00] 
[14:20:01] 	Evaluating Model stuff...
[14:20:01] 
[14:20:01] -=-=-=--=-=-=- Allium.senescens_PA3_RUN2_GBM 
[14:20:01] CV: 1 
[14:20:05] CV: 2 
[14:20:09] CV: 3 
[14:20:21] 
[14:20:22] 	Evaluating Model stuff...
[14:20:22] 
[14:20:22] -=-=-=--=-=-=- Allium.senescens_PA3_RUN2_ANN 
[14:20:22] 
[14:20:22] 	Model scaling...
[14:20:23] 	Evaluating Model stuff...
[14:20:23] 
[14:20:23] -=-=-=--=-=-=- Allium.senescens_PA3_RUN2_FDA 
[14:20:23] 
[14:20:23] 	Model scaling...Warning: glm.fit: fitted probabilities numerically 0 or 1 occurred
[14:20:23] 
[14:20:24] 	Evaluating Model stuff...
[14:20:24] 
[14:20:24] -=-=-=--=-=-=- Allium.senescens_PA3_RUN2_MAXNET 
[14:20:27] 
[14:20:27] 	Evaluating Model stuff...
[14:20:27] 
[14:20:27] -=-=-=--=-=-=- Allium.senescens_PA3_RUN3_GLM 
[14:20:27] Warning: glm.fit: fitted probabilities numerically 0 or 1 occurred
[14:20:27] 
[14:20:28] 	Evaluating Model stuff...
[14:20:28] 
[14:20:28] -=-=-=--=-=-=- Allium.senescens_PA3_RUN3_GBM 
[14:20:28] CV: 1 
[14:20:33] CV: 2 
[14:20:37] CV: 3 
[14:20:49] 
[14:20:49] 	Evaluating Model stuff...
[14:20:49] 
[14:20:49] -=-=-=--=-=-=- Allium.senescens_PA3_RUN3_ANN 
[14:20:50] 
[14:20:50] 	Model scaling...
[14:20:51] 	Evaluating Model stuff...
[14:20:51] 
[14:20:51] -=-=-=--=-=-=- Allium.senescens_PA3_RUN3_FDA 
[14:20:51] 
[14:20:51] 	Model scaling...Warning: glm.fit: fitted probabilities numerically 0 or 1 occurred
[14:20:51] 
[14:20:52] 	Evaluating Model stuff...
[14:20:52] 
[14:20:52] -=-=-=--=-=-=- Allium.senescens_PA3_RUN3_MAXNET 
[14:20:54] 
[14:20:55] 	Evaluating Model stuff...
[14:20:55] 
[14:20:55] -=-=-=--=-=-=- Allium.senescens_PA3_RUN4_GLM 
[14:20:55] Warning: glm.fit: fitted probabilities numerically 0 or 1 occurred
[14:20:55] 
[14:20:56] 	Evaluating Model stuff...
[14:20:56] 
[14:20:56] -=-=-=--=-=-=- Allium.senescens_PA3_RUN4_GBM 
[14:20:56] CV: 1 
[14:21:00] CV: 2 
[14:21:05] CV: 3 
[14:21:16] 
[14:21:17] 	Evaluating Model stuff...
[14:21:17] 
[14:21:17] -=-=-=--=-=-=- Allium.senescens_PA3_RUN4_ANN 
[14:21:17] 
[14:21:17] 	Model scaling...
[14:21:18] 	Evaluating Model stuff...
[14:21:18] 
[14:21:18] -=-=-=--=-=-=- Allium.senescens_PA3_RUN4_FDA 
[14:21:18] 
[14:21:18] 	Model scaling...Warning: glm.fit: fitted probabilities numerically 0 or 1 occurred
[14:21:18] 
[14:21:19] 	Evaluating Model stuff...
[14:21:19] 
[14:21:19] -=-=-=--=-=-=- Allium.senescens_PA3_RUN4_MAXNET 
[14:21:22] 
[14:21:23] 	Evaluating Model stuff...Warning in max(calcStat, na.rm = TRUE) :
[14:21:23]   no non-missing arguments to max; returning -Inf
[14:21:23] 
[14:21:23] 
[14:21:23] -=-=-=--=-=-=- Allium.senescens_PA3_RUN5_GLM 
[14:21:23] Warning: glm.fit: fitted probabilities numerically 0 or 1 occurred
[14:21:23] 
[14:21:23] 	Evaluating Model stuff...
[14:21:23] 
[14:21:23] -=-=-=--=-=-=- Allium.senescens_PA3_RUN5_GBM 
[14:21:23] CV: 1 
[14:21:28] CV: 2 
[14:21:32] CV: 3 
[14:21:44] 
[14:21:44] 	Evaluating Model stuff...
[14:21:44] 
[14:21:44] -=-=-=--=-=-=- Allium.senescens_PA3_RUN5_ANN 
[14:21:45] 
[14:21:45] 	Model scaling...
[14:21:46] 	Evaluating Model stuff...
[14:21:46] 
[14:21:46] -=-=-=--=-=-=- Allium.senescens_PA3_RUN5_FDA 
[14:21:46] 
[14:21:46] 	Model scaling...Warning: glm.fit: fitted probabilities numerically 0 or 1 occurred
[14:21:46] 
[14:21:47] 	Evaluating Model stuff...
[14:21:47] 
[14:21:47] -=-=-=--=-=-=- Allium.senescens_PA3_RUN5_MAXNET 
[14:21:50] 
[14:21:51] 	Evaluating Model stuff...
[14:21:51] 
[14:21:51] -=-=-=--=-=-=- Allium.senescens_PA4_RUN1_GLM 
[14:21:51] Warning: glm.fit: fitted probabilities numerically 0 or 1 occurred
[14:21:51] 
[14:21:51] 	Evaluating Model stuff...
[14:21:51] 
[14:21:51] -=-=-=--=-=-=- Allium.senescens_PA4_RUN1_GBM 
[14:21:51] CV: 1 
[14:21:56] CV: 2 
[14:22:00] CV: 3 
[14:22:11] 
[14:22:12] 	Evaluating Model stuff...
[14:22:12] 
[14:22:12] -=-=-=--=-=-=- Allium.senescens_PA4_RUN1_ANN 
[14:22:12] 
[14:22:13] 	Model scaling...
[14:22:13] 	Evaluating Model stuff...
[14:22:13] 
[14:22:13] -=-=-=--=-=-=- Allium.senescens_PA4_RUN1_FDA 
[14:22:13] 
[14:22:14] 	Model scaling...Warning: glm.fit: fitted probabilities numerically 0 or 1 occurred
[14:22:14] 
[14:22:14] 	Evaluating Model stuff...
[14:22:14] 
[14:22:14] -=-=-=--=-=-=- Allium.senescens_PA4_RUN1_MAXNET 
[14:22:17] 
[14:22:18] 	Evaluating Model stuff...
[14:22:18] 
[14:22:18] -=-=-=--=-=-=- Allium.senescens_PA4_RUN2_GLM 
[14:22:18] Warning: glm.fit: fitted probabilities numerically 0 or 1 occurred
[14:22:18] 
[14:22:19] 	Evaluating Model stuff...
[14:22:19] 
[14:22:19] -=-=-=--=-=-=- Allium.senescens_PA4_RUN2_GBM 
[14:22:19] CV: 1 
[14:22:23] CV: 2 
[14:22:27] CV: 3 
[14:22:39] 
[14:22:40] 	Evaluating Model stuff...
[14:22:40] 
[14:22:40] -=-=-=--=-=-=- Allium.senescens_PA4_RUN2_ANN 
[14:22:40] 
[14:22:40] 	Model scaling...
[14:22:41] 	Evaluating Model stuff...
[14:22:41] 
[14:22:41] -=-=-=--=-=-=- Allium.senescens_PA4_RUN2_FDA 
[14:22:41] 
[14:22:41] 	Model scaling...Warning: glm.fit: fitted probabilities numerically 0 or 1 occurred
[14:22:41] 
[14:22:42] 	Evaluating Model stuff...
[14:22:42] 
[14:22:42] -=-=-=--=-=-=- Allium.senescens_PA4_RUN2_MAXNET 
[14:22:45] 
[14:22:45] 	Evaluating Model stuff...
[14:22:45] 
[14:22:45] -=-=-=--=-=-=- Allium.senescens_PA4_RUN3_GLM 
[14:22:45] Warning: glm.fit: fitted probabilities numerically 0 or 1 occurred
[14:22:45] 
[14:22:46] 	Evaluating Model stuff...
[14:22:46] 
[14:22:46] -=-=-=--=-=-=- Allium.senescens_PA4_RUN3_GBM 
[14:22:46] CV: 1 
[14:22:50] CV: 2 
[14:22:55] CV: 3 
[14:23:06] 
[14:23:07] 	Evaluating Model stuff...
[14:23:07] 
[14:23:07] -=-=-=--=-=-=- Allium.senescens_PA4_RUN3_ANN 
[14:23:07] 
[14:23:07] 	Model scaling...
[14:23:08] 	Evaluating Model stuff...Warning in max(calcStat, na.rm = TRUE) :
[14:23:08]   no non-missing arguments to max; returning -Inf
[14:23:08] 
[14:23:08] 
[14:23:08] -=-=-=--=-=-=- Allium.senescens_PA4_RUN3_FDA 
[14:23:08] 
[14:23:08] 	Model scaling...Warning: glm.fit: fitted probabilities numerically 0 or 1 occurred
[14:23:08] 
[14:23:09] 	Evaluating Model stuff...
[14:23:09] 
[14:23:09] -=-=-=--=-=-=- Allium.senescens_PA4_RUN3_MAXNET 
[14:23:12] 
[14:23:13] 	Evaluating Model stuff...
[14:23:13] 
[14:23:13] -=-=-=--=-=-=- Allium.senescens_PA4_RUN4_GLM 
[14:23:13] Warning: glm.fit: fitted probabilities numerically 0 or 1 occurred
[14:23:13] 
[14:23:14] 	Evaluating Model stuff...
[14:23:14] 
[14:23:14] -=-=-=--=-=-=- Allium.senescens_PA4_RUN4_GBM 
[14:23:14] CV: 1 
[14:23:18] CV: 2 
[14:23:22] CV: 3 
[14:23:34] 
[14:23:35] 	Evaluating Model stuff...
[14:23:35] 
[14:23:35] -=-=-=--=-=-=- Allium.senescens_PA4_RUN4_ANN 
[14:23:35] 
[14:23:35] 	Model scaling...
[14:23:36] 	Evaluating Model stuff...
[14:23:36] 
[14:23:36] -=-=-=--=-=-=- Allium.senescens_PA4_RUN4_FDA 
[14:23:36] 
[14:23:36] 	Model scaling...Warning: glm.fit: fitted probabilities numerically 0 or 1 occurred
[14:23:36] 
[14:23:37] 	Evaluating Model stuff...
[14:23:37] 
[14:23:37] -=-=-=--=-=-=- Allium.senescens_PA4_RUN4_MAXNET 
[14:23:40] 
[14:23:40] 	Evaluating Model stuff...
[14:23:40] 
[14:23:40] -=-=-=--=-=-=- Allium.senescens_PA4_RUN5_GLM 
[14:23:40] Warning: glm.fit: fitted probabilities numerically 0 or 1 occurred
[14:23:40] 
[14:23:41] 	Evaluating Model stuff...
[14:23:41] 
[14:23:41] -=-=-=--=-=-=- Allium.senescens_PA4_RUN5_GBM 
[14:23:41] CV: 1 
[14:23:45] CV: 2 
[14:23:50] CV: 3 
[14:24:01] 
[14:24:02] 	Evaluating Model stuff...
[14:24:02] 
[14:24:02] -=-=-=--=-=-=- Allium.senescens_PA4_RUN5_ANN 
[14:24:02] 
[14:24:02] 	Model scaling...
[14:24:03] 	Evaluating Model stuff...
[14:24:03] 
[14:24:03] -=-=-=--=-=-=- Allium.senescens_PA4_RUN5_FDA 
[14:24:03] 
[14:24:03] 	Model scaling...Warning: glm.fit: algorithm did not converge
[14:24:03] Warning: glm.fit: fitted probabilities numerically 0 or 1 occurred
[14:24:03] 
[14:24:04] 	Evaluating Model stuff...
[14:24:04] 
[14:24:04] -=-=-=--=-=-=- Allium.senescens_PA4_RUN5_MAXNET 
[14:24:07] 
[14:24:08] 	Evaluating Model stuff...
[14:24:08] 
[14:24:08] -=-=-=--=-=-=- Allium.senescens_PA5_RUN1_GLM 
[14:24:08] Warning: glm.fit: fitted probabilities numerically 0 or 1 occurred
[14:24:08] 
[14:24:09] 	Evaluating Model stuff...
[14:24:09] 
[14:24:09] -=-=-=--=-=-=- Allium.senescens_PA5_RUN1_GBM 
[14:24:09] CV: 1 
[14:24:13] CV: 2 
[14:24:17] CV: 3 
[14:24:29] 
[14:24:30] 	Evaluating Model stuff...
[14:24:30] 
[14:24:30] -=-=-=--=-=-=- Allium.senescens_PA5_RUN1_ANN 
[14:24:30] 
[14:24:30] 	Model scaling...
[14:24:31] 	Evaluating Model stuff...
[14:24:31] 
[14:24:31] -=-=-=--=-=-=- Allium.senescens_PA5_RUN1_FDA 
[14:24:31] 
[14:24:31] 	Model scaling...Warning: glm.fit: algorithm did not converge
[14:24:31] Warning: glm.fit: fitted probabilities numerically 0 or 1 occurred
[14:24:31] 
[14:24:32] 	Evaluating Model stuff...
[14:24:32] 
[14:24:32] -=-=-=--=-=-=- Allium.senescens_PA5_RUN1_MAXNET 
[14:24:35] 
[14:24:35] 	Evaluating Model stuff...
[14:24:35] 
[14:24:35] -=-=-=--=-=-=- Allium.senescens_PA5_RUN2_GLM 
[14:24:35] Warning: glm.fit: fitted probabilities numerically 0 or 1 occurred
[14:24:35] 
[14:24:36] 	Evaluating Model stuff...
[14:24:36] 
[14:24:36] -=-=-=--=-=-=- Allium.senescens_PA5_RUN2_GBM 
[14:24:36] CV: 1 
[14:24:41] CV: 2 
[14:24:45] CV: 3 
[14:24:58] 
[14:24:59] 	Evaluating Model stuff...
[14:24:59] 
[14:24:59] -=-=-=--=-=-=- Allium.senescens_PA5_RUN2_ANN 
[14:24:59] 
[14:24:59] 	Model scaling...
[14:25:00] 	Evaluating Model stuff...
[14:25:00] 
[14:25:00] -=-=-=--=-=-=- Allium.senescens_PA5_RUN2_FDA 
[14:25:00] 
[14:25:00] 	Model scaling...Warning: glm.fit: fitted probabilities numerically 0 or 1 occurred
[14:25:00] 
[14:25:01] 	Evaluating Model stuff...
[14:25:01] 
[14:25:01] -=-=-=--=-=-=- Allium.senescens_PA5_RUN2_MAXNET 
[14:25:04] 
[14:25:04] 	Evaluating Model stuff...
[14:25:04] 
[14:25:04] -=-=-=--=-=-=- Allium.senescens_PA5_RUN3_GLM 
[14:25:04] Warning: glm.fit: fitted probabilities numerically 0 or 1 occurred
[14:25:04] 
[14:25:05] 	Evaluating Model stuff...
[14:25:05] 
[14:25:05] -=-=-=--=-=-=- Allium.senescens_PA5_RUN3_GBM 
[14:25:05] CV: 1 
[14:25:09] CV: 2 
[14:25:14] CV: 3 
[14:25:25] 
[14:25:26] 	Evaluating Model stuff...
[14:25:26] 
[14:25:26] -=-=-=--=-=-=- Allium.senescens_PA5_RUN3_ANN 
[14:25:26] 
[14:25:26] 	Model scaling...
[14:25:27] 	Evaluating Model stuff...
[14:25:27] 
[14:25:27] -=-=-=--=-=-=- Allium.senescens_PA5_RUN3_FDA 
[14:25:27] 
[14:25:27] 	Model scaling...Warning: glm.fit: fitted probabilities numerically 0 or 1 occurred
[14:25:27] 
[14:25:28] 	Evaluating Model stuff...
[14:25:28] 
[14:25:28] -=-=-=--=-=-=- Allium.senescens_PA5_RUN3_MAXNET 
[14:25:31] 
[14:25:31] 	Evaluating Model stuff...
[14:25:31] 
[14:25:31] -=-=-=--=-=-=- Allium.senescens_PA5_RUN4_GLM 
[14:25:31] Warning: glm.fit: fitted probabilities numerically 0 or 1 occurred
[14:25:31] 
[14:25:32] 	Evaluating Model stuff...
[14:25:32] 
[14:25:32] -=-=-=--=-=-=- Allium.senescens_PA5_RUN4_GBM 
[14:25:32] CV: 1 
[14:25:37] CV: 2 
[14:25:41] CV: 3 
[14:25:52] 
[14:25:53] 	Evaluating Model stuff...
[14:25:53] 
[14:25:53] -=-=-=--=-=-=- Allium.senescens_PA5_RUN4_ANN 
[14:25:53] 
[14:25:53] 	Model scaling...
[14:25:54] 	Evaluating Model stuff...
[14:25:54] 
[14:25:54] -=-=-=--=-=-=- Allium.senescens_PA5_RUN4_FDA 
[14:25:54] 
[14:25:54] 	Model scaling...Warning: glm.fit: fitted probabilities numerically 0 or 1 occurred
[14:25:54] 
[14:25:55] 	Evaluating Model stuff...
[14:25:55] 
[14:25:55] -=-=-=--=-=-=- Allium.senescens_PA5_RUN4_MAXNET 
[14:25:58] 
[14:25:59] 	Evaluating Model stuff...Warning in max(calcStat, na.rm = TRUE) :
[14:25:59]   no non-missing arguments to max; returning -Inf
[14:25:59] 
[14:25:59] 
[14:25:59] -=-=-=--=-=-=- Allium.senescens_PA5_RUN5_GLM 
[14:25:59] Warning: glm.fit: fitted probabilities numerically 0 or 1 occurred
[14:25:59] 
[14:26:00] 	Evaluating Model stuff...
[14:26:00] 
[14:26:00] -=-=-=--=-=-=- Allium.senescens_PA5_RUN5_GBM 
[14:26:00] CV: 1 
[14:26:04] CV: 2 
[14:26:08] CV: 3 
[14:26:20] 
[14:26:21] 	Evaluating Model stuff...
[14:26:21] 
[14:26:21] -=-=-=--=-=-=- Allium.senescens_PA5_RUN5_ANN 
[14:26:21] 
[14:26:21] 	Model scaling...
[14:26:22] 	Evaluating Model stuff...
[14:26:22] 
[14:26:22] -=-=-=--=-=-=- Allium.senescens_PA5_RUN5_FDA 
[14:26:22] 
[14:26:22] 	Model scaling...
[14:26:23] 	Evaluating Model stuff...
[14:26:23] 
[14:26:23] -=-=-=--=-=-=- Allium.senescens_PA5_RUN5_MAXNET 
[14:26:25] 
[14:26:26] 	Evaluating Model stuff...
[14:26:26] 
[14:26:26] -=-=-=--=-=-=- Allium.senescens_PA6_RUN1_GLM 
[14:26:26] Warning: glm.fit: fitted probabilities numerically 0 or 1 occurred
[14:26:26] 
[14:26:27] 	Evaluating Model stuff...
[14:26:27] 
[14:26:27] -=-=-=--=-=-=- Allium.senescens_PA6_RUN1_GBM 
[14:26:27] CV: 1 
[14:26:31] CV: 2 
[14:26:36] CV: 3 
[14:26:47] 
[14:26:48] 	Evaluating Model stuff...Warning in max(calcStat, na.rm = TRUE) :
[14:26:48]   no non-missing arguments to max; returning -Inf
[14:26:48] 
[14:26:48] 
[14:26:48] -=-=-=--=-=-=- Allium.senescens_PA6_RUN1_ANN 
[14:26:49] 
[14:26:49] 	Model scaling...
[14:26:50] 	Evaluating Model stuff...
[14:26:50] 
[14:26:50] -=-=-=--=-=-=- Allium.senescens_PA6_RUN1_FDA 
[14:26:50] 
[14:26:50] 	Model scaling...Warning: glm.fit: fitted probabilities numerically 0 or 1 occurred
[14:26:50] 
[14:26:50] 	Evaluating Model stuff...
[14:26:50] 
[14:26:50] -=-=-=--=-=-=- Allium.senescens_PA6_RUN1_MAXNET 
[14:26:53] 
[14:26:54] 	Evaluating Model stuff...Warning in max(calcStat, na.rm = TRUE) :
[14:26:54]   no non-missing arguments to max; returning -Inf
[14:26:54] 
[14:26:54] 
[14:26:54] -=-=-=--=-=-=- Allium.senescens_PA6_RUN2_GLM 
[14:26:54] Warning: glm.fit: fitted probabilities numerically 0 or 1 occurred
[14:26:54] 
[14:26:55] 	Evaluating Model stuff...
[14:26:55] 
[14:26:55] -=-=-=--=-=-=- Allium.senescens_PA6_RUN2_GBM 
[14:26:55] CV: 1 
[14:26:59] CV: 2 
[14:27:03] CV: 3 
[14:27:15] 
[14:27:16] 	Evaluating Model stuff...
[14:27:16] 
[14:27:16] -=-=-=--=-=-=- Allium.senescens_PA6_RUN2_ANN 
[14:27:16] 
[14:27:16] 	Model scaling...
[14:27:17] 	Evaluating Model stuff...
[14:27:17] 
[14:27:17] -=-=-=--=-=-=- Allium.senescens_PA6_RUN2_FDA 
[14:27:17] 
[14:27:17] 	Model scaling...Warning: glm.fit: algorithm did not converge
[14:27:17] Warning: glm.fit: fitted probabilities numerically 0 or 1 occurred
[14:27:17] 
[14:27:18] 	Evaluating Model stuff...
[14:27:18] 
[14:27:18] -=-=-=--=-=-=- Allium.senescens_PA6_RUN2_MAXNET 
[14:27:21] 
[14:27:21] 	Evaluating Model stuff...
[14:27:21] 
[14:27:21] -=-=-=--=-=-=- Allium.senescens_PA6_RUN3_GLM 
[14:27:21] Warning: glm.fit: fitted probabilities numerically 0 or 1 occurred
[14:27:21] 
[14:27:22] 	Evaluating Model stuff...
[14:27:22] 
[14:27:22] -=-=-=--=-=-=- Allium.senescens_PA6_RUN3_GBM 
[14:27:22] CV: 1 
[14:27:27] CV: 2 
[14:27:31] CV: 3 
[14:27:43] 
[14:27:43] 	Evaluating Model stuff...
[14:27:43] 
[14:27:43] -=-=-=--=-=-=- Allium.senescens_PA6_RUN3_ANN 
[14:27:44] 
[14:27:44] 	Model scaling...
[14:27:44] 	Evaluating Model stuff...
[14:27:44] 
[14:27:44] -=-=-=--=-=-=- Allium.senescens_PA6_RUN3_FDA 
[14:27:45] 
[14:27:45] 	Model scaling...Warning: glm.fit: fitted probabilities numerically 0 or 1 occurred
[14:27:45] 
[14:27:45] 	Evaluating Model stuff...
[14:27:45] 
[14:27:45] -=-=-=--=-=-=- Allium.senescens_PA6_RUN3_MAXNET 
[14:27:48] 
[14:27:49] 	Evaluating Model stuff...Warning in max(calcStat, na.rm = TRUE) :
[14:27:49]   no non-missing arguments to max; returning -Inf
[14:27:49] 
[14:27:49] 
[14:27:49] -=-=-=--=-=-=- Allium.senescens_PA6_RUN4_GLM 
[14:27:49] Warning: glm.fit: fitted probabilities numerically 0 or 1 occurred
[14:27:49] 
[14:27:50] 	Evaluating Model stuff...
[14:27:50] 
[14:27:50] -=-=-=--=-=-=- Allium.senescens_PA6_RUN4_GBM 
[14:27:50] CV: 1 
[14:27:54] CV: 2 
[14:27:58] CV: 3 
[14:28:10] 
[14:28:11] 	Evaluating Model stuff...
[14:28:11] 
[14:28:11] -=-=-=--=-=-=- Allium.senescens_PA6_RUN4_ANN 
[14:28:11] 
[14:28:11] 	Model scaling...
[14:28:12] 	Evaluating Model stuff...
[14:28:12] 
[14:28:12] -=-=-=--=-=-=- Allium.senescens_PA6_RUN4_FDA 
[14:28:12] 
[14:28:12] 	Model scaling...Warning: glm.fit: algorithm did not converge
[14:28:12] Warning: glm.fit: fitted probabilities numerically 0 or 1 occurred
[14:28:12] 
[14:28:13] 	Evaluating Model stuff...
[14:28:13] 
[14:28:13] -=-=-=--=-=-=- Allium.senescens_PA6_RUN4_MAXNET 
[14:28:16] 
[14:28:17] 	Evaluating Model stuff...Warning in max(calcStat, na.rm = TRUE) :
[14:28:17]   no non-missing arguments to max; returning -Inf
[14:28:17] 
[14:28:17] 
[14:28:17] -=-=-=--=-=-=- Allium.senescens_PA6_RUN5_GLM 
[14:28:17] Warning: glm.fit: fitted probabilities numerically 0 or 1 occurred
[14:28:17] 
[14:28:17] 	Evaluating Model stuff...
[14:28:17] 
[14:28:17] -=-=-=--=-=-=- Allium.senescens_PA6_RUN5_GBM 
[14:28:17] CV: 1 
[14:28:22] CV: 2 
[14:28:26] CV: 3 
[14:28:38] 
[14:28:38] 	Evaluating Model stuff...
[14:28:38] 
[14:28:38] -=-=-=--=-=-=- Allium.senescens_PA6_RUN5_ANN 
[14:28:39] 
[14:28:39] 	Model scaling...
[14:28:40] 	Evaluating Model stuff...
[14:28:40] 
[14:28:40] -=-=-=--=-=-=- Allium.senescens_PA6_RUN5_FDA 
[14:28:40] 
[14:28:40] 	Model scaling...
[14:28:41] 	Evaluating Model stuff...
[14:28:41] 
[14:28:41] -=-=-=--=-=-=- Allium.senescens_PA6_RUN5_MAXNET 
[14:28:43] 
[14:28:44] 	Evaluating Model stuff...
[14:28:44] 
[14:28:44] -=-=-=--=-=-=- Allium.senescens_PA7_RUN1_GLM 
[14:28:44] Warning: glm.fit: fitted probabilities numerically 0 or 1 occurred
[14:28:44] 
[14:28:45] 	Evaluating Model stuff...
[14:28:45] 
[14:28:45] -=-=-=--=-=-=- Allium.senescens_PA7_RUN1_GBM 
[14:28:45] CV: 1 
[14:28:49] CV: 2 
[14:28:54] CV: 3 
[14:29:05] 
[14:29:06] 	Evaluating Model stuff...
[14:29:06] 
[14:29:06] -=-=-=--=-=-=- Allium.senescens_PA7_RUN1_ANN 
[14:29:06] 
[14:29:06] 	Model scaling...
[14:29:07] 	Evaluating Model stuff...
[14:29:07] 
[14:29:07] -=-=-=--=-=-=- Allium.senescens_PA7_RUN1_FDA 
[14:29:07] 
[14:29:07] 	Model scaling...Warning: glm.fit: fitted probabilities numerically 0 or 1 occurred
[14:29:07] 
[14:29:08] 	Evaluating Model stuff...
[14:29:08] 
[14:29:08] -=-=-=--=-=-=- Allium.senescens_PA7_RUN1_MAXNET 
[14:29:11] 
[14:29:12] 	Evaluating Model stuff...
[14:29:12] 
[14:29:12] -=-=-=--=-=-=- Allium.senescens_PA7_RUN2_GLM 
[14:29:12] Warning: glm.fit: fitted probabilities numerically 0 or 1 occurred
[14:29:12] 
[14:29:12] 	Evaluating Model stuff...
[14:29:12] 
[14:29:12] -=-=-=--=-=-=- Allium.senescens_PA7_RUN2_GBM 
[14:29:12] CV: 1 
[14:29:17] CV: 2 
[14:29:21] CV: 3 
[14:29:33] 
[14:29:34] 	Evaluating Model stuff...
[14:29:34] 
[14:29:34] -=-=-=--=-=-=- Allium.senescens_PA7_RUN2_ANN 
[14:29:34] 
[14:29:34] 	Model scaling...
[14:29:35] 	Evaluating Model stuff...
[14:29:35] 
[14:29:35] -=-=-=--=-=-=- Allium.senescens_PA7_RUN2_FDA 
[14:29:35] 
[14:29:35] 	Model scaling...Warning: glm.fit: fitted probabilities numerically 0 or 1 occurred
[14:29:35] 
[14:29:36] 	Evaluating Model stuff...
[14:29:36] 
[14:29:36] -=-=-=--=-=-=- Allium.senescens_PA7_RUN2_MAXNET 
[14:29:39] 
[14:29:39] 	Evaluating Model stuff...
[14:29:39] 
[14:29:39] -=-=-=--=-=-=- Allium.senescens_PA7_RUN3_GLM 
[14:29:39] Warning: glm.fit: fitted probabilities numerically 0 or 1 occurred
[14:29:39] 
[14:29:40] 	Evaluating Model stuff...
[14:29:40] 
[14:29:40] -=-=-=--=-=-=- Allium.senescens_PA7_RUN3_GBM 
[14:29:40] CV: 1 
[14:29:44] CV: 2 
[14:29:49] CV: 3 
[14:30:00] 
[14:30:01] 	Evaluating Model stuff...
[14:30:01] 
[14:30:01] -=-=-=--=-=-=- Allium.senescens_PA7_RUN3_ANN 
[14:30:02] 
[14:30:02] 	Model scaling...
[14:30:02] 	Evaluating Model stuff...
[14:30:02] 
[14:30:02] -=-=-=--=-=-=- Allium.senescens_PA7_RUN3_FDA 
[14:30:03] 
[14:30:03] 	Model scaling...Warning: glm.fit: algorithm did not converge
[14:30:03] Warning: glm.fit: fitted probabilities numerically 0 or 1 occurred
[14:30:03] 
[14:30:03] 	Evaluating Model stuff...
[14:30:03] 
[14:30:03] -=-=-=--=-=-=- Allium.senescens_PA7_RUN3_MAXNET 
[14:30:07] 
[14:30:07] 	Evaluating Model stuff...
[14:30:07] 
[14:30:07] -=-=-=--=-=-=- Allium.senescens_PA7_RUN4_GLM 
[14:30:07] Warning: glm.fit: fitted probabilities numerically 0 or 1 occurred
[14:30:07] 
[14:30:08] 	Evaluating Model stuff...
[14:30:08] 
[14:30:08] -=-=-=--=-=-=- Allium.senescens_PA7_RUN4_GBM 
[14:30:08] CV: 1 
[14:30:12] CV: 2 
[14:30:17] CV: 3 
[14:30:28] 
[14:30:29] 	Evaluating Model stuff...Warning in max(calcStat, na.rm = TRUE) :
[14:30:29]   no non-missing arguments to max; returning -Inf
[14:30:29] 
[14:30:29] 
[14:30:29] -=-=-=--=-=-=- Allium.senescens_PA7_RUN4_ANN 
[14:30:29] 
[14:30:29] 	Model scaling...
[14:30:30] 	Evaluating Model stuff...
[14:30:30] 
[14:30:30] -=-=-=--=-=-=- Allium.senescens_PA7_RUN4_FDA 
[14:30:30] 
[14:30:30] 	Model scaling...Warning: glm.fit: fitted probabilities numerically 0 or 1 occurred
[14:30:30] 
[14:30:31] 	Evaluating Model stuff...
[14:30:31] 
[14:30:31] -=-=-=--=-=-=- Allium.senescens_PA7_RUN4_MAXNET 
[14:30:34] 
[14:30:34] 	Evaluating Model stuff...
[14:30:34] 
[14:30:34] -=-=-=--=-=-=- Allium.senescens_PA7_RUN5_GLM 
[14:30:34] Warning: glm.fit: fitted probabilities numerically 0 or 1 occurred
[14:30:34] 
[14:30:35] 	Evaluating Model stuff...
[14:30:35] 
[14:30:35] -=-=-=--=-=-=- Allium.senescens_PA7_RUN5_GBM 
[14:30:35] CV: 1 
[14:30:39] CV: 2 
[14:30:44] CV: 3 
[14:30:55] 
[14:30:56] 	Evaluating Model stuff...
[14:30:56] 
[14:30:56] -=-=-=--=-=-=- Allium.senescens_PA7_RUN5_ANN 
[14:30:56] 
[14:30:56] 	Model scaling...
[14:30:57] 	Evaluating Model stuff...
[14:30:57] 
[14:30:57] -=-=-=--=-=-=- Allium.senescens_PA7_RUN5_FDA 
[14:30:57] 
[14:30:57] 	Model scaling...Warning: glm.fit: fitted probabilities numerically 0 or 1 occurred
[14:30:57] 
[14:30:58] 	Evaluating Model stuff...
[14:30:58] 
[14:30:58] -=-=-=--=-=-=- Allium.senescens_PA7_RUN5_MAXNET 
[14:31:01] 
[14:31:02] 	Evaluating Model stuff...Warning in max(calcStat, na.rm = TRUE) :
[14:31:02]   no non-missing arguments to max; returning -Inf
[14:31:02] 
[14:31:02] 
[14:31:02] -=-=-=--=-=-=- Allium.senescens_PA8_RUN1_GLM 
[14:31:02] Warning: glm.fit: fitted probabilities numerically 0 or 1 occurred
[14:31:02] 
[14:31:02] 	Evaluating Model stuff...
[14:31:02] 
[14:31:02] -=-=-=--=-=-=- Allium.senescens_PA8_RUN1_GBM 
[14:31:02] CV: 1 
[14:31:07] CV: 2 
[14:31:11] CV: 3 
[14:31:23] 
[14:31:23] 	Evaluating Model stuff...
[14:31:23] 
[14:31:23] -=-=-=--=-=-=- Allium.senescens_PA8_RUN1_ANN 
[14:31:24] 
[14:31:24] 	Model scaling...
[14:31:24] 	Evaluating Model stuff...
[14:31:24] 
[14:31:24] -=-=-=--=-=-=- Allium.senescens_PA8_RUN1_FDA 
[14:31:25] 
[14:31:25] 	Model scaling...Warning: glm.fit: algorithm did not converge
[14:31:25] Warning: glm.fit: fitted probabilities numerically 0 or 1 occurred
[14:31:25] 
[14:31:26] 	Evaluating Model stuff...
[14:31:26] 
[14:31:26] -=-=-=--=-=-=- Allium.senescens_PA8_RUN1_MAXNET 
[14:31:28] 
[14:31:29] 	Evaluating Model stuff...
[14:31:29] 
[14:31:29] -=-=-=--=-=-=- Allium.senescens_PA8_RUN2_GLM 
[14:31:29] Warning: glm.fit: fitted probabilities numerically 0 or 1 occurred
[14:31:29] 
[14:31:30] 	Evaluating Model stuff...
[14:31:30] 
[14:31:30] -=-=-=--=-=-=- Allium.senescens_PA8_RUN2_GBM 
[14:31:30] CV: 1 
[14:31:34] CV: 2 
[14:31:38] CV: 3 
[14:31:50] 
[14:31:51] 	Evaluating Model stuff...
[14:31:51] 
[14:31:51] -=-=-=--=-=-=- Allium.senescens_PA8_RUN2_ANN 
[14:31:51] 
[14:31:51] 	Model scaling...
[14:31:52] 	Evaluating Model stuff...
[14:31:52] 
[14:31:52] -=-=-=--=-=-=- Allium.senescens_PA8_RUN2_FDA 
[14:31:52] 
[14:31:52] 	Model scaling...Warning: glm.fit: algorithm did not converge
[14:31:52] Warning: glm.fit: fitted probabilities numerically 0 or 1 occurred
[14:31:52] 
[14:31:53] 	Evaluating Model stuff...
[14:31:53] 
[14:31:53] -=-=-=--=-=-=- Allium.senescens_PA8_RUN2_MAXNET 
[14:31:56] 
[14:31:57] 	Evaluating Model stuff...
[14:31:57] 
[14:31:57] -=-=-=--=-=-=- Allium.senescens_PA8_RUN3_GLM 
[14:31:57] Warning: glm.fit: fitted probabilities numerically 0 or 1 occurred
[14:31:57] 
[14:31:58] 	Evaluating Model stuff...
[14:31:58] 
[14:31:58] -=-=-=--=-=-=- Allium.senescens_PA8_RUN3_GBM 
[14:31:58] CV: 1 
[14:32:02] CV: 2 
[14:32:06] CV: 3 
[14:32:18] 
[14:32:19] 	Evaluating Model stuff...
[14:32:19] 
[14:32:19] -=-=-=--=-=-=- Allium.senescens_PA8_RUN3_ANN 
[14:32:19] 
[14:32:19] 	Model scaling...
[14:32:20] 	Evaluating Model stuff...
[14:32:20] 
[14:32:20] -=-=-=--=-=-=- Allium.senescens_PA8_RUN3_FDA 
[14:32:20] 
[14:32:20] 	Model scaling...Warning: glm.fit: algorithm did not converge
[14:32:20] Warning: glm.fit: fitted probabilities numerically 0 or 1 occurred
[14:32:20] 
[14:32:21] 	Evaluating Model stuff...
[14:32:21] 
[14:32:21] -=-=-=--=-=-=- Allium.senescens_PA8_RUN3_MAXNET 
[14:32:24] 
[14:32:24] 	Evaluating Model stuff...
[14:32:24] 
[14:32:24] -=-=-=--=-=-=- Allium.senescens_PA8_RUN4_GLM 
[14:32:24] Warning: glm.fit: fitted probabilities numerically 0 or 1 occurred
[14:32:24] 
[14:32:25] 	Evaluating Model stuff...
[14:32:25] 
[14:32:25] -=-=-=--=-=-=- Allium.senescens_PA8_RUN4_GBM 
[14:32:25] CV: 1 
[14:32:29] CV: 2 
[14:32:34] CV: 3 
[14:32:45] 
[14:32:46] 	Evaluating Model stuff...
[14:32:46] 
[14:32:46] -=-=-=--=-=-=- Allium.senescens_PA8_RUN4_ANN 
[14:32:46] 
[14:32:46] 	Model scaling...
[14:32:47] 	Evaluating Model stuff...
[14:32:47] 
[14:32:47] -=-=-=--=-=-=- Allium.senescens_PA8_RUN4_FDA 
[14:32:47] 
[14:32:47] 	Model scaling...Warning: glm.fit: algorithm did not converge
[14:32:47] Warning: glm.fit: fitted probabilities numerically 0 or 1 occurred
[14:32:47] 
[14:32:48] 	Evaluating Model stuff...
[14:32:48] 
[14:32:48] -=-=-=--=-=-=- Allium.senescens_PA8_RUN4_MAXNET 
[14:32:51] 
[14:32:52] 	Evaluating Model stuff...Warning in max(calcStat, na.rm = TRUE) :
[14:32:52]   no non-missing arguments to max; returning -Inf
[14:32:52] 
[14:32:52] 
[14:32:52] -=-=-=--=-=-=- Allium.senescens_PA8_RUN5_GLM 
[14:32:52] Warning: glm.fit: fitted probabilities numerically 0 or 1 occurred
[14:32:52] 
[14:32:53] 	Evaluating Model stuff...
[14:32:53] 
[14:32:53] -=-=-=--=-=-=- Allium.senescens_PA8_RUN5_GBM 
[14:32:53] CV: 1 
[14:32:57] CV: 2 
[14:33:01] CV: 3 
[14:33:13] 
[14:33:14] 	Evaluating Model stuff...
[14:33:14] 
[14:33:14] -=-=-=--=-=-=- Allium.senescens_PA8_RUN5_ANN 
[14:33:14] 
[14:33:14] 	Model scaling...
[14:33:15] 	Evaluating Model stuff...
[14:33:15] 
[14:33:15] -=-=-=--=-=-=- Allium.senescens_PA8_RUN5_FDA 
[14:33:15] 
[14:33:15] 	Model scaling...Warning: glm.fit: algorithm did not converge
[14:33:15] Warning: glm.fit: fitted probabilities numerically 0 or 1 occurred
[14:33:15] 
[14:33:16] 	Evaluating Model stuff...
[14:33:16] 
[14:33:16] -=-=-=--=-=-=- Allium.senescens_PA8_RUN5_MAXNET 
[14:33:19] 
[14:33:19] 	Evaluating Model stuff...
[14:33:19] 
[14:33:19] -=-=-=--=-=-=- Allium.senescens_PA9_RUN1_GLM 
[14:33:19] 
[14:33:20] 	Evaluating Model stuff...
[14:33:20] 
[14:33:20] -=-=-=--=-=-=- Allium.senescens_PA9_RUN1_GBM 
[14:33:20] CV: 1 
[14:33:25] CV: 2 
[14:33:29] CV: 3 
[14:33:40] 
[14:33:41] 	Evaluating Model stuff...
[14:33:41] 
[14:33:41] -=-=-=--=-=-=- Allium.senescens_PA9_RUN1_ANN 
[14:33:41] 
[14:33:41] 	Model scaling...
[14:33:42] 	Evaluating Model stuff...
[14:33:42] 
[14:33:42] -=-=-=--=-=-=- Allium.senescens_PA9_RUN1_FDA 
[14:33:42] 
[14:33:42] 	Model scaling...Warning: glm.fit: fitted probabilities numerically 0 or 1 occurred
[14:33:42] 
[14:33:43] 	Evaluating Model stuff...
[14:33:43] 
[14:33:43] -=-=-=--=-=-=- Allium.senescens_PA9_RUN1_MAXNET 
[14:33:46] 
[14:33:47] 	Evaluating Model stuff...
[14:33:47] 
[14:33:47] -=-=-=--=-=-=- Allium.senescens_PA9_RUN2_GLM 
[14:33:47] Warning: glm.fit: fitted probabilities numerically 0 or 1 occurred
[14:33:47] 
[14:33:48] 	Evaluating Model stuff...
[14:33:48] 
[14:33:48] -=-=-=--=-=-=- Allium.senescens_PA9_RUN2_GBM 
[14:33:48] CV: 1 
[14:33:52] CV: 2 
[14:33:56] CV: 3 
[14:34:08] 
[14:34:09] 	Evaluating Model stuff...
[14:34:09] 
[14:34:09] -=-=-=--=-=-=- Allium.senescens_PA9_RUN2_ANN 
[14:34:09] 
[14:34:09] 	Model scaling...
[14:34:10] 	Evaluating Model stuff...
[14:34:10] 
[14:34:10] -=-=-=--=-=-=- Allium.senescens_PA9_RUN2_FDA 
[14:34:10] 
[14:34:10] 	Model scaling...Warning: glm.fit: fitted probabilities numerically 0 or 1 occurred
[14:34:10] 
[14:34:11] 	Evaluating Model stuff...
[14:34:11] 
[14:34:11] -=-=-=--=-=-=- Allium.senescens_PA9_RUN2_MAXNET 
[14:34:14] 
[14:34:14] 	Evaluating Model stuff...Warning in max(calcStat, na.rm = TRUE) :
[14:34:14]   no non-missing arguments to max; returning -Inf
[14:34:14] 
[14:34:14] 
[14:34:14] -=-=-=--=-=-=- Allium.senescens_PA9_RUN3_GLM 
[14:34:14] Warning: glm.fit: fitted probabilities numerically 0 or 1 occurred
[14:34:14] 
[14:34:15] 	Evaluating Model stuff...
[14:34:15] 
[14:34:15] -=-=-=--=-=-=- Allium.senescens_PA9_RUN3_GBM 
[14:34:15] CV: 1 
[14:34:19] CV: 2 
[14:34:24] CV: 3 
[14:34:35] 
[14:34:36] 	Evaluating Model stuff...
[14:34:36] 
[14:34:36] -=-=-=--=-=-=- Allium.senescens_PA9_RUN3_ANN 
[14:34:36] 
[14:34:36] 	Model scaling...
[14:34:37] 	Evaluating Model stuff...
[14:34:37] 
[14:34:37] -=-=-=--=-=-=- Allium.senescens_PA9_RUN3_FDA 
[14:34:37] 
[14:34:37] 	Model scaling...
[14:34:38] 	Evaluating Model stuff...
[14:34:38] 
[14:34:38] -=-=-=--=-=-=- Allium.senescens_PA9_RUN3_MAXNET 
[14:34:41] 
[14:34:42] 	Evaluating Model stuff...
[14:34:42] 
[14:34:42] -=-=-=--=-=-=- Allium.senescens_PA9_RUN4_GLM 
[14:34:42] Warning: glm.fit: fitted probabilities numerically 0 or 1 occurred
[14:34:42] 
[14:34:42] 	Evaluating Model stuff...
[14:34:42] 
[14:34:42] -=-=-=--=-=-=- Allium.senescens_PA9_RUN4_GBM 
[14:34:42] CV: 1 
[14:34:47] CV: 2 
[14:34:51] CV: 3 
[14:35:03] 
[14:35:03] 	Evaluating Model stuff...
[14:35:03] 
[14:35:03] -=-=-=--=-=-=- Allium.senescens_PA9_RUN4_ANN 
[14:35:04] 
[14:35:04] 	Model scaling...
[14:35:05] 	Evaluating Model stuff...
[14:35:05] 
[14:35:05] -=-=-=--=-=-=- Allium.senescens_PA9_RUN4_FDA 
[14:35:05] 
[14:35:05] 	Model scaling...Warning: glm.fit: fitted probabilities numerically 0 or 1 occurred
[14:35:05] 
[14:35:06] 	Evaluating Model stuff...
[14:35:06] 
[14:35:06] -=-=-=--=-=-=- Allium.senescens_PA9_RUN4_MAXNET 
[14:35:08] 
[14:35:09] 	Evaluating Model stuff...
[14:35:09] 
[14:35:09] -=-=-=--=-=-=- Allium.senescens_PA9_RUN5_GLM 
[14:35:09] Warning: glm.fit: fitted probabilities numerically 0 or 1 occurred
[14:35:09] 
[14:35:10] 	Evaluating Model stuff...
[14:35:10] 
[14:35:10] -=-=-=--=-=-=- Allium.senescens_PA9_RUN5_GBM 
[14:35:10] CV: 1 
[14:35:14] CV: 2 
[14:35:19] CV: 3 
[14:35:30] 
[14:35:31] 	Evaluating Model stuff...
[14:35:31] 
[14:35:31] -=-=-=--=-=-=- Allium.senescens_PA9_RUN5_ANN 
[14:35:31] 
[14:35:31] 	Model scaling...
[14:35:32] 	Evaluating Model stuff...
[14:35:32] 
[14:35:32] -=-=-=--=-=-=- Allium.senescens_PA9_RUN5_FDA 
[14:35:32] 
[14:35:32] 	Model scaling...Warning: glm.fit: fitted probabilities numerically 0 or 1 occurred
[14:35:32] 
[14:35:33] 	Evaluating Model stuff...
[14:35:33] 
[14:35:33] -=-=-=--=-=-=- Allium.senescens_PA9_RUN5_MAXNET 
[14:35:36] 
[14:35:37] 	Evaluating Model stuff...Warning in max(calcStat, na.rm = TRUE) :
[14:35:37]   no non-missing arguments to max; returning -Inf
[14:35:37] 
[14:35:37] 
[14:35:37] -=-=-=--=-=-=- Allium.senescens_PA10_RUN1_GLM 
[14:35:37] Warning: glm.fit: fitted probabilities numerically 0 or 1 occurred
[14:35:37] 
[14:35:37] 	Evaluating Model stuff...
[14:35:37] 
[14:35:37] -=-=-=--=-=-=- Allium.senescens_PA10_RUN1_GBM 
[14:35:37] CV: 1 
[14:35:42] CV: 2 
[14:35:46] CV: 3 
[14:35:58] 
[14:35:58] 	Evaluating Model stuff...
[14:35:58] 
[14:35:58] -=-=-=--=-=-=- Allium.senescens_PA10_RUN1_ANN 
[14:35:59] 
[14:35:59] 	Model scaling...
[14:36:00] 	Evaluating Model stuff...
[14:36:00] 
[14:36:00] -=-=-=--=-=-=- Allium.senescens_PA10_RUN1_FDA 
[14:36:00] 
[14:36:00] 	Model scaling...
[14:36:01] 	Evaluating Model stuff...
[14:36:01] 
[14:36:01] -=-=-=--=-=-=- Allium.senescens_PA10_RUN1_MAXNET 
[14:36:03] 
[14:36:04] 	Evaluating Model stuff...
[14:36:04] 
[14:36:04] -=-=-=--=-=-=- Allium.senescens_PA10_RUN2_GLM 
[14:36:04] Warning: glm.fit: fitted probabilities numerically 0 or 1 occurred
[14:36:04] 
[14:36:05] 	Evaluating Model stuff...
[14:36:05] 
[14:36:05] -=-=-=--=-=-=- Allium.senescens_PA10_RUN2_GBM 
[14:36:05] CV: 1 
[14:36:09] CV: 2 
[14:36:13] CV: 3 
[14:36:25] 
[14:36:26] 	Evaluating Model stuff...
[14:36:26] 
[14:36:26] -=-=-=--=-=-=- Allium.senescens_PA10_RUN2_ANN 
[14:36:26] 
[14:36:26] 	Model scaling...
[14:36:27] 	Evaluating Model stuff...
[14:36:27] 
[14:36:27] -=-=-=--=-=-=- Allium.senescens_PA10_RUN2_FDA 
[14:36:27] 
[14:36:27] 	Model scaling...Warning: glm.fit: fitted probabilities numerically 0 or 1 occurred
[14:36:27] 
[14:36:28] 	Evaluating Model stuff...
[14:36:28] 
[14:36:28] -=-=-=--=-=-=- Allium.senescens_PA10_RUN2_MAXNET 
[14:36:31] 
[14:36:31] 	Evaluating Model stuff...
[14:36:31] 
[14:36:31] -=-=-=--=-=-=- Allium.senescens_PA10_RUN3_GLM 
[14:36:31] Warning: glm.fit: fitted probabilities numerically 0 or 1 occurred
[14:36:32] 
[14:36:32] 	Evaluating Model stuff...
[14:36:32] 
[14:36:32] -=-=-=--=-=-=- Allium.senescens_PA10_RUN3_GBM 
[14:36:32] CV: 1 
[14:36:37] CV: 2 
[14:36:41] CV: 3 
[14:36:53] 
[14:36:53] 	Evaluating Model stuff...
[14:36:53] 
[14:36:53] -=-=-=--=-=-=- Allium.senescens_PA10_RUN3_ANN 
[14:36:54] 
[14:36:54] 	Model scaling...
[14:36:55] 	Evaluating Model stuff...
[14:36:55] 
[14:36:55] -=-=-=--=-=-=- Allium.senescens_PA10_RUN3_FDA 
[14:36:55] 
[14:36:55] 	Model scaling...Warning: glm.fit: algorithm did not converge
[14:36:55] Warning: glm.fit: fitted probabilities numerically 0 or 1 occurred
[14:36:55] 
[14:36:56] 	Evaluating Model stuff...
[14:36:56] 
[14:36:56] -=-=-=--=-=-=- Allium.senescens_PA10_RUN3_MAXNET 
[14:36:58] 
[14:36:59] 	Evaluating Model stuff...
[14:36:59] 
[14:36:59] -=-=-=--=-=-=- Allium.senescens_PA10_RUN4_GLM 
[14:36:59] Warning: glm.fit: fitted probabilities numerically 0 or 1 occurred
[14:36:59] 
[14:37:00] 	Evaluating Model stuff...
[14:37:00] 
[14:37:00] -=-=-=--=-=-=- Allium.senescens_PA10_RUN4_GBM 
[14:37:00] CV: 1 
[14:37:04] CV: 2 
[14:37:08] CV: 3 
[14:37:20] 
[14:37:21] 	Evaluating Model stuff...
[14:37:21] 
[14:37:21] -=-=-=--=-=-=- Allium.senescens_PA10_RUN4_ANN 
[14:37:21] 
[14:37:21] 	Model scaling...
[14:37:22] 	Evaluating Model stuff...
[14:37:22] 
[14:37:22] -=-=-=--=-=-=- Allium.senescens_PA10_RUN4_FDA 
[14:37:22] 
[14:37:22] 	Model scaling...Warning: glm.fit: fitted probabilities numerically 0 or 1 occurred
[14:37:22] 
[14:37:23] 	Evaluating Model stuff...
[14:37:23] 
[14:37:23] -=-=-=--=-=-=- Allium.senescens_PA10_RUN4_MAXNET 
[14:37:26] 
[14:37:27] 	Evaluating Model stuff...
[14:37:27] 
[14:37:27] -=-=-=--=-=-=- Allium.senescens_PA10_RUN5_GLM 
[14:37:27] Warning: glm.fit: fitted probabilities numerically 0 or 1 occurred
[14:37:27] 
[14:37:27] 	Evaluating Model stuff...
[14:37:27] 
[14:37:27] -=-=-=--=-=-=- Allium.senescens_PA10_RUN5_GBM 
[14:37:27] CV: 1 
[14:37:32] CV: 2 
[14:37:36] CV: 3 
[14:37:48] 
[14:37:48] 	Evaluating Model stuff...
[14:37:48] 
[14:37:48] -=-=-=--=-=-=- Allium.senescens_PA10_RUN5_ANN 
[14:37:49] 
[14:37:49] 	Model scaling...
[14:37:50] 	Evaluating Model stuff...
[14:37:50] 
[14:37:50] -=-=-=--=-=-=- Allium.senescens_PA10_RUN5_FDA 
[14:37:50] 
[14:37:50] 	Model scaling...Warning: glm.fit: algorithm did not converge
[14:37:50] Warning: glm.fit: fitted probabilities numerically 0 or 1 occurred
[14:37:50] 
[14:37:51] 	Evaluating Model stuff...
[14:37:51] 
[14:37:51] -=-=-=--=-=-=- Allium.senescens_PA10_RUN5_MAXNET 
[14:37:54] 
[14:37:54] 	Evaluating Model stuff...Warning in max(calcStat, na.rm = TRUE) :
[14:37:54]   no non-missing arguments to max; returning -Inf
[14:37:59] 
[14:37:59] -=-=-=-=-=-=-=-=-=-=-=-=-=-=-=-=-=-= Done -=-=-=-=-=-=-=-=-=-=-=-=-=-=-=-=-=-=
[14:37:59] 
[14:37:59] -=-=-=-=-=-=-=-=-=-=-=-=-=-= Build Ensemble Models -=-=-=-=-=-=-=-=-=-=-=-=-=-=
[14:37:59] 
[14:37:59]    ! all models available will be included in ensemble.modeling
[14:37:59]   ! Ensemble Models will be filtered and/or weighted using validation dataset (if possible). Please use `metric.select.dataset` for alternative options.
[14:37:59]    > Evaluation & Weighting methods summary :
[14:37:59]       AUCroc over 0.6
[14:38:02] 
[14:38:02] 
[14:38:07]   > mergedData_mergedRun_mergedAlgo ensemble modeling
[14:38:11]    ! Additional projection required for ensemble models merging several pseudo-absence dataset...
[14:38:11] -=-=-=-=-=-=-=-=-=-=-=-=-= Do Single Models Projection -=-=-=-=-=-=-=-=-=-=-=-=-=
[14:38:11] 
[14:38:11] 	> Projecting Allium.senescens_PA1_RUN1_GLM ...
[14:38:16] 	> Projecting Allium.senescens_PA1_RUN1_GBM ...
[14:38:16] 	> Projecting Allium.senescens_PA1_RUN1_ANN ...
[14:38:16] 	> Projecting Allium.senescens_PA1_RUN1_FDA ...
[14:38:17] 	> Projecting Allium.senescens_PA1_RUN1_MAXNET ...
[14:38:17] 	> Projecting Allium.senescens_PA1_RUN2_GLM ...
[14:38:22] 	> Projecting Allium.senescens_PA1_RUN2_GBM ...
[14:38:22] 	> Projecting Allium.senescens_PA1_RUN2_ANN ...
[14:38:22] 	> Projecting Allium.senescens_PA1_RUN2_FDA ...
[14:38:23] 	> Projecting Allium.senescens_PA1_RUN2_MAXNET ...
[14:38:23] 	> Projecting Allium.senescens_PA1_RUN3_GLM ...
[14:38:28] 	> Projecting Allium.senescens_PA1_RUN3_GBM ...
[14:38:28] 	> Projecting Allium.senescens_PA1_RUN3_ANN ...
[14:38:28] 	> Projecting Allium.senescens_PA1_RUN3_FDA ...
[14:38:29] 	> Projecting Allium.senescens_PA1_RUN3_MAXNET ...
[14:38:29] 	> Projecting Allium.senescens_PA1_RUN4_GLM ...
[14:38:34] 	> Projecting Allium.senescens_PA1_RUN4_GBM ...
[14:38:34] 	> Projecting Allium.senescens_PA1_RUN4_ANN ...
[14:38:35] 	> Projecting Allium.senescens_PA1_RUN4_FDA ...
[14:38:35] 	> Projecting Allium.senescens_PA1_RUN4_MAXNET ...
[14:38:35] 	> Projecting Allium.senescens_PA1_RUN5_GLM ...
[14:38:40] 	> Projecting Allium.senescens_PA1_RUN5_GBM ...
[14:38:40] 	> Projecting Allium.senescens_PA1_RUN5_ANN ...
[14:38:41] 	> Projecting Allium.senescens_PA1_RUN5_FDA ...
[14:38:58] 	> Projecting Allium.senescens_PA1_RUN5_MAXNET ...
[14:38:58] -=-=-=-=-=-=-=-=-=-=-=-=-=-=-=-=-=-= Done -=-=-=-=-=-=-=-=-=-=-=-=-=-=-=-=-=-=
[14:39:04] 
[14:39:04] -=-=-=-=-=-=-=-=-=-=-=-=-= Do Single Models Projection -=-=-=-=-=-=-=-=-=-=-=-=-=
[14:39:04] 
[14:39:04] 	> Projecting Allium.senescens_PA2_RUN1_GLM ...
[14:39:09] 	> Projecting Allium.senescens_PA2_RUN1_GBM ...
[14:39:10] 	> Projecting Allium.senescens_PA2_RUN1_ANN ...
[14:39:10] 	> Projecting Allium.senescens_PA2_RUN1_FDA ...
[14:39:11] 	> Projecting Allium.senescens_PA2_RUN1_MAXNET ...
[14:39:11] 	> Projecting Allium.senescens_PA2_RUN2_GLM ...
[14:39:16] 	> Projecting Allium.senescens_PA2_RUN2_GBM ...
[14:39:16] 	> Projecting Allium.senescens_PA2_RUN2_ANN ...
[14:39:17] 	> Projecting Allium.senescens_PA2_RUN2_FDA ...
[14:39:17] 	> Projecting Allium.senescens_PA2_RUN2_MAXNET ...
[14:39:17] 	> Projecting Allium.senescens_PA2_RUN3_GLM ...
[14:39:22] 	> Projecting Allium.senescens_PA2_RUN3_GBM ...
[14:39:23] 	> Projecting Allium.senescens_PA2_RUN3_ANN ...
[14:39:23] 	> Projecting Allium.senescens_PA2_RUN3_FDA ...
[14:39:23] 	> Projecting Allium.senescens_PA2_RUN3_MAXNET ...
[14:39:23] 	> Projecting Allium.senescens_PA2_RUN4_GLM ...
[14:39:28] 	> Projecting Allium.senescens_PA2_RUN4_GBM ...
[14:39:29] 	> Projecting Allium.senescens_PA2_RUN4_ANN ...
[14:39:29] 	> Projecting Allium.senescens_PA2_RUN4_FDA ...
[14:39:29] 	> Projecting Allium.senescens_PA2_RUN4_MAXNET ...
[14:39:29] 	> Projecting Allium.senescens_PA2_RUN5_GLM ...
[14:39:34] 	> Projecting Allium.senescens_PA2_RUN5_GBM ...
[14:39:35] 	> Projecting Allium.senescens_PA2_RUN5_ANN ...
[14:39:35] 	> Projecting Allium.senescens_PA2_RUN5_FDA ...
[14:39:51] 	> Projecting Allium.senescens_PA2_RUN5_MAXNET ...
[14:39:51] -=-=-=-=-=-=-=-=-=-=-=-=-=-=-=-=-=-= Done -=-=-=-=-=-=-=-=-=-=-=-=-=-=-=-=-=-=
[14:39:58] 
[14:39:58] -=-=-=-=-=-=-=-=-=-=-=-=-= Do Single Models Projection -=-=-=-=-=-=-=-=-=-=-=-=-=
[14:39:58] 
[14:39:58] 	> Projecting Allium.senescens_PA3_RUN1_GLM ...
[14:40:03] 	> Projecting Allium.senescens_PA3_RUN1_GBM ...
[14:40:03] 	> Projecting Allium.senescens_PA3_RUN1_ANN ...
[14:40:04] 	> Projecting Allium.senescens_PA3_RUN1_FDA ...
[14:40:04] 	> Projecting Allium.senescens_PA3_RUN1_MAXNET ...
[14:40:04] 	> Projecting Allium.senescens_PA3_RUN2_GLM ...
[14:40:09] 	> Projecting Allium.senescens_PA3_RUN2_GBM ...
[14:40:09] 	> Projecting Allium.senescens_PA3_RUN2_ANN ...
[14:40:10] 	> Projecting Allium.senescens_PA3_RUN2_FDA ...
[14:40:10] 	> Projecting Allium.senescens_PA3_RUN2_MAXNET ...
[14:40:10] 	> Projecting Allium.senescens_PA3_RUN3_GLM ...
[14:40:15] 	> Projecting Allium.senescens_PA3_RUN3_GBM ...
[14:40:16] 	> Projecting Allium.senescens_PA3_RUN3_ANN ...
[14:40:16] 	> Projecting Allium.senescens_PA3_RUN3_FDA ...
[14:40:16] 	> Projecting Allium.senescens_PA3_RUN3_MAXNET ...
[14:40:16] 	> Projecting Allium.senescens_PA3_RUN4_GLM ...
[14:40:22] 	> Projecting Allium.senescens_PA3_RUN4_GBM ...
[14:40:22] 	> Projecting Allium.senescens_PA3_RUN4_ANN ...
[14:40:22] 	> Projecting Allium.senescens_PA3_RUN4_FDA ...
[14:40:22] 	> Projecting Allium.senescens_PA3_RUN4_MAXNET ...
[14:40:22] 	> Projecting Allium.senescens_PA3_RUN5_GLM ...
[14:40:27] 	> Projecting Allium.senescens_PA3_RUN5_GBM ...
[14:40:28] 	> Projecting Allium.senescens_PA3_RUN5_ANN ...
[14:40:28] 	> Projecting Allium.senescens_PA3_RUN5_FDA ...
[14:40:44] 	> Projecting Allium.senescens_PA3_RUN5_MAXNET ...
[14:40:44] -=-=-=-=-=-=-=-=-=-=-=-=-=-=-=-=-=-= Done -=-=-=-=-=-=-=-=-=-=-=-=-=-=-=-=-=-=
[14:40:52] 
[14:40:52] -=-=-=-=-=-=-=-=-=-=-=-=-= Do Single Models Projection -=-=-=-=-=-=-=-=-=-=-=-=-=
[14:40:52] 
[14:40:52] 	> Projecting Allium.senescens_PA4_RUN1_GLM ...
[14:40:57] 	> Projecting Allium.senescens_PA4_RUN1_GBM ...
[14:40:57] 	> Projecting Allium.senescens_PA4_RUN1_ANN ...
[14:40:57] 	> Projecting Allium.senescens_PA4_RUN1_FDA ...
[14:40:58] 	> Projecting Allium.senescens_PA4_RUN1_MAXNET ...
[14:40:58] 	> Projecting Allium.senescens_PA4_RUN2_GLM ...
[14:41:03] 	> Projecting Allium.senescens_PA4_RUN2_GBM ...
[14:41:03] 	> Projecting Allium.senescens_PA4_RUN2_ANN ...
[14:41:03] 	> Projecting Allium.senescens_PA4_RUN2_FDA ...
[14:41:04] 	> Projecting Allium.senescens_PA4_RUN2_MAXNET ...
[14:41:04] 	> Projecting Allium.senescens_PA4_RUN3_GLM ...
[14:41:09] 	> Projecting Allium.senescens_PA4_RUN3_GBM ...
[14:41:09] 	> Projecting Allium.senescens_PA4_RUN3_ANN ...
[14:41:09] 	> Projecting Allium.senescens_PA4_RUN3_FDA ...
[14:41:10] 	> Projecting Allium.senescens_PA4_RUN3_MAXNET ...
[14:41:10] 	> Projecting Allium.senescens_PA4_RUN4_GLM ...
[14:41:15] 	> Projecting Allium.senescens_PA4_RUN4_GBM ...
[14:41:15] 	> Projecting Allium.senescens_PA4_RUN4_ANN ...
[14:41:15] 	> Projecting Allium.senescens_PA4_RUN4_FDA ...
[14:41:16] 	> Projecting Allium.senescens_PA4_RUN4_MAXNET ...
[14:41:16] 	> Projecting Allium.senescens_PA4_RUN5_GLM ...
[14:41:21] 	> Projecting Allium.senescens_PA4_RUN5_GBM ...
[14:41:21] 	> Projecting Allium.senescens_PA4_RUN5_ANN ...
[14:41:21] 	> Projecting Allium.senescens_PA4_RUN5_FDA ...
[14:41:37] 	> Projecting Allium.senescens_PA4_RUN5_MAXNET ...
[14:41:37] -=-=-=-=-=-=-=-=-=-=-=-=-=-=-=-=-=-= Done -=-=-=-=-=-=-=-=-=-=-=-=-=-=-=-=-=-=
[14:41:44] 
[14:41:44] -=-=-=-=-=-=-=-=-=-=-=-=-= Do Single Models Projection -=-=-=-=-=-=-=-=-=-=-=-=-=
[14:41:44] 
[14:41:44] 	> Projecting Allium.senescens_PA5_RUN1_GLM ...
[14:41:49] 	> Projecting Allium.senescens_PA5_RUN1_GBM ...
[14:41:50] 	> Projecting Allium.senescens_PA5_RUN1_ANN ...
[14:41:50] 	> Projecting Allium.senescens_PA5_RUN1_FDA ...
[14:41:50] 	> Projecting Allium.senescens_PA5_RUN1_MAXNET ...
[14:41:50] 	> Projecting Allium.senescens_PA5_RUN2_GLM ...
[14:41:56] 	> Projecting Allium.senescens_PA5_RUN2_GBM ...
[14:41:56] 	> Projecting Allium.senescens_PA5_RUN2_ANN ...
[14:41:56] 	> Projecting Allium.senescens_PA5_RUN2_FDA ...
[14:41:56] 	> Projecting Allium.senescens_PA5_RUN2_MAXNET ...
[14:41:57] 	> Projecting Allium.senescens_PA5_RUN3_GLM ...
[14:42:02] 	> Projecting Allium.senescens_PA5_RUN3_GBM ...
[14:42:02] 	> Projecting Allium.senescens_PA5_RUN3_ANN ...
[14:42:02] 	> Projecting Allium.senescens_PA5_RUN3_FDA ...
[14:42:02] 	> Projecting Allium.senescens_PA5_RUN3_MAXNET ...
[14:42:03] 	> Projecting Allium.senescens_PA5_RUN4_GLM ...
[14:42:08] 	> Projecting Allium.senescens_PA5_RUN4_GBM ...
[14:42:08] 	> Projecting Allium.senescens_PA5_RUN4_ANN ...
[14:42:08] 	> Projecting Allium.senescens_PA5_RUN4_FDA ...
[14:42:08] 	> Projecting Allium.senescens_PA5_RUN4_MAXNET ...
[14:42:09] 	> Projecting Allium.senescens_PA5_RUN5_GLM ...
[14:42:14] 	> Projecting Allium.senescens_PA5_RUN5_GBM ...
[14:42:14] 	> Projecting Allium.senescens_PA5_RUN5_ANN ...
[14:42:14] 	> Projecting Allium.senescens_PA5_RUN5_FDA ...
[14:42:33] 	> Projecting Allium.senescens_PA5_RUN5_MAXNET ...
[14:42:33] -=-=-=-=-=-=-=-=-=-=-=-=-=-=-=-=-=-= Done -=-=-=-=-=-=-=-=-=-=-=-=-=-=-=-=-=-=
[14:42:39] 
[14:42:39] -=-=-=-=-=-=-=-=-=-=-=-=-= Do Single Models Projection -=-=-=-=-=-=-=-=-=-=-=-=-=
[14:42:39] 
[14:42:39] 	> Projecting Allium.senescens_PA6_RUN1_GLM ...
[14:42:44] 	> Projecting Allium.senescens_PA6_RUN1_GBM ...
[14:42:45] 	> Projecting Allium.senescens_PA6_RUN1_ANN ...
[14:42:45] 	> Projecting Allium.senescens_PA6_RUN1_FDA ...
[14:42:46] 	> Projecting Allium.senescens_PA6_RUN1_MAXNET ...
[14:42:46] 	> Projecting Allium.senescens_PA6_RUN2_GLM ...
[14:42:51] 	> Projecting Allium.senescens_PA6_RUN2_GBM ...
[14:42:51] 	> Projecting Allium.senescens_PA6_RUN2_ANN ...
[14:42:51] 	> Projecting Allium.senescens_PA6_RUN2_FDA ...
[14:42:52] 	> Projecting Allium.senescens_PA6_RUN2_MAXNET ...
[14:42:52] 	> Projecting Allium.senescens_PA6_RUN3_GLM ...
[14:42:57] 	> Projecting Allium.senescens_PA6_RUN3_GBM ...
[14:42:57] 	> Projecting Allium.senescens_PA6_RUN3_ANN ...
[14:42:57] 	> Projecting Allium.senescens_PA6_RUN3_FDA ...
[14:42:58] 	> Projecting Allium.senescens_PA6_RUN3_MAXNET ...
[14:42:58] 	> Projecting Allium.senescens_PA6_RUN4_GLM ...
[14:43:03] 	> Projecting Allium.senescens_PA6_RUN4_GBM ...
[14:43:03] 	> Projecting Allium.senescens_PA6_RUN4_ANN ...
[14:43:04] 	> Projecting Allium.senescens_PA6_RUN4_FDA ...
[14:43:04] 	> Projecting Allium.senescens_PA6_RUN4_MAXNET ...
[14:43:04] 	> Projecting Allium.senescens_PA6_RUN5_GLM ...
[14:43:09] 	> Projecting Allium.senescens_PA6_RUN5_GBM ...
[14:43:09] 	> Projecting Allium.senescens_PA6_RUN5_ANN ...
[14:43:10] 	> Projecting Allium.senescens_PA6_RUN5_FDA ...
[14:43:29] 	> Projecting Allium.senescens_PA6_RUN5_MAXNET ...
[14:43:29] -=-=-=-=-=-=-=-=-=-=-=-=-=-=-=-=-=-= Done -=-=-=-=-=-=-=-=-=-=-=-=-=-=-=-=-=-=
[14:43:36] 
[14:43:36] -=-=-=-=-=-=-=-=-=-=-=-=-= Do Single Models Projection -=-=-=-=-=-=-=-=-=-=-=-=-=
[14:43:36] 
[14:43:36] 	> Projecting Allium.senescens_PA7_RUN1_GLM ...
[14:43:41] 	> Projecting Allium.senescens_PA7_RUN1_GBM ...
[14:43:41] 	> Projecting Allium.senescens_PA7_RUN1_ANN ...
[14:43:42] 	> Projecting Allium.senescens_PA7_RUN1_FDA ...
[14:43:42] 	> Projecting Allium.senescens_PA7_RUN1_MAXNET ...
[14:43:42] 	> Projecting Allium.senescens_PA7_RUN2_GLM ...
[14:43:47] 	> Projecting Allium.senescens_PA7_RUN2_GBM ...
[14:43:48] 	> Projecting Allium.senescens_PA7_RUN2_ANN ...
[14:43:48] 	> Projecting Allium.senescens_PA7_RUN2_FDA ...
[14:43:48] 	> Projecting Allium.senescens_PA7_RUN2_MAXNET ...
[14:43:48] 	> Projecting Allium.senescens_PA7_RUN3_GLM ...
[14:43:54] 	> Projecting Allium.senescens_PA7_RUN3_GBM ...
[14:43:54] 	> Projecting Allium.senescens_PA7_RUN3_ANN ...
[14:43:54] 	> Projecting Allium.senescens_PA7_RUN3_FDA ...
[14:43:54] 	> Projecting Allium.senescens_PA7_RUN3_MAXNET ...
[14:43:54] 	> Projecting Allium.senescens_PA7_RUN4_GLM ...
[14:43:59] 	> Projecting Allium.senescens_PA7_RUN4_GBM ...
[14:44:00] 	> Projecting Allium.senescens_PA7_RUN4_ANN ...
[14:44:00] 	> Projecting Allium.senescens_PA7_RUN4_FDA ...
[14:44:00] 	> Projecting Allium.senescens_PA7_RUN4_MAXNET ...
[14:44:00] 	> Projecting Allium.senescens_PA7_RUN5_GLM ...
[14:44:06] 	> Projecting Allium.senescens_PA7_RUN5_GBM ...
[14:44:06] 	> Projecting Allium.senescens_PA7_RUN5_ANN ...
[14:44:06] 	> Projecting Allium.senescens_PA7_RUN5_FDA ...
[14:44:23] 	> Projecting Allium.senescens_PA7_RUN5_MAXNET ...
[14:44:23] -=-=-=-=-=-=-=-=-=-=-=-=-=-=-=-=-=-= Done -=-=-=-=-=-=-=-=-=-=-=-=-=-=-=-=-=-=
[14:44:30] 
[14:44:30] -=-=-=-=-=-=-=-=-=-=-=-=-= Do Single Models Projection -=-=-=-=-=-=-=-=-=-=-=-=-=
[14:44:30] 
[14:44:31] 	> Projecting Allium.senescens_PA8_RUN1_GLM ...
[14:44:36] 	> Projecting Allium.senescens_PA8_RUN1_GBM ...
[14:44:36] 	> Projecting Allium.senescens_PA8_RUN1_ANN ...
[14:44:36] 	> Projecting Allium.senescens_PA8_RUN1_FDA ...
[14:44:36] 	> Projecting Allium.senescens_PA8_RUN1_MAXNET ...
[14:44:37] 	> Projecting Allium.senescens_PA8_RUN2_GLM ...
[14:44:42] 	> Projecting Allium.senescens_PA8_RUN2_GBM ...
[14:44:42] 	> Projecting Allium.senescens_PA8_RUN2_ANN ...
[14:44:42] 	> Projecting Allium.senescens_PA8_RUN2_FDA ...
[14:44:42] 	> Projecting Allium.senescens_PA8_RUN2_MAXNET ...
[14:44:43] 	> Projecting Allium.senescens_PA8_RUN3_GLM ...
[14:44:48] 	> Projecting Allium.senescens_PA8_RUN3_GBM ...
[14:44:48] 	> Projecting Allium.senescens_PA8_RUN3_ANN ...
[14:44:48] 	> Projecting Allium.senescens_PA8_RUN3_FDA ...
[14:44:49] 	> Projecting Allium.senescens_PA8_RUN3_MAXNET ...
[14:44:49] 	> Projecting Allium.senescens_PA8_RUN4_GLM ...
[14:44:54] 	> Projecting Allium.senescens_PA8_RUN4_GBM ...
[14:44:54] 	> Projecting Allium.senescens_PA8_RUN4_ANN ...
[14:44:54] 	> Projecting Allium.senescens_PA8_RUN4_FDA ...
[14:44:55] 	> Projecting Allium.senescens_PA8_RUN4_MAXNET ...
[14:44:55] 	> Projecting Allium.senescens_PA8_RUN5_GLM ...
[14:45:00] 	> Projecting Allium.senescens_PA8_RUN5_GBM ...
[14:45:00] 	> Projecting Allium.senescens_PA8_RUN5_ANN ...
[14:45:01] 	> Projecting Allium.senescens_PA8_RUN5_FDA ...
[14:45:19] 	> Projecting Allium.senescens_PA8_RUN5_MAXNET ...
[14:45:19] -=-=-=-=-=-=-=-=-=-=-=-=-=-=-=-=-=-= Done -=-=-=-=-=-=-=-=-=-=-=-=-=-=-=-=-=-=
[14:45:25] 
[14:45:25] -=-=-=-=-=-=-=-=-=-=-=-=-= Do Single Models Projection -=-=-=-=-=-=-=-=-=-=-=-=-=
[14:45:25] 
[14:45:25] 	> Projecting Allium.senescens_PA9_RUN1_GLM ...
[14:45:30] 	> Projecting Allium.senescens_PA9_RUN1_GBM ...
[14:45:31] 	> Projecting Allium.senescens_PA9_RUN1_ANN ...
[14:45:31] 	> Projecting Allium.senescens_PA9_RUN1_FDA ...
[14:45:31] 	> Projecting Allium.senescens_PA9_RUN1_MAXNET ...
[14:45:31] 	> Projecting Allium.senescens_PA9_RUN2_GLM ...
[14:45:37] 	> Projecting Allium.senescens_PA9_RUN2_GBM ...
[14:45:37] 	> Projecting Allium.senescens_PA9_RUN2_ANN ...
[14:45:37] 	> Projecting Allium.senescens_PA9_RUN2_FDA ...
[14:45:37] 	> Projecting Allium.senescens_PA9_RUN2_MAXNET ...
[14:45:38] 	> Projecting Allium.senescens_PA9_RUN3_GLM ...
[14:45:43] 	> Projecting Allium.senescens_PA9_RUN3_GBM ...
[14:45:43] 	> Projecting Allium.senescens_PA9_RUN3_ANN ...
[14:45:43] 	> Projecting Allium.senescens_PA9_RUN3_FDA ...
[14:45:44] 	> Projecting Allium.senescens_PA9_RUN3_MAXNET ...
[14:45:44] 	> Projecting Allium.senescens_PA9_RUN4_GLM ...
[14:45:49] 	> Projecting Allium.senescens_PA9_RUN4_GBM ...
[14:45:49] 	> Projecting Allium.senescens_PA9_RUN4_ANN ...
[14:45:49] 	> Projecting Allium.senescens_PA9_RUN4_FDA ...
[14:45:50] 	> Projecting Allium.senescens_PA9_RUN4_MAXNET ...
[14:45:50] 	> Projecting Allium.senescens_PA9_RUN5_GLM ...
[14:45:55] 	> Projecting Allium.senescens_PA9_RUN5_GBM ...
[14:45:55] 	> Projecting Allium.senescens_PA9_RUN5_ANN ...
[14:45:56] 	> Projecting Allium.senescens_PA9_RUN5_FDA ...
[14:46:15] 	> Projecting Allium.senescens_PA9_RUN5_MAXNET ...
[14:46:15] -=-=-=-=-=-=-=-=-=-=-=-=-=-=-=-=-=-= Done -=-=-=-=-=-=-=-=-=-=-=-=-=-=-=-=-=-=
[14:46:21] 
[14:46:21] -=-=-=-=-=-=-=-=-=-=-=-=-= Do Single Models Projection -=-=-=-=-=-=-=-=-=-=-=-=-=
[14:46:21] 
[14:46:21] 	> Projecting Allium.senescens_PA10_RUN1_GLM ...
[14:46:27] 	> Projecting Allium.senescens_PA10_RUN1_GBM ...
[14:46:28] 	> Projecting Allium.senescens_PA10_RUN1_ANN ...
[14:46:28] 	> Projecting Allium.senescens_PA10_RUN1_FDA ...
[14:46:28] 	> Projecting Allium.senescens_PA10_RUN1_MAXNET ...
[14:46:29] 	> Projecting Allium.senescens_PA10_RUN2_GLM ...
[14:46:34] 	> Projecting Allium.senescens_PA10_RUN2_GBM ...
[14:46:34] 	> Projecting Allium.senescens_PA10_RUN2_ANN ...
[14:46:34] 	> Projecting Allium.senescens_PA10_RUN2_FDA ...
[14:46:34] 	> Projecting Allium.senescens_PA10_RUN2_MAXNET ...
[14:46:35] 	> Projecting Allium.senescens_PA10_RUN3_GLM ...
[14:46:40] 	> Projecting Allium.senescens_PA10_RUN3_GBM ...
[14:46:40] 	> Projecting Allium.senescens_PA10_RUN3_ANN ...
[14:46:40] 	> Projecting Allium.senescens_PA10_RUN3_FDA ...
[14:46:41] 	> Projecting Allium.senescens_PA10_RUN3_MAXNET ...
[14:46:41] 	> Projecting Allium.senescens_PA10_RUN4_GLM ...
[14:46:46] 	> Projecting Allium.senescens_PA10_RUN4_GBM ...
[14:46:46] 	> Projecting Allium.senescens_PA10_RUN4_ANN ...
[14:46:46] 	> Projecting Allium.senescens_PA10_RUN4_FDA ...
[14:46:47] 	> Projecting Allium.senescens_PA10_RUN4_MAXNET ...
[14:46:47] 	> Projecting Allium.senescens_PA10_RUN5_GLM ...
[14:46:52] 	> Projecting Allium.senescens_PA10_RUN5_GBM ...
[14:46:52] 	> Projecting Allium.senescens_PA10_RUN5_ANN ...
[14:46:52] 	> Projecting Allium.senescens_PA10_RUN5_FDA ...
[14:47:10] 	> Projecting Allium.senescens_PA10_RUN5_MAXNET ...
[14:47:10] -=-=-=-=-=-=-=-=-=-=-=-=-=-=-=-=-=-= Done -=-=-=-=-=-=-=-=-=-=-=-=-=-=-=-=-=-=
[14:47:42] 
[14:47:42] 
[14:47:42] 
[14:49:30]    > Mean of probabilities by AUCroc ...
[14:49:36] 			Evaluating Model stuff...Warning in forecast_0 * observed_0 : NAs produced by integer overflow
[14:49:36] Warning in forecast_0 * observed_0 : NAs produced by integer overflow
[14:49:36] Warning in forecast_0 * observed_0 : NAs produced by integer overflow
[14:49:36] Warning in forecast_0 * observed_0 : NAs produced by integer overflow
[14:49:36] Warning in forecast_0 * observed_0 : NAs produced by integer overflow
[14:49:36] Warning in forecast_0 * observed_0 : NAs produced by integer overflow
[14:49:36] Warning in forecast_0 * observed_0 : NAs produced by integer overflow
[14:49:36] Warning in forecast_0 * observed_0 : NAs produced by integer overflow
[14:49:36] Warning in forecast_0 * observed_0 : NAs produced by integer overflow
[14:49:36] Warning in forecast_0 * observed_0 : NAs produced by integer overflow
[14:49:36] Warning in forecast_0 * observed_0 : NAs produced by integer overflow
[14:49:36] Warning in forecast_0 * observed_0 : NAs produced by integer overflow
[14:49:36] Warning in forecast_0 * observed_0 : NAs produced by integer overflow
[14:49:36] Warning in forecast_0 * observed_0 : NAs produced by integer overflow
[14:49:36] Warning in forecast_0 * observed_0 : NAs produced by integer overflow
[14:49:36] Warning in forecast_0 * observed_0 : NAs produced by integer overflow
[14:49:36] Warning in forecast_0 * observed_0 : NAs produced by integer overflow
[14:49:36] Warning in forecast_0 * observed_0 : NAs produced by integer overflow
[14:49:36] Warning in forecast_0 * observed_0 : NAs produced by integer overflow
[14:49:36] Warning in forecast_0 * observed_0 : NAs produced by integer overflow
[14:49:36] Warning in forecast_0 * observed_0 : NAs produced by integer overflow
[14:49:36] Warning in forecast_0 * observed_0 : NAs produced by integer overflow
[14:49:36] Warning in forecast_0 * observed_0 : NAs produced by integer overflow
[14:49:36] Warning in forecast_0 * observed_0 : NAs produced by integer overflow
[14:49:36] Warning in forecast_0 * observed_0 : NAs produced by integer overflow
[14:49:36] Warning in forecast_0 * observed_0 : NAs produced by integer overflow
[14:49:36] Warning in forecast_0 * observed_0 : NAs produced by integer overflow
[14:49:36] Warning in forecast_0 * observed_0 : NAs produced by integer overflow
[14:49:36] Warning in forecast_0 * observed_0 : NAs produced by integer overflow
[14:49:36] Warning in forecast_0 * observed_0 : NAs produced by integer overflow
[14:49:36] Warning in forecast_0 * observed_0 : NAs produced by integer overflow
[14:49:36] Warning in forecast_0 * observed_0 : NAs produced by integer overflow
[14:49:36] Warning in forecast_0 * observed_0 : NAs produced by integer overflow
[14:49:36] Warning in forecast_0 * observed_0 : NAs produced by integer overflow
[14:49:36] Warning in forecast_0 * observed_0 : NAs produced by integer overflow
[14:49:36] Warning in forecast_0 * observed_0 : NAs produced by integer overflow
[14:49:36] Warning in forecast_0 * observed_0 : NAs produced by integer overflow
[14:49:36] Warning in forecast_0 * observed_0 : NAs produced by integer overflow
[14:49:36] Warning in forecast_0 * observed_0 : NAs produced by integer overflow
[14:49:36] Warning in forecast_0 * observed_0 : NAs produced by integer overflow
[14:49:36] Warning in forecast_0 * observed_0 : NAs produced by integer overflow
[14:49:36] Warning in forecast_0 * observed_0 : NAs produced by integer overflow
[14:49:36] Warning in forecast_0 * observed_0 : NAs produced by integer overflow
[14:49:36] Warning in forecast_0 * observed_0 : NAs produced by integer overflow
[14:49:36] Warning in forecast_0 * observed_0 : NAs produced by integer overflow
[14:49:36] Warning in forecast_0 * observed_0 : NAs produced by integer overflow
[14:49:36] Warning in forecast_0 * observed_0 : NAs produced by integer overflow
[14:49:36] Warning in forecast_0 * observed_0 : NAs produced by integer overflow
[14:49:36] Warning in forecast_0 * observed_0 : NAs produced by integer overflow
[14:49:36] Warning in forecast_0 * observed_0 : NAs produced by integer overflow
[14:49:36] Warning in forecast_0 * observed_0 : NAs produced by integer overflow
[14:49:36] Warning in forecast_0 * observed_0 : NAs produced by integer overflow
[14:49:36] Warning in forecast_0 * observed_0 : NAs produced by integer overflow
[14:49:36] Warning in forecast_0 * observed_0 : NAs produced by integer overflow
[14:49:36] Warning in forecast_0 * observed_0 : NAs produced by integer overflow
[14:49:36] Warning in forecast_0 * observed_0 : NAs produced by integer overflow
[14:49:36] Warning in forecast_0 * observed_0 : NAs produced by integer overflow
[14:49:36] Warning in forecast_0 * observed_0 : NAs produced by integer overflow
[14:49:36] Warning in forecast_0 * observed_0 : NAs produced by integer overflow
[14:49:36] Warning in forecast_0 * observed_0 : NAs produced by integer overflow
[14:49:36] Warning in forecast_0 * observed_0 : NAs produced by integer overflow
[14:49:36] Warning in forecast_0 * observed_0 : NAs produced by integer overflow
[14:49:36] Warning in forecast_0 * observed_0 : NAs produced by integer overflow
[14:49:36] Warning in forecast_0 * observed_0 : NAs produced by integer overflow
[14:49:36] Warning in forecast_0 * observed_0 : NAs produced by integer overflow
[14:49:36] Warning in forecast_0 * observed_0 : NAs produced by integer overflow
[14:49:36] Warning in forecast_0 * observed_0 : NAs produced by integer overflow
[14:49:36] Warning in forecast_0 * observed_0 : NAs produced by integer overflow
[14:49:36] Warning in forecast_0 * observed_0 : NAs produced by integer overflow
[14:49:36] Warning in forecast_0 * observed_0 : NAs produced by integer overflow
[14:49:36] Warning in forecast_0 * observed_0 : NAs produced by integer overflow
[14:49:36] Warning in forecast_0 * observed_0 : NAs produced by integer overflow
[14:49:36] Warning in forecast_0 * observed_0 : NAs produced by integer overflow
[14:49:36] Warning in forecast_0 * observed_0 : NAs produced by integer overflow
[14:49:36] Warning in forecast_0 * observed_0 : NAs produced by integer overflow
[14:49:36] Warning in forecast_0 * observed_0 : NAs produced by integer overflow
[14:49:36] Warning in forecast_0 * observed_0 : NAs produced by integer overflow
[14:49:36] Warning in forecast_0 * observed_0 : NAs produced by integer overflow
[14:49:36] Warning in forecast_0 * observed_0 : NAs produced by integer overflow
[14:49:36] Warning in forecast_0 * observed_0 : NAs produced by integer overflow
[14:49:36] Warning in forecast_0 * observed_0 : NAs produced by integer overflow
[14:49:36] Warning in forecast_0 * observed_0 : NAs produced by integer overflow
[14:49:36] Warning in forecast_0 * observed_0 : NAs produced by integer overflow
[14:49:36] Warning in forecast_0 * observed_0 : NAs produced by integer overflow
[14:49:36] Warning in forecast_0 * observed_0 : NAs produced by integer overflow
[14:49:36] Warning in forecast_0 * observed_0 : NAs produced by integer overflow
[14:49:36] Warning in forecast_0 * observed_0 : NAs produced by integer overflow
[14:49:36] Warning in forecast_0 * observed_0 : NAs produced by integer overflow
[14:49:36] Warning in forecast_0 * observed_0 : NAs produced by integer overflow
[14:49:36] Warning in forecast_0 * observed_0 : NAs produced by integer overflow
[14:49:36] Warning in forecast_0 * observed_0 : NAs produced by integer overflow
[14:49:36] Warning in forecast_0 * observed_0 : NAs produced by integer overflow
[14:49:36] Warning in forecast_0 * observed_0 : NAs produced by integer overflow
[14:49:36] Warning in forecast_0 * observed_0 : NAs produced by integer overflow
[14:49:36] Warning in forecast_0 * observed_0 : NAs produced by integer overflow
[14:49:36] Warning in forecast_0 * observed_0 : NAs produced by integer overflow
[14:49:36] Warning in forecast_0 * observed_0 : NAs produced by integer overflow
[14:49:36] 
[14:49:36] 
[14:51:43]    > Coef of variation of probabilities by AUCroc ...
[14:51:43] -=-=-=-=-=-=-=-=-=-=-=-=-=-=-=-=-=-= Done -=-=-=-=-=-=-=-=-=-=-=-=-=-=-=-=-=-=
[14:51:43] 
[14:51:43] -=-=-=-=-=-=-=-=-=-=-=-=-= Do Single Models Projection -=-=-=-=-=-=-=-=-=-=-=-=-=
[14:52:05] 
[14:52:05] 	> Building clamping mask
[14:53:16] 
[14:53:50] 	> Projecting Allium.senescens_PA1_RUN1_GLM ...
[14:53:51] 		Writing projection on hard drive...
[14:53:51] 		 /work/data/output/Allium.senescens/proj_current/individual_projections/proj_current_Allium.senescens_PA1_RUN1_GLM.tif
[15:12:06] 	> Projecting Allium.senescens_PA1_RUN1_GBM ...
[15:12:07] 		Writing projection on hard drive...
[15:12:07] 		 /work/data/output/Allium.senescens/proj_current/individual_projections/proj_current_Allium.senescens_PA1_RUN1_GBM.tif
[15:13:26] 	> Projecting Allium.senescens_PA1_RUN1_ANN ...
[15:13:27] 		Writing projection on hard drive...
[15:13:27] 		 /work/data/output/Allium.senescens/proj_current/individual_projections/proj_current_Allium.senescens_PA1_RUN1_ANN.tif
[15:14:20] 	> Projecting Allium.senescens_PA1_RUN1_FDA ...
[15:14:21] 		Writing projection on hard drive...
[15:14:21] 		 /work/data/output/Allium.senescens/proj_current/individual_projections/proj_current_Allium.senescens_PA1_RUN1_FDA.tif
[15:15:01] 	> Projecting Allium.senescens_PA1_RUN1_MAXNET ...
[15:15:02] 		Writing projection on hard drive...
[15:15:02] 		 /work/data/output/Allium.senescens/proj_current/individual_projections/proj_current_Allium.senescens_PA1_RUN1_MAXNET.tif
[15:15:42] 	> Projecting Allium.senescens_PA1_RUN2_GLM ...
[15:15:43] 		Writing projection on hard drive...
[15:15:43] 		 /work/data/output/Allium.senescens/proj_current/individual_projections/proj_current_Allium.senescens_PA1_RUN2_GLM.tif
[15:33:56] 	> Projecting Allium.senescens_PA1_RUN2_GBM ...
[15:33:57] 		Writing projection on hard drive...
[15:33:57] 		 /work/data/output/Allium.senescens/proj_current/individual_projections/proj_current_Allium.senescens_PA1_RUN2_GBM.tif
[15:35:23] 	> Projecting Allium.senescens_PA1_RUN2_ANN ...
[15:35:24] 		Writing projection on hard drive...
[15:35:24] 		 /work/data/output/Allium.senescens/proj_current/individual_projections/proj_current_Allium.senescens_PA1_RUN2_ANN.tif
[15:36:27] 	> Projecting Allium.senescens_PA1_RUN2_FDA ...
[15:36:28] 		Writing projection on hard drive...
[15:36:28] 		 /work/data/output/Allium.senescens/proj_current/individual_projections/proj_current_Allium.senescens_PA1_RUN2_FDA.tif
[15:37:12] 	> Projecting Allium.senescens_PA1_RUN2_MAXNET ...
[15:37:13] 		Writing projection on hard drive...
[15:37:13] 		 /work/data/output/Allium.senescens/proj_current/individual_projections/proj_current_Allium.senescens_PA1_RUN2_MAXNET.tif
[15:37:50] 	> Projecting Allium.senescens_PA1_RUN3_GLM ...
[15:37:51] 		Writing projection on hard drive...
[15:37:51] 		 /work/data/output/Allium.senescens/proj_current/individual_projections/proj_current_Allium.senescens_PA1_RUN3_GLM.tif
[15:55:44] 	> Projecting Allium.senescens_PA1_RUN3_GBM ...
[15:55:45] 		Writing projection on hard drive...
[15:55:45] 		 /work/data/output/Allium.senescens/proj_current/individual_projections/proj_current_Allium.senescens_PA1_RUN3_GBM.tif
[15:56:53] 	> Projecting Allium.senescens_PA1_RUN3_ANN ...
[15:56:54] 		Writing projection on hard drive...
[15:56:54] 		 /work/data/output/Allium.senescens/proj_current/individual_projections/proj_current_Allium.senescens_PA1_RUN3_ANN.tif
[15:57:52] 	> Projecting Allium.senescens_PA1_RUN3_FDA ...
[15:57:53] 		Writing projection on hard drive...
[15:57:53] 		 /work/data/output/Allium.senescens/proj_current/individual_projections/proj_current_Allium.senescens_PA1_RUN3_FDA.tif
[15:58:32] 	> Projecting Allium.senescens_PA1_RUN3_MAXNET ...
[15:58:33] 		Writing projection on hard drive...
[15:58:33] 		 /work/data/output/Allium.senescens/proj_current/individual_projections/proj_current_Allium.senescens_PA1_RUN3_MAXNET.tif
[15:59:08] 	> Projecting Allium.senescens_PA1_RUN4_GLM ...
[15:59:09] 		Writing projection on hard drive...
[15:59:09] 		 /work/data/output/Allium.senescens/proj_current/individual_projections/proj_current_Allium.senescens_PA1_RUN4_GLM.tif
[16:17:38] 	> Projecting Allium.senescens_PA1_RUN4_GBM ...
[16:17:39] 		Writing projection on hard drive...
[16:17:39] 		 /work/data/output/Allium.senescens/proj_current/individual_projections/proj_current_Allium.senescens_PA1_RUN4_GBM.tif
[16:18:37] 	> Projecting Allium.senescens_PA1_RUN4_ANN ...
[16:18:38] 		Writing projection on hard drive...
[16:18:38] 		 /work/data/output/Allium.senescens/proj_current/individual_projections/proj_current_Allium.senescens_PA1_RUN4_ANN.tif
[16:19:28] 	> Projecting Allium.senescens_PA1_RUN4_FDA ...
[16:19:29] 		Writing projection on hard drive...
[16:19:29] 		 /work/data/output/Allium.senescens/proj_current/individual_projections/proj_current_Allium.senescens_PA1_RUN4_FDA.tif
[16:20:07] 	> Projecting Allium.senescens_PA1_RUN4_MAXNET ...
[16:20:08] 		Writing projection on hard drive...
[16:20:08] 		 /work/data/output/Allium.senescens/proj_current/individual_projections/proj_current_Allium.senescens_PA1_RUN4_MAXNET.tif
[16:20:44] 	> Projecting Allium.senescens_PA1_RUN5_GLM ...
[16:20:45] 		Writing projection on hard drive...
[16:20:45] 		 /work/data/output/Allium.senescens/proj_current/individual_projections/proj_current_Allium.senescens_PA1_RUN5_GLM.tif
[16:39:01] 	> Projecting Allium.senescens_PA1_RUN5_GBM ...
[16:39:02] 		Writing projection on hard drive...
[16:39:02] 		 /work/data/output/Allium.senescens/proj_current/individual_projections/proj_current_Allium.senescens_PA1_RUN5_GBM.tif
[16:40:03] 	> Projecting Allium.senescens_PA1_RUN5_ANN ...
[16:40:05] 		Writing projection on hard drive...
[16:40:05] 		 /work/data/output/Allium.senescens/proj_current/individual_projections/proj_current_Allium.senescens_PA1_RUN5_ANN.tif
[16:41:03] 	> Projecting Allium.senescens_PA1_RUN5_FDA ...
[16:41:04] 		Writing projection on hard drive...
[16:41:04] 		 /work/data/output/Allium.senescens/proj_current/individual_projections/proj_current_Allium.senescens_PA1_RUN5_FDA.tif
[16:41:47] 	> Projecting Allium.senescens_PA1_RUN5_MAXNET ...
[16:41:48] 		Writing projection on hard drive...
[16:41:48] 		 /work/data/output/Allium.senescens/proj_current/individual_projections/proj_current_Allium.senescens_PA1_RUN5_MAXNET.tif
[16:42:35] 	> Projecting Allium.senescens_PA2_RUN1_GLM ...
[16:42:37] 		Writing projection on hard drive...
[16:42:37] 		 /work/data/output/Allium.senescens/proj_current/individual_projections/proj_current_Allium.senescens_PA2_RUN1_GLM.tif
[17:01:26] 	> Projecting Allium.senescens_PA2_RUN1_GBM ...
[17:01:27] 		Writing projection on hard drive...
[17:01:27] 		 /work/data/output/Allium.senescens/proj_current/individual_projections/proj_current_Allium.senescens_PA2_RUN1_GBM.tif
[17:02:45] 	> Projecting Allium.senescens_PA2_RUN1_ANN ...
[17:02:46] 		Writing projection on hard drive...
[17:02:46] 		 /work/data/output/Allium.senescens/proj_current/individual_projections/proj_current_Allium.senescens_PA2_RUN1_ANN.tif
[17:03:44] 	> Projecting Allium.senescens_PA2_RUN1_FDA ...
[17:03:45] 		Writing projection on hard drive...
[17:03:45] 		 /work/data/output/Allium.senescens/proj_current/individual_projections/proj_current_Allium.senescens_PA2_RUN1_FDA.tif
[17:04:22] 	> Projecting Allium.senescens_PA2_RUN1_MAXNET ...
[17:04:23] 		Writing projection on hard drive...
[17:04:23] 		 /work/data/output/Allium.senescens/proj_current/individual_projections/proj_current_Allium.senescens_PA2_RUN1_MAXNET.tif
[17:05:06] 	> Projecting Allium.senescens_PA2_RUN2_GLM ...
[17:05:07] 		Writing projection on hard drive...
[17:05:07] 		 /work/data/output/Allium.senescens/proj_current/individual_projections/proj_current_Allium.senescens_PA2_RUN2_GLM.tif
[17:23:53] 	> Projecting Allium.senescens_PA2_RUN2_GBM ...
[17:23:54] 		Writing projection on hard drive...
[17:23:54] 		 /work/data/output/Allium.senescens/proj_current/individual_projections/proj_current_Allium.senescens_PA2_RUN2_GBM.tif
[17:25:08] 	> Projecting Allium.senescens_PA2_RUN2_ANN ...
[17:25:09] 		Writing projection on hard drive...
[17:25:09] 		 /work/data/output/Allium.senescens/proj_current/individual_projections/proj_current_Allium.senescens_PA2_RUN2_ANN.tif
[17:26:03] 	> Projecting Allium.senescens_PA2_RUN2_FDA ...
[17:26:04] 		Writing projection on hard drive...
[17:26:04] 		 /work/data/output/Allium.senescens/proj_current/individual_projections/proj_current_Allium.senescens_PA2_RUN2_FDA.tif
[17:26:33] 	> Projecting Allium.senescens_PA2_RUN2_MAXNET ...
[17:26:34] 		Writing projection on hard drive...
[17:26:34] 		 /work/data/output/Allium.senescens/proj_current/individual_projections/proj_current_Allium.senescens_PA2_RUN2_MAXNET.tif
[17:27:07] 	> Projecting Allium.senescens_PA2_RUN3_GLM ...
[17:27:08] 		Writing projection on hard drive...
[17:27:08] 		 /work/data/output/Allium.senescens/proj_current/individual_projections/proj_current_Allium.senescens_PA2_RUN3_GLM.tif
[17:45:42] 	> Projecting Allium.senescens_PA2_RUN3_GBM ...
[17:45:43] 		Writing projection on hard drive...
[17:45:43] 		 /work/data/output/Allium.senescens/proj_current/individual_projections/proj_current_Allium.senescens_PA2_RUN3_GBM.tif
[17:46:52] 	> Projecting Allium.senescens_PA2_RUN3_ANN ...
[17:46:53] 		Writing projection on hard drive...
[17:46:53] 		 /work/data/output/Allium.senescens/proj_current/individual_projections/proj_current_Allium.senescens_PA2_RUN3_ANN.tif
[17:47:45] 	> Projecting Allium.senescens_PA2_RUN3_FDA ...
[17:47:46] 		Writing projection on hard drive...
[17:47:46] 		 /work/data/output/Allium.senescens/proj_current/individual_projections/proj_current_Allium.senescens_PA2_RUN3_FDA.tif
[17:48:29] 	> Projecting Allium.senescens_PA2_RUN3_MAXNET ...
[17:48:30] 		Writing projection on hard drive...
[17:48:30] 		 /work/data/output/Allium.senescens/proj_current/individual_projections/proj_current_Allium.senescens_PA2_RUN3_MAXNET.tif
[17:49:09] 	> Projecting Allium.senescens_PA2_RUN4_GLM ...
[17:49:10] 		Writing projection on hard drive...
[17:49:10] 		 /work/data/output/Allium.senescens/proj_current/individual_projections/proj_current_Allium.senescens_PA2_RUN4_GLM.tif
[18:08:00] 	> Projecting Allium.senescens_PA2_RUN4_GBM ...
[18:08:01] 		Writing projection on hard drive...
[18:08:01] 		 /work/data/output/Allium.senescens/proj_current/individual_projections/proj_current_Allium.senescens_PA2_RUN4_GBM.tif
[18:09:15] 	> Projecting Allium.senescens_PA2_RUN4_ANN ...
[18:09:16] 		Writing projection on hard drive...
[18:09:16] 		 /work/data/output/Allium.senescens/proj_current/individual_projections/proj_current_Allium.senescens_PA2_RUN4_ANN.tif
[18:10:05] 	> Projecting Allium.senescens_PA2_RUN4_FDA ...
[18:10:06] 		Writing projection on hard drive...
[18:10:06] 		 /work/data/output/Allium.senescens/proj_current/individual_projections/proj_current_Allium.senescens_PA2_RUN4_FDA.tif
[18:10:45] 	> Projecting Allium.senescens_PA2_RUN4_MAXNET ...
[18:10:46] 		Writing projection on hard drive...
[18:10:46] 		 /work/data/output/Allium.senescens/proj_current/individual_projections/proj_current_Allium.senescens_PA2_RUN4_MAXNET.tif
[18:11:20] 	> Projecting Allium.senescens_PA2_RUN5_GLM ...
[18:11:21] 		Writing projection on hard drive...
[18:11:21] 		 /work/data/output/Allium.senescens/proj_current/individual_projections/proj_current_Allium.senescens_PA2_RUN5_GLM.tif
[18:29:38] 	> Projecting Allium.senescens_PA2_RUN5_GBM ...
[18:29:39] 		Writing projection on hard drive...
[18:29:39] 		 /work/data/output/Allium.senescens/proj_current/individual_projections/proj_current_Allium.senescens_PA2_RUN5_GBM.tif
[18:30:39] 	> Projecting Allium.senescens_PA2_RUN5_ANN ...
[18:30:40] 		Writing projection on hard drive...
[18:30:40] 		 /work/data/output/Allium.senescens/proj_current/individual_projections/proj_current_Allium.senescens_PA2_RUN5_ANN.tif
[18:31:25] 	> Projecting Allium.senescens_PA2_RUN5_FDA ...
[18:31:26] 		Writing projection on hard drive...
[18:31:26] 		 /work/data/output/Allium.senescens/proj_current/individual_projections/proj_current_Allium.senescens_PA2_RUN5_FDA.tif
[18:31:57] 	> Projecting Allium.senescens_PA2_RUN5_MAXNET ...
[18:31:58] 		Writing projection on hard drive...
[18:31:58] 		 /work/data/output/Allium.senescens/proj_current/individual_projections/proj_current_Allium.senescens_PA2_RUN5_MAXNET.tif
[18:32:39] 	> Projecting Allium.senescens_PA3_RUN1_GLM ...
[18:32:40] 		Writing projection on hard drive...
[18:32:40] 		 /work/data/output/Allium.senescens/proj_current/individual_projections/proj_current_Allium.senescens_PA3_RUN1_GLM.tif
[18:50:07] 	> Projecting Allium.senescens_PA3_RUN1_GBM ...
[18:50:08] 		Writing projection on hard drive...
[18:50:08] 		 /work/data/output/Allium.senescens/proj_current/individual_projections/proj_current_Allium.senescens_PA3_RUN1_GBM.tif
[18:51:16] 	> Projecting Allium.senescens_PA3_RUN1_ANN ...
[18:51:17] 		Writing projection on hard drive...
[18:51:17] 		 /work/data/output/Allium.senescens/proj_current/individual_projections/proj_current_Allium.senescens_PA3_RUN1_ANN.tif
[18:52:03] 	> Projecting Allium.senescens_PA3_RUN1_FDA ...
[18:52:04] 		Writing projection on hard drive...
[18:52:04] 		 /work/data/output/Allium.senescens/proj_current/individual_projections/proj_current_Allium.senescens_PA3_RUN1_FDA.tif
[18:52:43] 	> Projecting Allium.senescens_PA3_RUN1_MAXNET ...
[18:52:44] 		Writing projection on hard drive...
[18:52:44] 		 /work/data/output/Allium.senescens/proj_current/individual_projections/proj_current_Allium.senescens_PA3_RUN1_MAXNET.tif
[18:53:22] 	> Projecting Allium.senescens_PA3_RUN2_GLM ...
[18:53:23] 		Writing projection on hard drive...
[18:53:23] 		 /work/data/output/Allium.senescens/proj_current/individual_projections/proj_current_Allium.senescens_PA3_RUN2_GLM.tif
[19:11:46] 	> Projecting Allium.senescens_PA3_RUN2_GBM ...
[19:11:47] 		Writing projection on hard drive...
[19:11:47] 		 /work/data/output/Allium.senescens/proj_current/individual_projections/proj_current_Allium.senescens_PA3_RUN2_GBM.tif
[19:12:38] 	> Projecting Allium.senescens_PA3_RUN2_ANN ...
[19:12:39] 		Writing projection on hard drive...
[19:12:39] 		 /work/data/output/Allium.senescens/proj_current/individual_projections/proj_current_Allium.senescens_PA3_RUN2_ANN.tif
[19:13:26] 	> Projecting Allium.senescens_PA3_RUN2_FDA ...
[19:13:27] 		Writing projection on hard drive...
[19:13:27] 		 /work/data/output/Allium.senescens/proj_current/individual_projections/proj_current_Allium.senescens_PA3_RUN2_FDA.tif
[19:13:57] 	> Projecting Allium.senescens_PA3_RUN2_MAXNET ...
[19:13:58] 		Writing projection on hard drive...
[19:13:58] 		 /work/data/output/Allium.senescens/proj_current/individual_projections/proj_current_Allium.senescens_PA3_RUN2_MAXNET.tif
[19:14:34] 	> Projecting Allium.senescens_PA3_RUN3_GLM ...
[19:14:35] 		Writing projection on hard drive...
[19:14:35] 		 /work/data/output/Allium.senescens/proj_current/individual_projections/proj_current_Allium.senescens_PA3_RUN3_GLM.tif
[19:32:55] 	> Projecting Allium.senescens_PA3_RUN3_GBM ...
[19:32:56] 		Writing projection on hard drive...
[19:32:56] 		 /work/data/output/Allium.senescens/proj_current/individual_projections/proj_current_Allium.senescens_PA3_RUN3_GBM.tif
[19:34:00] 	> Projecting Allium.senescens_PA3_RUN3_ANN ...
[19:34:01] 		Writing projection on hard drive...
[19:34:01] 		 /work/data/output/Allium.senescens/proj_current/individual_projections/proj_current_Allium.senescens_PA3_RUN3_ANN.tif
[19:34:54] 	> Projecting Allium.senescens_PA3_RUN3_FDA ...
[19:34:55] 		Writing projection on hard drive...
[19:34:55] 		 /work/data/output/Allium.senescens/proj_current/individual_projections/proj_current_Allium.senescens_PA3_RUN3_FDA.tif
[19:35:29] 	> Projecting Allium.senescens_PA3_RUN3_MAXNET ...
[19:35:30] 		Writing projection on hard drive...
[19:35:30] 		 /work/data/output/Allium.senescens/proj_current/individual_projections/proj_current_Allium.senescens_PA3_RUN3_MAXNET.tif
[19:36:20] 	> Projecting Allium.senescens_PA3_RUN4_GLM ...
[19:36:21] 		Writing projection on hard drive...
[19:36:21] 		 /work/data/output/Allium.senescens/proj_current/individual_projections/proj_current_Allium.senescens_PA3_RUN4_GLM.tif
[19:55:03] 	> Projecting Allium.senescens_PA3_RUN4_GBM ...
[19:55:04] 		Writing projection on hard drive...
[19:55:04] 		 /work/data/output/Allium.senescens/proj_current/individual_projections/proj_current_Allium.senescens_PA3_RUN4_GBM.tif
[19:56:00] 	> Projecting Allium.senescens_PA3_RUN4_ANN ...
[19:56:01] 		Writing projection on hard drive...
[19:56:01] 		 /work/data/output/Allium.senescens/proj_current/individual_projections/proj_current_Allium.senescens_PA3_RUN4_ANN.tif
[19:56:44] 	> Projecting Allium.senescens_PA3_RUN4_FDA ...
[19:56:46] 		Writing projection on hard drive...
[19:56:46] 		 /work/data/output/Allium.senescens/proj_current/individual_projections/proj_current_Allium.senescens_PA3_RUN4_FDA.tif
[19:57:16] 	> Projecting Allium.senescens_PA3_RUN4_MAXNET ...
[19:57:17] 		Writing projection on hard drive...
[19:57:17] 		 /work/data/output/Allium.senescens/proj_current/individual_projections/proj_current_Allium.senescens_PA3_RUN4_MAXNET.tif
[19:57:53] 	> Projecting Allium.senescens_PA3_RUN5_GLM ...
[19:57:55] 		Writing projection on hard drive...
[19:57:55] 		 /work/data/output/Allium.senescens/proj_current/individual_projections/proj_current_Allium.senescens_PA3_RUN5_GLM.tif
[20:15:52] 	> Projecting Allium.senescens_PA3_RUN5_GBM ...
[20:15:53] 		Writing projection on hard drive...
[20:15:53] 		 /work/data/output/Allium.senescens/proj_current/individual_projections/proj_current_Allium.senescens_PA3_RUN5_GBM.tif
[20:16:48] 	> Projecting Allium.senescens_PA3_RUN5_ANN ...
[20:16:49] 		Writing projection on hard drive...
[20:16:49] 		 /work/data/output/Allium.senescens/proj_current/individual_projections/proj_current_Allium.senescens_PA3_RUN5_ANN.tif
[20:17:32] 	> Projecting Allium.senescens_PA3_RUN5_FDA ...
[20:17:33] 		Writing projection on hard drive...
[20:17:33] 		 /work/data/output/Allium.senescens/proj_current/individual_projections/proj_current_Allium.senescens_PA3_RUN5_FDA.tif
[20:18:03] 	> Projecting Allium.senescens_PA3_RUN5_MAXNET ...
[20:18:04] 		Writing projection on hard drive...
[20:18:04] 		 /work/data/output/Allium.senescens/proj_current/individual_projections/proj_current_Allium.senescens_PA3_RUN5_MAXNET.tif
[20:18:42] 	> Projecting Allium.senescens_PA4_RUN1_GLM ...
[20:18:43] 		Writing projection on hard drive...
[20:18:43] 		 /work/data/output/Allium.senescens/proj_current/individual_projections/proj_current_Allium.senescens_PA4_RUN1_GLM.tif
[20:36:43] 	> Projecting Allium.senescens_PA4_RUN1_GBM ...
[20:36:44] 		Writing projection on hard drive...
[20:36:44] 		 /work/data/output/Allium.senescens/proj_current/individual_projections/proj_current_Allium.senescens_PA4_RUN1_GBM.tif
[20:37:38] 	> Projecting Allium.senescens_PA4_RUN1_ANN ...
[20:37:39] 		Writing projection on hard drive...
[20:37:39] 		 /work/data/output/Allium.senescens/proj_current/individual_projections/proj_current_Allium.senescens_PA4_RUN1_ANN.tif
[20:38:25] 	> Projecting Allium.senescens_PA4_RUN1_FDA ...
[20:38:26] 		Writing projection on hard drive...
[20:38:26] 		 /work/data/output/Allium.senescens/proj_current/individual_projections/proj_current_Allium.senescens_PA4_RUN1_FDA.tif
[20:38:59] 	> Projecting Allium.senescens_PA4_RUN1_MAXNET ...
[20:39:00] 		Writing projection on hard drive...
[20:39:00] 		 /work/data/output/Allium.senescens/proj_current/individual_projections/proj_current_Allium.senescens_PA4_RUN1_MAXNET.tif
[20:39:32] 	> Projecting Allium.senescens_PA4_RUN2_GLM ...
[20:39:33] 		Writing projection on hard drive...
[20:39:33] 		 /work/data/output/Allium.senescens/proj_current/individual_projections/proj_current_Allium.senescens_PA4_RUN2_GLM.tif
[20:57:45] 	> Projecting Allium.senescens_PA4_RUN2_GBM ...
[20:57:46] 		Writing projection on hard drive...
[20:57:46] 		 /work/data/output/Allium.senescens/proj_current/individual_projections/proj_current_Allium.senescens_PA4_RUN2_GBM.tif
[20:58:50] 	> Projecting Allium.senescens_PA4_RUN2_ANN ...
[20:58:51] 		Writing projection on hard drive...
[20:58:51] 		 /work/data/output/Allium.senescens/proj_current/individual_projections/proj_current_Allium.senescens_PA4_RUN2_ANN.tif
[20:59:50] 	> Projecting Allium.senescens_PA4_RUN2_FDA ...
[20:59:51] 		Writing projection on hard drive...
[20:59:51] 		 /work/data/output/Allium.senescens/proj_current/individual_projections/proj_current_Allium.senescens_PA4_RUN2_FDA.tif
[21:00:24] 	> Projecting Allium.senescens_PA4_RUN2_MAXNET ...
[21:00:25] 		Writing projection on hard drive...
[21:00:25] 		 /work/data/output/Allium.senescens/proj_current/individual_projections/proj_current_Allium.senescens_PA4_RUN2_MAXNET.tif
[21:01:09] 	> Projecting Allium.senescens_PA4_RUN3_GLM ...
[21:01:10] 		Writing projection on hard drive...
[21:01:10] 		 /work/data/output/Allium.senescens/proj_current/individual_projections/proj_current_Allium.senescens_PA4_RUN3_GLM.tif
[21:19:30] 	> Projecting Allium.senescens_PA4_RUN3_GBM ...
[21:19:31] 		Writing projection on hard drive...
[21:19:31] 		 /work/data/output/Allium.senescens/proj_current/individual_projections/proj_current_Allium.senescens_PA4_RUN3_GBM.tif
[21:20:48] 	> Projecting Allium.senescens_PA4_RUN3_ANN ...
[21:20:49] 		Writing projection on hard drive...
[21:20:49] 		 /work/data/output/Allium.senescens/proj_current/individual_projections/proj_current_Allium.senescens_PA4_RUN3_ANN.tif
[21:21:53] 	> Projecting Allium.senescens_PA4_RUN3_FDA ...
[21:21:54] 		Writing projection on hard drive...
[21:21:54] 		 /work/data/output/Allium.senescens/proj_current/individual_projections/proj_current_Allium.senescens_PA4_RUN3_FDA.tif
[21:22:30] 	> Projecting Allium.senescens_PA4_RUN3_MAXNET ...
[21:22:31] 		Writing projection on hard drive...
[21:22:31] 		 /work/data/output/Allium.senescens/proj_current/individual_projections/proj_current_Allium.senescens_PA4_RUN3_MAXNET.tif
[21:23:21] 	> Projecting Allium.senescens_PA4_RUN4_GLM ...
[21:23:22] 		Writing projection on hard drive...
[21:23:22] 		 /work/data/output/Allium.senescens/proj_current/individual_projections/proj_current_Allium.senescens_PA4_RUN4_GLM.tif
[21:41:14] 	> Projecting Allium.senescens_PA4_RUN4_GBM ...
[21:41:15] 		Writing projection on hard drive...
[21:41:15] 		 /work/data/output/Allium.senescens/proj_current/individual_projections/proj_current_Allium.senescens_PA4_RUN4_GBM.tif
[21:42:34] 	> Projecting Allium.senescens_PA4_RUN4_ANN ...
[21:42:35] 		Writing projection on hard drive...
[21:42:35] 		 /work/data/output/Allium.senescens/proj_current/individual_projections/proj_current_Allium.senescens_PA4_RUN4_ANN.tif
[21:43:24] 	> Projecting Allium.senescens_PA4_RUN4_FDA ...
[21:43:25] 		Writing projection on hard drive...
[21:43:25] 		 /work/data/output/Allium.senescens/proj_current/individual_projections/proj_current_Allium.senescens_PA4_RUN4_FDA.tif
[21:43:54] 	> Projecting Allium.senescens_PA4_RUN4_MAXNET ...
[21:43:55] 		Writing projection on hard drive...
[21:43:55] 		 /work/data/output/Allium.senescens/proj_current/individual_projections/proj_current_Allium.senescens_PA4_RUN4_MAXNET.tif
[21:44:32] 	> Projecting Allium.senescens_PA4_RUN5_GLM ...
[21:44:33] 		Writing projection on hard drive...
[21:44:33] 		 /work/data/output/Allium.senescens/proj_current/individual_projections/proj_current_Allium.senescens_PA4_RUN5_GLM.tif
[22:02:45] 	> Projecting Allium.senescens_PA4_RUN5_GBM ...
[22:02:46] 		Writing projection on hard drive...
[22:02:46] 		 /work/data/output/Allium.senescens/proj_current/individual_projections/proj_current_Allium.senescens_PA4_RUN5_GBM.tif
[22:03:59] 	> Projecting Allium.senescens_PA4_RUN5_ANN ...
[22:04:00] 		Writing projection on hard drive...
[22:04:00] 		 /work/data/output/Allium.senescens/proj_current/individual_projections/proj_current_Allium.senescens_PA4_RUN5_ANN.tif
[22:05:11] 	> Projecting Allium.senescens_PA4_RUN5_FDA ...
[22:05:12] 		Writing projection on hard drive...
[22:05:12] 		 /work/data/output/Allium.senescens/proj_current/individual_projections/proj_current_Allium.senescens_PA4_RUN5_FDA.tif
[22:05:50] 	> Projecting Allium.senescens_PA4_RUN5_MAXNET ...
[22:05:52] 		Writing projection on hard drive...
[22:05:52] 		 /work/data/output/Allium.senescens/proj_current/individual_projections/proj_current_Allium.senescens_PA4_RUN5_MAXNET.tif
[22:06:36] 	> Projecting Allium.senescens_PA5_RUN1_GLM ...
[22:06:37] 		Writing projection on hard drive...
[22:06:37] 		 /work/data/output/Allium.senescens/proj_current/individual_projections/proj_current_Allium.senescens_PA5_RUN1_GLM.tif
[22:25:02] 	> Projecting Allium.senescens_PA5_RUN1_GBM ...
[22:25:03] 		Writing projection on hard drive...
[22:25:03] 		 /work/data/output/Allium.senescens/proj_current/individual_projections/proj_current_Allium.senescens_PA5_RUN1_GBM.tif
[22:26:19] 	> Projecting Allium.senescens_PA5_RUN1_ANN ...
[22:26:20] 		Writing projection on hard drive...
[22:26:20] 		 /work/data/output/Allium.senescens/proj_current/individual_projections/proj_current_Allium.senescens_PA5_RUN1_ANN.tif
[22:27:17] 	> Projecting Allium.senescens_PA5_RUN1_FDA ...
[22:27:18] 		Writing projection on hard drive...
[22:27:18] 		 /work/data/output/Allium.senescens/proj_current/individual_projections/proj_current_Allium.senescens_PA5_RUN1_FDA.tif
[22:27:54] 	> Projecting Allium.senescens_PA5_RUN1_MAXNET ...
[22:27:55] 		Writing projection on hard drive...
[22:27:55] 		 /work/data/output/Allium.senescens/proj_current/individual_projections/proj_current_Allium.senescens_PA5_RUN1_MAXNET.tif
[22:28:39] 	> Projecting Allium.senescens_PA5_RUN2_GLM ...
[22:28:40] 		Writing projection on hard drive...
[22:28:40] 		 /work/data/output/Allium.senescens/proj_current/individual_projections/proj_current_Allium.senescens_PA5_RUN2_GLM.tif
[22:47:14] 	> Projecting Allium.senescens_PA5_RUN2_GBM ...
[22:47:15] 		Writing projection on hard drive...
[22:47:15] 		 /work/data/output/Allium.senescens/proj_current/individual_projections/proj_current_Allium.senescens_PA5_RUN2_GBM.tif
[22:48:15] 	> Projecting Allium.senescens_PA5_RUN2_ANN ...
[22:48:15] 		Writing projection on hard drive...
[22:48:15] 		 /work/data/output/Allium.senescens/proj_current/individual_projections/proj_current_Allium.senescens_PA5_RUN2_ANN.tif
[22:49:05] 	> Projecting Allium.senescens_PA5_RUN2_FDA ...
[22:49:06] 		Writing projection on hard drive...
[22:49:06] 		 /work/data/output/Allium.senescens/proj_current/individual_projections/proj_current_Allium.senescens_PA5_RUN2_FDA.tif
[22:49:39] 	> Projecting Allium.senescens_PA5_RUN2_MAXNET ...
[22:49:40] 		Writing projection on hard drive...
[22:49:40] 		 /work/data/output/Allium.senescens/proj_current/individual_projections/proj_current_Allium.senescens_PA5_RUN2_MAXNET.tif
[22:50:28] 	> Projecting Allium.senescens_PA5_RUN3_GLM ...
[22:50:29] 		Writing projection on hard drive...
[22:50:29] 		 /work/data/output/Allium.senescens/proj_current/individual_projections/proj_current_Allium.senescens_PA5_RUN3_GLM.tif
[23:08:30] 	> Projecting Allium.senescens_PA5_RUN3_GBM ...
[23:08:31] 		Writing projection on hard drive...
[23:08:31] 		 /work/data/output/Allium.senescens/proj_current/individual_projections/proj_current_Allium.senescens_PA5_RUN3_GBM.tif
[23:10:05] 	> Projecting Allium.senescens_PA5_RUN3_ANN ...
[23:10:06] 		Writing projection on hard drive...
[23:10:06] 		 /work/data/output/Allium.senescens/proj_current/individual_projections/proj_current_Allium.senescens_PA5_RUN3_ANN.tif
[23:11:12] 	> Projecting Allium.senescens_PA5_RUN3_FDA ...
[23:11:13] 		Writing projection on hard drive...
[23:11:13] 		 /work/data/output/Allium.senescens/proj_current/individual_projections/proj_current_Allium.senescens_PA5_RUN3_FDA.tif
[23:11:55] 	> Projecting Allium.senescens_PA5_RUN3_MAXNET ...
[23:11:56] 		Writing projection on hard drive...
[23:11:56] 		 /work/data/output/Allium.senescens/proj_current/individual_projections/proj_current_Allium.senescens_PA5_RUN3_MAXNET.tif
[23:12:47] 	> Projecting Allium.senescens_PA5_RUN4_GLM ...
[23:12:48] 		Writing projection on hard drive...
[23:12:48] 		 /work/data/output/Allium.senescens/proj_current/individual_projections/proj_current_Allium.senescens_PA5_RUN4_GLM.tif
[23:30:56] 	> Projecting Allium.senescens_PA5_RUN4_GBM ...
[23:30:58] 		Writing projection on hard drive...
[23:30:58] 		 /work/data/output/Allium.senescens/proj_current/individual_projections/proj_current_Allium.senescens_PA5_RUN4_GBM.tif
[23:32:12] 	> Projecting Allium.senescens_PA5_RUN4_ANN ...
[23:32:13] 		Writing projection on hard drive...
[23:32:13] 		 /work/data/output/Allium.senescens/proj_current/individual_projections/proj_current_Allium.senescens_PA5_RUN4_ANN.tif
[23:33:17] 	> Projecting Allium.senescens_PA5_RUN4_FDA ...
[23:33:18] 		Writing projection on hard drive...
[23:33:18] 		 /work/data/output/Allium.senescens/proj_current/individual_projections/proj_current_Allium.senescens_PA5_RUN4_FDA.tif
[23:34:01] 	> Projecting Allium.senescens_PA5_RUN4_MAXNET ...
[23:34:02] 		Writing projection on hard drive...
[23:34:02] 		 /work/data/output/Allium.senescens/proj_current/individual_projections/proj_current_Allium.senescens_PA5_RUN4_MAXNET.tif
[23:34:50] 	> Projecting Allium.senescens_PA5_RUN5_GLM ...
[23:34:51] 		Writing projection on hard drive...
[23:34:51] 		 /work/data/output/Allium.senescens/proj_current/individual_projections/proj_current_Allium.senescens_PA5_RUN5_GLM.tif
[23:53:01] 	> Projecting Allium.senescens_PA5_RUN5_GBM ...
[23:53:02] 		Writing projection on hard drive...
[23:53:02] 		 /work/data/output/Allium.senescens/proj_current/individual_projections/proj_current_Allium.senescens_PA5_RUN5_GBM.tif
[23:54:04] 	> Projecting Allium.senescens_PA5_RUN5_ANN ...
[23:54:05] 		Writing projection on hard drive...
[23:54:05] 		 /work/data/output/Allium.senescens/proj_current/individual_projections/proj_current_Allium.senescens_PA5_RUN5_ANN.tif
[23:54:57] 	> Projecting Allium.senescens_PA5_RUN5_FDA ...
[23:54:58] 		Writing projection on hard drive...
[23:54:58] 		 /work/data/output/Allium.senescens/proj_current/individual_projections/proj_current_Allium.senescens_PA5_RUN5_FDA.tif
[23:55:33] 	> Projecting Allium.senescens_PA5_RUN5_MAXNET ...
[23:55:34] 		Writing projection on hard drive...
[23:55:34] 		 /work/data/output/Allium.senescens/proj_current/individual_projections/proj_current_Allium.senescens_PA5_RUN5_MAXNET.tif
[23:56:16] 	> Projecting Allium.senescens_PA6_RUN1_GLM ...
[23:56:17] 		Writing projection on hard drive...
[23:56:17] 		 /work/data/output/Allium.senescens/proj_current/individual_projections/proj_current_Allium.senescens_PA6_RUN1_GLM.tif
[00:15:12] 	> Projecting Allium.senescens_PA6_RUN1_GBM ...
[00:15:13] 		Writing projection on hard drive...
[00:15:13] 		 /work/data/output/Allium.senescens/proj_current/individual_projections/proj_current_Allium.senescens_PA6_RUN1_GBM.tif
[00:16:32] 	> Projecting Allium.senescens_PA6_RUN1_ANN ...
[00:16:33] 		Writing projection on hard drive...
[00:16:33] 		 /work/data/output/Allium.senescens/proj_current/individual_projections/proj_current_Allium.senescens_PA6_RUN1_ANN.tif
[00:17:29] 	> Projecting Allium.senescens_PA6_RUN1_FDA ...
[00:17:30] 		Writing projection on hard drive...
[00:17:30] 		 /work/data/output/Allium.senescens/proj_current/individual_projections/proj_current_Allium.senescens_PA6_RUN1_FDA.tif
[00:18:09] 	> Projecting Allium.senescens_PA6_RUN1_MAXNET ...
[00:18:10] 		Writing projection on hard drive...
[00:18:10] 		 /work/data/output/Allium.senescens/proj_current/individual_projections/proj_current_Allium.senescens_PA6_RUN1_MAXNET.tif
[00:18:48] 	> Projecting Allium.senescens_PA6_RUN2_GLM ...
[00:18:49] 		Writing projection on hard drive...
[00:18:49] 		 /work/data/output/Allium.senescens/proj_current/individual_projections/proj_current_Allium.senescens_PA6_RUN2_GLM.tif
[00:36:34] 	> Projecting Allium.senescens_PA6_RUN2_GBM ...
[00:36:35] 		Writing projection on hard drive...
[00:36:35] 		 /work/data/output/Allium.senescens/proj_current/individual_projections/proj_current_Allium.senescens_PA6_RUN2_GBM.tif
[00:37:30] 	> Projecting Allium.senescens_PA6_RUN2_ANN ...
[00:37:31] 		Writing projection on hard drive...
[00:37:31] 		 /work/data/output/Allium.senescens/proj_current/individual_projections/proj_current_Allium.senescens_PA6_RUN2_ANN.tif
[00:38:17] 	> Projecting Allium.senescens_PA6_RUN2_FDA ...
[00:38:18] 		Writing projection on hard drive...
[00:38:18] 		 /work/data/output/Allium.senescens/proj_current/individual_projections/proj_current_Allium.senescens_PA6_RUN2_FDA.tif
[00:38:54] 	> Projecting Allium.senescens_PA6_RUN2_MAXNET ...
[00:38:55] 		Writing projection on hard drive...
[00:38:55] 		 /work/data/output/Allium.senescens/proj_current/individual_projections/proj_current_Allium.senescens_PA6_RUN2_MAXNET.tif
[00:39:37] 	> Projecting Allium.senescens_PA6_RUN3_GLM ...
[00:39:38] 		Writing projection on hard drive...
[00:39:38] 		 /work/data/output/Allium.senescens/proj_current/individual_projections/proj_current_Allium.senescens_PA6_RUN3_GLM.tif
[00:58:44] 	> Projecting Allium.senescens_PA6_RUN3_GBM ...
[00:58:45] 		Writing projection on hard drive...
[00:58:45] 		 /work/data/output/Allium.senescens/proj_current/individual_projections/proj_current_Allium.senescens_PA6_RUN3_GBM.tif
[00:59:50] 	> Projecting Allium.senescens_PA6_RUN3_ANN ...
[00:59:51] 		Writing projection on hard drive...
[00:59:51] 		 /work/data/output/Allium.senescens/proj_current/individual_projections/proj_current_Allium.senescens_PA6_RUN3_ANN.tif
[01:00:48] 	> Projecting Allium.senescens_PA6_RUN3_FDA ...
[01:00:49] 		Writing projection on hard drive...
[01:00:49] 		 /work/data/output/Allium.senescens/proj_current/individual_projections/proj_current_Allium.senescens_PA6_RUN3_FDA.tif
[01:01:30] 	> Projecting Allium.senescens_PA6_RUN3_MAXNET ...
[01:01:31] 		Writing projection on hard drive...
[01:01:31] 		 /work/data/output/Allium.senescens/proj_current/individual_projections/proj_current_Allium.senescens_PA6_RUN3_MAXNET.tif
[01:02:12] 	> Projecting Allium.senescens_PA6_RUN4_GLM ...
[01:02:13] 		Writing projection on hard drive...
[01:02:13] 		 /work/data/output/Allium.senescens/proj_current/individual_projections/proj_current_Allium.senescens_PA6_RUN4_GLM.tif
[01:20:26] 	> Projecting Allium.senescens_PA6_RUN4_GBM ...
[01:20:27] 		Writing projection on hard drive...
[01:20:27] 		 /work/data/output/Allium.senescens/proj_current/individual_projections/proj_current_Allium.senescens_PA6_RUN4_GBM.tif
[01:21:29] 	> Projecting Allium.senescens_PA6_RUN4_ANN ...
[01:21:30] 		Writing projection on hard drive...
[01:21:30] 		 /work/data/output/Allium.senescens/proj_current/individual_projections/proj_current_Allium.senescens_PA6_RUN4_ANN.tif
[01:22:31] 	> Projecting Allium.senescens_PA6_RUN4_FDA ...
[01:22:32] 		Writing projection on hard drive...
[01:22:32] 		 /work/data/output/Allium.senescens/proj_current/individual_projections/proj_current_Allium.senescens_PA6_RUN4_FDA.tif
[01:23:09] 	> Projecting Allium.senescens_PA6_RUN4_MAXNET ...
[01:23:10] 		Writing projection on hard drive...
[01:23:10] 		 /work/data/output/Allium.senescens/proj_current/individual_projections/proj_current_Allium.senescens_PA6_RUN4_MAXNET.tif
[01:23:52] 	> Projecting Allium.senescens_PA6_RUN5_GLM ...
[01:23:53] 		Writing projection on hard drive...
[01:23:53] 		 /work/data/output/Allium.senescens/proj_current/individual_projections/proj_current_Allium.senescens_PA6_RUN5_GLM.tif
[01:42:21] 	> Projecting Allium.senescens_PA6_RUN5_GBM ...
[01:42:22] 		Writing projection on hard drive...
[01:42:22] 		 /work/data/output/Allium.senescens/proj_current/individual_projections/proj_current_Allium.senescens_PA6_RUN5_GBM.tif
[01:43:36] 	> Projecting Allium.senescens_PA6_RUN5_ANN ...
[01:43:37] 		Writing projection on hard drive...
[01:43:37] 		 /work/data/output/Allium.senescens/proj_current/individual_projections/proj_current_Allium.senescens_PA6_RUN5_ANN.tif
[01:44:48] 	> Projecting Allium.senescens_PA6_RUN5_FDA ...
[01:44:49] 		Writing projection on hard drive...
[01:44:49] 		 /work/data/output/Allium.senescens/proj_current/individual_projections/proj_current_Allium.senescens_PA6_RUN5_FDA.tif
[01:45:30] 	> Projecting Allium.senescens_PA6_RUN5_MAXNET ...
[01:45:31] 		Writing projection on hard drive...
[01:45:31] 		 /work/data/output/Allium.senescens/proj_current/individual_projections/proj_current_Allium.senescens_PA6_RUN5_MAXNET.tif
[01:46:20] 	> Projecting Allium.senescens_PA7_RUN1_GLM ...
[01:46:21] 		Writing projection on hard drive...
[01:46:21] 		 /work/data/output/Allium.senescens/proj_current/individual_projections/proj_current_Allium.senescens_PA7_RUN1_GLM.tif
[02:04:51] 	> Projecting Allium.senescens_PA7_RUN1_GBM ...
[02:04:52] 		Writing projection on hard drive...
[02:04:52] 		 /work/data/output/Allium.senescens/proj_current/individual_projections/proj_current_Allium.senescens_PA7_RUN1_GBM.tif
[02:06:10] 	> Projecting Allium.senescens_PA7_RUN1_ANN ...
[02:06:11] 		Writing projection on hard drive...
[02:06:11] 		 /work/data/output/Allium.senescens/proj_current/individual_projections/proj_current_Allium.senescens_PA7_RUN1_ANN.tif
[02:07:11] 	> Projecting Allium.senescens_PA7_RUN1_FDA ...
[02:07:12] 		Writing projection on hard drive...
[02:07:12] 		 /work/data/output/Allium.senescens/proj_current/individual_projections/proj_current_Allium.senescens_PA7_RUN1_FDA.tif
[02:07:46] 	> Projecting Allium.senescens_PA7_RUN1_MAXNET ...
[02:07:47] 		Writing projection on hard drive...
[02:07:47] 		 /work/data/output/Allium.senescens/proj_current/individual_projections/proj_current_Allium.senescens_PA7_RUN1_MAXNET.tif
[02:08:40] 	> Projecting Allium.senescens_PA7_RUN2_GLM ...
[02:08:41] 		Writing projection on hard drive...
[02:08:41] 		 /work/data/output/Allium.senescens/proj_current/individual_projections/proj_current_Allium.senescens_PA7_RUN2_GLM.tif
[02:27:17] 	> Projecting Allium.senescens_PA7_RUN2_GBM ...
[02:27:18] 		Writing projection on hard drive...
[02:27:18] 		 /work/data/output/Allium.senescens/proj_current/individual_projections/proj_current_Allium.senescens_PA7_RUN2_GBM.tif
[02:28:27] 	> Projecting Allium.senescens_PA7_RUN2_ANN ...
[02:28:27] 		Writing projection on hard drive...
[02:28:27] 		 /work/data/output/Allium.senescens/proj_current/individual_projections/proj_current_Allium.senescens_PA7_RUN2_ANN.tif
[02:29:10] 	> Projecting Allium.senescens_PA7_RUN2_FDA ...
[02:29:11] 		Writing projection on hard drive...
[02:29:11] 		 /work/data/output/Allium.senescens/proj_current/individual_projections/proj_current_Allium.senescens_PA7_RUN2_FDA.tif
[02:29:42] 	> Projecting Allium.senescens_PA7_RUN2_MAXNET ...
[02:29:42] 		Writing projection on hard drive...
[02:29:42] 		 /work/data/output/Allium.senescens/proj_current/individual_projections/proj_current_Allium.senescens_PA7_RUN2_MAXNET.tif
[02:30:19] 	> Projecting Allium.senescens_PA7_RUN3_GLM ...
[02:30:20] 		Writing projection on hard drive...
[02:30:20] 		 /work/data/output/Allium.senescens/proj_current/individual_projections/proj_current_Allium.senescens_PA7_RUN3_GLM.tif
[02:48:33] 	> Projecting Allium.senescens_PA7_RUN3_GBM ...
[02:48:34] 		Writing projection on hard drive...
[02:48:34] 		 /work/data/output/Allium.senescens/proj_current/individual_projections/proj_current_Allium.senescens_PA7_RUN3_GBM.tif
[02:49:51] 	> Projecting Allium.senescens_PA7_RUN3_ANN ...
[02:49:52] 		Writing projection on hard drive...
[02:49:52] 		 /work/data/output/Allium.senescens/proj_current/individual_projections/proj_current_Allium.senescens_PA7_RUN3_ANN.tif
[02:50:51] 	> Projecting Allium.senescens_PA7_RUN3_FDA ...
[02:50:52] 		Writing projection on hard drive...
[02:50:52] 		 /work/data/output/Allium.senescens/proj_current/individual_projections/proj_current_Allium.senescens_PA7_RUN3_FDA.tif
[02:51:28] 	> Projecting Allium.senescens_PA7_RUN3_MAXNET ...
[02:51:29] 		Writing projection on hard drive...
[02:51:29] 		 /work/data/output/Allium.senescens/proj_current/individual_projections/proj_current_Allium.senescens_PA7_RUN3_MAXNET.tif
[02:52:14] 	> Projecting Allium.senescens_PA7_RUN4_GLM ...
[02:52:15] 		Writing projection on hard drive...
[02:52:15] 		 /work/data/output/Allium.senescens/proj_current/individual_projections/proj_current_Allium.senescens_PA7_RUN4_GLM.tif
[03:09:56] 	> Projecting Allium.senescens_PA7_RUN4_GBM ...
[03:09:57] 		Writing projection on hard drive...
[03:09:57] 		 /work/data/output/Allium.senescens/proj_current/individual_projections/proj_current_Allium.senescens_PA7_RUN4_GBM.tif
[03:11:13] 	> Projecting Allium.senescens_PA7_RUN4_ANN ...
[03:11:14] 		Writing projection on hard drive...
[03:11:14] 		 /work/data/output/Allium.senescens/proj_current/individual_projections/proj_current_Allium.senescens_PA7_RUN4_ANN.tif
[03:12:14] 	> Projecting Allium.senescens_PA7_RUN4_FDA ...
[03:12:15] 		Writing projection on hard drive...
[03:12:15] 		 /work/data/output/Allium.senescens/proj_current/individual_projections/proj_current_Allium.senescens_PA7_RUN4_FDA.tif
[03:12:50] 	> Projecting Allium.senescens_PA7_RUN4_MAXNET ...
[03:12:51] 		Writing projection on hard drive...
[03:12:51] 		 /work/data/output/Allium.senescens/proj_current/individual_projections/proj_current_Allium.senescens_PA7_RUN4_MAXNET.tif
[03:13:42] 	> Projecting Allium.senescens_PA7_RUN5_GLM ...
[03:13:43] 		Writing projection on hard drive...
[03:13:43] 		 /work/data/output/Allium.senescens/proj_current/individual_projections/proj_current_Allium.senescens_PA7_RUN5_GLM.tif
[03:32:34] 	> Projecting Allium.senescens_PA7_RUN5_GBM ...
[03:32:35] 		Writing projection on hard drive...
[03:32:35] 		 /work/data/output/Allium.senescens/proj_current/individual_projections/proj_current_Allium.senescens_PA7_RUN5_GBM.tif
[03:33:33] 	> Projecting Allium.senescens_PA7_RUN5_ANN ...
[03:33:34] 		Writing projection on hard drive...
[03:33:34] 		 /work/data/output/Allium.senescens/proj_current/individual_projections/proj_current_Allium.senescens_PA7_RUN5_ANN.tif
[03:34:43] 	> Projecting Allium.senescens_PA7_RUN5_FDA ...
[03:34:45] 		Writing projection on hard drive...
[03:34:45] 		 /work/data/output/Allium.senescens/proj_current/individual_projections/proj_current_Allium.senescens_PA7_RUN5_FDA.tif
[03:35:25] 	> Projecting Allium.senescens_PA7_RUN5_MAXNET ...
[03:35:26] 		Writing projection on hard drive...
[03:35:26] 		 /work/data/output/Allium.senescens/proj_current/individual_projections/proj_current_Allium.senescens_PA7_RUN5_MAXNET.tif
[03:36:18] 	> Projecting Allium.senescens_PA8_RUN1_GLM ...
[03:36:19] 		Writing projection on hard drive...
[03:36:19] 		 /work/data/output/Allium.senescens/proj_current/individual_projections/proj_current_Allium.senescens_PA8_RUN1_GLM.tif
[03:54:31] 	> Projecting Allium.senescens_PA8_RUN1_GBM ...
[03:54:32] 		Writing projection on hard drive...
[03:54:32] 		 /work/data/output/Allium.senescens/proj_current/individual_projections/proj_current_Allium.senescens_PA8_RUN1_GBM.tif
[03:55:58] 	> Projecting Allium.senescens_PA8_RUN1_ANN ...
[03:55:59] 		Writing projection on hard drive...
[03:55:59] 		 /work/data/output/Allium.senescens/proj_current/individual_projections/proj_current_Allium.senescens_PA8_RUN1_ANN.tif
[03:56:45] 	> Projecting Allium.senescens_PA8_RUN1_FDA ...
[03:56:46] 		Writing projection on hard drive...
[03:56:46] 		 /work/data/output/Allium.senescens/proj_current/individual_projections/proj_current_Allium.senescens_PA8_RUN1_FDA.tif
[03:57:14] 	> Projecting Allium.senescens_PA8_RUN1_MAXNET ...
[03:57:15] 		Writing projection on hard drive...
[03:57:15] 		 /work/data/output/Allium.senescens/proj_current/individual_projections/proj_current_Allium.senescens_PA8_RUN1_MAXNET.tif
[03:57:50] 	> Projecting Allium.senescens_PA8_RUN2_GLM ...
[03:57:51] 		Writing projection on hard drive...
[03:57:51] 		 /work/data/output/Allium.senescens/proj_current/individual_projections/proj_current_Allium.senescens_PA8_RUN2_GLM.tif
[04:16:30] 	> Projecting Allium.senescens_PA8_RUN2_GBM ...
[04:16:31] 		Writing projection on hard drive...
[04:16:31] 		 /work/data/output/Allium.senescens/proj_current/individual_projections/proj_current_Allium.senescens_PA8_RUN2_GBM.tif
[04:17:57] 	> Projecting Allium.senescens_PA8_RUN2_ANN ...
[04:17:58] 		Writing projection on hard drive...
[04:17:58] 		 /work/data/output/Allium.senescens/proj_current/individual_projections/proj_current_Allium.senescens_PA8_RUN2_ANN.tif
[04:19:11] 	> Projecting Allium.senescens_PA8_RUN2_FDA ...
[04:19:12] 		Writing projection on hard drive...
[04:19:12] 		 /work/data/output/Allium.senescens/proj_current/individual_projections/proj_current_Allium.senescens_PA8_RUN2_FDA.tif
[04:19:55] 	> Projecting Allium.senescens_PA8_RUN2_MAXNET ...
[04:19:56] 		Writing projection on hard drive...
[04:19:56] 		 /work/data/output/Allium.senescens/proj_current/individual_projections/proj_current_Allium.senescens_PA8_RUN2_MAXNET.tif
[04:20:46] 	> Projecting Allium.senescens_PA8_RUN3_GLM ...
[04:20:47] 		Writing projection on hard drive...
[04:20:47] 		 /work/data/output/Allium.senescens/proj_current/individual_projections/proj_current_Allium.senescens_PA8_RUN3_GLM.tif
[04:39:12] 	> Projecting Allium.senescens_PA8_RUN3_GBM ...
[04:39:13] 		Writing projection on hard drive...
[04:39:13] 		 /work/data/output/Allium.senescens/proj_current/individual_projections/proj_current_Allium.senescens_PA8_RUN3_GBM.tif
[04:40:26] 	> Projecting Allium.senescens_PA8_RUN3_ANN ...
[04:40:27] 		Writing projection on hard drive...
[04:40:27] 		 /work/data/output/Allium.senescens/proj_current/individual_projections/proj_current_Allium.senescens_PA8_RUN3_ANN.tif
[04:41:20] 	> Projecting Allium.senescens_PA8_RUN3_FDA ...
[04:41:21] 		Writing projection on hard drive...
[04:41:21] 		 /work/data/output/Allium.senescens/proj_current/individual_projections/proj_current_Allium.senescens_PA8_RUN3_FDA.tif
[04:41:53] 	> Projecting Allium.senescens_PA8_RUN3_MAXNET ...
[04:41:54] 		Writing projection on hard drive...
[04:41:54] 		 /work/data/output/Allium.senescens/proj_current/individual_projections/proj_current_Allium.senescens_PA8_RUN3_MAXNET.tif
[04:42:41] 	> Projecting Allium.senescens_PA8_RUN4_GLM ...
[04:42:42] 		Writing projection on hard drive...
[04:42:42] 		 /work/data/output/Allium.senescens/proj_current/individual_projections/proj_current_Allium.senescens_PA8_RUN4_GLM.tif
[05:00:53] 	> Projecting Allium.senescens_PA8_RUN4_GBM ...
[05:00:55] 		Writing projection on hard drive...
[05:00:55] 		 /work/data/output/Allium.senescens/proj_current/individual_projections/proj_current_Allium.senescens_PA8_RUN4_GBM.tif
[05:02:32] 	> Projecting Allium.senescens_PA8_RUN4_ANN ...
[05:02:33] 		Writing projection on hard drive...
[05:02:33] 		 /work/data/output/Allium.senescens/proj_current/individual_projections/proj_current_Allium.senescens_PA8_RUN4_ANN.tif
[05:03:44] 	> Projecting Allium.senescens_PA8_RUN4_FDA ...
[05:03:45] 		Writing projection on hard drive...
[05:03:45] 		 /work/data/output/Allium.senescens/proj_current/individual_projections/proj_current_Allium.senescens_PA8_RUN4_FDA.tif
[05:04:30] 	> Projecting Allium.senescens_PA8_RUN4_MAXNET ...
[05:04:31] 		Writing projection on hard drive...
[05:04:31] 		 /work/data/output/Allium.senescens/proj_current/individual_projections/proj_current_Allium.senescens_PA8_RUN4_MAXNET.tif
[05:05:23] 	> Projecting Allium.senescens_PA8_RUN5_GLM ...
[05:05:25] 		Writing projection on hard drive...
[05:05:25] 		 /work/data/output/Allium.senescens/proj_current/individual_projections/proj_current_Allium.senescens_PA8_RUN5_GLM.tif
[05:23:44] 	> Projecting Allium.senescens_PA8_RUN5_GBM ...
[05:23:45] 		Writing projection on hard drive...
[05:23:45] 		 /work/data/output/Allium.senescens/proj_current/individual_projections/proj_current_Allium.senescens_PA8_RUN5_GBM.tif
[05:24:58] 	> Projecting Allium.senescens_PA8_RUN5_ANN ...
[05:24:59] 		Writing projection on hard drive...
[05:24:59] 		 /work/data/output/Allium.senescens/proj_current/individual_projections/proj_current_Allium.senescens_PA8_RUN5_ANN.tif
[05:25:55] 	> Projecting Allium.senescens_PA8_RUN5_FDA ...
[05:25:56] 		Writing projection on hard drive...
[05:25:56] 		 /work/data/output/Allium.senescens/proj_current/individual_projections/proj_current_Allium.senescens_PA8_RUN5_FDA.tif
[05:26:29] 	> Projecting Allium.senescens_PA8_RUN5_MAXNET ...
[05:26:30] 		Writing projection on hard drive...
[05:26:30] 		 /work/data/output/Allium.senescens/proj_current/individual_projections/proj_current_Allium.senescens_PA8_RUN5_MAXNET.tif
[05:27:10] 	> Projecting Allium.senescens_PA9_RUN1_GLM ...
[05:27:11] 		Writing projection on hard drive...
[05:27:11] 		 /work/data/output/Allium.senescens/proj_current/individual_projections/proj_current_Allium.senescens_PA9_RUN1_GLM.tif
[05:45:12] 	> Projecting Allium.senescens_PA9_RUN1_GBM ...
[05:45:13] 		Writing projection on hard drive...
[05:45:13] 		 /work/data/output/Allium.senescens/proj_current/individual_projections/proj_current_Allium.senescens_PA9_RUN1_GBM.tif
[05:46:24] 	> Projecting Allium.senescens_PA9_RUN1_ANN ...
[05:46:25] 		Writing projection on hard drive...
[05:46:25] 		 /work/data/output/Allium.senescens/proj_current/individual_projections/proj_current_Allium.senescens_PA9_RUN1_ANN.tif
[05:47:16] 	> Projecting Allium.senescens_PA9_RUN1_FDA ...
[05:47:17] 		Writing projection on hard drive...
[05:47:17] 		 /work/data/output/Allium.senescens/proj_current/individual_projections/proj_current_Allium.senescens_PA9_RUN1_FDA.tif
[05:47:52] 	> Projecting Allium.senescens_PA9_RUN1_MAXNET ...
[05:47:53] 		Writing projection on hard drive...
[05:47:53] 		 /work/data/output/Allium.senescens/proj_current/individual_projections/proj_current_Allium.senescens_PA9_RUN1_MAXNET.tif
[05:48:37] 	> Projecting Allium.senescens_PA9_RUN2_GLM ...
[05:48:38] 		Writing projection on hard drive...
[05:48:38] 		 /work/data/output/Allium.senescens/proj_current/individual_projections/proj_current_Allium.senescens_PA9_RUN2_GLM.tif
[06:07:05] 	> Projecting Allium.senescens_PA9_RUN2_GBM ...
[06:07:06] 		Writing projection on hard drive...
[06:07:06] 		 /work/data/output/Allium.senescens/proj_current/individual_projections/proj_current_Allium.senescens_PA9_RUN2_GBM.tif
[06:08:10] 	> Projecting Allium.senescens_PA9_RUN2_ANN ...
[06:08:10] 		Writing projection on hard drive...
[06:08:10] 		 /work/data/output/Allium.senescens/proj_current/individual_projections/proj_current_Allium.senescens_PA9_RUN2_ANN.tif
[06:09:10] 	> Projecting Allium.senescens_PA9_RUN2_FDA ...
[06:09:11] 		Writing projection on hard drive...
[06:09:11] 		 /work/data/output/Allium.senescens/proj_current/individual_projections/proj_current_Allium.senescens_PA9_RUN2_FDA.tif
[06:09:47] 	> Projecting Allium.senescens_PA9_RUN2_MAXNET ...
[06:09:48] 		Writing projection on hard drive...
[06:09:48] 		 /work/data/output/Allium.senescens/proj_current/individual_projections/proj_current_Allium.senescens_PA9_RUN2_MAXNET.tif
[06:10:31] 	> Projecting Allium.senescens_PA9_RUN3_GLM ...
[06:10:32] 		Writing projection on hard drive...
[06:10:32] 		 /work/data/output/Allium.senescens/proj_current/individual_projections/proj_current_Allium.senescens_PA9_RUN3_GLM.tif
[06:28:49] 	> Projecting Allium.senescens_PA9_RUN3_GBM ...
[06:28:50] 		Writing projection on hard drive...
[06:28:50] 		 /work/data/output/Allium.senescens/proj_current/individual_projections/proj_current_Allium.senescens_PA9_RUN3_GBM.tif
[06:29:48] 	> Projecting Allium.senescens_PA9_RUN3_ANN ...
[06:29:49] 		Writing projection on hard drive...
[06:29:49] 		 /work/data/output/Allium.senescens/proj_current/individual_projections/proj_current_Allium.senescens_PA9_RUN3_ANN.tif
[06:30:46] 	> Projecting Allium.senescens_PA9_RUN3_FDA ...
[06:30:47] 		Writing projection on hard drive...
[06:30:47] 		 /work/data/output/Allium.senescens/proj_current/individual_projections/proj_current_Allium.senescens_PA9_RUN3_FDA.tif
[06:31:26] 	> Projecting Allium.senescens_PA9_RUN3_MAXNET ...
[06:31:27] 		Writing projection on hard drive...
[06:31:27] 		 /work/data/output/Allium.senescens/proj_current/individual_projections/proj_current_Allium.senescens_PA9_RUN3_MAXNET.tif
[06:32:12] 	> Projecting Allium.senescens_PA9_RUN4_GLM ...
[06:32:13] 		Writing projection on hard drive...
[06:32:13] 		 /work/data/output/Allium.senescens/proj_current/individual_projections/proj_current_Allium.senescens_PA9_RUN4_GLM.tif
[06:50:17] 	> Projecting Allium.senescens_PA9_RUN4_GBM ...
[06:50:18] 		Writing projection on hard drive...
[06:50:18] 		 /work/data/output/Allium.senescens/proj_current/individual_projections/proj_current_Allium.senescens_PA9_RUN4_GBM.tif
[06:51:07] 	> Projecting Allium.senescens_PA9_RUN4_ANN ...
[06:51:08] 		Writing projection on hard drive...
[06:51:08] 		 /work/data/output/Allium.senescens/proj_current/individual_projections/proj_current_Allium.senescens_PA9_RUN4_ANN.tif
[06:51:58] 	> Projecting Allium.senescens_PA9_RUN4_FDA ...
[06:51:59] 		Writing projection on hard drive...
[06:51:59] 		 /work/data/output/Allium.senescens/proj_current/individual_projections/proj_current_Allium.senescens_PA9_RUN4_FDA.tif
[06:52:34] 	> Projecting Allium.senescens_PA9_RUN4_MAXNET ...
[06:52:35] 		Writing projection on hard drive...
[06:52:35] 		 /work/data/output/Allium.senescens/proj_current/individual_projections/proj_current_Allium.senescens_PA9_RUN4_MAXNET.tif
[06:53:16] 	> Projecting Allium.senescens_PA9_RUN5_GLM ...
[06:53:17] 		Writing projection on hard drive...
[06:53:17] 		 /work/data/output/Allium.senescens/proj_current/individual_projections/proj_current_Allium.senescens_PA9_RUN5_GLM.tif
[07:12:09] 	> Projecting Allium.senescens_PA9_RUN5_GBM ...
[07:12:10] 		Writing projection on hard drive...
[07:12:10] 		 /work/data/output/Allium.senescens/proj_current/individual_projections/proj_current_Allium.senescens_PA9_RUN5_GBM.tif
[07:13:10] 	> Projecting Allium.senescens_PA9_RUN5_ANN ...
[07:13:11] 		Writing projection on hard drive...
[07:13:11] 		 /work/data/output/Allium.senescens/proj_current/individual_projections/proj_current_Allium.senescens_PA9_RUN5_ANN.tif
[07:13:58] 	> Projecting Allium.senescens_PA9_RUN5_FDA ...
[07:13:59] 		Writing projection on hard drive...
[07:13:59] 		 /work/data/output/Allium.senescens/proj_current/individual_projections/proj_current_Allium.senescens_PA9_RUN5_FDA.tif
[07:14:32] 	> Projecting Allium.senescens_PA9_RUN5_MAXNET ...
[07:14:33] 		Writing projection on hard drive...
[07:14:33] 		 /work/data/output/Allium.senescens/proj_current/individual_projections/proj_current_Allium.senescens_PA9_RUN5_MAXNET.tif
[07:15:12] 	> Projecting Allium.senescens_PA10_RUN1_GLM ...
[07:15:13] 		Writing projection on hard drive...
[07:15:13] 		 /work/data/output/Allium.senescens/proj_current/individual_projections/proj_current_Allium.senescens_PA10_RUN1_GLM.tif
[07:34:13] 	> Projecting Allium.senescens_PA10_RUN1_GBM ...
[07:34:14] 		Writing projection on hard drive...
[07:34:14] 		 /work/data/output/Allium.senescens/proj_current/individual_projections/proj_current_Allium.senescens_PA10_RUN1_GBM.tif
[07:35:11] 	> Projecting Allium.senescens_PA10_RUN1_ANN ...
[07:35:12] 		Writing projection on hard drive...
[07:35:12] 		 /work/data/output/Allium.senescens/proj_current/individual_projections/proj_current_Allium.senescens_PA10_RUN1_ANN.tif
[07:35:59] 	> Projecting Allium.senescens_PA10_RUN1_FDA ...
[07:36:00] 		Writing projection on hard drive...
[07:36:00] 		 /work/data/output/Allium.senescens/proj_current/individual_projections/proj_current_Allium.senescens_PA10_RUN1_FDA.tif
[07:36:34] 	> Projecting Allium.senescens_PA10_RUN1_MAXNET ...
[07:36:35] 		Writing projection on hard drive...
[07:36:35] 		 /work/data/output/Allium.senescens/proj_current/individual_projections/proj_current_Allium.senescens_PA10_RUN1_MAXNET.tif
[07:37:14] 	> Projecting Allium.senescens_PA10_RUN2_GLM ...
[07:37:15] 		Writing projection on hard drive...
[07:37:15] 		 /work/data/output/Allium.senescens/proj_current/individual_projections/proj_current_Allium.senescens_PA10_RUN2_GLM.tif
[07:55:36] 	> Projecting Allium.senescens_PA10_RUN2_GBM ...
[07:55:37] 		Writing projection on hard drive...
[07:55:37] 		 /work/data/output/Allium.senescens/proj_current/individual_projections/proj_current_Allium.senescens_PA10_RUN2_GBM.tif
[07:56:36] 	> Projecting Allium.senescens_PA10_RUN2_ANN ...
[07:56:37] 		Writing projection on hard drive...
[07:56:37] 		 /work/data/output/Allium.senescens/proj_current/individual_projections/proj_current_Allium.senescens_PA10_RUN2_ANN.tif
[07:57:28] 	> Projecting Allium.senescens_PA10_RUN2_FDA ...
[07:57:29] 		Writing projection on hard drive...
[07:57:29] 		 /work/data/output/Allium.senescens/proj_current/individual_projections/proj_current_Allium.senescens_PA10_RUN2_FDA.tif
[07:57:59] 	> Projecting Allium.senescens_PA10_RUN2_MAXNET ...
[07:58:00] 		Writing projection on hard drive...
[07:58:00] 		 /work/data/output/Allium.senescens/proj_current/individual_projections/proj_current_Allium.senescens_PA10_RUN2_MAXNET.tif
[07:58:36] 	> Projecting Allium.senescens_PA10_RUN3_GLM ...
[07:58:38] 		Writing projection on hard drive...
[07:58:38] 		 /work/data/output/Allium.senescens/proj_current/individual_projections/proj_current_Allium.senescens_PA10_RUN3_GLM.tif
[08:16:58] 	> Projecting Allium.senescens_PA10_RUN3_GBM ...
[08:16:59] 		Writing projection on hard drive...
[08:16:59] 		 /work/data/output/Allium.senescens/proj_current/individual_projections/proj_current_Allium.senescens_PA10_RUN3_GBM.tif
[08:18:03] 	> Projecting Allium.senescens_PA10_RUN3_ANN ...
[08:18:04] 		Writing projection on hard drive...
[08:18:04] 		 /work/data/output/Allium.senescens/proj_current/individual_projections/proj_current_Allium.senescens_PA10_RUN3_ANN.tif
[08:19:02] 	> Projecting Allium.senescens_PA10_RUN3_FDA ...
[08:19:03] 		Writing projection on hard drive...
[08:19:03] 		 /work/data/output/Allium.senescens/proj_current/individual_projections/proj_current_Allium.senescens_PA10_RUN3_FDA.tif
[08:19:34] 	> Projecting Allium.senescens_PA10_RUN3_MAXNET ...
[08:19:35] 		Writing projection on hard drive...
[08:19:35] 		 /work/data/output/Allium.senescens/proj_current/individual_projections/proj_current_Allium.senescens_PA10_RUN3_MAXNET.tif
[08:20:14] 	> Projecting Allium.senescens_PA10_RUN4_GLM ...
[08:20:15] 		Writing projection on hard drive...
[08:20:15] 		 /work/data/output/Allium.senescens/proj_current/individual_projections/proj_current_Allium.senescens_PA10_RUN4_GLM.tif
[08:38:21] 	> Projecting Allium.senescens_PA10_RUN4_GBM ...
[08:38:22] 		Writing projection on hard drive...
[08:38:22] 		 /work/data/output/Allium.senescens/proj_current/individual_projections/proj_current_Allium.senescens_PA10_RUN4_GBM.tif
[08:39:27] 	> Projecting Allium.senescens_PA10_RUN4_ANN ...
[08:39:28] 		Writing projection on hard drive...
[08:39:28] 		 /work/data/output/Allium.senescens/proj_current/individual_projections/proj_current_Allium.senescens_PA10_RUN4_ANN.tif
[08:40:25] 	> Projecting Allium.senescens_PA10_RUN4_FDA ...
[08:40:26] 		Writing projection on hard drive...
[08:40:26] 		 /work/data/output/Allium.senescens/proj_current/individual_projections/proj_current_Allium.senescens_PA10_RUN4_FDA.tif
[08:41:03] 	> Projecting Allium.senescens_PA10_RUN4_MAXNET ...
[08:41:04] 		Writing projection on hard drive...
[08:41:04] 		 /work/data/output/Allium.senescens/proj_current/individual_projections/proj_current_Allium.senescens_PA10_RUN4_MAXNET.tif
[08:41:48] 	> Projecting Allium.senescens_PA10_RUN5_GLM ...
[08:41:49] 		Writing projection on hard drive...
[08:41:49] 		 /work/data/output/Allium.senescens/proj_current/individual_projections/proj_current_Allium.senescens_PA10_RUN5_GLM.tif
[09:00:01] 	> Projecting Allium.senescens_PA10_RUN5_GBM ...
[09:00:02] 		Writing projection on hard drive...
[09:00:02] 		 /work/data/output/Allium.senescens/proj_current/individual_projections/proj_current_Allium.senescens_PA10_RUN5_GBM.tif
[09:01:20] 	> Projecting Allium.senescens_PA10_RUN5_ANN ...
[09:01:21] 		Writing projection on hard drive...
[09:01:21] 		 /work/data/output/Allium.senescens/proj_current/individual_projections/proj_current_Allium.senescens_PA10_RUN5_ANN.tif
[09:02:19] 	> Projecting Allium.senescens_PA10_RUN5_FDA ...
[09:02:21] 		Writing projection on hard drive...
[09:02:21] 		 /work/data/output/Allium.senescens/proj_current/individual_projections/proj_current_Allium.senescens_PA10_RUN5_FDA.tif
[09:02:56] 	> Projecting Allium.senescens_PA10_RUN5_MAXNET ...
[09:02:57] 		Writing projection on hard drive...
[09:02:57] 		 /work/data/output/Allium.senescens/proj_current/individual_projections/proj_current_Allium.senescens_PA10_RUN5_MAXNET.tif
[09:02:57] -=-=-=-=-=-=-=-=-=-=-=-=-=-=-=-=-=-= Done -=-=-=-=-=-=-=-=-=-=-=-=-=-=-=-=-=-=
[09:02:57] 
[09:02:57] -=-=-=-=-=-=-=-=-=-=-=-= Do Ensemble Models Projection -=-=-=-=-=-=-=-=-=-=-=-=
[09:02:57] 
[09:02:57] Creating suitable Workdir...
[09:03:14] 
[09:04:30] 	> Projecting Allium.senescens_EMmeanByAUCroc_mergedData_mergedRun_mergedAlgo ...|---------|---------|---------|---------|
/var/spool/slurmd/job48607860/slurm_script: line 50: 471660 Killed                  singularity exec --pwd /work --bind $PWD:/work $PWD/container/geospatial.sif env R_DEBUG_ECHO="$R_DEBUG_ECHO" FORCE_CLEAN="$FORCE_CLEAN" FORCE_REBUILD_FUTURE="$FORCE_REBUILD_FUTURE" PROJ_KEEP_IN_MEMORY="$PROJ_KEEP_IN_MEMORY" PROJ_DO_STACK="$PROJ_DO_STACK" TERRA_MEMFRAC="$TERRA_MEMFRAC" OMP_NUM_THREADS="$OMP_NUM_THREADS" Rscript "$RSCRIPT_PATH" 2>&1
     471661 Done                    | gawk '{ print strftime("[%H:%M:%S]"), $0; fflush() }'
+ EXIT_CODE=137
+ T_ELAPSED=77562
+ printf 'Elapsed: %dd %dh %dm %ds\n' 0 21 32 42
Elapsed: 0d 21h 32m 42s
+ exit 137
slurmstepd: error: Detected 1 oom_kill event in StepId=48607860.batch. Some of the step tasks have been OOM Killed.
