+ export OMP_NUM_THREADS=4
+ OMP_NUM_THREADS=4
+ RSCRIPT_PATH=/work/R/fast.test_risolto.R
+ R_DEBUG_ECHO=false
+ FORCE_CLEAN=false
+ FORCE_REBUILD_FUTURE=false
+ PROJ_KEEP_IN_MEMORY=false
+ PROJ_DO_STACK=false
+ TERRA_MEMFRAC=0.7
+ echo 'CONFIG: RSCRIPT_PATH=/work/R/fast.test_risolto.R'
CONFIG: RSCRIPT_PATH=/work/R/fast.test_risolto.R
+ echo 'CONFIG: R_DEBUG_ECHO=false FORCE_CLEAN=false FORCE_REBUILD_FUTURE=false'
CONFIG: R_DEBUG_ECHO=false FORCE_CLEAN=false FORCE_REBUILD_FUTURE=false
+ echo 'CONFIG: PROJ_KEEP_IN_MEMORY=false PROJ_DO_STACK=false TERRA_MEMFRAC=0.7'
CONFIG: PROJ_KEEP_IN_MEMORY=false PROJ_DO_STACK=false TERRA_MEMFRAC=0.7
+ mkdir -p data/output logs
+ T_START=0
+ singularity exec --pwd /work --bind /leonardo_work/IscrC_SPECC:/work /leonardo_work/IscrC_SPECC/container/geospatial.sif env R_DEBUG_ECHO=false FORCE_CLEAN=false FORCE_REBUILD_FUTURE=false PROJ_KEEP_IN_MEMORY=false PROJ_DO_STACK=false TERRA_MEMFRAC=0.7 OMP_NUM_THREADS=4 Rscript /work/R/fast.test_risolto.R
+ gawk '{ print strftime("[%H:%M:%S]"), $0; fflush() }'
[15:05:45] biomod2 4.3-4-5 loaded.
[15:05:45]  /!\ Welcome to augmented biomod2 with abundance modeling available! (*o*)
[15:05:45]  Take a look at the HOME and NEWS section on the website to see all the features!
[15:05:45] 
[15:05:45] Loading required package: nnet
[15:05:45] Loading required package: rpart
[15:05:45] Loading required package: cito
[15:05:45] Warning in library(package, lib.loc = lib.loc, character.only = TRUE, logical.return = TRUE,  :
[15:05:45]   there is no package called ‘cito’
[15:05:45] Loading required package: mda
[15:05:45] Loading required package: class
[15:05:45] Loaded mda 0.5-5
[15:05:45] 
[15:05:45] Loading required package: gam
[15:05:45] Loading required package: splines
[15:05:45] Loading required package: foreach
[15:05:45] Loaded gam 1.22-7
[15:05:45] 
[15:05:45] Loading required package: mgcv
[15:05:45] Loading required package: nlme
[15:05:45] This is mgcv 1.9-4. For overview type '?mgcv'.
[15:05:45] 
[15:05:45] Attaching package: ‘mgcv’
[15:05:45] 
[15:05:45] The following objects are masked from ‘package:gam’:
[15:05:45] 
[15:05:45]     gam, gam.control, gam.fit, s
[15:05:45] 
[15:05:45] The following object is masked from ‘package:nnet’:
[15:05:45] 
[15:05:45]     multinom
[15:05:45] 
[15:05:45] Loading required package: gbm
[15:05:45] Loaded gbm 2.2.3
[15:05:45] This version of gbm is no longer under development. Consider transitioning to gbm3, https://github.com/gbm-developers/gbm3
[15:05:45] Loading required package: earth
[15:05:45] Loading required package: Formula
[15:05:45] Loading required package: plotmo
[15:05:45] Loading required package: plotrix
[15:05:46] Loading required package: maxnet
[15:05:46] Loading required package: randomForest
[15:05:46] randomForest 4.7-1.2
[15:05:46] Type rfNews() to see new features/changes/bug fixes.
[15:05:46] Loading required package: xgboost
[15:05:46] terra 1.9.11
[15:05:46] 
[15:05:46] Attaching package: ‘terra’
[15:05:46] 
[15:05:46] The following object is masked from ‘package:plotrix’:
[15:05:46] 
[15:05:46]     rescale
[15:05:46] 
[15:05:46] DEBUG: R_DEBUG_ECHO = FALSE | TERRA_MEMFRAC = 0.7 
[15:05:55] DEBUG: species order = shortest-job-first by occurrence count
[15:05:55] DEBUG: num_sp = 167 | total rows = 2583359 
[15:05:55] DEBUG: loading calibration rasters...
[15:05:55] DEBUG: raster dim = 5873 x 10889 | ncell = 63951097 
[15:05:56] DEBUG: testing with 8 future scenarios
[15:05:56]   |                                                          |                                                  |   0%DEBUG: seed_val = 42 
[15:05:56] DEBUG: SJF rank 5 of 167 | species = Allium.senescens | occurrences = 260 
[15:05:56] DEBUG: loaded species rows = 260 
[15:05:56]           used  (Mb) gc trigger  (Mb) max used  (Mb)
[15:05:56] Ncells 3154638 168.5    9579658 511.7  5746370 306.9
[15:05:56] Vcells 6891775  52.6   40579068 309.6 50152349 382.7
[15:05:56] DEBUG: n_cpu = 1 (threshold 50k)
[15:05:56] DEBUG: projection_keep_in_memory = FALSE | projection_do_stack = FALSE 
[15:05:56] DEBUG: starting BIOMOD_FormatingData at 15:05:56 
[15:05:56] 
[15:05:56] -=-=-=-=-=-=-=-=-=-=-=-= Allium.senescens Data Formating -=-=-=-=-=-=-=-=-=-=-=-=
[15:05:56] 
[15:05:56] 
[15:05:56] Checking Pseudo-absence selection arguments...
[15:05:56] 
[15:05:56]    > random pseudo absences selection
[18:43:03]    > Pseudo absences are selected in explanatory variables
[18:43:03] 
[18:43:16]  ! Some NAs have been automatically removed from your data
[18:43:16] -=-=-=-=-=-=-=-=-=-=-=-=-=-=-=-=-=-= Done -=-=-=-=-=-=-=-=-=-=-=-=-=-=-=-=-=-=
[18:43:16] DEBUG: BIOMOD_FormatingData done at 18:43:16 
[18:43:16] 
[18:43:16] -=-=-=-=-=-=-=-=-=-=-=-=-=-= Build Modeling Options -=-=-=-=-=-=-=-=-=-=-=-=-=-=
[18:43:16] 
[18:43:16] 	>  GLM options ( datatype: binary , package: stats , function: glm )...
[18:43:16] 	>  GBM options ( datatype: binary , package: gbm , function: gbm )...
[18:43:16] 	>  ANN options ( datatype: binary , package: nnet , function: nnet )...
[18:43:16] 	>  FDA options ( datatype: binary , package: mda , function: fda )...
[18:43:16] 	>  MAXNET options ( datatype: binary , package: maxnet , function: maxnet )...
[18:43:16] 
[18:43:16] -=-=-=-=-=-=-=-=-=-=-=-=-=-=-=-=-=-= Done -=-=-=-=-=-=-=-=-=-=-=-=-=-=-=-=-=-=
[18:43:16] 
[18:43:16] -=-=-=-=-=-=-=-=-=-=-=-=-=-=-= Build Single Models -=-=-=-=-=-=-=-=-=-=-=-=-=-=-=
[18:43:16] 
[18:43:16] 
[18:43:16] Checking Models arguments...
[18:43:16] 
[18:43:16] 	> Automatic weights creation to rise a 0.5 prevalence
[18:43:16] Creating suitable Workdir...
[18:43:19] 
[18:43:19] 
[18:43:19] Checking Cross-Validation arguments...
[18:43:19] 
[18:43:19]    > Random cross-validation selection
[18:43:19] 
[18:43:19] -=-=-=-=-=-=-=-=-=-=-=-=-=-= Build Modeling Options -=-=-=-=-=-=-=-=-=-=-=-=-=-=
[18:43:19] 
[18:43:19] 	>  GLM options ( datatype: binary , package: stats , function: glm )...
[18:43:19] 	>  GBM options ( datatype: binary , package: gbm , function: gbm )...
[18:43:19] 	>  ANN options ( datatype: binary , package: nnet , function: nnet )...
[18:43:19] 	>  FDA options ( datatype: binary , package: mda , function: fda )...
[18:43:19] 	>  MAXNET options ( datatype: binary , package: maxnet , function: maxnet )...
[18:43:19] 
[18:43:19] -=-=-=-=-=-=-=-=-=-=-=-=-=-=-=-=-=-= Done -=-=-=-=-=-=-=-=-=-=-=-=-=-=-=-=-=-=
[18:43:19] 
[18:43:19] 
[18:43:19] 
[18:43:19] -=-=-=-=-=-=-=-=-=-=-= Allium.senescens Modeling Summary -=-=-=-=-=-=-=-=-=-=-=
[18:43:19] 
[18:43:19] > 5 environmental variables ( PC1_clim PC2_clim tri PC1_soil PC2_soil )
[18:43:19] 
[18:43:19] > Number of PA datasets : 10
[18:43:19] 
[18:43:19] > Number of calibration/validation splits : 5
[18:43:19] 
[18:43:19] > Algorithms selected : GLM GBM ANN FDA MAXNET
[18:43:19]  50 models for each algorithm
[18:43:19] 
[18:43:19] Total number of model runs: 250 
[18:43:19] 
[18:43:19] -=-=-=-=-=-=-=-=-=-=-=-=-=-=-=-=-=-=-=-=-=-=-=-=-=-=-=-=-=-=-=-=-=-=-=-=-=-=-=-=
[18:43:20] Warning: executing %dopar% sequentially: no parallel backend registered
[18:43:20] 
[18:43:20] 
[18:43:20] -=-=-=--=-=-=- Allium.senescens_PA1_RUN1_GLM 
[18:43:20] Warning: glm.fit: fitted probabilities numerically 0 or 1 occurred
[18:43:20] 
[18:43:21] 	Evaluating Model stuff...
[18:43:21] 
[18:43:21] -=-=-=--=-=-=- Allium.senescens_PA1_RUN1_GBM 
[18:43:21] CV: 1 
[18:43:26] CV: 2 
[18:43:30] CV: 3 
[18:43:41] 
[18:43:42] 	Evaluating Model stuff...
[18:43:42] 
[18:43:42] -=-=-=--=-=-=- Allium.senescens_PA1_RUN1_ANN 
[18:43:43] 
[18:43:43] 	Model scaling...
[18:43:44] 	Evaluating Model stuff...
[18:43:44] 
[18:43:44] -=-=-=--=-=-=- Allium.senescens_PA1_RUN1_FDA 
[18:43:44] 
[18:43:44] 	Model scaling...Warning: glm.fit: fitted probabilities numerically 0 or 1 occurred
[18:43:44] 
[18:43:45] 	Evaluating Model stuff...
[18:43:45] 
[18:43:45] -=-=-=--=-=-=- Allium.senescens_PA1_RUN1_MAXNET 
[18:43:48] 
[18:43:48] 	Evaluating Model stuff...
[18:43:48] 
[18:43:48] -=-=-=--=-=-=- Allium.senescens_PA1_RUN2_GLM 
[18:43:48] Warning: glm.fit: fitted probabilities numerically 0 or 1 occurred
[18:43:48] 
[18:43:49] 	Evaluating Model stuff...
[18:43:49] 
[18:43:49] -=-=-=--=-=-=- Allium.senescens_PA1_RUN2_GBM 
[18:43:49] CV: 1 
[18:43:54] CV: 2 
[18:43:58] CV: 3 
[18:44:09] 
[18:44:10] 	Evaluating Model stuff...
[18:44:10] 
[18:44:10] -=-=-=--=-=-=- Allium.senescens_PA1_RUN2_ANN 
[18:44:11] 
[18:44:11] 	Model scaling...
[18:44:11] 	Evaluating Model stuff...
[18:44:11] 
[18:44:11] -=-=-=--=-=-=- Allium.senescens_PA1_RUN2_FDA 
[18:44:11] 
[18:44:12] 	Model scaling...
[18:44:12] 	Evaluating Model stuff...
[18:44:12] 
[18:44:12] -=-=-=--=-=-=- Allium.senescens_PA1_RUN2_MAXNET 
[18:44:16] 
[18:44:16] 	Evaluating Model stuff...
[18:44:16] 
[18:44:16] -=-=-=--=-=-=- Allium.senescens_PA1_RUN3_GLM 
[18:44:16] Warning: glm.fit: fitted probabilities numerically 0 or 1 occurred
[18:44:16] 
[18:44:17] 	Evaluating Model stuff...
[18:44:17] 
[18:44:17] -=-=-=--=-=-=- Allium.senescens_PA1_RUN3_GBM 
[18:44:17] CV: 1 
[18:44:21] CV: 2 
[18:44:26] CV: 3 
[18:44:37] 
[18:44:38] 	Evaluating Model stuff...
[18:44:38] 
[18:44:38] -=-=-=--=-=-=- Allium.senescens_PA1_RUN3_ANN 
[18:44:38] 
[18:44:38] 	Model scaling...
[18:44:39] 	Evaluating Model stuff...
[18:44:39] 
[18:44:39] -=-=-=--=-=-=- Allium.senescens_PA1_RUN3_FDA 
[18:44:39] 
[18:44:39] 	Model scaling...Warning: glm.fit: fitted probabilities numerically 0 or 1 occurred
[18:44:39] 
[18:44:40] 	Evaluating Model stuff...
[18:44:40] 
[18:44:40] -=-=-=--=-=-=- Allium.senescens_PA1_RUN3_MAXNET 
[18:44:43] 
[18:44:44] 	Evaluating Model stuff...
[18:44:44] 
[18:44:44] -=-=-=--=-=-=- Allium.senescens_PA1_RUN4_GLM 
[18:44:44] Warning: glm.fit: fitted probabilities numerically 0 or 1 occurred
[18:44:44] 
[18:44:45] 	Evaluating Model stuff...
[18:44:45] 
[18:44:45] -=-=-=--=-=-=- Allium.senescens_PA1_RUN4_GBM 
[18:44:45] CV: 1 
[18:44:49] CV: 2 
[18:44:53] CV: 3 
[18:45:05] 
[18:45:06] 	Evaluating Model stuff...
[18:45:06] 
[18:45:06] -=-=-=--=-=-=- Allium.senescens_PA1_RUN4_ANN 
[18:45:06] 
[18:45:06] 	Model scaling...
[18:45:07] 	Evaluating Model stuff...
[18:45:07] 
[18:45:07] -=-=-=--=-=-=- Allium.senescens_PA1_RUN4_FDA 
[18:45:07] 
[18:45:07] 	Model scaling...
[18:45:08] 	Evaluating Model stuff...
[18:45:08] 
[18:45:08] -=-=-=--=-=-=- Allium.senescens_PA1_RUN4_MAXNET 
[18:45:11] 
[18:45:11] 	Evaluating Model stuff...Warning in max(calcStat, na.rm = TRUE) :
[18:45:11]   no non-missing arguments to max; returning -Inf
[18:45:11] 
[18:45:11] 
[18:45:11] -=-=-=--=-=-=- Allium.senescens_PA1_RUN5_GLM 
[18:45:11] Warning: glm.fit: fitted probabilities numerically 0 or 1 occurred
[18:45:11] 
[18:45:12] 	Evaluating Model stuff...
[18:45:12] 
[18:45:12] -=-=-=--=-=-=- Allium.senescens_PA1_RUN5_GBM 
[18:45:12] CV: 1 
[18:45:17] CV: 2 
[18:45:21] CV: 3 
[18:45:33] 
[18:45:33] 	Evaluating Model stuff...
[18:45:33] 
[18:45:33] -=-=-=--=-=-=- Allium.senescens_PA1_RUN5_ANN 
[18:45:34] 
[18:45:34] 	Model scaling...
[18:45:35] 	Evaluating Model stuff...
[18:45:35] 
[18:45:35] -=-=-=--=-=-=- Allium.senescens_PA1_RUN5_FDA 
[18:45:35] 
[18:45:35] 	Model scaling...Warning: glm.fit: fitted probabilities numerically 0 or 1 occurred
[18:45:35] 
[18:45:36] 	Evaluating Model stuff...
[18:45:36] 
[18:45:36] -=-=-=--=-=-=- Allium.senescens_PA1_RUN5_MAXNET 
[18:45:39] 
[18:45:39] 	Evaluating Model stuff...Warning in max(calcStat, na.rm = TRUE) :
[18:45:39]   no non-missing arguments to max; returning -Inf
[18:45:39] 
[18:45:39] 
[18:45:39] -=-=-=--=-=-=- Allium.senescens_PA2_RUN1_GLM 
[18:45:39] Warning: glm.fit: fitted probabilities numerically 0 or 1 occurred
[18:45:39] 
[18:45:40] 	Evaluating Model stuff...
[18:45:40] 
[18:45:40] -=-=-=--=-=-=- Allium.senescens_PA2_RUN1_GBM 
[18:45:40] CV: 1 
[18:45:45] CV: 2 
[18:45:49] CV: 3 
[18:46:00] 
[18:46:01] 	Evaluating Model stuff...
[18:46:01] 
[18:46:01] -=-=-=--=-=-=- Allium.senescens_PA2_RUN1_ANN 
[18:46:02] 
[18:46:02] 	Model scaling...
[18:46:02] 	Evaluating Model stuff...Warning in max(calcStat, na.rm = TRUE) :
[18:46:02]   no non-missing arguments to max; returning -Inf
[18:46:03] 
[18:46:03] 
[18:46:03] -=-=-=--=-=-=- Allium.senescens_PA2_RUN1_FDA 
[18:46:03] 
[18:46:03] 	Model scaling...Warning: glm.fit: fitted probabilities numerically 0 or 1 occurred
[18:46:03] 
[18:46:04] 	Evaluating Model stuff...
[18:46:04] 
[18:46:04] -=-=-=--=-=-=- Allium.senescens_PA2_RUN1_MAXNET 
[18:46:07] 
[18:46:07] 	Evaluating Model stuff...
[18:46:07] 
[18:46:07] -=-=-=--=-=-=- Allium.senescens_PA2_RUN2_GLM 
[18:46:07] Warning: glm.fit: fitted probabilities numerically 0 or 1 occurred
[18:46:07] 
[18:46:08] 	Evaluating Model stuff...
[18:46:08] 
[18:46:08] -=-=-=--=-=-=- Allium.senescens_PA2_RUN2_GBM 
[18:46:08] CV: 1 
[18:46:12] CV: 2 
[18:46:17] CV: 3 
[18:46:28] 
[18:46:29] 	Evaluating Model stuff...
[18:46:29] 
[18:46:29] -=-=-=--=-=-=- Allium.senescens_PA2_RUN2_ANN 
[18:46:29] 
[18:46:29] 	Model scaling...
[18:46:30] 	Evaluating Model stuff...
[18:46:30] 
[18:46:30] -=-=-=--=-=-=- Allium.senescens_PA2_RUN2_FDA 
[18:46:30] 
[18:46:30] 	Model scaling...Warning: glm.fit: fitted probabilities numerically 0 or 1 occurred
[18:46:30] 
[18:46:31] 	Evaluating Model stuff...
[18:46:31] 
[18:46:31] -=-=-=--=-=-=- Allium.senescens_PA2_RUN2_MAXNET 
[18:46:34] 
[18:46:35] 	Evaluating Model stuff...
[18:46:35] 
[18:46:35] -=-=-=--=-=-=- Allium.senescens_PA2_RUN3_GLM 
[18:46:35] Warning: glm.fit: fitted probabilities numerically 0 or 1 occurred
[18:46:35] 
[18:46:36] 	Evaluating Model stuff...
[18:46:36] 
[18:46:36] -=-=-=--=-=-=- Allium.senescens_PA2_RUN3_GBM 
[18:46:36] CV: 1 
[18:46:40] CV: 2 
[18:46:44] CV: 3 
[18:46:56] 
[18:46:57] 	Evaluating Model stuff...
[18:46:57] 
[18:46:57] -=-=-=--=-=-=- Allium.senescens_PA2_RUN3_ANN 
[18:46:57] 
[18:46:57] 	Model scaling...
[18:46:58] 	Evaluating Model stuff...
[18:46:58] 
[18:46:58] -=-=-=--=-=-=- Allium.senescens_PA2_RUN3_FDA 
[18:46:58] 
[18:46:58] 	Model scaling...Warning: glm.fit: fitted probabilities numerically 0 or 1 occurred
[18:46:58] 
[18:46:59] 	Evaluating Model stuff...
[18:46:59] 
[18:46:59] -=-=-=--=-=-=- Allium.senescens_PA2_RUN3_MAXNET 
[18:47:02] 
[18:47:03] 	Evaluating Model stuff...
[18:47:03] 
[18:47:03] -=-=-=--=-=-=- Allium.senescens_PA2_RUN4_GLM 
[18:47:03] Warning: glm.fit: fitted probabilities numerically 0 or 1 occurred
[18:47:03] 
[18:47:04] 	Evaluating Model stuff...
[18:47:04] 
[18:47:04] -=-=-=--=-=-=- Allium.senescens_PA2_RUN4_GBM 
[18:47:04] CV: 1 
[18:47:08] CV: 2 
[18:47:12] CV: 3 
[18:47:24] 
[18:47:25] 	Evaluating Model stuff...
[18:47:25] 
[18:47:25] -=-=-=--=-=-=- Allium.senescens_PA2_RUN4_ANN 
[18:47:25] 
[18:47:25] 	Model scaling...
[18:47:26] 	Evaluating Model stuff...
[18:47:26] 
[18:47:26] -=-=-=--=-=-=- Allium.senescens_PA2_RUN4_FDA 
[18:47:26] 
[18:47:26] 	Model scaling...Warning: glm.fit: fitted probabilities numerically 0 or 1 occurred
[18:47:26] 
[18:47:27] 	Evaluating Model stuff...
[18:47:27] 
[18:47:27] -=-=-=--=-=-=- Allium.senescens_PA2_RUN4_MAXNET 
[18:47:30] 
[18:47:31] 	Evaluating Model stuff...Warning in max(calcStat, na.rm = TRUE) :
[18:47:31]   no non-missing arguments to max; returning -Inf
[18:47:31] 
[18:47:31] 
[18:47:31] -=-=-=--=-=-=- Allium.senescens_PA2_RUN5_GLM 
[18:47:31] Warning: glm.fit: fitted probabilities numerically 0 or 1 occurred
[18:47:31] 
[18:47:32] 	Evaluating Model stuff...
[18:47:32] 
[18:47:32] -=-=-=--=-=-=- Allium.senescens_PA2_RUN5_GBM 
[18:47:32] CV: 1 
[18:47:36] CV: 2 
[18:47:40] CV: 3 
[18:47:52] 
[18:47:53] 	Evaluating Model stuff...
[18:47:53] 
[18:47:53] -=-=-=--=-=-=- Allium.senescens_PA2_RUN5_ANN 
[18:47:53] 
[18:47:53] 	Model scaling...
[18:47:54] 	Evaluating Model stuff...
[18:47:54] 
[18:47:54] -=-=-=--=-=-=- Allium.senescens_PA2_RUN5_FDA 
[18:47:54] 
[18:47:54] 	Model scaling...
[18:47:55] 	Evaluating Model stuff...
[18:47:55] 
[18:47:55] -=-=-=--=-=-=- Allium.senescens_PA2_RUN5_MAXNET 
[18:47:58] 
[18:47:59] 	Evaluating Model stuff...
[18:47:59] 
[18:47:59] -=-=-=--=-=-=- Allium.senescens_PA3_RUN1_GLM 
[18:47:59] Warning: glm.fit: fitted probabilities numerically 0 or 1 occurred
[18:47:59] 
[18:48:00] 	Evaluating Model stuff...
[18:48:00] 
[18:48:00] -=-=-=--=-=-=- Allium.senescens_PA3_RUN1_GBM 
[18:48:00] CV: 1 
[18:48:04] CV: 2 
[18:48:08] CV: 3 
[18:48:20] 
[18:48:21] 	Evaluating Model stuff...
[18:48:21] 
[18:48:21] -=-=-=--=-=-=- Allium.senescens_PA3_RUN1_ANN 
[18:48:21] 
[18:48:21] 	Model scaling...
[18:48:22] 	Evaluating Model stuff...
[18:48:22] 
[18:48:22] -=-=-=--=-=-=- Allium.senescens_PA3_RUN1_FDA 
[18:48:22] 
[18:48:22] 	Model scaling...
[18:48:23] 	Evaluating Model stuff...
[18:48:23] 
[18:48:23] -=-=-=--=-=-=- Allium.senescens_PA3_RUN1_MAXNET 
[18:48:26] 
[18:48:27] 	Evaluating Model stuff...
[18:48:27] 
[18:48:27] -=-=-=--=-=-=- Allium.senescens_PA3_RUN2_GLM 
[18:48:27] Warning: glm.fit: fitted probabilities numerically 0 or 1 occurred
[18:48:27] 
[18:48:27] 	Evaluating Model stuff...
[18:48:27] 
[18:48:27] -=-=-=--=-=-=- Allium.senescens_PA3_RUN2_GBM 
[18:48:27] CV: 1 
[18:48:32] CV: 2 
[18:48:36] CV: 3 
[18:48:48] 
[18:48:49] 	Evaluating Model stuff...
[18:48:49] 
[18:48:49] -=-=-=--=-=-=- Allium.senescens_PA3_RUN2_ANN 
[18:48:49] 
[18:48:49] 	Model scaling...
[18:48:50] 	Evaluating Model stuff...
[18:48:50] 
[18:48:50] -=-=-=--=-=-=- Allium.senescens_PA3_RUN2_FDA 
[18:48:50] 
[18:48:50] 	Model scaling...
[18:48:51] 	Evaluating Model stuff...
[18:48:51] 
[18:48:51] -=-=-=--=-=-=- Allium.senescens_PA3_RUN2_MAXNET 
[18:48:54] 
[18:48:55] 	Evaluating Model stuff...
[18:48:55] 
[18:48:55] -=-=-=--=-=-=- Allium.senescens_PA3_RUN3_GLM 
[18:48:55] Warning: glm.fit: fitted probabilities numerically 0 or 1 occurred
[18:48:55] 
[18:48:56] 	Evaluating Model stuff...
[18:48:56] 
[18:48:56] -=-=-=--=-=-=- Allium.senescens_PA3_RUN3_GBM 
[18:48:56] CV: 1 
[18:49:00] CV: 2 
[18:49:04] CV: 3 
[18:49:16] 
[18:49:17] 	Evaluating Model stuff...
[18:49:17] 
[18:49:17] -=-=-=--=-=-=- Allium.senescens_PA3_RUN3_ANN 
[18:49:17] 
[18:49:17] 	Model scaling...
[18:49:18] 	Evaluating Model stuff...
[18:49:18] 
[18:49:18] -=-=-=--=-=-=- Allium.senescens_PA3_RUN3_FDA 
[18:49:18] 
[18:49:18] 	Model scaling...Warning: glm.fit: fitted probabilities numerically 0 or 1 occurred
[18:49:18] 
[18:49:19] 	Evaluating Model stuff...
[18:49:19] 
[18:49:19] -=-=-=--=-=-=- Allium.senescens_PA3_RUN3_MAXNET 
[18:49:22] 
[18:49:23] 	Evaluating Model stuff...
[18:49:23] 
[18:49:23] -=-=-=--=-=-=- Allium.senescens_PA3_RUN4_GLM 
[18:49:23] Warning: glm.fit: fitted probabilities numerically 0 or 1 occurred
[18:49:23] 
[18:49:23] 	Evaluating Model stuff...
[18:49:23] 
[18:49:23] -=-=-=--=-=-=- Allium.senescens_PA3_RUN4_GBM 
[18:49:23] CV: 1 
[18:49:28] CV: 2 
[18:49:32] CV: 3 
[18:49:44] 
[18:49:44] 	Evaluating Model stuff...
[18:49:44] 
[18:49:44] -=-=-=--=-=-=- Allium.senescens_PA3_RUN4_ANN 
[18:49:45] 
[18:49:45] 	Model scaling...
[18:49:46] 	Evaluating Model stuff...
[18:49:46] 
[18:49:46] -=-=-=--=-=-=- Allium.senescens_PA3_RUN4_FDA 
[18:49:46] 
[18:49:46] 	Model scaling...Warning: glm.fit: algorithm did not converge
[18:49:46] Warning: glm.fit: fitted probabilities numerically 0 or 1 occurred
[18:49:46] 
[18:49:47] 	Evaluating Model stuff...
[18:49:47] 
[18:49:47] -=-=-=--=-=-=- Allium.senescens_PA3_RUN4_MAXNET 
[18:49:50] 
[18:49:50] 	Evaluating Model stuff...
[18:49:50] 
[18:49:50] -=-=-=--=-=-=- Allium.senescens_PA3_RUN5_GLM 
[18:49:50] Warning: glm.fit: fitted probabilities numerically 0 or 1 occurred
[18:49:50] 
[18:49:51] 	Evaluating Model stuff...
[18:49:51] 
[18:49:51] -=-=-=--=-=-=- Allium.senescens_PA3_RUN5_GBM 
[18:49:51] CV: 1 
[18:49:56] CV: 2 
[18:50:00] CV: 3 
[18:50:12] 
[18:50:12] 	Evaluating Model stuff...
[18:50:12] 
[18:50:12] -=-=-=--=-=-=- Allium.senescens_PA3_RUN5_ANN 
[18:50:13] 
[18:50:13] 	Model scaling...
[18:50:14] 	Evaluating Model stuff...
[18:50:14] 
[18:50:14] -=-=-=--=-=-=- Allium.senescens_PA3_RUN5_FDA 
[18:50:14] 
[18:50:14] 	Model scaling...Warning: glm.fit: fitted probabilities numerically 0 or 1 occurred
[18:50:14] 
[18:50:15] 	Evaluating Model stuff...
[18:50:15] 
[18:50:15] -=-=-=--=-=-=- Allium.senescens_PA3_RUN5_MAXNET 
[18:50:18] 
[18:50:18] 	Evaluating Model stuff...
[18:50:18] 
[18:50:18] -=-=-=--=-=-=- Allium.senescens_PA4_RUN1_GLM 
[18:50:18] Warning: glm.fit: fitted probabilities numerically 0 or 1 occurred
[18:50:19] 
[18:50:19] 	Evaluating Model stuff...
[18:50:19] 
[18:50:19] -=-=-=--=-=-=- Allium.senescens_PA4_RUN1_GBM 
[18:50:19] CV: 1 
[18:50:24] CV: 2 
[18:50:28] CV: 3 
[18:50:40] 
[18:50:40] 	Evaluating Model stuff...
[18:50:40] 
[18:50:40] -=-=-=--=-=-=- Allium.senescens_PA4_RUN1_ANN 
[18:50:41] 
[18:50:41] 	Model scaling...
[18:50:42] 	Evaluating Model stuff...
[18:50:42] 
[18:50:42] -=-=-=--=-=-=- Allium.senescens_PA4_RUN1_FDA 
[18:50:42] 
[18:50:42] 	Model scaling...Warning: glm.fit: fitted probabilities numerically 0 or 1 occurred
[18:50:42] 
[18:50:43] 	Evaluating Model stuff...
[18:50:43] 
[18:50:43] -=-=-=--=-=-=- Allium.senescens_PA4_RUN1_MAXNET 
[18:50:46] 
[18:50:46] 	Evaluating Model stuff...
[18:50:46] 
[18:50:46] -=-=-=--=-=-=- Allium.senescens_PA4_RUN2_GLM 
[18:50:46] Warning: glm.fit: fitted probabilities numerically 0 or 1 occurred
[18:50:46] 
[18:50:47] 	Evaluating Model stuff...
[18:50:47] 
[18:50:47] -=-=-=--=-=-=- Allium.senescens_PA4_RUN2_GBM 
[18:50:47] CV: 1 
[18:50:51] CV: 2 
[18:50:56] CV: 3 
[18:51:07] 
[18:51:08] 	Evaluating Model stuff...
[18:51:08] 
[18:51:08] -=-=-=--=-=-=- Allium.senescens_PA4_RUN2_ANN 
[18:51:08] 
[18:51:08] 	Model scaling...
[18:51:09] 	Evaluating Model stuff...
[18:51:09] 
[18:51:09] -=-=-=--=-=-=- Allium.senescens_PA4_RUN2_FDA 
[18:51:09] 
[18:51:09] 	Model scaling...Warning: glm.fit: fitted probabilities numerically 0 or 1 occurred
[18:51:09] 
[18:51:10] 	Evaluating Model stuff...
[18:51:10] 
[18:51:10] -=-=-=--=-=-=- Allium.senescens_PA4_RUN2_MAXNET 
[18:51:13] 
[18:51:14] 	Evaluating Model stuff...
[18:51:14] 
[18:51:14] -=-=-=--=-=-=- Allium.senescens_PA4_RUN3_GLM 
[18:51:14] Warning: glm.fit: fitted probabilities numerically 0 or 1 occurred
[18:51:14] 
[18:51:15] 	Evaluating Model stuff...
[18:51:15] 
[18:51:15] -=-=-=--=-=-=- Allium.senescens_PA4_RUN3_GBM 
[18:51:15] CV: 1 
[18:51:19] CV: 2 
[18:51:23] CV: 3 
[18:51:35] 
[18:51:36] 	Evaluating Model stuff...
[18:51:36] 
[18:51:36] -=-=-=--=-=-=- Allium.senescens_PA4_RUN3_ANN 
[18:51:36] 
[18:51:36] 	Model scaling...
[18:51:37] 	Evaluating Model stuff...
[18:51:37] 
[18:51:37] -=-=-=--=-=-=- Allium.senescens_PA4_RUN3_FDA 
[18:51:37] 
[18:51:37] 	Model scaling...Warning: glm.fit: algorithm did not converge
[18:51:37] Warning: glm.fit: fitted probabilities numerically 0 or 1 occurred
[18:51:37] 
[18:51:38] 	Evaluating Model stuff...
[18:51:38] 
[18:51:38] -=-=-=--=-=-=- Allium.senescens_PA4_RUN3_MAXNET 
[18:51:41] 
[18:51:42] 	Evaluating Model stuff...
[18:51:42] 
[18:51:42] -=-=-=--=-=-=- Allium.senescens_PA4_RUN4_GLM 
[18:51:42] Warning: glm.fit: fitted probabilities numerically 0 or 1 occurred
[18:51:42] 
[18:51:42] 	Evaluating Model stuff...
[18:51:42] 
[18:51:42] -=-=-=--=-=-=- Allium.senescens_PA4_RUN4_GBM 
[18:51:42] CV: 1 
[18:51:47] CV: 2 
[18:51:51] CV: 3 
[18:52:03] 
[18:52:03] 	Evaluating Model stuff...
[18:52:03] 
[18:52:03] -=-=-=--=-=-=- Allium.senescens_PA4_RUN4_ANN 
[18:52:04] 
[18:52:04] 	Model scaling...
[18:52:05] 	Evaluating Model stuff...
[18:52:05] 
[18:52:05] -=-=-=--=-=-=- Allium.senescens_PA4_RUN4_FDA 
[18:52:05] 
[18:52:05] 	Model scaling...Warning: glm.fit: fitted probabilities numerically 0 or 1 occurred
[18:52:05] 
[18:52:06] 	Evaluating Model stuff...
[18:52:06] 
[18:52:06] -=-=-=--=-=-=- Allium.senescens_PA4_RUN4_MAXNET 
[18:52:09] 
[18:52:09] 	Evaluating Model stuff...
[18:52:09] 
[18:52:09] -=-=-=--=-=-=- Allium.senescens_PA4_RUN5_GLM 
[18:52:09] Warning: glm.fit: fitted probabilities numerically 0 or 1 occurred
[18:52:09] 
[18:52:10] 	Evaluating Model stuff...
[18:52:10] 
[18:52:10] -=-=-=--=-=-=- Allium.senescens_PA4_RUN5_GBM 
[18:52:10] CV: 1 
[18:52:14] CV: 2 
[18:52:19] CV: 3 
[18:52:31] 
[18:52:31] 	Evaluating Model stuff...
[18:52:31] 
[18:52:31] -=-=-=--=-=-=- Allium.senescens_PA4_RUN5_ANN 
[18:52:32] 
[18:52:32] 	Model scaling...
[18:52:32] 	Evaluating Model stuff...
[18:52:32] 
[18:52:32] -=-=-=--=-=-=- Allium.senescens_PA4_RUN5_FDA 
[18:52:32] 
[18:52:33] 	Model scaling...Warning: glm.fit: algorithm did not converge
[18:52:33] Warning: glm.fit: fitted probabilities numerically 0 or 1 occurred
[18:52:33] 
[18:52:34] 	Evaluating Model stuff...
[18:52:34] 
[18:52:34] -=-=-=--=-=-=- Allium.senescens_PA4_RUN5_MAXNET 
[18:52:36] 
[18:52:37] 	Evaluating Model stuff...
[18:52:37] 
[18:52:37] -=-=-=--=-=-=- Allium.senescens_PA5_RUN1_GLM 
[18:52:37] Warning: glm.fit: fitted probabilities numerically 0 or 1 occurred
[18:52:37] 
[18:52:38] 	Evaluating Model stuff...
[18:52:38] 
[18:52:38] -=-=-=--=-=-=- Allium.senescens_PA5_RUN1_GBM 
[18:52:38] CV: 1 
[18:52:42] CV: 2 
[18:52:47] CV: 3 
[18:52:58] 
[18:52:59] 	Evaluating Model stuff...
[18:52:59] 
[18:52:59] -=-=-=--=-=-=- Allium.senescens_PA5_RUN1_ANN 
[18:52:59] 
[18:52:59] 	Model scaling...
[18:53:00] 	Evaluating Model stuff...
[18:53:00] 
[18:53:00] -=-=-=--=-=-=- Allium.senescens_PA5_RUN1_FDA 
[18:53:00] 
[18:53:00] 	Model scaling...Warning: glm.fit: algorithm did not converge
[18:53:00] Warning: glm.fit: fitted probabilities numerically 0 or 1 occurred
[18:53:00] 
[18:53:01] 	Evaluating Model stuff...
[18:53:01] 
[18:53:01] -=-=-=--=-=-=- Allium.senescens_PA5_RUN1_MAXNET 
[18:53:04] 
[18:53:05] 	Evaluating Model stuff...Warning in max(calcStat, na.rm = TRUE) :
[18:53:05]   no non-missing arguments to max; returning -Inf
[18:53:05] 
[18:53:05] 
[18:53:05] -=-=-=--=-=-=- Allium.senescens_PA5_RUN2_GLM 
[18:53:05] Warning: glm.fit: fitted probabilities numerically 0 or 1 occurred
[18:53:05] 
[18:53:06] 	Evaluating Model stuff...
[18:53:06] 
[18:53:06] -=-=-=--=-=-=- Allium.senescens_PA5_RUN2_GBM 
[18:53:06] CV: 1 
[18:53:10] CV: 2 
[18:53:14] CV: 3 
[18:53:26] 
[18:53:27] 	Evaluating Model stuff...
[18:53:27] 
[18:53:27] -=-=-=--=-=-=- Allium.senescens_PA5_RUN2_ANN 
[18:53:27] 
[18:53:27] 	Model scaling...
[18:53:28] 	Evaluating Model stuff...
[18:53:28] 
[18:53:28] -=-=-=--=-=-=- Allium.senescens_PA5_RUN2_FDA 
[18:53:28] 
[18:53:28] 	Model scaling...Warning: glm.fit: fitted probabilities numerically 0 or 1 occurred
[18:53:28] 
[18:53:29] 	Evaluating Model stuff...
[18:53:29] 
[18:53:29] -=-=-=--=-=-=- Allium.senescens_PA5_RUN2_MAXNET 
[18:53:32] 
[18:53:33] 	Evaluating Model stuff...Warning in max(calcStat, na.rm = TRUE) :
[18:53:33]   no non-missing arguments to max; returning -Inf
[18:53:33] 
[18:53:33] 
[18:53:33] -=-=-=--=-=-=- Allium.senescens_PA5_RUN3_GLM 
[18:53:33] Warning: glm.fit: fitted probabilities numerically 0 or 1 occurred
[18:53:33] 
[18:53:33] 	Evaluating Model stuff...
[18:53:33] 
[18:53:33] -=-=-=--=-=-=- Allium.senescens_PA5_RUN3_GBM 
[18:53:33] CV: 1 
[18:53:38] CV: 2 
[18:53:42] CV: 3 
[18:53:54] 
[18:53:54] 	Evaluating Model stuff...
[18:53:54] 
[18:53:54] -=-=-=--=-=-=- Allium.senescens_PA5_RUN3_ANN 
[18:53:55] 
[18:53:55] 	Model scaling...
[18:53:56] 	Evaluating Model stuff...
[18:53:56] 
[18:53:56] -=-=-=--=-=-=- Allium.senescens_PA5_RUN3_FDA 
[18:53:56] 
[18:53:56] 	Model scaling...Warning: glm.fit: fitted probabilities numerically 0 or 1 occurred
[18:53:56] 
[18:53:57] 	Evaluating Model stuff...
[18:53:57] 
[18:53:57] -=-=-=--=-=-=- Allium.senescens_PA5_RUN3_MAXNET 
[18:54:00] 
[18:54:00] 	Evaluating Model stuff...
[18:54:00] 
[18:54:00] -=-=-=--=-=-=- Allium.senescens_PA5_RUN4_GLM 
[18:54:00] Warning: glm.fit: fitted probabilities numerically 0 or 1 occurred
[18:54:00] 
[18:54:01] 	Evaluating Model stuff...
[18:54:01] 
[18:54:01] -=-=-=--=-=-=- Allium.senescens_PA5_RUN4_GBM 
[18:54:01] CV: 1 
[18:54:05] CV: 2 
[18:54:10] CV: 3 
[18:54:21] 
[18:54:22] 	Evaluating Model stuff...
[18:54:22] 
[18:54:22] -=-=-=--=-=-=- Allium.senescens_PA5_RUN4_ANN 
[18:54:22] 
[18:54:22] 	Model scaling...
[18:54:23] 	Evaluating Model stuff...
[18:54:23] 
[18:54:23] -=-=-=--=-=-=- Allium.senescens_PA5_RUN4_FDA 
[18:54:23] 
[18:54:23] 	Model scaling...Warning: glm.fit: fitted probabilities numerically 0 or 1 occurred
[18:54:23] 
[18:54:24] 	Evaluating Model stuff...
[18:54:24] 
[18:54:24] -=-=-=--=-=-=- Allium.senescens_PA5_RUN4_MAXNET 
[18:54:27] 
[18:54:28] 	Evaluating Model stuff...
[18:54:28] 
[18:54:28] -=-=-=--=-=-=- Allium.senescens_PA5_RUN5_GLM 
[18:54:28] Warning: glm.fit: fitted probabilities numerically 0 or 1 occurred
[18:54:28] 
[18:54:29] 	Evaluating Model stuff...
[18:54:29] 
[18:54:29] -=-=-=--=-=-=- Allium.senescens_PA5_RUN5_GBM 
[18:54:29] CV: 1 
[18:54:33] CV: 2 
[18:54:38] CV: 3 
[18:54:49] 
[18:54:50] 	Evaluating Model stuff...
[18:54:50] 
[18:54:50] -=-=-=--=-=-=- Allium.senescens_PA5_RUN5_ANN 
[18:54:50] 
[18:54:50] 	Model scaling...
[18:54:51] 	Evaluating Model stuff...
[18:54:51] 
[18:54:51] -=-=-=--=-=-=- Allium.senescens_PA5_RUN5_FDA 
[18:54:51] 
[18:54:51] 	Model scaling...Warning: glm.fit: algorithm did not converge
[18:54:51] Warning: glm.fit: fitted probabilities numerically 0 or 1 occurred
[18:54:51] 
[18:54:52] 	Evaluating Model stuff...
[18:54:52] 
[18:54:52] -=-=-=--=-=-=- Allium.senescens_PA5_RUN5_MAXNET 
[18:54:55] 
[18:54:56] 	Evaluating Model stuff...
[18:54:56] 
[18:54:56] -=-=-=--=-=-=- Allium.senescens_PA6_RUN1_GLM 
[18:54:56] Warning: glm.fit: fitted probabilities numerically 0 or 1 occurred
[18:54:56] 
[18:54:57] 	Evaluating Model stuff...
[18:54:57] 
[18:54:57] -=-=-=--=-=-=- Allium.senescens_PA6_RUN1_GBM 
[18:54:57] CV: 1 
[18:55:01] CV: 2 
[18:55:05] CV: 3 
[18:55:17] 
[18:55:17] 	Evaluating Model stuff...
[18:55:17] 
[18:55:17] -=-=-=--=-=-=- Allium.senescens_PA6_RUN1_ANN 
[18:55:18] 
[18:55:18] 	Model scaling...
[18:55:19] 	Evaluating Model stuff...
[18:55:19] 
[18:55:19] -=-=-=--=-=-=- Allium.senescens_PA6_RUN1_FDA 
[18:55:19] 
[18:55:19] 	Model scaling...Warning: glm.fit: algorithm did not converge
[18:55:19] Warning: glm.fit: fitted probabilities numerically 0 or 1 occurred
[18:55:19] 
[18:55:20] 	Evaluating Model stuff...
[18:55:20] 
[18:55:20] -=-=-=--=-=-=- Allium.senescens_PA6_RUN1_MAXNET 
[18:55:23] 
[18:55:23] 	Evaluating Model stuff...
[18:55:23] 
[18:55:23] -=-=-=--=-=-=- Allium.senescens_PA6_RUN2_GLM 
[18:55:23] Warning: glm.fit: fitted probabilities numerically 0 or 1 occurred
[18:55:23] 
[18:55:24] 	Evaluating Model stuff...
[18:55:24] 
[18:55:24] -=-=-=--=-=-=- Allium.senescens_PA6_RUN2_GBM 
[18:55:24] CV: 1 
[18:55:28] CV: 2 
[18:55:33] CV: 3 
[18:55:44] 
[18:55:45] 	Evaluating Model stuff...
[18:55:45] 
[18:55:45] -=-=-=--=-=-=- Allium.senescens_PA6_RUN2_ANN 
[18:55:45] 
[18:55:45] 	Model scaling...
[18:55:46] 	Evaluating Model stuff...
[18:55:46] 
[18:55:46] -=-=-=--=-=-=- Allium.senescens_PA6_RUN2_FDA 
[18:55:46] 
[18:55:46] 	Model scaling...Warning: glm.fit: algorithm did not converge
[18:55:46] Warning: glm.fit: fitted probabilities numerically 0 or 1 occurred
[18:55:46] 
[18:55:47] 	Evaluating Model stuff...
[18:55:47] 
[18:55:47] -=-=-=--=-=-=- Allium.senescens_PA6_RUN2_MAXNET 
[18:55:50] 
[18:55:51] 	Evaluating Model stuff...
[18:55:51] 
[18:55:51] -=-=-=--=-=-=- Allium.senescens_PA6_RUN3_GLM 
[18:55:51] Warning: glm.fit: fitted probabilities numerically 0 or 1 occurred
[18:55:51] 
[18:55:52] 	Evaluating Model stuff...
[18:55:52] 
[18:55:52] -=-=-=--=-=-=- Allium.senescens_PA6_RUN3_GBM 
[18:55:52] CV: 1 
[18:55:56] CV: 2 
[18:56:00] CV: 3 
[18:56:12] 
[18:56:13] 	Evaluating Model stuff...
[18:56:13] 
[18:56:13] -=-=-=--=-=-=- Allium.senescens_PA6_RUN3_ANN 
[18:56:13] 
[18:56:13] 	Model scaling...
[18:56:14] 	Evaluating Model stuff...
[18:56:14] 
[18:56:14] -=-=-=--=-=-=- Allium.senescens_PA6_RUN3_FDA 
[18:56:14] 
[18:56:14] 	Model scaling...Warning: glm.fit: algorithm did not converge
[18:56:14] Warning: glm.fit: fitted probabilities numerically 0 or 1 occurred
[18:56:14] 
[18:56:15] 	Evaluating Model stuff...
[18:56:15] 
[18:56:15] -=-=-=--=-=-=- Allium.senescens_PA6_RUN3_MAXNET 
[18:56:18] 
[18:56:19] 	Evaluating Model stuff...Warning in max(calcStat, na.rm = TRUE) :
[18:56:19]   no non-missing arguments to max; returning -Inf
[18:56:19] 
[18:56:19] 
[18:56:19] -=-=-=--=-=-=- Allium.senescens_PA6_RUN4_GLM 
[18:56:19] Warning: glm.fit: fitted probabilities numerically 0 or 1 occurred
[18:56:19] 
[18:56:20] 	Evaluating Model stuff...
[18:56:20] 
[18:56:20] -=-=-=--=-=-=- Allium.senescens_PA6_RUN4_GBM 
[18:56:20] CV: 1 
[18:56:24] CV: 2 
[18:56:28] CV: 3 
[18:56:40] 
[18:56:41] 	Evaluating Model stuff...
[18:56:41] 
[18:56:41] -=-=-=--=-=-=- Allium.senescens_PA6_RUN4_ANN 
[18:56:41] 
[18:56:41] 	Model scaling...
[18:56:42] 	Evaluating Model stuff...
[18:56:42] 
[18:56:42] -=-=-=--=-=-=- Allium.senescens_PA6_RUN4_FDA 
[18:56:42] 
[18:56:42] 	Model scaling...Warning: glm.fit: algorithm did not converge
[18:56:42] Warning: glm.fit: fitted probabilities numerically 0 or 1 occurred
[18:56:42] 
[18:56:43] 	Evaluating Model stuff...
[18:56:43] 
[18:56:43] -=-=-=--=-=-=- Allium.senescens_PA6_RUN4_MAXNET 
[18:56:46] 
[18:56:46] 	Evaluating Model stuff...
[18:56:46] 
[18:56:46] -=-=-=--=-=-=- Allium.senescens_PA6_RUN5_GLM 
[18:56:46] Warning: glm.fit: fitted probabilities numerically 0 or 1 occurred
[18:56:46] 
[18:56:47] 	Evaluating Model stuff...
[18:56:47] 
[18:56:47] -=-=-=--=-=-=- Allium.senescens_PA6_RUN5_GBM 
[18:56:47] CV: 1 
[18:56:51] CV: 2 
[18:56:56] CV: 3 
[18:57:07] 
[18:57:08] 	Evaluating Model stuff...
[18:57:08] 
[18:57:08] -=-=-=--=-=-=- Allium.senescens_PA6_RUN5_ANN 
[18:57:08] 
[18:57:08] 	Model scaling...
[18:57:09] 	Evaluating Model stuff...
[18:57:09] 
[18:57:09] -=-=-=--=-=-=- Allium.senescens_PA6_RUN5_FDA 
[18:57:09] 
[18:57:09] 	Model scaling...Warning: glm.fit: algorithm did not converge
[18:57:09] Warning: glm.fit: fitted probabilities numerically 0 or 1 occurred
[18:57:09] 
[18:57:10] 	Evaluating Model stuff...
[18:57:10] 
[18:57:10] -=-=-=--=-=-=- Allium.senescens_PA6_RUN5_MAXNET 
[18:57:13] 
[18:57:14] 	Evaluating Model stuff...
[18:57:14] 
[18:57:14] -=-=-=--=-=-=- Allium.senescens_PA7_RUN1_GLM 
[18:57:14] Warning: glm.fit: fitted probabilities numerically 0 or 1 occurred
[18:57:14] 
[18:57:15] 	Evaluating Model stuff...
[18:57:15] 
[18:57:15] -=-=-=--=-=-=- Allium.senescens_PA7_RUN1_GBM 
[18:57:15] CV: 1 
[18:57:19] CV: 2 
[18:57:23] CV: 3 
[18:57:35] 
[18:57:36] 	Evaluating Model stuff...
[18:57:36] 
[18:57:36] -=-=-=--=-=-=- Allium.senescens_PA7_RUN1_ANN 
[18:57:36] 
[18:57:36] 	Model scaling...
[18:57:37] 	Evaluating Model stuff...
[18:57:37] 
[18:57:37] -=-=-=--=-=-=- Allium.senescens_PA7_RUN1_FDA 
[18:57:37] 
[18:57:37] 	Model scaling...Warning: glm.fit: fitted probabilities numerically 0 or 1 occurred
[18:57:37] 
[18:57:38] 	Evaluating Model stuff...
[18:57:38] 
[18:57:38] -=-=-=--=-=-=- Allium.senescens_PA7_RUN1_MAXNET 
[18:57:41] 
[18:57:41] 	Evaluating Model stuff...Warning in max(calcStat, na.rm = TRUE) :
[18:57:41]   no non-missing arguments to max; returning -Inf
[18:57:41] 
[18:57:41] 
[18:57:41] -=-=-=--=-=-=- Allium.senescens_PA7_RUN2_GLM 
[18:57:41] Warning: glm.fit: fitted probabilities numerically 0 or 1 occurred
[18:57:41] 
[18:57:42] 	Evaluating Model stuff...
[18:57:42] 
[18:57:42] -=-=-=--=-=-=- Allium.senescens_PA7_RUN2_GBM 
[18:57:42] CV: 1 
[18:57:46] CV: 2 
[18:57:51] CV: 3 
[18:58:02] 
[18:58:03] 	Evaluating Model stuff...
[18:58:03] 
[18:58:03] -=-=-=--=-=-=- Allium.senescens_PA7_RUN2_ANN 
[18:58:03] 
[18:58:03] 	Model scaling...
[18:58:04] 	Evaluating Model stuff...
[18:58:04] 
[18:58:04] -=-=-=--=-=-=- Allium.senescens_PA7_RUN2_FDA 
[18:58:04] 
[18:58:04] 	Model scaling...Warning: glm.fit: fitted probabilities numerically 0 or 1 occurred
[18:58:04] 
[18:58:05] 	Evaluating Model stuff...
[18:58:05] 
[18:58:05] -=-=-=--=-=-=- Allium.senescens_PA7_RUN2_MAXNET 
[18:58:08] 
[18:58:08] 	Evaluating Model stuff...Warning in max(calcStat, na.rm = TRUE) :
[18:58:08]   no non-missing arguments to max; returning -Inf
[18:58:08] 
[18:58:08] 
[18:58:08] -=-=-=--=-=-=- Allium.senescens_PA7_RUN3_GLM 
[18:58:08] Warning: glm.fit: fitted probabilities numerically 0 or 1 occurred
[18:58:08] 
[18:58:09] 	Evaluating Model stuff...
[18:58:09] 
[18:58:09] -=-=-=--=-=-=- Allium.senescens_PA7_RUN3_GBM 
[18:58:09] CV: 1 
[18:58:14] CV: 2 
[18:58:18] CV: 3 
[18:58:29] 
[18:58:30] 	Evaluating Model stuff...
[18:58:30] 
[18:58:30] -=-=-=--=-=-=- Allium.senescens_PA7_RUN3_ANN 
[18:58:31] 
[18:58:31] 	Model scaling...
[18:58:31] 	Evaluating Model stuff...
[18:58:31] 
[18:58:31] -=-=-=--=-=-=- Allium.senescens_PA7_RUN3_FDA 
[18:58:31] 
[18:58:32] 	Model scaling...Warning: glm.fit: fitted probabilities numerically 0 or 1 occurred
[18:58:32] 
[18:58:32] 	Evaluating Model stuff...
[18:58:32] 
[18:58:32] -=-=-=--=-=-=- Allium.senescens_PA7_RUN3_MAXNET 
[18:58:35] 
[18:58:36] 	Evaluating Model stuff...
[18:58:36] 
[18:58:36] -=-=-=--=-=-=- Allium.senescens_PA7_RUN4_GLM 
[18:58:36] Warning: glm.fit: fitted probabilities numerically 0 or 1 occurred
[18:58:36] 
[18:58:37] 	Evaluating Model stuff...
[18:58:37] 
[18:58:37] -=-=-=--=-=-=- Allium.senescens_PA7_RUN4_GBM 
[18:58:37] CV: 1 
[18:58:41] CV: 2 
[18:58:45] CV: 3 
[18:58:57] 
[18:58:58] 	Evaluating Model stuff...
[18:58:58] 
[18:58:58] -=-=-=--=-=-=- Allium.senescens_PA7_RUN4_ANN 
[18:58:58] 
[18:58:58] 	Model scaling...
[18:58:59] 	Evaluating Model stuff...
[18:58:59] 
[18:58:59] -=-=-=--=-=-=- Allium.senescens_PA7_RUN4_FDA 
[18:58:59] 
[18:58:59] 	Model scaling...Warning: glm.fit: fitted probabilities numerically 0 or 1 occurred
[18:58:59] 
[18:59:00] 	Evaluating Model stuff...
[18:59:00] 
[18:59:00] -=-=-=--=-=-=- Allium.senescens_PA7_RUN4_MAXNET 
[18:59:03] 
[18:59:03] 	Evaluating Model stuff...
[18:59:03] 
[18:59:03] -=-=-=--=-=-=- Allium.senescens_PA7_RUN5_GLM 
[18:59:03] Warning: glm.fit: fitted probabilities numerically 0 or 1 occurred
[18:59:03] 
[18:59:04] 	Evaluating Model stuff...
[18:59:04] 
[18:59:04] -=-=-=--=-=-=- Allium.senescens_PA7_RUN5_GBM 
[18:59:04] CV: 1 
[18:59:08] CV: 2 
[18:59:13] CV: 3 
[18:59:24] 
[18:59:25] 	Evaluating Model stuff...
[18:59:25] 
[18:59:25] -=-=-=--=-=-=- Allium.senescens_PA7_RUN5_ANN 
[18:59:25] 
[18:59:25] 	Model scaling...
[18:59:26] 	Evaluating Model stuff...
[18:59:26] 
[18:59:26] -=-=-=--=-=-=- Allium.senescens_PA7_RUN5_FDA 
[18:59:26] 
[18:59:26] 	Model scaling...Warning: glm.fit: fitted probabilities numerically 0 or 1 occurred
[18:59:26] 
[18:59:27] 	Evaluating Model stuff...
[18:59:27] 
[18:59:27] -=-=-=--=-=-=- Allium.senescens_PA7_RUN5_MAXNET 
[18:59:30] 
[18:59:31] 	Evaluating Model stuff...
[18:59:31] 
[18:59:31] -=-=-=--=-=-=- Allium.senescens_PA8_RUN1_GLM 
[18:59:31] Warning: glm.fit: fitted probabilities numerically 0 or 1 occurred
[18:59:31] 
[18:59:31] 	Evaluating Model stuff...
[18:59:31] 
[18:59:31] -=-=-=--=-=-=- Allium.senescens_PA8_RUN1_GBM 
[18:59:31] CV: 1 
[18:59:36] CV: 2 
[18:59:40] CV: 3 
[18:59:51] 
[18:59:52] 	Evaluating Model stuff...
[18:59:52] 
[18:59:52] -=-=-=--=-=-=- Allium.senescens_PA8_RUN1_ANN 
[18:59:52] 
[18:59:52] 	Model scaling...
[18:59:53] 	Evaluating Model stuff...
[18:59:53] 
[18:59:53] -=-=-=--=-=-=- Allium.senescens_PA8_RUN1_FDA 
[18:59:53] 
[18:59:53] 	Model scaling...Warning: glm.fit: algorithm did not converge
[18:59:53] Warning: glm.fit: fitted probabilities numerically 0 or 1 occurred
[18:59:53] 
[18:59:54] 	Evaluating Model stuff...
[18:59:54] 
[18:59:54] -=-=-=--=-=-=- Allium.senescens_PA8_RUN1_MAXNET 
[18:59:57] 
[18:59:58] 	Evaluating Model stuff...
[18:59:58] 
[18:59:58] -=-=-=--=-=-=- Allium.senescens_PA8_RUN2_GLM 
[18:59:58] Warning: glm.fit: fitted probabilities numerically 0 or 1 occurred
[18:59:58] 
[18:59:59] 	Evaluating Model stuff...
[18:59:59] 
[18:59:59] -=-=-=--=-=-=- Allium.senescens_PA8_RUN2_GBM 
[18:59:59] CV: 1 
[19:00:03] CV: 2 
[19:00:07] CV: 3 
[19:00:19] 
[19:00:20] 	Evaluating Model stuff...
[19:00:20] 
[19:00:20] -=-=-=--=-=-=- Allium.senescens_PA8_RUN2_ANN 
[19:00:20] 
[19:00:20] 	Model scaling...
[19:00:21] 	Evaluating Model stuff...
[19:00:21] 
[19:00:21] -=-=-=--=-=-=- Allium.senescens_PA8_RUN2_FDA 
[19:00:21] 
[19:00:21] 	Model scaling...Warning: glm.fit: algorithm did not converge
[19:00:21] Warning: glm.fit: fitted probabilities numerically 0 or 1 occurred
[19:00:21] 
[19:00:22] 	Evaluating Model stuff...
[19:00:22] 
[19:00:22] -=-=-=--=-=-=- Allium.senescens_PA8_RUN2_MAXNET 
[19:00:25] 
[19:00:25] 	Evaluating Model stuff...
[19:00:25] 
[19:00:25] -=-=-=--=-=-=- Allium.senescens_PA8_RUN3_GLM 
[19:00:25] Warning: glm.fit: fitted probabilities numerically 0 or 1 occurred
[19:00:25] 
[19:00:26] 	Evaluating Model stuff...
[19:00:26] 
[19:00:26] -=-=-=--=-=-=- Allium.senescens_PA8_RUN3_GBM 
[19:00:26] CV: 1 
[19:00:31] CV: 2 
[19:00:35] CV: 3 
[19:00:47] 
[19:00:47] 	Evaluating Model stuff...
[19:00:47] 
[19:00:47] -=-=-=--=-=-=- Allium.senescens_PA8_RUN3_ANN 
[19:00:48] 
[19:00:48] 	Model scaling...
[19:00:49] 	Evaluating Model stuff...
[19:00:49] 
[19:00:49] -=-=-=--=-=-=- Allium.senescens_PA8_RUN3_FDA 
[19:00:49] 
[19:00:49] 	Model scaling...Warning: glm.fit: fitted probabilities numerically 0 or 1 occurred
[19:00:49] 
[19:00:50] 	Evaluating Model stuff...
[19:00:50] 
[19:00:50] -=-=-=--=-=-=- Allium.senescens_PA8_RUN3_MAXNET 
[19:00:52] 
[19:00:53] 	Evaluating Model stuff...Warning in max(calcStat, na.rm = TRUE) :
[19:00:53]   no non-missing arguments to max; returning -Inf
[19:00:53] 
[19:00:53] 
[19:00:53] -=-=-=--=-=-=- Allium.senescens_PA8_RUN4_GLM 
[19:00:53] Warning: glm.fit: fitted probabilities numerically 0 or 1 occurred
[19:00:53] 
[19:00:54] 	Evaluating Model stuff...
[19:00:54] 
[19:00:54] -=-=-=--=-=-=- Allium.senescens_PA8_RUN4_GBM 
[19:00:54] CV: 1 
[19:00:58] CV: 2 
[19:01:02] CV: 3 
[19:01:14] 
[19:01:15] 	Evaluating Model stuff...
[19:01:15] 
[19:01:15] -=-=-=--=-=-=- Allium.senescens_PA8_RUN4_ANN 
[19:01:15] 
[19:01:15] 	Model scaling...
[19:01:16] 	Evaluating Model stuff...
[19:01:16] 
[19:01:16] -=-=-=--=-=-=- Allium.senescens_PA8_RUN4_FDA 
[19:01:16] 
[19:01:16] 	Model scaling...Warning: glm.fit: fitted probabilities numerically 0 or 1 occurred
[19:01:16] 
[19:01:17] 	Evaluating Model stuff...
[19:01:17] 
[19:01:17] -=-=-=--=-=-=- Allium.senescens_PA8_RUN4_MAXNET 
[19:01:20] 
[19:01:20] 	Evaluating Model stuff...
[19:01:20] 
[19:01:20] -=-=-=--=-=-=- Allium.senescens_PA8_RUN5_GLM 
[19:01:20] Warning: glm.fit: fitted probabilities numerically 0 or 1 occurred
[19:01:20] 
[19:01:21] 	Evaluating Model stuff...
[19:01:21] 
[19:01:21] -=-=-=--=-=-=- Allium.senescens_PA8_RUN5_GBM 
[19:01:21] CV: 1 
[19:01:26] CV: 2 
[19:01:30] CV: 3 
[19:01:41] 
[19:01:42] 	Evaluating Model stuff...
[19:01:42] 
[19:01:42] -=-=-=--=-=-=- Allium.senescens_PA8_RUN5_ANN 
[19:01:42] 
[19:01:42] 	Model scaling...
[19:01:43] 	Evaluating Model stuff...
[19:01:43] 
[19:01:43] -=-=-=--=-=-=- Allium.senescens_PA8_RUN5_FDA 
[19:01:43] 
[19:01:43] 	Model scaling...Warning: glm.fit: algorithm did not converge
[19:01:43] Warning: glm.fit: fitted probabilities numerically 0 or 1 occurred
[19:01:43] 
[19:01:44] 	Evaluating Model stuff...
[19:01:44] 
[19:01:44] -=-=-=--=-=-=- Allium.senescens_PA8_RUN5_MAXNET 
[19:01:47] 
[19:01:48] 	Evaluating Model stuff...
[19:01:48] 
[19:01:48] -=-=-=--=-=-=- Allium.senescens_PA9_RUN1_GLM 
[19:01:48] Warning: glm.fit: fitted probabilities numerically 0 or 1 occurred
[19:01:48] 
[19:01:49] 	Evaluating Model stuff...
[19:01:49] 
[19:01:49] -=-=-=--=-=-=- Allium.senescens_PA9_RUN1_GBM 
[19:01:49] CV: 1 
[19:01:53] CV: 2 
[19:01:57] CV: 3 
[19:02:09] 
[19:02:09] 	Evaluating Model stuff...
[19:02:09] 
[19:02:09] -=-=-=--=-=-=- Allium.senescens_PA9_RUN1_ANN 
[19:02:10] 
[19:02:10] 	Model scaling...
[19:02:11] 	Evaluating Model stuff...
[19:02:11] 
[19:02:11] -=-=-=--=-=-=- Allium.senescens_PA9_RUN1_FDA 
[19:02:11] 
[19:02:11] 	Model scaling...Warning: glm.fit: fitted probabilities numerically 0 or 1 occurred
[19:02:11] 
[19:02:12] 	Evaluating Model stuff...
[19:02:12] 
[19:02:12] -=-=-=--=-=-=- Allium.senescens_PA9_RUN1_MAXNET 
[19:02:14] 
[19:02:15] 	Evaluating Model stuff...
[19:02:15] 
[19:02:15] -=-=-=--=-=-=- Allium.senescens_PA9_RUN2_GLM 
[19:02:15] Warning: glm.fit: fitted probabilities numerically 0 or 1 occurred
[19:02:15] 
[19:02:16] 	Evaluating Model stuff...
[19:02:16] 
[19:02:16] -=-=-=--=-=-=- Allium.senescens_PA9_RUN2_GBM 
[19:02:16] CV: 1 
[19:02:20] CV: 2 
[19:02:24] CV: 3 
[19:02:36] 
[19:02:37] 	Evaluating Model stuff...
[19:02:37] 
[19:02:37] -=-=-=--=-=-=- Allium.senescens_PA9_RUN2_ANN 
[19:02:37] 
[19:02:37] 	Model scaling...
[19:02:38] 	Evaluating Model stuff...
[19:02:38] 
[19:02:38] -=-=-=--=-=-=- Allium.senescens_PA9_RUN2_FDA 
[19:02:38] 
[19:02:38] 	Model scaling...Warning: glm.fit: fitted probabilities numerically 0 or 1 occurred
[19:02:38] 
[19:02:39] 	Evaluating Model stuff...
[19:02:39] 
[19:02:39] -=-=-=--=-=-=- Allium.senescens_PA9_RUN2_MAXNET 
[19:02:42] 
[19:02:43] 	Evaluating Model stuff...
[19:02:43] 
[19:02:43] -=-=-=--=-=-=- Allium.senescens_PA9_RUN3_GLM 
[19:02:43] Warning: glm.fit: fitted probabilities numerically 0 or 1 occurred
[19:02:43] 
[19:02:43] 	Evaluating Model stuff...
[19:02:43] 
[19:02:43] -=-=-=--=-=-=- Allium.senescens_PA9_RUN3_GBM 
[19:02:43] CV: 1 
[19:02:48] CV: 2 
[19:02:52] CV: 3 
[19:03:04] 
[19:03:05] 	Evaluating Model stuff...
[19:03:05] 
[19:03:05] -=-=-=--=-=-=- Allium.senescens_PA9_RUN3_ANN 
[19:03:05] 
[19:03:05] 	Model scaling...
[19:03:06] 	Evaluating Model stuff...
[19:03:06] 
[19:03:06] -=-=-=--=-=-=- Allium.senescens_PA9_RUN3_FDA 
[19:03:06] 
[19:03:06] 	Model scaling...Warning: glm.fit: fitted probabilities numerically 0 or 1 occurred
[19:03:06] 
[19:03:07] 	Evaluating Model stuff...
[19:03:07] 
[19:03:07] -=-=-=--=-=-=- Allium.senescens_PA9_RUN3_MAXNET 
[19:03:10] 
[19:03:10] 	Evaluating Model stuff...
[19:03:10] 
[19:03:10] -=-=-=--=-=-=- Allium.senescens_PA9_RUN4_GLM 
[19:03:10] Warning: glm.fit: fitted probabilities numerically 0 or 1 occurred
[19:03:10] 
[19:03:11] 	Evaluating Model stuff...
[19:03:11] 
[19:03:11] -=-=-=--=-=-=- Allium.senescens_PA9_RUN4_GBM 
[19:03:11] CV: 1 
[19:03:15] CV: 2 
[19:03:20] CV: 3 
[19:03:31] 
[19:03:32] 	Evaluating Model stuff...
[19:03:32] 
[19:03:32] -=-=-=--=-=-=- Allium.senescens_PA9_RUN4_ANN 
[19:03:32] 
[19:03:32] 	Model scaling...
[19:03:33] 	Evaluating Model stuff...
[19:03:33] 
[19:03:33] -=-=-=--=-=-=- Allium.senescens_PA9_RUN4_FDA 
[19:03:33] 
[19:03:33] 	Model scaling...Warning: glm.fit: fitted probabilities numerically 0 or 1 occurred
[19:03:33] 
[19:03:34] 	Evaluating Model stuff...
[19:03:34] 
[19:03:34] -=-=-=--=-=-=- Allium.senescens_PA9_RUN4_MAXNET 
[19:03:37] 
[19:03:38] 	Evaluating Model stuff...
[19:03:38] 
[19:03:38] -=-=-=--=-=-=- Allium.senescens_PA9_RUN5_GLM 
[19:03:38] Warning: glm.fit: fitted probabilities numerically 0 or 1 occurred
[19:03:38] 
[19:03:39] 	Evaluating Model stuff...
[19:03:39] 
[19:03:39] -=-=-=--=-=-=- Allium.senescens_PA9_RUN5_GBM 
[19:03:39] CV: 1 
[19:03:43] CV: 2 
[19:03:47] CV: 3 
[19:03:59] 
[19:03:59] 	Evaluating Model stuff...
[19:03:59] 
[19:03:59] -=-=-=--=-=-=- Allium.senescens_PA9_RUN5_ANN 
[19:04:00] 
[19:04:00] 	Model scaling...
[19:04:01] 	Evaluating Model stuff...
[19:04:01] 
[19:04:01] -=-=-=--=-=-=- Allium.senescens_PA9_RUN5_FDA 
[19:04:01] 
[19:04:01] 	Model scaling...Warning: glm.fit: fitted probabilities numerically 0 or 1 occurred
[19:04:01] 
[19:04:02] 	Evaluating Model stuff...
[19:04:02] 
[19:04:02] -=-=-=--=-=-=- Allium.senescens_PA9_RUN5_MAXNET 
[19:04:04] 
[19:04:05] 	Evaluating Model stuff...
[19:04:05] 
[19:04:05] -=-=-=--=-=-=- Allium.senescens_PA10_RUN1_GLM 
[19:04:05] Warning: glm.fit: fitted probabilities numerically 0 or 1 occurred
[19:04:05] 
[19:04:06] 	Evaluating Model stuff...
[19:04:06] 
[19:04:06] -=-=-=--=-=-=- Allium.senescens_PA10_RUN1_GBM 
[19:04:06] CV: 1 
[19:04:10] CV: 2 
[19:04:14] CV: 3 
[19:04:26] 
[19:04:27] 	Evaluating Model stuff...
[19:04:27] 
[19:04:27] -=-=-=--=-=-=- Allium.senescens_PA10_RUN1_ANN 
[19:04:27] 
[19:04:27] 	Model scaling...
[19:04:28] 	Evaluating Model stuff...
[19:04:28] 
[19:04:28] -=-=-=--=-=-=- Allium.senescens_PA10_RUN1_FDA 
[19:04:28] 
[19:04:28] 	Model scaling...Warning: glm.fit: algorithm did not converge
[19:04:28] Warning: glm.fit: fitted probabilities numerically 0 or 1 occurred
[19:04:28] 
[19:04:29] 	Evaluating Model stuff...
[19:04:29] 
[19:04:29] -=-=-=--=-=-=- Allium.senescens_PA10_RUN1_MAXNET 
[19:04:32] 
[19:04:32] 	Evaluating Model stuff...Warning in max(calcStat, na.rm = TRUE) :
[19:04:32]   no non-missing arguments to max; returning -Inf
[19:04:32] 
[19:04:32] 
[19:04:32] -=-=-=--=-=-=- Allium.senescens_PA10_RUN2_GLM 
[19:04:32] Warning: glm.fit: fitted probabilities numerically 0 or 1 occurred
[19:04:32] 
[19:04:33] 	Evaluating Model stuff...
[19:04:33] 
[19:04:33] -=-=-=--=-=-=- Allium.senescens_PA10_RUN2_GBM 
[19:04:33] CV: 1 
[19:04:38] CV: 2 
[19:04:42] CV: 3 
[19:04:53] 
[19:04:54] 	Evaluating Model stuff...
[19:04:54] 
[19:04:54] -=-=-=--=-=-=- Allium.senescens_PA10_RUN2_ANN 
[19:04:54] 
[19:04:55] 	Model scaling...
[19:04:55] 	Evaluating Model stuff...
[19:04:55] 
[19:04:55] -=-=-=--=-=-=- Allium.senescens_PA10_RUN2_FDA 
[19:04:55] 
[19:04:55] 	Model scaling...
[19:04:56] 	Evaluating Model stuff...
[19:04:56] 
[19:04:56] -=-=-=--=-=-=- Allium.senescens_PA10_RUN2_MAXNET 
[19:04:59] 
[19:05:00] 	Evaluating Model stuff...
[19:05:00] 
[19:05:00] -=-=-=--=-=-=- Allium.senescens_PA10_RUN3_GLM 
[19:05:00] Warning: glm.fit: fitted probabilities numerically 0 or 1 occurred
[19:05:00] 
[19:05:01] 	Evaluating Model stuff...
[19:05:01] 
[19:05:01] -=-=-=--=-=-=- Allium.senescens_PA10_RUN3_GBM 
[19:05:01] CV: 1 
[19:05:05] CV: 2 
[19:05:09] CV: 3 
[19:05:21] 
[19:05:22] 	Evaluating Model stuff...
[19:05:22] 
[19:05:22] -=-=-=--=-=-=- Allium.senescens_PA10_RUN3_ANN 
[19:05:22] 
[19:05:22] 	Model scaling...
[19:05:23] 	Evaluating Model stuff...
[19:05:23] 
[19:05:23] -=-=-=--=-=-=- Allium.senescens_PA10_RUN3_FDA 
[19:05:23] 
[19:05:23] 	Model scaling...Warning: glm.fit: fitted probabilities numerically 0 or 1 occurred
[19:05:23] 
[19:05:24] 	Evaluating Model stuff...
[19:05:24] 
[19:05:24] -=-=-=--=-=-=- Allium.senescens_PA10_RUN3_MAXNET 
[19:05:27] 
[19:05:27] 	Evaluating Model stuff...
[19:05:27] 
[19:05:27] -=-=-=--=-=-=- Allium.senescens_PA10_RUN4_GLM 
[19:05:27] Warning: glm.fit: fitted probabilities numerically 0 or 1 occurred
[19:05:27] 
[19:05:28] 	Evaluating Model stuff...
[19:05:28] 
[19:05:28] -=-=-=--=-=-=- Allium.senescens_PA10_RUN4_GBM 
[19:05:28] CV: 1 
[19:05:32] CV: 2 
[19:05:37] CV: 3 
[19:05:48] 
[19:05:49] 	Evaluating Model stuff...
[19:05:49] 
[19:05:49] -=-=-=--=-=-=- Allium.senescens_PA10_RUN4_ANN 
[19:05:49] 
[19:05:49] 	Model scaling...
[19:05:50] 	Evaluating Model stuff...
[19:05:50] 
[19:05:50] -=-=-=--=-=-=- Allium.senescens_PA10_RUN4_FDA 
[19:05:50] 
[19:05:50] 	Model scaling...Warning: glm.fit: algorithm did not converge
[19:05:50] Warning: glm.fit: fitted probabilities numerically 0 or 1 occurred
[19:05:50] 
[19:05:51] 	Evaluating Model stuff...
[19:05:51] 
[19:05:51] -=-=-=--=-=-=- Allium.senescens_PA10_RUN4_MAXNET 
[19:05:54] 
[19:05:55] 	Evaluating Model stuff...
[19:05:55] 
[19:05:55] -=-=-=--=-=-=- Allium.senescens_PA10_RUN5_GLM 
[19:05:55] Warning: glm.fit: fitted probabilities numerically 0 or 1 occurred
[19:05:55] 
[19:05:55] 	Evaluating Model stuff...
[19:05:55] 
[19:05:55] -=-=-=--=-=-=- Allium.senescens_PA10_RUN5_GBM 
[19:05:55] CV: 1 
[19:06:00] CV: 2 
[19:06:04] CV: 3 
[19:06:16] 
[19:06:17] 	Evaluating Model stuff...
[19:06:17] 
[19:06:17] -=-=-=--=-=-=- Allium.senescens_PA10_RUN5_ANN 
[19:06:17] 
[19:06:17] 	Model scaling...
[19:06:18] 	Evaluating Model stuff...
[19:06:18] 
[19:06:18] -=-=-=--=-=-=- Allium.senescens_PA10_RUN5_FDA 
[19:06:18] 
[19:06:18] 	Model scaling...Warning: glm.fit: fitted probabilities numerically 0 or 1 occurred
[19:06:18] 
[19:06:19] 	Evaluating Model stuff...
[19:06:19] 
[19:06:19] -=-=-=--=-=-=- Allium.senescens_PA10_RUN5_MAXNET 
[19:06:22] 
[19:06:27] 	Evaluating Model stuff...
[19:06:27] -=-=-=-=-=-=-=-=-=-=-=-=-=-=-=-=-=-= Done -=-=-=-=-=-=-=-=-=-=-=-=-=-=-=-=-=-=
[19:06:27] 
[19:06:27] -=-=-=-=-=-=-=-=-=-=-=-=-=-= Build Ensemble Models -=-=-=-=-=-=-=-=-=-=-=-=-=-=
[19:06:27] 
[19:06:27]    ! all models available will be included in ensemble.modeling
[19:06:27]   ! Ensemble Models will be filtered and/or weighted using validation dataset (if possible). Please use `metric.select.dataset` for alternative options.
[19:06:27]    > Evaluation & Weighting methods summary :
[19:06:27]       AUCroc over 0.6
[19:06:29] 
[19:06:29] 
[19:06:35]   > mergedData_mergedRun_mergedAlgo ensemble modeling
[19:06:38]    ! Additional projection required for ensemble models merging several pseudo-absence dataset...
[19:06:38] -=-=-=-=-=-=-=-=-=-=-=-=-= Do Single Models Projection -=-=-=-=-=-=-=-=-=-=-=-=-=
[19:06:38] 
[19:06:38] 	> Projecting Allium.senescens_PA1_RUN1_GLM ...
[19:06:43] 	> Projecting Allium.senescens_PA1_RUN1_GBM ...
[19:06:44] 	> Projecting Allium.senescens_PA1_RUN1_ANN ...
[19:06:44] 	> Projecting Allium.senescens_PA1_RUN1_FDA ...
[19:06:44] 	> Projecting Allium.senescens_PA1_RUN1_MAXNET ...
[19:06:44] 	> Projecting Allium.senescens_PA1_RUN2_GLM ...
[19:06:49] 	> Projecting Allium.senescens_PA1_RUN2_GBM ...
[19:06:50] 	> Projecting Allium.senescens_PA1_RUN2_ANN ...
[19:06:50] 	> Projecting Allium.senescens_PA1_RUN2_FDA ...
[19:06:50] 	> Projecting Allium.senescens_PA1_RUN2_MAXNET ...
[19:06:50] 	> Projecting Allium.senescens_PA1_RUN3_GLM ...
[19:06:55] 	> Projecting Allium.senescens_PA1_RUN3_GBM ...
[19:06:55] 	> Projecting Allium.senescens_PA1_RUN3_ANN ...
[19:06:56] 	> Projecting Allium.senescens_PA1_RUN3_FDA ...
[19:06:56] 	> Projecting Allium.senescens_PA1_RUN3_MAXNET ...
[19:06:56] 	> Projecting Allium.senescens_PA1_RUN4_GLM ...
[19:07:01] 	> Projecting Allium.senescens_PA1_RUN4_GBM ...
[19:07:01] 	> Projecting Allium.senescens_PA1_RUN4_ANN ...
[19:07:01] 	> Projecting Allium.senescens_PA1_RUN4_FDA ...
[19:07:02] 	> Projecting Allium.senescens_PA1_RUN4_MAXNET ...
[19:07:02] 	> Projecting Allium.senescens_PA1_RUN5_GLM ...
[19:07:07] 	> Projecting Allium.senescens_PA1_RUN5_GBM ...
[19:07:07] 	> Projecting Allium.senescens_PA1_RUN5_ANN ...
[19:07:07] 	> Projecting Allium.senescens_PA1_RUN5_FDA ...
[19:07:23] 	> Projecting Allium.senescens_PA1_RUN5_MAXNET ...
[19:07:23] -=-=-=-=-=-=-=-=-=-=-=-=-=-=-=-=-=-= Done -=-=-=-=-=-=-=-=-=-=-=-=-=-=-=-=-=-=
[19:07:30] 
[19:07:30] -=-=-=-=-=-=-=-=-=-=-=-=-= Do Single Models Projection -=-=-=-=-=-=-=-=-=-=-=-=-=
[19:07:30] 
[19:07:30] 	> Projecting Allium.senescens_PA2_RUN1_GLM ...
[19:07:35] 	> Projecting Allium.senescens_PA2_RUN1_GBM ...
[19:07:35] 	> Projecting Allium.senescens_PA2_RUN1_ANN ...
[19:07:36] 	> Projecting Allium.senescens_PA2_RUN1_FDA ...
[19:07:36] 	> Projecting Allium.senescens_PA2_RUN1_MAXNET ...
[19:07:36] 	> Projecting Allium.senescens_PA2_RUN2_GLM ...
[19:07:41] 	> Projecting Allium.senescens_PA2_RUN2_GBM ...
[19:07:41] 	> Projecting Allium.senescens_PA2_RUN2_ANN ...
[19:07:42] 	> Projecting Allium.senescens_PA2_RUN2_FDA ...
[19:07:42] 	> Projecting Allium.senescens_PA2_RUN2_MAXNET ...
[19:07:42] 	> Projecting Allium.senescens_PA2_RUN3_GLM ...
[19:07:47] 	> Projecting Allium.senescens_PA2_RUN3_GBM ...
[19:07:47] 	> Projecting Allium.senescens_PA2_RUN3_ANN ...
[19:07:48] 	> Projecting Allium.senescens_PA2_RUN3_FDA ...
[19:07:48] 	> Projecting Allium.senescens_PA2_RUN3_MAXNET ...
[19:07:48] 	> Projecting Allium.senescens_PA2_RUN4_GLM ...
[19:07:53] 	> Projecting Allium.senescens_PA2_RUN4_GBM ...
[19:07:53] 	> Projecting Allium.senescens_PA2_RUN4_ANN ...
[19:07:54] 	> Projecting Allium.senescens_PA2_RUN4_FDA ...
[19:07:54] 	> Projecting Allium.senescens_PA2_RUN4_MAXNET ...
[19:07:54] 	> Projecting Allium.senescens_PA2_RUN5_GLM ...
[19:07:59] 	> Projecting Allium.senescens_PA2_RUN5_GBM ...
[19:07:59] 	> Projecting Allium.senescens_PA2_RUN5_ANN ...
[19:08:00] 	> Projecting Allium.senescens_PA2_RUN5_FDA ...
[19:08:16] 	> Projecting Allium.senescens_PA2_RUN5_MAXNET ...
[19:08:16] -=-=-=-=-=-=-=-=-=-=-=-=-=-=-=-=-=-= Done -=-=-=-=-=-=-=-=-=-=-=-=-=-=-=-=-=-=
[19:08:22] 
[19:08:22] -=-=-=-=-=-=-=-=-=-=-=-=-= Do Single Models Projection -=-=-=-=-=-=-=-=-=-=-=-=-=
[19:08:22] 
[19:08:22] 	> Projecting Allium.senescens_PA3_RUN1_GLM ...
[19:08:28] 	> Projecting Allium.senescens_PA3_RUN1_GBM ...
[19:08:28] 	> Projecting Allium.senescens_PA3_RUN1_ANN ...
[19:08:28] 	> Projecting Allium.senescens_PA3_RUN1_FDA ...
[19:08:28] 	> Projecting Allium.senescens_PA3_RUN1_MAXNET ...
[19:08:29] 	> Projecting Allium.senescens_PA3_RUN2_GLM ...
[19:08:34] 	> Projecting Allium.senescens_PA3_RUN2_GBM ...
[19:08:34] 	> Projecting Allium.senescens_PA3_RUN2_ANN ...
[19:08:34] 	> Projecting Allium.senescens_PA3_RUN2_FDA ...
[19:08:34] 	> Projecting Allium.senescens_PA3_RUN2_MAXNET ...
[19:08:35] 	> Projecting Allium.senescens_PA3_RUN3_GLM ...
[19:08:40] 	> Projecting Allium.senescens_PA3_RUN3_GBM ...
[19:08:40] 	> Projecting Allium.senescens_PA3_RUN3_ANN ...
[19:08:40] 	> Projecting Allium.senescens_PA3_RUN3_FDA ...
[19:08:41] 	> Projecting Allium.senescens_PA3_RUN3_MAXNET ...
[19:08:41] 	> Projecting Allium.senescens_PA3_RUN4_GLM ...
[19:08:46] 	> Projecting Allium.senescens_PA3_RUN4_GBM ...
[19:08:46] 	> Projecting Allium.senescens_PA3_RUN4_ANN ...
[19:08:46] 	> Projecting Allium.senescens_PA3_RUN4_FDA ...
[19:08:47] 	> Projecting Allium.senescens_PA3_RUN4_MAXNET ...
[19:08:47] 	> Projecting Allium.senescens_PA3_RUN5_GLM ...
[19:08:52] 	> Projecting Allium.senescens_PA3_RUN5_GBM ...
[19:08:52] 	> Projecting Allium.senescens_PA3_RUN5_ANN ...
[19:08:52] 	> Projecting Allium.senescens_PA3_RUN5_FDA ...
[19:09:09] 	> Projecting Allium.senescens_PA3_RUN5_MAXNET ...
[19:09:09] -=-=-=-=-=-=-=-=-=-=-=-=-=-=-=-=-=-= Done -=-=-=-=-=-=-=-=-=-=-=-=-=-=-=-=-=-=
[19:09:15] 
[19:09:15] -=-=-=-=-=-=-=-=-=-=-=-=-= Do Single Models Projection -=-=-=-=-=-=-=-=-=-=-=-=-=
[19:09:15] 
[19:09:15] 	> Projecting Allium.senescens_PA4_RUN1_GLM ...
[19:09:21] 	> Projecting Allium.senescens_PA4_RUN1_GBM ...
[19:09:21] 	> Projecting Allium.senescens_PA4_RUN1_ANN ...
[19:09:21] 	> Projecting Allium.senescens_PA4_RUN1_FDA ...
[19:09:22] 	> Projecting Allium.senescens_PA4_RUN1_MAXNET ...
[19:09:22] 	> Projecting Allium.senescens_PA4_RUN2_GLM ...
[19:09:27] 	> Projecting Allium.senescens_PA4_RUN2_GBM ...
[19:09:27] 	> Projecting Allium.senescens_PA4_RUN2_ANN ...
[19:09:27] 	> Projecting Allium.senescens_PA4_RUN2_FDA ...
[19:09:28] 	> Projecting Allium.senescens_PA4_RUN2_MAXNET ...
[19:09:28] 	> Projecting Allium.senescens_PA4_RUN3_GLM ...
[19:09:33] 	> Projecting Allium.senescens_PA4_RUN3_GBM ...
[19:09:33] 	> Projecting Allium.senescens_PA4_RUN3_ANN ...
[19:09:34] 	> Projecting Allium.senescens_PA4_RUN3_FDA ...
[19:09:34] 	> Projecting Allium.senescens_PA4_RUN3_MAXNET ...
[19:09:34] 	> Projecting Allium.senescens_PA4_RUN4_GLM ...
[19:09:39] 	> Projecting Allium.senescens_PA4_RUN4_GBM ...
[19:09:39] 	> Projecting Allium.senescens_PA4_RUN4_ANN ...
[19:09:40] 	> Projecting Allium.senescens_PA4_RUN4_FDA ...
[19:09:40] 	> Projecting Allium.senescens_PA4_RUN4_MAXNET ...
[19:09:40] 	> Projecting Allium.senescens_PA4_RUN5_GLM ...
[19:09:45] 	> Projecting Allium.senescens_PA4_RUN5_GBM ...
[19:09:46] 	> Projecting Allium.senescens_PA4_RUN5_ANN ...
[19:09:46] 	> Projecting Allium.senescens_PA4_RUN5_FDA ...
[19:10:02] 	> Projecting Allium.senescens_PA4_RUN5_MAXNET ...
[19:10:02] -=-=-=-=-=-=-=-=-=-=-=-=-=-=-=-=-=-= Done -=-=-=-=-=-=-=-=-=-=-=-=-=-=-=-=-=-=
[19:10:09] 
[19:10:09] -=-=-=-=-=-=-=-=-=-=-=-=-= Do Single Models Projection -=-=-=-=-=-=-=-=-=-=-=-=-=
[19:10:09] 
[19:10:09] 	> Projecting Allium.senescens_PA5_RUN1_GLM ...
[19:10:14] 	> Projecting Allium.senescens_PA5_RUN1_GBM ...
[19:10:15] 	> Projecting Allium.senescens_PA5_RUN1_ANN ...
[19:10:15] 	> Projecting Allium.senescens_PA5_RUN1_FDA ...
[19:10:15] 	> Projecting Allium.senescens_PA5_RUN1_MAXNET ...
[19:10:15] 	> Projecting Allium.senescens_PA5_RUN2_GLM ...
[19:10:21] 	> Projecting Allium.senescens_PA5_RUN2_GBM ...
[19:10:21] 	> Projecting Allium.senescens_PA5_RUN2_ANN ...
[19:10:21] 	> Projecting Allium.senescens_PA5_RUN2_FDA ...
[19:10:21] 	> Projecting Allium.senescens_PA5_RUN2_MAXNET ...
[19:10:21] 	> Projecting Allium.senescens_PA5_RUN3_GLM ...
[19:10:27] 	> Projecting Allium.senescens_PA5_RUN3_GBM ...
[19:10:27] 	> Projecting Allium.senescens_PA5_RUN3_ANN ...
[19:10:27] 	> Projecting Allium.senescens_PA5_RUN3_FDA ...
[19:10:27] 	> Projecting Allium.senescens_PA5_RUN3_MAXNET ...
[19:10:27] 	> Projecting Allium.senescens_PA5_RUN4_GLM ...
[19:10:33] 	> Projecting Allium.senescens_PA5_RUN4_GBM ...
[19:10:33] 	> Projecting Allium.senescens_PA5_RUN4_ANN ...
[19:10:33] 	> Projecting Allium.senescens_PA5_RUN4_FDA ...
[19:10:33] 	> Projecting Allium.senescens_PA5_RUN4_MAXNET ...
[19:10:34] 	> Projecting Allium.senescens_PA5_RUN5_GLM ...
[19:10:39] 	> Projecting Allium.senescens_PA5_RUN5_GBM ...
[19:10:39] 	> Projecting Allium.senescens_PA5_RUN5_ANN ...
[19:10:39] 	> Projecting Allium.senescens_PA5_RUN5_FDA ...
[19:10:57] 	> Projecting Allium.senescens_PA5_RUN5_MAXNET ...
[19:10:57] -=-=-=-=-=-=-=-=-=-=-=-=-=-=-=-=-=-= Done -=-=-=-=-=-=-=-=-=-=-=-=-=-=-=-=-=-=
[19:11:04] 
[19:11:04] -=-=-=-=-=-=-=-=-=-=-=-=-= Do Single Models Projection -=-=-=-=-=-=-=-=-=-=-=-=-=
[19:11:04] 
[19:11:04] 	> Projecting Allium.senescens_PA6_RUN1_GLM ...
[19:11:09] 	> Projecting Allium.senescens_PA6_RUN1_GBM ...
[19:11:09] 	> Projecting Allium.senescens_PA6_RUN1_ANN ...
[19:11:09] 	> Projecting Allium.senescens_PA6_RUN1_FDA ...
[19:11:09] 	> Projecting Allium.senescens_PA6_RUN1_MAXNET ...
[19:11:10] 	> Projecting Allium.senescens_PA6_RUN2_GLM ...
[19:11:15] 	> Projecting Allium.senescens_PA6_RUN2_GBM ...
[19:11:15] 	> Projecting Allium.senescens_PA6_RUN2_ANN ...
[19:11:15] 	> Projecting Allium.senescens_PA6_RUN2_FDA ...
[19:11:16] 	> Projecting Allium.senescens_PA6_RUN2_MAXNET ...
[19:11:16] 	> Projecting Allium.senescens_PA6_RUN3_GLM ...
[19:11:21] 	> Projecting Allium.senescens_PA6_RUN3_GBM ...
[19:11:21] 	> Projecting Allium.senescens_PA6_RUN3_ANN ...
[19:11:21] 	> Projecting Allium.senescens_PA6_RUN3_FDA ...
[19:11:22] 	> Projecting Allium.senescens_PA6_RUN3_MAXNET ...
[19:11:22] 	> Projecting Allium.senescens_PA6_RUN4_GLM ...
[19:11:27] 	> Projecting Allium.senescens_PA6_RUN4_GBM ...
[19:11:28] 	> Projecting Allium.senescens_PA6_RUN4_ANN ...
[19:11:28] 	> Projecting Allium.senescens_PA6_RUN4_FDA ...
[19:11:28] 	> Projecting Allium.senescens_PA6_RUN4_MAXNET ...
[19:11:28] 	> Projecting Allium.senescens_PA6_RUN5_GLM ...
[19:11:33] 	> Projecting Allium.senescens_PA6_RUN5_GBM ...
[19:11:34] 	> Projecting Allium.senescens_PA6_RUN5_ANN ...
[19:11:34] 	> Projecting Allium.senescens_PA6_RUN5_FDA ...
[19:11:51] 	> Projecting Allium.senescens_PA6_RUN5_MAXNET ...
[19:11:51] -=-=-=-=-=-=-=-=-=-=-=-=-=-=-=-=-=-= Done -=-=-=-=-=-=-=-=-=-=-=-=-=-=-=-=-=-=
[19:11:57] 
[19:11:57] -=-=-=-=-=-=-=-=-=-=-=-=-= Do Single Models Projection -=-=-=-=-=-=-=-=-=-=-=-=-=
[19:11:57] 
[19:11:58] 	> Projecting Allium.senescens_PA7_RUN1_GLM ...
[19:12:03] 	> Projecting Allium.senescens_PA7_RUN1_GBM ...
[19:12:03] 	> Projecting Allium.senescens_PA7_RUN1_ANN ...
[19:12:03] 	> Projecting Allium.senescens_PA7_RUN1_FDA ...
[19:12:04] 	> Projecting Allium.senescens_PA7_RUN1_MAXNET ...
[19:12:04] 	> Projecting Allium.senescens_PA7_RUN2_GLM ...
[19:12:09] 	> Projecting Allium.senescens_PA7_RUN2_GBM ...
[19:12:09] 	> Projecting Allium.senescens_PA7_RUN2_ANN ...
[19:12:09] 	> Projecting Allium.senescens_PA7_RUN2_FDA ...
[19:12:10] 	> Projecting Allium.senescens_PA7_RUN2_MAXNET ...
[19:12:10] 	> Projecting Allium.senescens_PA7_RUN3_GLM ...
[19:12:15] 	> Projecting Allium.senescens_PA7_RUN3_GBM ...
[19:12:15] 	> Projecting Allium.senescens_PA7_RUN3_ANN ...
[19:12:16] 	> Projecting Allium.senescens_PA7_RUN3_FDA ...
[19:12:16] 	> Projecting Allium.senescens_PA7_RUN3_MAXNET ...
[19:12:16] 	> Projecting Allium.senescens_PA7_RUN4_GLM ...
[19:12:21] 	> Projecting Allium.senescens_PA7_RUN4_GBM ...
[19:12:21] 	> Projecting Allium.senescens_PA7_RUN4_ANN ...
[19:12:22] 	> Projecting Allium.senescens_PA7_RUN4_FDA ...
[19:12:22] 	> Projecting Allium.senescens_PA7_RUN4_MAXNET ...
[19:12:22] 	> Projecting Allium.senescens_PA7_RUN5_GLM ...
[19:12:27] 	> Projecting Allium.senescens_PA7_RUN5_GBM ...
[19:12:27] 	> Projecting Allium.senescens_PA7_RUN5_ANN ...
[19:12:28] 	> Projecting Allium.senescens_PA7_RUN5_FDA ...
[19:12:45] 	> Projecting Allium.senescens_PA7_RUN5_MAXNET ...
[19:12:45] -=-=-=-=-=-=-=-=-=-=-=-=-=-=-=-=-=-= Done -=-=-=-=-=-=-=-=-=-=-=-=-=-=-=-=-=-=
[19:12:51] 
[19:12:51] -=-=-=-=-=-=-=-=-=-=-=-=-= Do Single Models Projection -=-=-=-=-=-=-=-=-=-=-=-=-=
[19:12:51] 
[19:12:52] 	> Projecting Allium.senescens_PA8_RUN1_GLM ...
[19:12:57] 	> Projecting Allium.senescens_PA8_RUN1_GBM ...
[19:12:57] 	> Projecting Allium.senescens_PA8_RUN1_ANN ...
[19:12:57] 	> Projecting Allium.senescens_PA8_RUN1_FDA ...
[19:12:57] 	> Projecting Allium.senescens_PA8_RUN1_MAXNET ...
[19:12:58] 	> Projecting Allium.senescens_PA8_RUN2_GLM ...
[19:13:03] 	> Projecting Allium.senescens_PA8_RUN2_GBM ...
[19:13:03] 	> Projecting Allium.senescens_PA8_RUN2_ANN ...
[19:13:03] 	> Projecting Allium.senescens_PA8_RUN2_FDA ...
[19:13:04] 	> Projecting Allium.senescens_PA8_RUN2_MAXNET ...
[19:13:04] 	> Projecting Allium.senescens_PA8_RUN3_GLM ...
[19:13:09] 	> Projecting Allium.senescens_PA8_RUN3_GBM ...
[19:13:09] 	> Projecting Allium.senescens_PA8_RUN3_ANN ...
[19:13:10] 	> Projecting Allium.senescens_PA8_RUN3_FDA ...
[19:13:10] 	> Projecting Allium.senescens_PA8_RUN3_MAXNET ...
[19:13:10] 	> Projecting Allium.senescens_PA8_RUN4_GLM ...
[19:13:15] 	> Projecting Allium.senescens_PA8_RUN4_GBM ...
[19:13:15] 	> Projecting Allium.senescens_PA8_RUN4_ANN ...
[19:13:16] 	> Projecting Allium.senescens_PA8_RUN4_FDA ...
[19:13:16] 	> Projecting Allium.senescens_PA8_RUN4_MAXNET ...
[19:13:16] 	> Projecting Allium.senescens_PA8_RUN5_GLM ...
[19:13:21] 	> Projecting Allium.senescens_PA8_RUN5_GBM ...
[19:13:22] 	> Projecting Allium.senescens_PA8_RUN5_ANN ...
[19:13:22] 	> Projecting Allium.senescens_PA8_RUN5_FDA ...
[19:13:39] 	> Projecting Allium.senescens_PA8_RUN5_MAXNET ...
[19:13:39] -=-=-=-=-=-=-=-=-=-=-=-=-=-=-=-=-=-= Done -=-=-=-=-=-=-=-=-=-=-=-=-=-=-=-=-=-=
[19:13:45] 
[19:13:45] -=-=-=-=-=-=-=-=-=-=-=-=-= Do Single Models Projection -=-=-=-=-=-=-=-=-=-=-=-=-=
[19:13:45] 
[19:13:45] 	> Projecting Allium.senescens_PA9_RUN1_GLM ...
[19:13:51] 	> Projecting Allium.senescens_PA9_RUN1_GBM ...
[19:13:52] 	> Projecting Allium.senescens_PA9_RUN1_ANN ...
[19:13:52] 	> Projecting Allium.senescens_PA9_RUN1_FDA ...
[19:13:52] 	> Projecting Allium.senescens_PA9_RUN1_MAXNET ...
[19:13:52] 	> Projecting Allium.senescens_PA9_RUN2_GLM ...
[19:13:58] 	> Projecting Allium.senescens_PA9_RUN2_GBM ...
[19:13:58] 	> Projecting Allium.senescens_PA9_RUN2_ANN ...
[19:13:58] 	> Projecting Allium.senescens_PA9_RUN2_FDA ...
[19:13:58] 	> Projecting Allium.senescens_PA9_RUN2_MAXNET ...
[19:13:58] 	> Projecting Allium.senescens_PA9_RUN3_GLM ...
[19:14:04] 	> Projecting Allium.senescens_PA9_RUN3_GBM ...
[19:14:04] 	> Projecting Allium.senescens_PA9_RUN3_ANN ...
[19:14:04] 	> Projecting Allium.senescens_PA9_RUN3_FDA ...
[19:14:04] 	> Projecting Allium.senescens_PA9_RUN3_MAXNET ...
[19:14:05] 	> Projecting Allium.senescens_PA9_RUN4_GLM ...
[19:14:10] 	> Projecting Allium.senescens_PA9_RUN4_GBM ...
[19:14:10] 	> Projecting Allium.senescens_PA9_RUN4_ANN ...
[19:14:10] 	> Projecting Allium.senescens_PA9_RUN4_FDA ...
[19:14:10] 	> Projecting Allium.senescens_PA9_RUN4_MAXNET ...
[19:14:11] 	> Projecting Allium.senescens_PA9_RUN5_GLM ...
[19:14:16] 	> Projecting Allium.senescens_PA9_RUN5_GBM ...
[19:14:16] 	> Projecting Allium.senescens_PA9_RUN5_ANN ...
[19:14:16] 	> Projecting Allium.senescens_PA9_RUN5_FDA ...
[19:14:34] 	> Projecting Allium.senescens_PA9_RUN5_MAXNET ...
[19:14:34] -=-=-=-=-=-=-=-=-=-=-=-=-=-=-=-=-=-= Done -=-=-=-=-=-=-=-=-=-=-=-=-=-=-=-=-=-=
[19:14:40] 
[19:14:40] -=-=-=-=-=-=-=-=-=-=-=-=-= Do Single Models Projection -=-=-=-=-=-=-=-=-=-=-=-=-=
[19:14:40] 
[19:14:40] 	> Projecting Allium.senescens_PA10_RUN1_GLM ...
[19:14:46] 	> Projecting Allium.senescens_PA10_RUN1_GBM ...
[19:14:47] 	> Projecting Allium.senescens_PA10_RUN1_ANN ...
[19:14:47] 	> Projecting Allium.senescens_PA10_RUN1_FDA ...
[19:14:47] 	> Projecting Allium.senescens_PA10_RUN1_MAXNET ...
[19:14:47] 	> Projecting Allium.senescens_PA10_RUN2_GLM ...
[19:14:52] 	> Projecting Allium.senescens_PA10_RUN2_GBM ...
[19:14:53] 	> Projecting Allium.senescens_PA10_RUN2_ANN ...
[19:14:53] 	> Projecting Allium.senescens_PA10_RUN2_FDA ...
[19:14:53] 	> Projecting Allium.senescens_PA10_RUN2_MAXNET ...
[19:14:53] 	> Projecting Allium.senescens_PA10_RUN3_GLM ...
[19:14:58] 	> Projecting Allium.senescens_PA10_RUN3_GBM ...
[19:14:59] 	> Projecting Allium.senescens_PA10_RUN3_ANN ...
[19:14:59] 	> Projecting Allium.senescens_PA10_RUN3_FDA ...
[19:14:59] 	> Projecting Allium.senescens_PA10_RUN3_MAXNET ...
[19:14:59] 	> Projecting Allium.senescens_PA10_RUN4_GLM ...
[19:15:04] 	> Projecting Allium.senescens_PA10_RUN4_GBM ...
[19:15:05] 	> Projecting Allium.senescens_PA10_RUN4_ANN ...
[19:15:05] 	> Projecting Allium.senescens_PA10_RUN4_FDA ...
[19:15:05] 	> Projecting Allium.senescens_PA10_RUN4_MAXNET ...
[19:15:05] 	> Projecting Allium.senescens_PA10_RUN5_GLM ...
[19:15:11] 	> Projecting Allium.senescens_PA10_RUN5_GBM ...
[19:15:11] 	> Projecting Allium.senescens_PA10_RUN5_ANN ...
[19:15:11] 	> Projecting Allium.senescens_PA10_RUN5_FDA ...
[19:15:29] 	> Projecting Allium.senescens_PA10_RUN5_MAXNET ...
[19:15:29] -=-=-=-=-=-=-=-=-=-=-=-=-=-=-=-=-=-= Done -=-=-=-=-=-=-=-=-=-=-=-=-=-=-=-=-=-=
[19:15:58] 
[19:15:58] 
[19:15:58] 
[19:17:48]    > Mean of probabilities by AUCroc ...
[19:17:56] 			Evaluating Model stuff...Warning in forecast_0 * observed_0 : NAs produced by integer overflow
[19:17:56] Warning in forecast_0 * observed_0 : NAs produced by integer overflow
[19:17:56] Warning in forecast_0 * observed_0 : NAs produced by integer overflow
[19:17:56] Warning in forecast_0 * observed_0 : NAs produced by integer overflow
[19:17:56] Warning in forecast_0 * observed_0 : NAs produced by integer overflow
[19:17:56] Warning in forecast_0 * observed_0 : NAs produced by integer overflow
[19:17:56] Warning in forecast_0 * observed_0 : NAs produced by integer overflow
[19:17:56] Warning in forecast_0 * observed_0 : NAs produced by integer overflow
[19:17:56] Warning in forecast_0 * observed_0 : NAs produced by integer overflow
[19:17:56] Warning in forecast_0 * observed_0 : NAs produced by integer overflow
[19:17:56] Warning in forecast_0 * observed_0 : NAs produced by integer overflow
[19:17:56] Warning in forecast_0 * observed_0 : NAs produced by integer overflow
[19:17:56] Warning in forecast_0 * observed_0 : NAs produced by integer overflow
[19:17:56] Warning in forecast_0 * observed_0 : NAs produced by integer overflow
[19:17:56] Warning in forecast_0 * observed_0 : NAs produced by integer overflow
[19:17:56] Warning in forecast_0 * observed_0 : NAs produced by integer overflow
[19:17:56] Warning in forecast_0 * observed_0 : NAs produced by integer overflow
[19:17:56] Warning in forecast_0 * observed_0 : NAs produced by integer overflow
[19:17:56] Warning in forecast_0 * observed_0 : NAs produced by integer overflow
[19:17:56] Warning in forecast_0 * observed_0 : NAs produced by integer overflow
[19:17:56] Warning in forecast_0 * observed_0 : NAs produced by integer overflow
[19:17:56] Warning in forecast_0 * observed_0 : NAs produced by integer overflow
[19:17:56] Warning in forecast_0 * observed_0 : NAs produced by integer overflow
[19:17:56] Warning in forecast_0 * observed_0 : NAs produced by integer overflow
[19:17:56] Warning in forecast_0 * observed_0 : NAs produced by integer overflow
[19:17:56] Warning in forecast_0 * observed_0 : NAs produced by integer overflow
[19:17:56] Warning in forecast_0 * observed_0 : NAs produced by integer overflow
[19:17:56] Warning in forecast_0 * observed_0 : NAs produced by integer overflow
[19:17:56] Warning in forecast_0 * observed_0 : NAs produced by integer overflow
[19:17:56] Warning in forecast_0 * observed_0 : NAs produced by integer overflow
[19:17:56] Warning in forecast_0 * observed_0 : NAs produced by integer overflow
[19:17:56] Warning in forecast_0 * observed_0 : NAs produced by integer overflow
[19:17:56] Warning in forecast_0 * observed_0 : NAs produced by integer overflow
[19:17:56] Warning in forecast_0 * observed_0 : NAs produced by integer overflow
[19:17:56] Warning in forecast_0 * observed_0 : NAs produced by integer overflow
[19:17:56] Warning in forecast_0 * observed_0 : NAs produced by integer overflow
[19:17:56] Warning in forecast_0 * observed_0 : NAs produced by integer overflow
[19:17:56] Warning in forecast_0 * observed_0 : NAs produced by integer overflow
[19:17:56] Warning in forecast_0 * observed_0 : NAs produced by integer overflow
[19:17:56] Warning in forecast_0 * observed_0 : NAs produced by integer overflow
[19:17:56] Warning in forecast_0 * observed_0 : NAs produced by integer overflow
[19:17:56] Warning in forecast_0 * observed_0 : NAs produced by integer overflow
[19:17:56] Warning in forecast_0 * observed_0 : NAs produced by integer overflow
[19:17:56] Warning in forecast_0 * observed_0 : NAs produced by integer overflow
[19:17:56] Warning in forecast_0 * observed_0 : NAs produced by integer overflow
[19:17:56] Warning in forecast_0 * observed_0 : NAs produced by integer overflow
[19:17:56] Warning in forecast_0 * observed_0 : NAs produced by integer overflow
[19:17:56] Warning in forecast_0 * observed_0 : NAs produced by integer overflow
[19:17:56] Warning in forecast_0 * observed_0 : NAs produced by integer overflow
[19:17:56] Warning in forecast_0 * observed_0 : NAs produced by integer overflow
[19:17:56] Warning in forecast_0 * observed_0 : NAs produced by integer overflow
[19:17:56] Warning in forecast_0 * observed_0 : NAs produced by integer overflow
[19:17:56] Warning in forecast_0 * observed_0 : NAs produced by integer overflow
[19:17:56] Warning in forecast_0 * observed_0 : NAs produced by integer overflow
[19:17:56] Warning in forecast_0 * observed_0 : NAs produced by integer overflow
[19:17:56] Warning in forecast_0 * observed_0 : NAs produced by integer overflow
[19:17:56] Warning in forecast_0 * observed_0 : NAs produced by integer overflow
[19:17:56] Warning in forecast_0 * observed_0 : NAs produced by integer overflow
[19:17:56] Warning in forecast_0 * observed_0 : NAs produced by integer overflow
[19:17:56] Warning in forecast_0 * observed_0 : NAs produced by integer overflow
[19:17:56] Warning in forecast_0 * observed_0 : NAs produced by integer overflow
[19:17:56] Warning in forecast_0 * observed_0 : NAs produced by integer overflow
[19:17:56] Warning in forecast_0 * observed_0 : NAs produced by integer overflow
[19:17:56] Warning in forecast_0 * observed_0 : NAs produced by integer overflow
[19:17:56] Warning in forecast_0 * observed_0 : NAs produced by integer overflow
[19:17:56] Warning in forecast_0 * observed_0 : NAs produced by integer overflow
[19:17:56] Warning in forecast_0 * observed_0 : NAs produced by integer overflow
[19:17:56] Warning in forecast_0 * observed_0 : NAs produced by integer overflow
[19:17:56] Warning in forecast_0 * observed_0 : NAs produced by integer overflow
[19:17:56] Warning in forecast_0 * observed_0 : NAs produced by integer overflow
[19:17:56] Warning in forecast_0 * observed_0 : NAs produced by integer overflow
[19:17:56] Warning in forecast_0 * observed_0 : NAs produced by integer overflow
[19:17:56] Warning in forecast_0 * observed_0 : NAs produced by integer overflow
[19:17:56] Warning in forecast_0 * observed_0 : NAs produced by integer overflow
[19:17:56] Warning in forecast_0 * observed_0 : NAs produced by integer overflow
[19:17:56] Warning in forecast_0 * observed_0 : NAs produced by integer overflow
[19:17:56] Warning in forecast_0 * observed_0 : NAs produced by integer overflow
[19:17:56] Warning in forecast_0 * observed_0 : NAs produced by integer overflow
[19:17:56] Warning in forecast_0 * observed_0 : NAs produced by integer overflow
[19:17:56] Warning in forecast_0 * observed_0 : NAs produced by integer overflow
[19:17:56] Warning in forecast_0 * observed_0 : NAs produced by integer overflow
[19:17:56] Warning in forecast_0 * observed_0 : NAs produced by integer overflow
[19:17:56] Warning in forecast_0 * observed_0 : NAs produced by integer overflow
[19:17:56] Warning in forecast_0 * observed_0 : NAs produced by integer overflow
[19:17:56] Warning in forecast_0 * observed_0 : NAs produced by integer overflow
[19:17:56] Warning in forecast_0 * observed_0 : NAs produced by integer overflow
[19:17:56] Warning in forecast_0 * observed_0 : NAs produced by integer overflow
[19:17:56] Warning in forecast_0 * observed_0 : NAs produced by integer overflow
[19:17:56] Warning in forecast_0 * observed_0 : NAs produced by integer overflow
[19:17:56] Warning in forecast_0 * observed_0 : NAs produced by integer overflow
[19:17:56] Warning in forecast_0 * observed_0 : NAs produced by integer overflow
[19:17:56] Warning in forecast_0 * observed_0 : NAs produced by integer overflow
[19:17:56] Warning in forecast_0 * observed_0 : NAs produced by integer overflow
[19:17:56] Warning in forecast_0 * observed_0 : NAs produced by integer overflow
[19:17:56] Warning in forecast_0 * observed_0 : NAs produced by integer overflow
[19:17:56] Warning in forecast_0 * observed_0 : NAs produced by integer overflow
[19:17:56] Warning in forecast_0 * observed_0 : NAs produced by integer overflow
[19:17:56] 
[19:17:56] 
[19:19:56]    > Coef of variation of probabilities by AUCroc ...
[19:19:56] -=-=-=-=-=-=-=-=-=-=-=-=-=-=-=-=-=-= Done -=-=-=-=-=-=-=-=-=-=-=-=-=-=-=-=-=-=
[19:19:56] 
[19:19:56] -=-=-=-=-=-=-=-=-=-=-=-=-= Do Single Models Projection -=-=-=-=-=-=-=-=-=-=-=-=-=
[19:20:16] 
[19:20:16] 	> Building clamping mask
[19:21:25] 
[19:21:57] 	> Projecting Allium.senescens_PA1_RUN1_GLM ...
[19:21:58] 		Writing projection on hard drive...
[19:21:58] 		 /work/data/output/Allium.senescens/proj_current/individual_projections/proj_current_Allium.senescens_PA1_RUN1_GLM.tif
[19:39:39] 	> Projecting Allium.senescens_PA1_RUN1_GBM ...
[19:39:40] 		Writing projection on hard drive...
[19:39:40] 		 /work/data/output/Allium.senescens/proj_current/individual_projections/proj_current_Allium.senescens_PA1_RUN1_GBM.tif
[19:40:35] 	> Projecting Allium.senescens_PA1_RUN1_ANN ...
[19:40:36] 		Writing projection on hard drive...
[19:40:36] 		 /work/data/output/Allium.senescens/proj_current/individual_projections/proj_current_Allium.senescens_PA1_RUN1_ANN.tif
[19:41:23] 	> Projecting Allium.senescens_PA1_RUN1_FDA ...
[19:41:24] 		Writing projection on hard drive...
[19:41:24] 		 /work/data/output/Allium.senescens/proj_current/individual_projections/proj_current_Allium.senescens_PA1_RUN1_FDA.tif
[19:42:00] 	> Projecting Allium.senescens_PA1_RUN1_MAXNET ...
[19:42:01] 		Writing projection on hard drive...
[19:42:01] 		 /work/data/output/Allium.senescens/proj_current/individual_projections/proj_current_Allium.senescens_PA1_RUN1_MAXNET.tif
[19:42:36] 	> Projecting Allium.senescens_PA1_RUN2_GLM ...
[19:42:37] 		Writing projection on hard drive...
[19:42:37] 		 /work/data/output/Allium.senescens/proj_current/individual_projections/proj_current_Allium.senescens_PA1_RUN2_GLM.tif
[20:00:14] 	> Projecting Allium.senescens_PA1_RUN2_GBM ...
[20:00:15] 		Writing projection on hard drive...
[20:00:15] 		 /work/data/output/Allium.senescens/proj_current/individual_projections/proj_current_Allium.senescens_PA1_RUN2_GBM.tif
[20:01:12] 	> Projecting Allium.senescens_PA1_RUN2_ANN ...
[20:01:13] 		Writing projection on hard drive...
[20:01:13] 		 /work/data/output/Allium.senescens/proj_current/individual_projections/proj_current_Allium.senescens_PA1_RUN2_ANN.tif
[20:02:00] 	> Projecting Allium.senescens_PA1_RUN2_FDA ...
[20:02:01] 		Writing projection on hard drive...
[20:02:01] 		 /work/data/output/Allium.senescens/proj_current/individual_projections/proj_current_Allium.senescens_PA1_RUN2_FDA.tif
[20:02:35] 	> Projecting Allium.senescens_PA1_RUN2_MAXNET ...
[20:02:36] 		Writing projection on hard drive...
[20:02:36] 		 /work/data/output/Allium.senescens/proj_current/individual_projections/proj_current_Allium.senescens_PA1_RUN2_MAXNET.tif
[20:03:10] 	> Projecting Allium.senescens_PA1_RUN3_GLM ...
[20:03:11] 		Writing projection on hard drive...
[20:03:11] 		 /work/data/output/Allium.senescens/proj_current/individual_projections/proj_current_Allium.senescens_PA1_RUN3_GLM.tif
[20:20:31] 	> Projecting Allium.senescens_PA1_RUN3_GBM ...
[20:20:33] 		Writing projection on hard drive...
[20:20:33] 		 /work/data/output/Allium.senescens/proj_current/individual_projections/proj_current_Allium.senescens_PA1_RUN3_GBM.tif
[20:21:29] 	> Projecting Allium.senescens_PA1_RUN3_ANN ...
[20:21:30] 		Writing projection on hard drive...
[20:21:30] 		 /work/data/output/Allium.senescens/proj_current/individual_projections/proj_current_Allium.senescens_PA1_RUN3_ANN.tif
[20:22:18] 	> Projecting Allium.senescens_PA1_RUN3_FDA ...
[20:22:19] 		Writing projection on hard drive...
[20:22:19] 		 /work/data/output/Allium.senescens/proj_current/individual_projections/proj_current_Allium.senescens_PA1_RUN3_FDA.tif
[20:22:57] 	> Projecting Allium.senescens_PA1_RUN3_MAXNET ...
[20:22:58] 		Writing projection on hard drive...
[20:22:58] 		 /work/data/output/Allium.senescens/proj_current/individual_projections/proj_current_Allium.senescens_PA1_RUN3_MAXNET.tif
[20:23:31] 	> Projecting Allium.senescens_PA1_RUN4_GLM ...
[20:23:32] 		Writing projection on hard drive...
[20:23:32] 		 /work/data/output/Allium.senescens/proj_current/individual_projections/proj_current_Allium.senescens_PA1_RUN4_GLM.tif
[20:40:46] 	> Projecting Allium.senescens_PA1_RUN4_GBM ...
[20:40:47] 		Writing projection on hard drive...
[20:40:47] 		 /work/data/output/Allium.senescens/proj_current/individual_projections/proj_current_Allium.senescens_PA1_RUN4_GBM.tif
[20:41:41] 	> Projecting Allium.senescens_PA1_RUN4_ANN ...
[20:41:42] 		Writing projection on hard drive...
[20:41:42] 		 /work/data/output/Allium.senescens/proj_current/individual_projections/proj_current_Allium.senescens_PA1_RUN4_ANN.tif
[20:42:26] 	> Projecting Allium.senescens_PA1_RUN4_FDA ...
[20:42:27] 		Writing projection on hard drive...
[20:42:27] 		 /work/data/output/Allium.senescens/proj_current/individual_projections/proj_current_Allium.senescens_PA1_RUN4_FDA.tif
[20:43:03] 	> Projecting Allium.senescens_PA1_RUN4_MAXNET ...
[20:43:04] 		Writing projection on hard drive...
[20:43:04] 		 /work/data/output/Allium.senescens/proj_current/individual_projections/proj_current_Allium.senescens_PA1_RUN4_MAXNET.tif
[20:43:39] 	> Projecting Allium.senescens_PA1_RUN5_GLM ...
[20:43:40] 		Writing projection on hard drive...
[20:43:40] 		 /work/data/output/Allium.senescens/proj_current/individual_projections/proj_current_Allium.senescens_PA1_RUN5_GLM.tif
[21:01:20] 	> Projecting Allium.senescens_PA1_RUN5_GBM ...
[21:01:21] 		Writing projection on hard drive...
[21:01:21] 		 /work/data/output/Allium.senescens/proj_current/individual_projections/proj_current_Allium.senescens_PA1_RUN5_GBM.tif
[21:02:11] 	> Projecting Allium.senescens_PA1_RUN5_ANN ...
[21:02:12] 		Writing projection on hard drive...
[21:02:12] 		 /work/data/output/Allium.senescens/proj_current/individual_projections/proj_current_Allium.senescens_PA1_RUN5_ANN.tif
[21:02:52] 	> Projecting Allium.senescens_PA1_RUN5_FDA ...
[21:02:53] 		Writing projection on hard drive...
[21:02:53] 		 /work/data/output/Allium.senescens/proj_current/individual_projections/proj_current_Allium.senescens_PA1_RUN5_FDA.tif
[21:03:29] 	> Projecting Allium.senescens_PA1_RUN5_MAXNET ...
[21:03:30] 		Writing projection on hard drive...
[21:03:30] 		 /work/data/output/Allium.senescens/proj_current/individual_projections/proj_current_Allium.senescens_PA1_RUN5_MAXNET.tif
[21:04:05] 	> Projecting Allium.senescens_PA2_RUN1_GLM ...
[21:04:06] 		Writing projection on hard drive...
[21:04:06] 		 /work/data/output/Allium.senescens/proj_current/individual_projections/proj_current_Allium.senescens_PA2_RUN1_GLM.tif
[21:21:58] 	> Projecting Allium.senescens_PA2_RUN1_GBM ...
[21:21:59] 		Writing projection on hard drive...
[21:21:59] 		 /work/data/output/Allium.senescens/proj_current/individual_projections/proj_current_Allium.senescens_PA2_RUN1_GBM.tif
[21:22:44] 	> Projecting Allium.senescens_PA2_RUN1_ANN ...
[21:22:45] 		Writing projection on hard drive...
[21:22:45] 		 /work/data/output/Allium.senescens/proj_current/individual_projections/proj_current_Allium.senescens_PA2_RUN1_ANN.tif
[21:23:24] 	> Projecting Allium.senescens_PA2_RUN1_FDA ...
[21:23:25] 		Writing projection on hard drive...
[21:23:25] 		 /work/data/output/Allium.senescens/proj_current/individual_projections/proj_current_Allium.senescens_PA2_RUN1_FDA.tif
[21:23:55] 	> Projecting Allium.senescens_PA2_RUN1_MAXNET ...
[21:23:56] 		Writing projection on hard drive...
[21:23:56] 		 /work/data/output/Allium.senescens/proj_current/individual_projections/proj_current_Allium.senescens_PA2_RUN1_MAXNET.tif
[21:24:26] 	> Projecting Allium.senescens_PA2_RUN2_GLM ...
[21:24:27] 		Writing projection on hard drive...
[21:24:27] 		 /work/data/output/Allium.senescens/proj_current/individual_projections/proj_current_Allium.senescens_PA2_RUN2_GLM.tif
[21:42:12] 	> Projecting Allium.senescens_PA2_RUN2_GBM ...
[21:42:12] 		Writing projection on hard drive...
[21:42:12] 		 /work/data/output/Allium.senescens/proj_current/individual_projections/proj_current_Allium.senescens_PA2_RUN2_GBM.tif
[21:43:03] 	> Projecting Allium.senescens_PA2_RUN2_ANN ...
[21:43:04] 		Writing projection on hard drive...
[21:43:04] 		 /work/data/output/Allium.senescens/proj_current/individual_projections/proj_current_Allium.senescens_PA2_RUN2_ANN.tif
[21:43:44] 	> Projecting Allium.senescens_PA2_RUN2_FDA ...
[21:43:45] 		Writing projection on hard drive...
[21:43:45] 		 /work/data/output/Allium.senescens/proj_current/individual_projections/proj_current_Allium.senescens_PA2_RUN2_FDA.tif
[21:44:10] 	> Projecting Allium.senescens_PA2_RUN2_MAXNET ...
[21:44:11] 		Writing projection on hard drive...
[21:44:11] 		 /work/data/output/Allium.senescens/proj_current/individual_projections/proj_current_Allium.senescens_PA2_RUN2_MAXNET.tif
[21:44:44] 	> Projecting Allium.senescens_PA2_RUN3_GLM ...
[21:44:45] 		Writing projection on hard drive...
[21:44:45] 		 /work/data/output/Allium.senescens/proj_current/individual_projections/proj_current_Allium.senescens_PA2_RUN3_GLM.tif
[22:02:40] 	> Projecting Allium.senescens_PA2_RUN3_GBM ...
[22:02:41] 		Writing projection on hard drive...
[22:02:41] 		 /work/data/output/Allium.senescens/proj_current/individual_projections/proj_current_Allium.senescens_PA2_RUN3_GBM.tif
[22:03:26] 	> Projecting Allium.senescens_PA2_RUN3_ANN ...
[22:03:27] 		Writing projection on hard drive...
[22:03:27] 		 /work/data/output/Allium.senescens/proj_current/individual_projections/proj_current_Allium.senescens_PA2_RUN3_ANN.tif
[22:04:09] 	> Projecting Allium.senescens_PA2_RUN3_FDA ...
[22:04:10] 		Writing projection on hard drive...
[22:04:10] 		 /work/data/output/Allium.senescens/proj_current/individual_projections/proj_current_Allium.senescens_PA2_RUN3_FDA.tif
[22:04:37] 	> Projecting Allium.senescens_PA2_RUN3_MAXNET ...
[22:04:38] 		Writing projection on hard drive...
[22:04:38] 		 /work/data/output/Allium.senescens/proj_current/individual_projections/proj_current_Allium.senescens_PA2_RUN3_MAXNET.tif
[22:05:09] 	> Projecting Allium.senescens_PA2_RUN4_GLM ...
[22:05:10] 		Writing projection on hard drive...
[22:05:10] 		 /work/data/output/Allium.senescens/proj_current/individual_projections/proj_current_Allium.senescens_PA2_RUN4_GLM.tif
[22:23:20] 	> Projecting Allium.senescens_PA2_RUN4_GBM ...
[22:23:21] 		Writing projection on hard drive...
[22:23:21] 		 /work/data/output/Allium.senescens/proj_current/individual_projections/proj_current_Allium.senescens_PA2_RUN4_GBM.tif
[22:24:06] 	> Projecting Allium.senescens_PA2_RUN4_ANN ...
[22:24:07] 		Writing projection on hard drive...
[22:24:07] 		 /work/data/output/Allium.senescens/proj_current/individual_projections/proj_current_Allium.senescens_PA2_RUN4_ANN.tif
[22:24:46] 	> Projecting Allium.senescens_PA2_RUN4_FDA ...
[22:24:47] 		Writing projection on hard drive...
[22:24:47] 		 /work/data/output/Allium.senescens/proj_current/individual_projections/proj_current_Allium.senescens_PA2_RUN4_FDA.tif
[22:25:14] 	> Projecting Allium.senescens_PA2_RUN4_MAXNET ...
[22:25:15] 		Writing projection on hard drive...
[22:25:15] 		 /work/data/output/Allium.senescens/proj_current/individual_projections/proj_current_Allium.senescens_PA2_RUN4_MAXNET.tif
[22:25:46] 	> Projecting Allium.senescens_PA2_RUN5_GLM ...
[22:25:47] 		Writing projection on hard drive...
[22:25:47] 		 /work/data/output/Allium.senescens/proj_current/individual_projections/proj_current_Allium.senescens_PA2_RUN5_GLM.tif
[22:43:28] 	> Projecting Allium.senescens_PA2_RUN5_GBM ...
[22:43:29] 		Writing projection on hard drive...
[22:43:29] 		 /work/data/output/Allium.senescens/proj_current/individual_projections/proj_current_Allium.senescens_PA2_RUN5_GBM.tif
[22:44:20] 	> Projecting Allium.senescens_PA2_RUN5_ANN ...
[22:44:21] 		Writing projection on hard drive...
[22:44:21] 		 /work/data/output/Allium.senescens/proj_current/individual_projections/proj_current_Allium.senescens_PA2_RUN5_ANN.tif
[22:44:59] 	> Projecting Allium.senescens_PA2_RUN5_FDA ...
[22:45:00] 		Writing projection on hard drive...
[22:45:00] 		 /work/data/output/Allium.senescens/proj_current/individual_projections/proj_current_Allium.senescens_PA2_RUN5_FDA.tif
[22:45:28] 	> Projecting Allium.senescens_PA2_RUN5_MAXNET ...
[22:45:29] 		Writing projection on hard drive...
[22:45:29] 		 /work/data/output/Allium.senescens/proj_current/individual_projections/proj_current_Allium.senescens_PA2_RUN5_MAXNET.tif
[22:46:01] 	> Projecting Allium.senescens_PA3_RUN1_GLM ...
[22:46:02] 		Writing projection on hard drive...
[22:46:02] 		 /work/data/output/Allium.senescens/proj_current/individual_projections/proj_current_Allium.senescens_PA3_RUN1_GLM.tif
[23:03:53] 	> Projecting Allium.senescens_PA3_RUN1_GBM ...
[23:03:54] 		Writing projection on hard drive...
[23:03:54] 		 /work/data/output/Allium.senescens/proj_current/individual_projections/proj_current_Allium.senescens_PA3_RUN1_GBM.tif
[23:04:39] 	> Projecting Allium.senescens_PA3_RUN1_ANN ...
[23:04:40] 		Writing projection on hard drive...
[23:04:40] 		 /work/data/output/Allium.senescens/proj_current/individual_projections/proj_current_Allium.senescens_PA3_RUN1_ANN.tif
[23:05:20] 	> Projecting Allium.senescens_PA3_RUN1_FDA ...
[23:05:21] 		Writing projection on hard drive...
[23:05:21] 		 /work/data/output/Allium.senescens/proj_current/individual_projections/proj_current_Allium.senescens_PA3_RUN1_FDA.tif
[23:05:47] 	> Projecting Allium.senescens_PA3_RUN1_MAXNET ...
[23:05:48] 		Writing projection on hard drive...
[23:05:48] 		 /work/data/output/Allium.senescens/proj_current/individual_projections/proj_current_Allium.senescens_PA3_RUN1_MAXNET.tif
[23:06:23] 	> Projecting Allium.senescens_PA3_RUN2_GLM ...
[23:06:24] 		Writing projection on hard drive...
[23:06:24] 		 /work/data/output/Allium.senescens/proj_current/individual_projections/proj_current_Allium.senescens_PA3_RUN2_GLM.tif
[23:24:23] 	> Projecting Allium.senescens_PA3_RUN2_GBM ...
[23:24:24] 		Writing projection on hard drive...
[23:24:24] 		 /work/data/output/Allium.senescens/proj_current/individual_projections/proj_current_Allium.senescens_PA3_RUN2_GBM.tif
[23:25:12] 	> Projecting Allium.senescens_PA3_RUN2_ANN ...
[23:25:13] 		Writing projection on hard drive...
[23:25:13] 		 /work/data/output/Allium.senescens/proj_current/individual_projections/proj_current_Allium.senescens_PA3_RUN2_ANN.tif
[23:25:50] 	> Projecting Allium.senescens_PA3_RUN2_FDA ...
[23:25:51] 		Writing projection on hard drive...
[23:25:51] 		 /work/data/output/Allium.senescens/proj_current/individual_projections/proj_current_Allium.senescens_PA3_RUN2_FDA.tif
[23:26:23] 	> Projecting Allium.senescens_PA3_RUN2_MAXNET ...
[23:26:24] 		Writing projection on hard drive...
[23:26:24] 		 /work/data/output/Allium.senescens/proj_current/individual_projections/proj_current_Allium.senescens_PA3_RUN2_MAXNET.tif
[23:26:56] 	> Projecting Allium.senescens_PA3_RUN3_GLM ...
[23:26:57] 		Writing projection on hard drive...
[23:26:57] 		 /work/data/output/Allium.senescens/proj_current/individual_projections/proj_current_Allium.senescens_PA3_RUN3_GLM.tif
[23:44:50] 	> Projecting Allium.senescens_PA3_RUN3_GBM ...
[23:44:51] 		Writing projection on hard drive...
[23:44:51] 		 /work/data/output/Allium.senescens/proj_current/individual_projections/proj_current_Allium.senescens_PA3_RUN3_GBM.tif
[23:45:37] 	> Projecting Allium.senescens_PA3_RUN3_ANN ...
[23:45:38] 		Writing projection on hard drive...
[23:45:38] 		 /work/data/output/Allium.senescens/proj_current/individual_projections/proj_current_Allium.senescens_PA3_RUN3_ANN.tif
[23:46:16] 	> Projecting Allium.senescens_PA3_RUN3_FDA ...
[23:46:17] 		Writing projection on hard drive...
[23:46:17] 		 /work/data/output/Allium.senescens/proj_current/individual_projections/proj_current_Allium.senescens_PA3_RUN3_FDA.tif
[23:46:51] 	> Projecting Allium.senescens_PA3_RUN3_MAXNET ...
[23:46:51] 		Writing projection on hard drive...
[23:46:51] 		 /work/data/output/Allium.senescens/proj_current/individual_projections/proj_current_Allium.senescens_PA3_RUN3_MAXNET.tif
[23:47:21] 	> Projecting Allium.senescens_PA3_RUN4_GLM ...
[23:47:22] 		Writing projection on hard drive...
[23:47:22] 		 /work/data/output/Allium.senescens/proj_current/individual_projections/proj_current_Allium.senescens_PA3_RUN4_GLM.tif
[00:05:03] 	> Projecting Allium.senescens_PA3_RUN4_GBM ...
[00:05:04] 		Writing projection on hard drive...
[00:05:04] 		 /work/data/output/Allium.senescens/proj_current/individual_projections/proj_current_Allium.senescens_PA3_RUN4_GBM.tif
[00:05:52] 	> Projecting Allium.senescens_PA3_RUN4_ANN ...
[00:05:53] 		Writing projection on hard drive...
[00:05:53] 		 /work/data/output/Allium.senescens/proj_current/individual_projections/proj_current_Allium.senescens_PA3_RUN4_ANN.tif
[00:06:30] 	> Projecting Allium.senescens_PA3_RUN4_FDA ...
[00:06:31] 		Writing projection on hard drive...
[00:06:31] 		 /work/data/output/Allium.senescens/proj_current/individual_projections/proj_current_Allium.senescens_PA3_RUN4_FDA.tif
[00:07:04] 	> Projecting Allium.senescens_PA3_RUN4_MAXNET ...
[00:07:04] 		Writing projection on hard drive...
[00:07:04] 		 /work/data/output/Allium.senescens/proj_current/individual_projections/proj_current_Allium.senescens_PA3_RUN4_MAXNET.tif
[00:07:37] 	> Projecting Allium.senescens_PA3_RUN5_GLM ...
[00:07:38] 		Writing projection on hard drive...
[00:07:38] 		 /work/data/output/Allium.senescens/proj_current/individual_projections/proj_current_Allium.senescens_PA3_RUN5_GLM.tif
[00:25:47] 	> Projecting Allium.senescens_PA3_RUN5_GBM ...
[00:25:48] 		Writing projection on hard drive...
[00:25:48] 		 /work/data/output/Allium.senescens/proj_current/individual_projections/proj_current_Allium.senescens_PA3_RUN5_GBM.tif
[00:26:39] 	> Projecting Allium.senescens_PA3_RUN5_ANN ...
[00:26:40] 		Writing projection on hard drive...
[00:26:40] 		 /work/data/output/Allium.senescens/proj_current/individual_projections/proj_current_Allium.senescens_PA3_RUN5_ANN.tif
[00:27:11] 	> Projecting Allium.senescens_PA3_RUN5_FDA ...
[00:27:12] 		Writing projection on hard drive...
[00:27:12] 		 /work/data/output/Allium.senescens/proj_current/individual_projections/proj_current_Allium.senescens_PA3_RUN5_FDA.tif
[00:27:42] 	> Projecting Allium.senescens_PA3_RUN5_MAXNET ...
[00:27:43] 		Writing projection on hard drive...
[00:27:43] 		 /work/data/output/Allium.senescens/proj_current/individual_projections/proj_current_Allium.senescens_PA3_RUN5_MAXNET.tif
[00:28:15] 	> Projecting Allium.senescens_PA4_RUN1_GLM ...
[00:28:16] 		Writing projection on hard drive...
[00:28:16] 		 /work/data/output/Allium.senescens/proj_current/individual_projections/proj_current_Allium.senescens_PA4_RUN1_GLM.tif
[00:46:09] 	> Projecting Allium.senescens_PA4_RUN1_GBM ...
[00:46:10] 		Writing projection on hard drive...
[00:46:10] 		 /work/data/output/Allium.senescens/proj_current/individual_projections/proj_current_Allium.senescens_PA4_RUN1_GBM.tif
[00:46:58] 	> Projecting Allium.senescens_PA4_RUN1_ANN ...
[00:46:59] 		Writing projection on hard drive...
[00:46:59] 		 /work/data/output/Allium.senescens/proj_current/individual_projections/proj_current_Allium.senescens_PA4_RUN1_ANN.tif
[00:47:36] 	> Projecting Allium.senescens_PA4_RUN1_FDA ...
[00:47:37] 		Writing projection on hard drive...
[00:47:37] 		 /work/data/output/Allium.senescens/proj_current/individual_projections/proj_current_Allium.senescens_PA4_RUN1_FDA.tif
[00:48:11] 	> Projecting Allium.senescens_PA4_RUN1_MAXNET ...
[00:48:12] 		Writing projection on hard drive...
[00:48:12] 		 /work/data/output/Allium.senescens/proj_current/individual_projections/proj_current_Allium.senescens_PA4_RUN1_MAXNET.tif
[00:48:45] 	> Projecting Allium.senescens_PA4_RUN2_GLM ...
[00:48:46] 		Writing projection on hard drive...
[00:48:46] 		 /work/data/output/Allium.senescens/proj_current/individual_projections/proj_current_Allium.senescens_PA4_RUN2_GLM.tif
[01:06:17] 	> Projecting Allium.senescens_PA4_RUN2_GBM ...
[01:06:18] 		Writing projection on hard drive...
[01:06:18] 		 /work/data/output/Allium.senescens/proj_current/individual_projections/proj_current_Allium.senescens_PA4_RUN2_GBM.tif
[01:07:08] 	> Projecting Allium.senescens_PA4_RUN2_ANN ...
[01:07:09] 		Writing projection on hard drive...
[01:07:09] 		 /work/data/output/Allium.senescens/proj_current/individual_projections/proj_current_Allium.senescens_PA4_RUN2_ANN.tif
[01:07:48] 	> Projecting Allium.senescens_PA4_RUN2_FDA ...
[01:07:49] 		Writing projection on hard drive...
[01:07:49] 		 /work/data/output/Allium.senescens/proj_current/individual_projections/proj_current_Allium.senescens_PA4_RUN2_FDA.tif
[01:08:19] 	> Projecting Allium.senescens_PA4_RUN2_MAXNET ...
[01:08:19] 		Writing projection on hard drive...
[01:08:19] 		 /work/data/output/Allium.senescens/proj_current/individual_projections/proj_current_Allium.senescens_PA4_RUN2_MAXNET.tif
[01:08:54] 	> Projecting Allium.senescens_PA4_RUN3_GLM ...
[01:08:55] 		Writing projection on hard drive...
[01:08:55] 		 /work/data/output/Allium.senescens/proj_current/individual_projections/proj_current_Allium.senescens_PA4_RUN3_GLM.tif
[01:27:52] 	> Projecting Allium.senescens_PA4_RUN3_GBM ...
[01:27:53] 		Writing projection on hard drive...
[01:27:53] 		 /work/data/output/Allium.senescens/proj_current/individual_projections/proj_current_Allium.senescens_PA4_RUN3_GBM.tif
[01:28:38] 	> Projecting Allium.senescens_PA4_RUN3_ANN ...
[01:28:38] 		Writing projection on hard drive...
[01:28:38] 		 /work/data/output/Allium.senescens/proj_current/individual_projections/proj_current_Allium.senescens_PA4_RUN3_ANN.tif
[01:29:22] 	> Projecting Allium.senescens_PA4_RUN3_FDA ...
[01:29:23] 		Writing projection on hard drive...
[01:29:23] 		 /work/data/output/Allium.senescens/proj_current/individual_projections/proj_current_Allium.senescens_PA4_RUN3_FDA.tif
[01:29:56] 	> Projecting Allium.senescens_PA4_RUN3_MAXNET ...
[01:29:57] 		Writing projection on hard drive...
[01:29:57] 		 /work/data/output/Allium.senescens/proj_current/individual_projections/proj_current_Allium.senescens_PA4_RUN3_MAXNET.tif
[01:30:29] 	> Projecting Allium.senescens_PA4_RUN4_GLM ...
[01:30:30] 		Writing projection on hard drive...
[01:30:30] 		 /work/data/output/Allium.senescens/proj_current/individual_projections/proj_current_Allium.senescens_PA4_RUN4_GLM.tif
[01:48:27] 	> Projecting Allium.senescens_PA4_RUN4_GBM ...
[01:48:28] 		Writing projection on hard drive...
[01:48:28] 		 /work/data/output/Allium.senescens/proj_current/individual_projections/proj_current_Allium.senescens_PA4_RUN4_GBM.tif
[01:49:19] 	> Projecting Allium.senescens_PA4_RUN4_ANN ...
[01:49:20] 		Writing projection on hard drive...
[01:49:20] 		 /work/data/output/Allium.senescens/proj_current/individual_projections/proj_current_Allium.senescens_PA4_RUN4_ANN.tif
[01:50:04] 	> Projecting Allium.senescens_PA4_RUN4_FDA ...
[01:50:05] 		Writing projection on hard drive...
[01:50:05] 		 /work/data/output/Allium.senescens/proj_current/individual_projections/proj_current_Allium.senescens_PA4_RUN4_FDA.tif
[01:50:34] 	> Projecting Allium.senescens_PA4_RUN4_MAXNET ...
[01:50:35] 		Writing projection on hard drive...
[01:50:35] 		 /work/data/output/Allium.senescens/proj_current/individual_projections/proj_current_Allium.senescens_PA4_RUN4_MAXNET.tif
[01:51:05] 	> Projecting Allium.senescens_PA4_RUN5_GLM ...
[01:51:06] 		Writing projection on hard drive...
[01:51:06] 		 /work/data/output/Allium.senescens/proj_current/individual_projections/proj_current_Allium.senescens_PA4_RUN5_GLM.tif
[02:08:59] 	> Projecting Allium.senescens_PA4_RUN5_GBM ...
[02:09:00] 		Writing projection on hard drive...
[02:09:00] 		 /work/data/output/Allium.senescens/proj_current/individual_projections/proj_current_Allium.senescens_PA4_RUN5_GBM.tif
[02:09:48] 	> Projecting Allium.senescens_PA4_RUN5_ANN ...
[02:09:49] 		Writing projection on hard drive...
[02:09:49] 		 /work/data/output/Allium.senescens/proj_current/individual_projections/proj_current_Allium.senescens_PA4_RUN5_ANN.tif
[02:10:25] 	> Projecting Allium.senescens_PA4_RUN5_FDA ...
[02:10:26] 		Writing projection on hard drive...
[02:10:26] 		 /work/data/output/Allium.senescens/proj_current/individual_projections/proj_current_Allium.senescens_PA4_RUN5_FDA.tif
[02:10:57] 	> Projecting Allium.senescens_PA4_RUN5_MAXNET ...
[02:10:58] 		Writing projection on hard drive...
[02:10:58] 		 /work/data/output/Allium.senescens/proj_current/individual_projections/proj_current_Allium.senescens_PA4_RUN5_MAXNET.tif
[02:11:31] 	> Projecting Allium.senescens_PA5_RUN1_GLM ...
[02:11:32] 		Writing projection on hard drive...
[02:11:32] 		 /work/data/output/Allium.senescens/proj_current/individual_projections/proj_current_Allium.senescens_PA5_RUN1_GLM.tif
[02:29:21] 	> Projecting Allium.senescens_PA5_RUN1_GBM ...
[02:29:22] 		Writing projection on hard drive...
[02:29:22] 		 /work/data/output/Allium.senescens/proj_current/individual_projections/proj_current_Allium.senescens_PA5_RUN1_GBM.tif
[02:30:09] 	> Projecting Allium.senescens_PA5_RUN1_ANN ...
[02:30:10] 		Writing projection on hard drive...
[02:30:10] 		 /work/data/output/Allium.senescens/proj_current/individual_projections/proj_current_Allium.senescens_PA5_RUN1_ANN.tif
[02:30:45] 	> Projecting Allium.senescens_PA5_RUN1_FDA ...
[02:30:46] 		Writing projection on hard drive...
[02:30:46] 		 /work/data/output/Allium.senescens/proj_current/individual_projections/proj_current_Allium.senescens_PA5_RUN1_FDA.tif
[02:31:19] 	> Projecting Allium.senescens_PA5_RUN1_MAXNET ...
[02:31:20] 		Writing projection on hard drive...
[02:31:20] 		 /work/data/output/Allium.senescens/proj_current/individual_projections/proj_current_Allium.senescens_PA5_RUN1_MAXNET.tif
[02:31:58] 	> Projecting Allium.senescens_PA5_RUN2_GLM ...
[02:31:59] 		Writing projection on hard drive...
[02:31:59] 		 /work/data/output/Allium.senescens/proj_current/individual_projections/proj_current_Allium.senescens_PA5_RUN2_GLM.tif
[02:49:42] 	> Projecting Allium.senescens_PA5_RUN2_GBM ...
[02:49:43] 		Writing projection on hard drive...
[02:49:43] 		 /work/data/output/Allium.senescens/proj_current/individual_projections/proj_current_Allium.senescens_PA5_RUN2_GBM.tif
[02:50:32] 	> Projecting Allium.senescens_PA5_RUN2_ANN ...
[02:50:33] 		Writing projection on hard drive...
[02:50:33] 		 /work/data/output/Allium.senescens/proj_current/individual_projections/proj_current_Allium.senescens_PA5_RUN2_ANN.tif
[02:51:14] 	> Projecting Allium.senescens_PA5_RUN2_FDA ...
[02:51:15] 		Writing projection on hard drive...
[02:51:15] 		 /work/data/output/Allium.senescens/proj_current/individual_projections/proj_current_Allium.senescens_PA5_RUN2_FDA.tif
[02:51:48] 	> Projecting Allium.senescens_PA5_RUN2_MAXNET ...
[02:51:49] 		Writing projection on hard drive...
[02:51:49] 		 /work/data/output/Allium.senescens/proj_current/individual_projections/proj_current_Allium.senescens_PA5_RUN2_MAXNET.tif
[02:52:22] 	> Projecting Allium.senescens_PA5_RUN3_GLM ...
[02:52:23] 		Writing projection on hard drive...
[02:52:23] 		 /work/data/output/Allium.senescens/proj_current/individual_projections/proj_current_Allium.senescens_PA5_RUN3_GLM.tif
[03:09:57] 	> Projecting Allium.senescens_PA5_RUN3_GBM ...
[03:09:58] 		Writing projection on hard drive...
[03:09:58] 		 /work/data/output/Allium.senescens/proj_current/individual_projections/proj_current_Allium.senescens_PA5_RUN3_GBM.tif
[03:10:48] 	> Projecting Allium.senescens_PA5_RUN3_ANN ...
[03:10:49] 		Writing projection on hard drive...
[03:10:49] 		 /work/data/output/Allium.senescens/proj_current/individual_projections/proj_current_Allium.senescens_PA5_RUN3_ANN.tif
[03:11:33] 	> Projecting Allium.senescens_PA5_RUN3_FDA ...
[03:11:34] 		Writing projection on hard drive...
[03:11:34] 		 /work/data/output/Allium.senescens/proj_current/individual_projections/proj_current_Allium.senescens_PA5_RUN3_FDA.tif
[03:12:04] 	> Projecting Allium.senescens_PA5_RUN3_MAXNET ...
[03:12:05] 		Writing projection on hard drive...
[03:12:05] 		 /work/data/output/Allium.senescens/proj_current/individual_projections/proj_current_Allium.senescens_PA5_RUN3_MAXNET.tif
[03:12:39] 	> Projecting Allium.senescens_PA5_RUN4_GLM ...
[03:12:40] 		Writing projection on hard drive...
[03:12:40] 		 /work/data/output/Allium.senescens/proj_current/individual_projections/proj_current_Allium.senescens_PA5_RUN4_GLM.tif
[03:30:49] 	> Projecting Allium.senescens_PA5_RUN4_GBM ...
[03:30:50] 		Writing projection on hard drive...
[03:30:50] 		 /work/data/output/Allium.senescens/proj_current/individual_projections/proj_current_Allium.senescens_PA5_RUN4_GBM.tif
[03:31:40] 	> Projecting Allium.senescens_PA5_RUN4_ANN ...
[03:31:41] 		Writing projection on hard drive...
[03:31:41] 		 /work/data/output/Allium.senescens/proj_current/individual_projections/proj_current_Allium.senescens_PA5_RUN4_ANN.tif
[03:32:23] 	> Projecting Allium.senescens_PA5_RUN4_FDA ...
[03:32:24] 		Writing projection on hard drive...
[03:32:24] 		 /work/data/output/Allium.senescens/proj_current/individual_projections/proj_current_Allium.senescens_PA5_RUN4_FDA.tif
[03:32:47] 	> Projecting Allium.senescens_PA5_RUN4_MAXNET ...
[03:32:48] 		Writing projection on hard drive...
[03:32:48] 		 /work/data/output/Allium.senescens/proj_current/individual_projections/proj_current_Allium.senescens_PA5_RUN4_MAXNET.tif
[03:33:21] 	> Projecting Allium.senescens_PA5_RUN5_GLM ...
[03:33:22] 		Writing projection on hard drive...
[03:33:22] 		 /work/data/output/Allium.senescens/proj_current/individual_projections/proj_current_Allium.senescens_PA5_RUN5_GLM.tif
[03:51:14] 	> Projecting Allium.senescens_PA5_RUN5_GBM ...
[03:51:14] 		Writing projection on hard drive...
[03:51:14] 		 /work/data/output/Allium.senescens/proj_current/individual_projections/proj_current_Allium.senescens_PA5_RUN5_GBM.tif
[03:52:01] 	> Projecting Allium.senescens_PA5_RUN5_ANN ...
[03:52:01] 		Writing projection on hard drive...
[03:52:01] 		 /work/data/output/Allium.senescens/proj_current/individual_projections/proj_current_Allium.senescens_PA5_RUN5_ANN.tif
[03:52:41] 	> Projecting Allium.senescens_PA5_RUN5_FDA ...
[03:52:42] 		Writing projection on hard drive...
[03:52:42] 		 /work/data/output/Allium.senescens/proj_current/individual_projections/proj_current_Allium.senescens_PA5_RUN5_FDA.tif
[03:53:12] 	> Projecting Allium.senescens_PA5_RUN5_MAXNET ...
[03:53:13] 		Writing projection on hard drive...
[03:53:13] 		 /work/data/output/Allium.senescens/proj_current/individual_projections/proj_current_Allium.senescens_PA5_RUN5_MAXNET.tif
[03:53:46] 	> Projecting Allium.senescens_PA6_RUN1_GLM ...
[03:53:47] 		Writing projection on hard drive...
[03:53:47] 		 /work/data/output/Allium.senescens/proj_current/individual_projections/proj_current_Allium.senescens_PA6_RUN1_GLM.tif
[04:10:37] 	> Projecting Allium.senescens_PA6_RUN1_GBM ...
[04:10:37] 		Writing projection on hard drive...
[04:10:37] 		 /work/data/output/Allium.senescens/proj_current/individual_projections/proj_current_Allium.senescens_PA6_RUN1_GBM.tif
[04:11:23] 	> Projecting Allium.senescens_PA6_RUN1_ANN ...
[04:11:24] 		Writing projection on hard drive...
[04:11:24] 		 /work/data/output/Allium.senescens/proj_current/individual_projections/proj_current_Allium.senescens_PA6_RUN1_ANN.tif
[04:12:04] 	> Projecting Allium.senescens_PA6_RUN1_FDA ...
[04:12:05] 		Writing projection on hard drive...
[04:12:05] 		 /work/data/output/Allium.senescens/proj_current/individual_projections/proj_current_Allium.senescens_PA6_RUN1_FDA.tif
[04:12:33] 	> Projecting Allium.senescens_PA6_RUN1_MAXNET ...
[04:12:34] 		Writing projection on hard drive...
[04:12:34] 		 /work/data/output/Allium.senescens/proj_current/individual_projections/proj_current_Allium.senescens_PA6_RUN1_MAXNET.tif
[04:13:07] 	> Projecting Allium.senescens_PA6_RUN2_GLM ...
[04:13:08] 		Writing projection on hard drive...
[04:13:08] 		 /work/data/output/Allium.senescens/proj_current/individual_projections/proj_current_Allium.senescens_PA6_RUN2_GLM.tif
[04:31:00] 	> Projecting Allium.senescens_PA6_RUN2_GBM ...
[04:31:01] 		Writing projection on hard drive...
[04:31:01] 		 /work/data/output/Allium.senescens/proj_current/individual_projections/proj_current_Allium.senescens_PA6_RUN2_GBM.tif
[04:31:51] 	> Projecting Allium.senescens_PA6_RUN2_ANN ...
[04:31:52] 		Writing projection on hard drive...
[04:31:52] 		 /work/data/output/Allium.senescens/proj_current/individual_projections/proj_current_Allium.senescens_PA6_RUN2_ANN.tif
[04:32:34] 	> Projecting Allium.senescens_PA6_RUN2_FDA ...
[04:32:35] 		Writing projection on hard drive...
[04:32:35] 		 /work/data/output/Allium.senescens/proj_current/individual_projections/proj_current_Allium.senescens_PA6_RUN2_FDA.tif
[04:33:04] 	> Projecting Allium.senescens_PA6_RUN2_MAXNET ...
[04:33:05] 		Writing projection on hard drive...
[04:33:05] 		 /work/data/output/Allium.senescens/proj_current/individual_projections/proj_current_Allium.senescens_PA6_RUN2_MAXNET.tif
[04:33:37] 	> Projecting Allium.senescens_PA6_RUN3_GLM ...
[04:33:38] 		Writing projection on hard drive...
[04:33:38] 		 /work/data/output/Allium.senescens/proj_current/individual_projections/proj_current_Allium.senescens_PA6_RUN3_GLM.tif
[04:51:38] 	> Projecting Allium.senescens_PA6_RUN3_GBM ...
[04:51:39] 		Writing projection on hard drive...
[04:51:39] 		 /work/data/output/Allium.senescens/proj_current/individual_projections/proj_current_Allium.senescens_PA6_RUN3_GBM.tif
[04:52:31] 	> Projecting Allium.senescens_PA6_RUN3_ANN ...
[04:52:31] 		Writing projection on hard drive...
[04:52:31] 		 /work/data/output/Allium.senescens/proj_current/individual_projections/proj_current_Allium.senescens_PA6_RUN3_ANN.tif
[04:53:13] 	> Projecting Allium.senescens_PA6_RUN3_FDA ...
[04:53:14] 		Writing projection on hard drive...
[04:53:14] 		 /work/data/output/Allium.senescens/proj_current/individual_projections/proj_current_Allium.senescens_PA6_RUN3_FDA.tif
[04:53:44] 	> Projecting Allium.senescens_PA6_RUN3_MAXNET ...
[04:53:45] 		Writing projection on hard drive...
[04:53:45] 		 /work/data/output/Allium.senescens/proj_current/individual_projections/proj_current_Allium.senescens_PA6_RUN3_MAXNET.tif
[04:54:18] 	> Projecting Allium.senescens_PA6_RUN4_GLM ...
[04:54:20] 		Writing projection on hard drive...
[04:54:20] 		 /work/data/output/Allium.senescens/proj_current/individual_projections/proj_current_Allium.senescens_PA6_RUN4_GLM.tif
[05:12:23] 	> Projecting Allium.senescens_PA6_RUN4_GBM ...
[05:12:24] 		Writing projection on hard drive...
[05:12:24] 		 /work/data/output/Allium.senescens/proj_current/individual_projections/proj_current_Allium.senescens_PA6_RUN4_GBM.tif
[05:13:20] 	> Projecting Allium.senescens_PA6_RUN4_ANN ...
[05:13:21] 		Writing projection on hard drive...
[05:13:21] 		 /work/data/output/Allium.senescens/proj_current/individual_projections/proj_current_Allium.senescens_PA6_RUN4_ANN.tif
[05:14:01] 	> Projecting Allium.senescens_PA6_RUN4_FDA ...
[05:14:02] 		Writing projection on hard drive...
[05:14:02] 		 /work/data/output/Allium.senescens/proj_current/individual_projections/proj_current_Allium.senescens_PA6_RUN4_FDA.tif
[05:14:28] 	> Projecting Allium.senescens_PA6_RUN4_MAXNET ...
[05:14:29] 		Writing projection on hard drive...
[05:14:29] 		 /work/data/output/Allium.senescens/proj_current/individual_projections/proj_current_Allium.senescens_PA6_RUN4_MAXNET.tif
[05:15:04] 	> Projecting Allium.senescens_PA6_RUN5_GLM ...
[05:15:05] 		Writing projection on hard drive...
[05:15:05] 		 /work/data/output/Allium.senescens/proj_current/individual_projections/proj_current_Allium.senescens_PA6_RUN5_GLM.tif
[05:32:47] 	> Projecting Allium.senescens_PA6_RUN5_GBM ...
[05:32:48] 		Writing projection on hard drive...
[05:32:48] 		 /work/data/output/Allium.senescens/proj_current/individual_projections/proj_current_Allium.senescens_PA6_RUN5_GBM.tif
[05:33:39] 	> Projecting Allium.senescens_PA6_RUN5_ANN ...
[05:33:39] 		Writing projection on hard drive...
[05:33:39] 		 /work/data/output/Allium.senescens/proj_current/individual_projections/proj_current_Allium.senescens_PA6_RUN5_ANN.tif
[05:34:24] 	> Projecting Allium.senescens_PA6_RUN5_FDA ...
[05:34:25] 		Writing projection on hard drive...
[05:34:25] 		 /work/data/output/Allium.senescens/proj_current/individual_projections/proj_current_Allium.senescens_PA6_RUN5_FDA.tif
[05:34:53] 	> Projecting Allium.senescens_PA6_RUN5_MAXNET ...
[05:34:54] 		Writing projection on hard drive...
[05:34:54] 		 /work/data/output/Allium.senescens/proj_current/individual_projections/proj_current_Allium.senescens_PA6_RUN5_MAXNET.tif
[05:35:26] 	> Projecting Allium.senescens_PA7_RUN1_GLM ...
[05:35:27] 		Writing projection on hard drive...
[05:35:27] 		 /work/data/output/Allium.senescens/proj_current/individual_projections/proj_current_Allium.senescens_PA7_RUN1_GLM.tif
[05:53:34] 	> Projecting Allium.senescens_PA7_RUN1_GBM ...
[05:53:35] 		Writing projection on hard drive...
[05:53:35] 		 /work/data/output/Allium.senescens/proj_current/individual_projections/proj_current_Allium.senescens_PA7_RUN1_GBM.tif
[05:54:24] 	> Projecting Allium.senescens_PA7_RUN1_ANN ...
[05:54:25] 		Writing projection on hard drive...
[05:54:25] 		 /work/data/output/Allium.senescens/proj_current/individual_projections/proj_current_Allium.senescens_PA7_RUN1_ANN.tif
[05:55:05] 	> Projecting Allium.senescens_PA7_RUN1_FDA ...
[05:55:06] 		Writing projection on hard drive...
[05:55:06] 		 /work/data/output/Allium.senescens/proj_current/individual_projections/proj_current_Allium.senescens_PA7_RUN1_FDA.tif
[05:55:33] 	> Projecting Allium.senescens_PA7_RUN1_MAXNET ...
[05:55:34] 		Writing projection on hard drive...
[05:55:34] 		 /work/data/output/Allium.senescens/proj_current/individual_projections/proj_current_Allium.senescens_PA7_RUN1_MAXNET.tif
[05:56:12] 	> Projecting Allium.senescens_PA7_RUN2_GLM ...
[05:56:13] 		Writing projection on hard drive...
[05:56:13] 		 /work/data/output/Allium.senescens/proj_current/individual_projections/proj_current_Allium.senescens_PA7_RUN2_GLM.tif
[06:13:54] 	> Projecting Allium.senescens_PA7_RUN2_GBM ...
[06:13:55] 		Writing projection on hard drive...
[06:13:55] 		 /work/data/output/Allium.senescens/proj_current/individual_projections/proj_current_Allium.senescens_PA7_RUN2_GBM.tif
[06:14:43] 	> Projecting Allium.senescens_PA7_RUN2_ANN ...
[06:14:44] 		Writing projection on hard drive...
[06:14:44] 		 /work/data/output/Allium.senescens/proj_current/individual_projections/proj_current_Allium.senescens_PA7_RUN2_ANN.tif
[06:15:25] 	> Projecting Allium.senescens_PA7_RUN2_FDA ...
[06:15:26] 		Writing projection on hard drive...
[06:15:26] 		 /work/data/output/Allium.senescens/proj_current/individual_projections/proj_current_Allium.senescens_PA7_RUN2_FDA.tif
[06:15:57] 	> Projecting Allium.senescens_PA7_RUN2_MAXNET ...
[06:15:58] 		Writing projection on hard drive...
[06:15:58] 		 /work/data/output/Allium.senescens/proj_current/individual_projections/proj_current_Allium.senescens_PA7_RUN2_MAXNET.tif
[06:16:31] 	> Projecting Allium.senescens_PA7_RUN3_GLM ...
[06:16:32] 		Writing projection on hard drive...
[06:16:32] 		 /work/data/output/Allium.senescens/proj_current/individual_projections/proj_current_Allium.senescens_PA7_RUN3_GLM.tif
[06:34:09] 	> Projecting Allium.senescens_PA7_RUN3_GBM ...
[06:34:10] 		Writing projection on hard drive...
[06:34:10] 		 /work/data/output/Allium.senescens/proj_current/individual_projections/proj_current_Allium.senescens_PA7_RUN3_GBM.tif
[06:35:02] 	> Projecting Allium.senescens_PA7_RUN3_ANN ...
[06:35:03] 		Writing projection on hard drive...
[06:35:03] 		 /work/data/output/Allium.senescens/proj_current/individual_projections/proj_current_Allium.senescens_PA7_RUN3_ANN.tif
[06:35:49] 	> Projecting Allium.senescens_PA7_RUN3_FDA ...
[06:35:50] 		Writing projection on hard drive...
[06:35:50] 		 /work/data/output/Allium.senescens/proj_current/individual_projections/proj_current_Allium.senescens_PA7_RUN3_FDA.tif
[06:36:17] 	> Projecting Allium.senescens_PA7_RUN3_MAXNET ...
[06:36:18] 		Writing projection on hard drive...
[06:36:18] 		 /work/data/output/Allium.senescens/proj_current/individual_projections/proj_current_Allium.senescens_PA7_RUN3_MAXNET.tif
[06:36:52] 	> Projecting Allium.senescens_PA7_RUN4_GLM ...
[06:36:53] 		Writing projection on hard drive...
[06:36:53] 		 /work/data/output/Allium.senescens/proj_current/individual_projections/proj_current_Allium.senescens_PA7_RUN4_GLM.tif
[06:54:42] 	> Projecting Allium.senescens_PA7_RUN4_GBM ...
[06:54:43] 		Writing projection on hard drive...
[06:54:43] 		 /work/data/output/Allium.senescens/proj_current/individual_projections/proj_current_Allium.senescens_PA7_RUN4_GBM.tif
[06:55:33] 	> Projecting Allium.senescens_PA7_RUN4_ANN ...
[06:55:34] 		Writing projection on hard drive...
[06:55:34] 		 /work/data/output/Allium.senescens/proj_current/individual_projections/proj_current_Allium.senescens_PA7_RUN4_ANN.tif
[06:56:15] 	> Projecting Allium.senescens_PA7_RUN4_FDA ...
[06:56:16] 		Writing projection on hard drive...
[06:56:16] 		 /work/data/output/Allium.senescens/proj_current/individual_projections/proj_current_Allium.senescens_PA7_RUN4_FDA.tif
[06:56:44] 	> Projecting Allium.senescens_PA7_RUN4_MAXNET ...
[06:56:45] 		Writing projection on hard drive...
[06:56:45] 		 /work/data/output/Allium.senescens/proj_current/individual_projections/proj_current_Allium.senescens_PA7_RUN4_MAXNET.tif
[06:57:18] 	> Projecting Allium.senescens_PA7_RUN5_GLM ...
[06:57:19] 		Writing projection on hard drive...
[06:57:19] 		 /work/data/output/Allium.senescens/proj_current/individual_projections/proj_current_Allium.senescens_PA7_RUN5_GLM.tif
[07:14:48] 	> Projecting Allium.senescens_PA7_RUN5_GBM ...
[07:14:49] 		Writing projection on hard drive...
[07:14:49] 		 /work/data/output/Allium.senescens/proj_current/individual_projections/proj_current_Allium.senescens_PA7_RUN5_GBM.tif
[07:15:35] 	> Projecting Allium.senescens_PA7_RUN5_ANN ...
[07:15:36] 		Writing projection on hard drive...
[07:15:36] 		 /work/data/output/Allium.senescens/proj_current/individual_projections/proj_current_Allium.senescens_PA7_RUN5_ANN.tif
[07:16:16] 	> Projecting Allium.senescens_PA7_RUN5_FDA ...
[07:16:17] 		Writing projection on hard drive...
[07:16:17] 		 /work/data/output/Allium.senescens/proj_current/individual_projections/proj_current_Allium.senescens_PA7_RUN5_FDA.tif
[07:16:46] 	> Projecting Allium.senescens_PA7_RUN5_MAXNET ...
[07:16:47] 		Writing projection on hard drive...
[07:16:47] 		 /work/data/output/Allium.senescens/proj_current/individual_projections/proj_current_Allium.senescens_PA7_RUN5_MAXNET.tif
[07:17:20] 	> Projecting Allium.senescens_PA8_RUN1_GLM ...
[07:17:21] 		Writing projection on hard drive...
[07:17:21] 		 /work/data/output/Allium.senescens/proj_current/individual_projections/proj_current_Allium.senescens_PA8_RUN1_GLM.tif
[07:34:38] 	> Projecting Allium.senescens_PA8_RUN1_GBM ...
[07:34:39] 		Writing projection on hard drive...
[07:34:39] 		 /work/data/output/Allium.senescens/proj_current/individual_projections/proj_current_Allium.senescens_PA8_RUN1_GBM.tif
[07:35:26] 	> Projecting Allium.senescens_PA8_RUN1_ANN ...
[07:35:27] 		Writing projection on hard drive...
[07:35:27] 		 /work/data/output/Allium.senescens/proj_current/individual_projections/proj_current_Allium.senescens_PA8_RUN1_ANN.tif
[07:36:07] 	> Projecting Allium.senescens_PA8_RUN1_FDA ...
[07:36:08] 		Writing projection on hard drive...
[07:36:08] 		 /work/data/output/Allium.senescens/proj_current/individual_projections/proj_current_Allium.senescens_PA8_RUN1_FDA.tif
[07:36:44] 	> Projecting Allium.senescens_PA8_RUN1_MAXNET ...
[07:36:45] 		Writing projection on hard drive...
[07:36:45] 		 /work/data/output/Allium.senescens/proj_current/individual_projections/proj_current_Allium.senescens_PA8_RUN1_MAXNET.tif
[07:37:20] 	> Projecting Allium.senescens_PA8_RUN2_GLM ...
[07:37:21] 		Writing projection on hard drive...
[07:37:21] 		 /work/data/output/Allium.senescens/proj_current/individual_projections/proj_current_Allium.senescens_PA8_RUN2_GLM.tif
[07:55:16] 	> Projecting Allium.senescens_PA8_RUN2_GBM ...
[07:55:17] 		Writing projection on hard drive...
[07:55:17] 		 /work/data/output/Allium.senescens/proj_current/individual_projections/proj_current_Allium.senescens_PA8_RUN2_GBM.tif
[07:56:08] 	> Projecting Allium.senescens_PA8_RUN2_ANN ...
[07:56:10] 		Writing projection on hard drive...
[07:56:10] 		 /work/data/output/Allium.senescens/proj_current/individual_projections/proj_current_Allium.senescens_PA8_RUN2_ANN.tif
[07:56:54] 	> Projecting Allium.senescens_PA8_RUN2_FDA ...
[07:56:55] 		Writing projection on hard drive...
[07:56:55] 		 /work/data/output/Allium.senescens/proj_current/individual_projections/proj_current_Allium.senescens_PA8_RUN2_FDA.tif
[07:57:24] 	> Projecting Allium.senescens_PA8_RUN2_MAXNET ...
[07:57:25] 		Writing projection on hard drive...
[07:57:25] 		 /work/data/output/Allium.senescens/proj_current/individual_projections/proj_current_Allium.senescens_PA8_RUN2_MAXNET.tif
[07:57:58] 	> Projecting Allium.senescens_PA8_RUN3_GLM ...
[07:57:59] 		Writing projection on hard drive...
[07:57:59] 		 /work/data/output/Allium.senescens/proj_current/individual_projections/proj_current_Allium.senescens_PA8_RUN3_GLM.tif
[08:15:41] 	> Projecting Allium.senescens_PA8_RUN3_GBM ...
[08:15:42] 		Writing projection on hard drive...
[08:15:42] 		 /work/data/output/Allium.senescens/proj_current/individual_projections/proj_current_Allium.senescens_PA8_RUN3_GBM.tif
[08:16:34] 	> Projecting Allium.senescens_PA8_RUN3_ANN ...
[08:16:35] 		Writing projection on hard drive...
[08:16:35] 		 /work/data/output/Allium.senescens/proj_current/individual_projections/proj_current_Allium.senescens_PA8_RUN3_ANN.tif
[08:17:15] 	> Projecting Allium.senescens_PA8_RUN3_FDA ...
[08:17:16] 		Writing projection on hard drive...
[08:17:16] 		 /work/data/output/Allium.senescens/proj_current/individual_projections/proj_current_Allium.senescens_PA8_RUN3_FDA.tif
[08:17:46] 	> Projecting Allium.senescens_PA8_RUN3_MAXNET ...
[08:17:47] 		Writing projection on hard drive...
[08:17:47] 		 /work/data/output/Allium.senescens/proj_current/individual_projections/proj_current_Allium.senescens_PA8_RUN3_MAXNET.tif
[08:18:20] 	> Projecting Allium.senescens_PA8_RUN4_GLM ...
[08:18:21] 		Writing projection on hard drive...
[08:18:21] 		 /work/data/output/Allium.senescens/proj_current/individual_projections/proj_current_Allium.senescens_PA8_RUN4_GLM.tif
[08:36:01] 	> Projecting Allium.senescens_PA8_RUN4_GBM ...
[08:36:01] 		Writing projection on hard drive...
[08:36:01] 		 /work/data/output/Allium.senescens/proj_current/individual_projections/proj_current_Allium.senescens_PA8_RUN4_GBM.tif
[08:36:48] 	> Projecting Allium.senescens_PA8_RUN4_ANN ...
[08:36:49] 		Writing projection on hard drive...
[08:36:49] 		 /work/data/output/Allium.senescens/proj_current/individual_projections/proj_current_Allium.senescens_PA8_RUN4_ANN.tif
[08:37:28] 	> Projecting Allium.senescens_PA8_RUN4_FDA ...
[08:37:29] 		Writing projection on hard drive...
[08:37:29] 		 /work/data/output/Allium.senescens/proj_current/individual_projections/proj_current_Allium.senescens_PA8_RUN4_FDA.tif
[08:37:59] 	> Projecting Allium.senescens_PA8_RUN4_MAXNET ...
[08:38:00] 		Writing projection on hard drive...
[08:38:00] 		 /work/data/output/Allium.senescens/proj_current/individual_projections/proj_current_Allium.senescens_PA8_RUN4_MAXNET.tif
[08:38:33] 	> Projecting Allium.senescens_PA8_RUN5_GLM ...
[08:38:34] 		Writing projection on hard drive...
[08:38:34] 		 /work/data/output/Allium.senescens/proj_current/individual_projections/proj_current_Allium.senescens_PA8_RUN5_GLM.tif
[08:56:29] 	> Projecting Allium.senescens_PA8_RUN5_GBM ...
[08:56:30] 		Writing projection on hard drive...
[08:56:30] 		 /work/data/output/Allium.senescens/proj_current/individual_projections/proj_current_Allium.senescens_PA8_RUN5_GBM.tif
[08:57:29] 	> Projecting Allium.senescens_PA8_RUN5_ANN ...
[08:57:30] 		Writing projection on hard drive...
[08:57:30] 		 /work/data/output/Allium.senescens/proj_current/individual_projections/proj_current_Allium.senescens_PA8_RUN5_ANN.tif
[08:58:21] 	> Projecting Allium.senescens_PA8_RUN5_FDA ...
[08:58:23] 		Writing projection on hard drive...
[08:58:23] 		 /work/data/output/Allium.senescens/proj_current/individual_projections/proj_current_Allium.senescens_PA8_RUN5_FDA.tif
[08:59:00] 	> Projecting Allium.senescens_PA8_RUN5_MAXNET ...
[08:59:01] 		Writing projection on hard drive...
[08:59:01] 		 /work/data/output/Allium.senescens/proj_current/individual_projections/proj_current_Allium.senescens_PA8_RUN5_MAXNET.tif
[08:59:40] 	> Projecting Allium.senescens_PA9_RUN1_GLM ...
[08:59:42] 		Writing projection on hard drive...
[08:59:42] 		 /work/data/output/Allium.senescens/proj_current/individual_projections/proj_current_Allium.senescens_PA9_RUN1_GLM.tif
[09:20:02] 	> Projecting Allium.senescens_PA9_RUN1_GBM ...
[09:20:03] 		Writing projection on hard drive...
[09:20:03] 		 /work/data/output/Allium.senescens/proj_current/individual_projections/proj_current_Allium.senescens_PA9_RUN1_GBM.tif
[09:21:01] 	> Projecting Allium.senescens_PA9_RUN1_ANN ...
[09:21:02] 		Writing projection on hard drive...
[09:21:02] 		 /work/data/output/Allium.senescens/proj_current/individual_projections/proj_current_Allium.senescens_PA9_RUN1_ANN.tif
[09:21:47] 	> Projecting Allium.senescens_PA9_RUN1_FDA ...
[09:21:48] 		Writing projection on hard drive...
[09:21:48] 		 /work/data/output/Allium.senescens/proj_current/individual_projections/proj_current_Allium.senescens_PA9_RUN1_FDA.tif
[09:22:23] 	> Projecting Allium.senescens_PA9_RUN1_MAXNET ...
[09:22:24] 		Writing projection on hard drive...
[09:22:24] 		 /work/data/output/Allium.senescens/proj_current/individual_projections/proj_current_Allium.senescens_PA9_RUN1_MAXNET.tif
[09:23:04] 	> Projecting Allium.senescens_PA9_RUN2_GLM ...
[09:23:05] 		Writing projection on hard drive...
[09:23:05] 		 /work/data/output/Allium.senescens/proj_current/individual_projections/proj_current_Allium.senescens_PA9_RUN2_GLM.tif
[09:43:39] 	> Projecting Allium.senescens_PA9_RUN2_GBM ...
[09:43:40] 		Writing projection on hard drive...
[09:43:40] 		 /work/data/output/Allium.senescens/proj_current/individual_projections/proj_current_Allium.senescens_PA9_RUN2_GBM.tif
[09:44:45] 	> Projecting Allium.senescens_PA9_RUN2_ANN ...
[09:44:46] 		Writing projection on hard drive...
[09:44:46] 		 /work/data/output/Allium.senescens/proj_current/individual_projections/proj_current_Allium.senescens_PA9_RUN2_ANN.tif
[09:45:30] 	> Projecting Allium.senescens_PA9_RUN2_FDA ...
[09:45:32] 		Writing projection on hard drive...
[09:45:32] 		 /work/data/output/Allium.senescens/proj_current/individual_projections/proj_current_Allium.senescens_PA9_RUN2_FDA.tif
[09:46:06] 	> Projecting Allium.senescens_PA9_RUN2_MAXNET ...
[09:46:07] 		Writing projection on hard drive...
[09:46:07] 		 /work/data/output/Allium.senescens/proj_current/individual_projections/proj_current_Allium.senescens_PA9_RUN2_MAXNET.tif
[09:46:49] 	> Projecting Allium.senescens_PA9_RUN3_GLM ...
[09:46:50] 		Writing projection on hard drive...
[09:46:50] 		 /work/data/output/Allium.senescens/proj_current/individual_projections/proj_current_Allium.senescens_PA9_RUN3_GLM.tif
[10:07:58] 	> Projecting Allium.senescens_PA9_RUN3_GBM ...
[10:07:59] 		Writing projection on hard drive...
[10:07:59] 		 /work/data/output/Allium.senescens/proj_current/individual_projections/proj_current_Allium.senescens_PA9_RUN3_GBM.tif
[10:09:25] 	> Projecting Allium.senescens_PA9_RUN3_ANN ...
[10:09:26] 		Writing projection on hard drive...
[10:09:26] 		 /work/data/output/Allium.senescens/proj_current/individual_projections/proj_current_Allium.senescens_PA9_RUN3_ANN.tif
[10:10:31] 	> Projecting Allium.senescens_PA9_RUN3_FDA ...
[10:10:32] 		Writing projection on hard drive...
[10:10:32] 		 /work/data/output/Allium.senescens/proj_current/individual_projections/proj_current_Allium.senescens_PA9_RUN3_FDA.tif
[10:11:15] 	> Projecting Allium.senescens_PA9_RUN3_MAXNET ...
[10:11:17] 		Writing projection on hard drive...
[10:11:17] 		 /work/data/output/Allium.senescens/proj_current/individual_projections/proj_current_Allium.senescens_PA9_RUN3_MAXNET.tif
[10:12:06] 	> Projecting Allium.senescens_PA9_RUN4_GLM ...
[10:12:07] 		Writing projection on hard drive...
[10:12:07] 		 /work/data/output/Allium.senescens/proj_current/individual_projections/proj_current_Allium.senescens_PA9_RUN4_GLM.tif
[10:32:44] 	> Projecting Allium.senescens_PA9_RUN4_GBM ...
[10:32:46] 		Writing projection on hard drive...
[10:32:46] 		 /work/data/output/Allium.senescens/proj_current/individual_projections/proj_current_Allium.senescens_PA9_RUN4_GBM.tif
[10:34:04] 	> Projecting Allium.senescens_PA9_RUN4_ANN ...
[10:34:06] 		Writing projection on hard drive...
[10:34:06] 		 /work/data/output/Allium.senescens/proj_current/individual_projections/proj_current_Allium.senescens_PA9_RUN4_ANN.tif
[10:35:07] 	> Projecting Allium.senescens_PA9_RUN4_FDA ...
[10:35:08] 		Writing projection on hard drive...
[10:35:08] 		 /work/data/output/Allium.senescens/proj_current/individual_projections/proj_current_Allium.senescens_PA9_RUN4_FDA.tif
[10:35:48] 	> Projecting Allium.senescens_PA9_RUN4_MAXNET ...
[10:35:50] 		Writing projection on hard drive...
[10:35:50] 		 /work/data/output/Allium.senescens/proj_current/individual_projections/proj_current_Allium.senescens_PA9_RUN4_MAXNET.tif
[10:36:40] 	> Projecting Allium.senescens_PA9_RUN5_GLM ...
[10:36:41] 		Writing projection on hard drive...
[10:36:41] 		 /work/data/output/Allium.senescens/proj_current/individual_projections/proj_current_Allium.senescens_PA9_RUN5_GLM.tif
[10:57:16] 	> Projecting Allium.senescens_PA9_RUN5_GBM ...
[10:57:17] 		Writing projection on hard drive...
[10:57:17] 		 /work/data/output/Allium.senescens/proj_current/individual_projections/proj_current_Allium.senescens_PA9_RUN5_GBM.tif
[10:58:47] 	> Projecting Allium.senescens_PA9_RUN5_ANN ...
[10:58:48] 		Writing projection on hard drive...
[10:58:48] 		 /work/data/output/Allium.senescens/proj_current/individual_projections/proj_current_Allium.senescens_PA9_RUN5_ANN.tif
[10:59:58] 	> Projecting Allium.senescens_PA9_RUN5_FDA ...
[11:00:00] 		Writing projection on hard drive...
[11:00:00] 		 /work/data/output/Allium.senescens/proj_current/individual_projections/proj_current_Allium.senescens_PA9_RUN5_FDA.tif
[11:00:41] 	> Projecting Allium.senescens_PA9_RUN5_MAXNET ...
[11:00:43] 		Writing projection on hard drive...
[11:00:43] 		 /work/data/output/Allium.senescens/proj_current/individual_projections/proj_current_Allium.senescens_PA9_RUN5_MAXNET.tif
[11:01:33] 	> Projecting Allium.senescens_PA10_RUN1_GLM ...
[11:01:34] 		Writing projection on hard drive...
[11:01:34] 		 /work/data/output/Allium.senescens/proj_current/individual_projections/proj_current_Allium.senescens_PA10_RUN1_GLM.tif
[11:21:57] 	> Projecting Allium.senescens_PA10_RUN1_GBM ...
[11:21:59] 		Writing projection on hard drive...
[11:21:59] 		 /work/data/output/Allium.senescens/proj_current/individual_projections/proj_current_Allium.senescens_PA10_RUN1_GBM.tif
[11:23:24] 	> Projecting Allium.senescens_PA10_RUN1_ANN ...
[11:23:25] 		Writing projection on hard drive...
[11:23:25] 		 /work/data/output/Allium.senescens/proj_current/individual_projections/proj_current_Allium.senescens_PA10_RUN1_ANN.tif
[11:24:27] 	> Projecting Allium.senescens_PA10_RUN1_FDA ...
[11:24:28] 		Writing projection on hard drive...
[11:24:28] 		 /work/data/output/Allium.senescens/proj_current/individual_projections/proj_current_Allium.senescens_PA10_RUN1_FDA.tif
[11:25:11] 	> Projecting Allium.senescens_PA10_RUN1_MAXNET ...
[11:25:12] 		Writing projection on hard drive...
[11:25:12] 		 /work/data/output/Allium.senescens/proj_current/individual_projections/proj_current_Allium.senescens_PA10_RUN1_MAXNET.tif
[11:26:01] 	> Projecting Allium.senescens_PA10_RUN2_GLM ...
[11:26:02] 		Writing projection on hard drive...
[11:26:02] 		 /work/data/output/Allium.senescens/proj_current/individual_projections/proj_current_Allium.senescens_PA10_RUN2_GLM.tif
[11:44:27] 	> Projecting Allium.senescens_PA10_RUN2_GBM ...
[11:44:28] 		Writing projection on hard drive...
[11:44:28] 		 /work/data/output/Allium.senescens/proj_current/individual_projections/proj_current_Allium.senescens_PA10_RUN2_GBM.tif
[11:45:28] 	> Projecting Allium.senescens_PA10_RUN2_ANN ...
[11:45:29] 		Writing projection on hard drive...
[11:45:29] 		 /work/data/output/Allium.senescens/proj_current/individual_projections/proj_current_Allium.senescens_PA10_RUN2_ANN.tif
[11:46:25] 	> Projecting Allium.senescens_PA10_RUN2_FDA ...
[11:46:26] 		Writing projection on hard drive...
[11:46:26] 		 /work/data/output/Allium.senescens/proj_current/individual_projections/proj_current_Allium.senescens_PA10_RUN2_FDA.tif
[11:47:05] 	> Projecting Allium.senescens_PA10_RUN2_MAXNET ...
[11:47:06] 		Writing projection on hard drive...
[11:47:06] 		 /work/data/output/Allium.senescens/proj_current/individual_projections/proj_current_Allium.senescens_PA10_RUN2_MAXNET.tif
[11:47:48] 	> Projecting Allium.senescens_PA10_RUN3_GLM ...
[11:47:49] 		Writing projection on hard drive...
[11:47:49] 		 /work/data/output/Allium.senescens/proj_current/individual_projections/proj_current_Allium.senescens_PA10_RUN3_GLM.tif
[12:05:57] 	> Projecting Allium.senescens_PA10_RUN3_GBM ...
[12:05:58] 		Writing projection on hard drive...
[12:05:58] 		 /work/data/output/Allium.senescens/proj_current/individual_projections/proj_current_Allium.senescens_PA10_RUN3_GBM.tif
[12:07:24] 	> Projecting Allium.senescens_PA10_RUN3_ANN ...
[12:07:25] 		Writing projection on hard drive...
[12:07:25] 		 /work/data/output/Allium.senescens/proj_current/individual_projections/proj_current_Allium.senescens_PA10_RUN3_ANN.tif
[12:08:25] 	> Projecting Allium.senescens_PA10_RUN3_FDA ...
[12:08:26] 		Writing projection on hard drive...
[12:08:26] 		 /work/data/output/Allium.senescens/proj_current/individual_projections/proj_current_Allium.senescens_PA10_RUN3_FDA.tif
[12:09:07] 	> Projecting Allium.senescens_PA10_RUN3_MAXNET ...
[12:09:08] 		Writing projection on hard drive...
[12:09:08] 		 /work/data/output/Allium.senescens/proj_current/individual_projections/proj_current_Allium.senescens_PA10_RUN3_MAXNET.tif
[12:09:55] 	> Projecting Allium.senescens_PA10_RUN4_GLM ...
[12:09:56] 		Writing projection on hard drive...
[12:09:56] 		 /work/data/output/Allium.senescens/proj_current/individual_projections/proj_current_Allium.senescens_PA10_RUN4_GLM.tif
[12:30:46] 	> Projecting Allium.senescens_PA10_RUN4_GBM ...
[12:30:48] 		Writing projection on hard drive...
[12:30:48] 		 /work/data/output/Allium.senescens/proj_current/individual_projections/proj_current_Allium.senescens_PA10_RUN4_GBM.tif
[12:32:08] 	> Projecting Allium.senescens_PA10_RUN4_ANN ...
[12:32:10] 		Writing projection on hard drive...
[12:32:10] 		 /work/data/output/Allium.senescens/proj_current/individual_projections/proj_current_Allium.senescens_PA10_RUN4_ANN.tif
[12:33:21] 	> Projecting Allium.senescens_PA10_RUN4_FDA ...
[12:33:22] 		Writing projection on hard drive...
[12:33:22] 		 /work/data/output/Allium.senescens/proj_current/individual_projections/proj_current_Allium.senescens_PA10_RUN4_FDA.tif
[12:34:01] 	> Projecting Allium.senescens_PA10_RUN4_MAXNET ...
[12:34:03] 		Writing projection on hard drive...
[12:34:03] 		 /work/data/output/Allium.senescens/proj_current/individual_projections/proj_current_Allium.senescens_PA10_RUN4_MAXNET.tif
[12:34:52] 	> Projecting Allium.senescens_PA10_RUN5_GLM ...
[12:34:53] 		Writing projection on hard drive...
[12:34:53] 		 /work/data/output/Allium.senescens/proj_current/individual_projections/proj_current_Allium.senescens_PA10_RUN5_GLM.tif
[12:55:42] 	> Projecting Allium.senescens_PA10_RUN5_GBM ...
[12:55:43] 		Writing projection on hard drive...
[12:55:43] 		 /work/data/output/Allium.senescens/proj_current/individual_projections/proj_current_Allium.senescens_PA10_RUN5_GBM.tif
[12:57:11] 	> Projecting Allium.senescens_PA10_RUN5_ANN ...
[12:57:13] 		Writing projection on hard drive...
[12:57:13] 		 /work/data/output/Allium.senescens/proj_current/individual_projections/proj_current_Allium.senescens_PA10_RUN5_ANN.tif
[12:58:26] 	> Projecting Allium.senescens_PA10_RUN5_FDA ...
[12:58:27] 		Writing projection on hard drive...
[12:58:27] 		 /work/data/output/Allium.senescens/proj_current/individual_projections/proj_current_Allium.senescens_PA10_RUN5_FDA.tif
[12:59:10] 	> Projecting Allium.senescens_PA10_RUN5_MAXNET ...
[12:59:11] 		Writing projection on hard drive...
[12:59:11] 		 /work/data/output/Allium.senescens/proj_current/individual_projections/proj_current_Allium.senescens_PA10_RUN5_MAXNET.tif
[12:59:11] -=-=-=-=-=-=-=-=-=-=-=-=-=-=-=-=-=-= Done -=-=-=-=-=-=-=-=-=-=-=-=-=-=-=-=-=-=
[12:59:11] 
[12:59:11] -=-=-=-=-=-=-=-=-=-=-=-= Do Ensemble Models Projection -=-=-=-=-=-=-=-=-=-=-=-=
[12:59:11] 
[12:59:11] Creating suitable Workdir...
[12:59:30] 
[13:29:23] 	> Projecting Allium.senescens_EMmeanByAUCroc_mergedData_mergedRun_mergedAlgo ...|---------|---------|---------|---------|=========================================                                          
[13:29:24] 		Writing projection on hard drive...
[14:08:52] 	> Projecting Allium.senescens_EMcvByAUCroc_mergedData_mergedRun_mergedAlgo ...|---------|---------|---------|---------|=========================================                                          
[14:08:55] 		Writing projection on hard drive...
[14:08:55] 
[14:08:55] ! Binary/Filtered transformation automatically desactivated for ensemble models with coefficient of variation or confidence intervals
[14:08:59] 	> Building TSS binaries / filtered
[14:09:03] 	> Building AUCroc binaries / filtered
[14:09:07] 	> Building KAPPA binaries / filtered
[14:09:07] 
[14:09:07] -=-=-=-=-=-=-=-=-=-=-=-=-=-=-=-=-=-= Done -=-=-=-=-=-=-=-=-=-=-=-=-=-=-=-=-=-=
[14:09:07] 
[14:09:07] 
[14:09:07] DEBUG: Processing future scenario 1 of 8 : /work/data/input/climate_vars/future/gfdl.esm4/ssp370 
[14:09:07] DEBUG: Raster loaded, ncell = 63951097 , hasValues = TRUE 
[14:09:07] 
[14:09:07] -=-=-=-=-=-=-=-=-=-=-=-=-= Do Single Models Projection -=-=-=-=-=-=-=-=-=-=-=-=-=
[14:09:31] 
[14:09:31] 	> Building clamping mask
[14:10:46] 
[14:11:23] 	> Projecting Allium.senescens_PA1_RUN1_GLM ...
[14:11:26] 		Writing projection on hard drive...
[14:11:26] 		 /work/data/output/Allium.senescens/proj_gfdl.esm4_ssp370/individual_projections/proj_gfdl.esm4_ssp370_Allium.senescens_PA1_RUN1_GLM.tif
[14:31:38] 	> Projecting Allium.senescens_PA1_RUN1_GBM ...
[14:31:39] 		Writing projection on hard drive...
[14:31:39] 		 /work/data/output/Allium.senescens/proj_gfdl.esm4_ssp370/individual_projections/proj_gfdl.esm4_ssp370_Allium.senescens_PA1_RUN1_GBM.tif
[14:32:49] 	> Projecting Allium.senescens_PA1_RUN1_ANN ...
[14:32:51] 		Writing projection on hard drive...
[14:32:51] 		 /work/data/output/Allium.senescens/proj_gfdl.esm4_ssp370/individual_projections/proj_gfdl.esm4_ssp370_Allium.senescens_PA1_RUN1_ANN.tif
[14:33:50] 	> Projecting Allium.senescens_PA1_RUN1_FDA ...
[14:33:51] 		Writing projection on hard drive...
[14:33:51] 		 /work/data/output/Allium.senescens/proj_gfdl.esm4_ssp370/individual_projections/proj_gfdl.esm4_ssp370_Allium.senescens_PA1_RUN1_FDA.tif
[14:34:36] 	> Projecting Allium.senescens_PA1_RUN1_MAXNET ...
[14:34:41] 		Writing projection on hard drive...
[14:34:41] 		 /work/data/output/Allium.senescens/proj_gfdl.esm4_ssp370/individual_projections/proj_gfdl.esm4_ssp370_Allium.senescens_PA1_RUN1_MAXNET.tif
[14:35:20] 	> Projecting Allium.senescens_PA1_RUN2_GLM ...
[14:35:22] 		Writing projection on hard drive...
[14:35:22] 		 /work/data/output/Allium.senescens/proj_gfdl.esm4_ssp370/individual_projections/proj_gfdl.esm4_ssp370_Allium.senescens_PA1_RUN2_GLM.tif
[14:55:34] 	> Projecting Allium.senescens_PA1_RUN2_GBM ...
[14:55:35] 		Writing projection on hard drive...
[14:55:35] 		 /work/data/output/Allium.senescens/proj_gfdl.esm4_ssp370/individual_projections/proj_gfdl.esm4_ssp370_Allium.senescens_PA1_RUN2_GBM.tif
[14:56:35] 	> Projecting Allium.senescens_PA1_RUN2_ANN ...
[14:56:37] 		Writing projection on hard drive...
[14:56:37] 		 /work/data/output/Allium.senescens/proj_gfdl.esm4_ssp370/individual_projections/proj_gfdl.esm4_ssp370_Allium.senescens_PA1_RUN2_ANN.tif
[14:57:30] 	> Projecting Allium.senescens_PA1_RUN2_FDA ...
[14:57:32] 		Writing projection on hard drive...
[14:57:32] 		 /work/data/output/Allium.senescens/proj_gfdl.esm4_ssp370/individual_projections/proj_gfdl.esm4_ssp370_Allium.senescens_PA1_RUN2_FDA.tif
[14:58:16] 	> Projecting Allium.senescens_PA1_RUN2_MAXNET ...
[14:58:18] 		Writing projection on hard drive...
[14:58:18] 		 /work/data/output/Allium.senescens/proj_gfdl.esm4_ssp370/individual_projections/proj_gfdl.esm4_ssp370_Allium.senescens_PA1_RUN2_MAXNET.tif
[14:58:57] 	> Projecting Allium.senescens_PA1_RUN3_GLM ...
[14:58:58] 		Writing projection on hard drive...
[14:58:58] 		 /work/data/output/Allium.senescens/proj_gfdl.esm4_ssp370/individual_projections/proj_gfdl.esm4_ssp370_Allium.senescens_PA1_RUN3_GLM.tif
[15:17:46] 	> Projecting Allium.senescens_PA1_RUN3_GBM ...
[15:17:47] 		Writing projection on hard drive...
[15:17:47] 		 /work/data/output/Allium.senescens/proj_gfdl.esm4_ssp370/individual_projections/proj_gfdl.esm4_ssp370_Allium.senescens_PA1_RUN3_GBM.tif
[15:18:52] 	> Projecting Allium.senescens_PA1_RUN3_ANN ...
[15:18:53] 		Writing projection on hard drive...
[15:18:53] 		 /work/data/output/Allium.senescens/proj_gfdl.esm4_ssp370/individual_projections/proj_gfdl.esm4_ssp370_Allium.senescens_PA1_RUN3_ANN.tif
[15:19:40] 	> Projecting Allium.senescens_PA1_RUN3_FDA ...
[15:19:41] 		Writing projection on hard drive...
[15:19:41] 		 /work/data/output/Allium.senescens/proj_gfdl.esm4_ssp370/individual_projections/proj_gfdl.esm4_ssp370_Allium.senescens_PA1_RUN3_FDA.tif
[15:20:28] 	> Projecting Allium.senescens_PA1_RUN3_MAXNET ...
[15:20:29] 		Writing projection on hard drive...
[15:20:29] 		 /work/data/output/Allium.senescens/proj_gfdl.esm4_ssp370/individual_projections/proj_gfdl.esm4_ssp370_Allium.senescens_PA1_RUN3_MAXNET.tif
[15:21:11] 	> Projecting Allium.senescens_PA1_RUN4_GLM ...
[15:21:12] 		Writing projection on hard drive...
[15:21:12] 		 /work/data/output/Allium.senescens/proj_gfdl.esm4_ssp370/individual_projections/proj_gfdl.esm4_ssp370_Allium.senescens_PA1_RUN4_GLM.tif
[15:38:07] 	> Projecting Allium.senescens_PA1_RUN4_GBM ...
[15:38:09] 		Writing projection on hard drive...
[15:38:09] 		 /work/data/output/Allium.senescens/proj_gfdl.esm4_ssp370/individual_projections/proj_gfdl.esm4_ssp370_Allium.senescens_PA1_RUN4_GBM.tif
[15:39:53] 	> Projecting Allium.senescens_PA1_RUN4_ANN ...
[15:39:54] 		Writing projection on hard drive...
[15:39:54] 		 /work/data/output/Allium.senescens/proj_gfdl.esm4_ssp370/individual_projections/proj_gfdl.esm4_ssp370_Allium.senescens_PA1_RUN4_ANN.tif
[15:41:01] 	> Projecting Allium.senescens_PA1_RUN4_FDA ...
[15:41:02] 		Writing projection on hard drive...
[15:41:02] 		 /work/data/output/Allium.senescens/proj_gfdl.esm4_ssp370/individual_projections/proj_gfdl.esm4_ssp370_Allium.senescens_PA1_RUN4_FDA.tif
[15:41:39] 	> Projecting Allium.senescens_PA1_RUN4_MAXNET ...
[15:41:40] 		Writing projection on hard drive...
[15:41:40] 		 /work/data/output/Allium.senescens/proj_gfdl.esm4_ssp370/individual_projections/proj_gfdl.esm4_ssp370_Allium.senescens_PA1_RUN4_MAXNET.tif
[15:42:41] 	> Projecting Allium.senescens_PA1_RUN5_GLM ...
[15:42:42] 		Writing projection on hard drive...
[15:42:42] 		 /work/data/output/Allium.senescens/proj_gfdl.esm4_ssp370/individual_projections/proj_gfdl.esm4_ssp370_Allium.senescens_PA1_RUN5_GLM.tif
[16:01:23] 	> Projecting Allium.senescens_PA1_RUN5_GBM ...
[16:01:24] 		Writing projection on hard drive...
[16:01:24] 		 /work/data/output/Allium.senescens/proj_gfdl.esm4_ssp370/individual_projections/proj_gfdl.esm4_ssp370_Allium.senescens_PA1_RUN5_GBM.tif
[16:02:46] 	> Projecting Allium.senescens_PA1_RUN5_ANN ...
[16:02:47] 		Writing projection on hard drive...
[16:02:47] 		 /work/data/output/Allium.senescens/proj_gfdl.esm4_ssp370/individual_projections/proj_gfdl.esm4_ssp370_Allium.senescens_PA1_RUN5_ANN.tif
[16:03:36] 	> Projecting Allium.senescens_PA1_RUN5_FDA ...
[16:03:37] 		Writing projection on hard drive...
[16:03:37] 		 /work/data/output/Allium.senescens/proj_gfdl.esm4_ssp370/individual_projections/proj_gfdl.esm4_ssp370_Allium.senescens_PA1_RUN5_FDA.tif
[16:04:22] 	> Projecting Allium.senescens_PA1_RUN5_MAXNET ...
[16:04:23] 		Writing projection on hard drive...
[16:04:23] 		 /work/data/output/Allium.senescens/proj_gfdl.esm4_ssp370/individual_projections/proj_gfdl.esm4_ssp370_Allium.senescens_PA1_RUN5_MAXNET.tif
[16:05:09] 	> Projecting Allium.senescens_PA2_RUN1_GLM ...
[16:05:10] 		Writing projection on hard drive...
[16:05:10] 		 /work/data/output/Allium.senescens/proj_gfdl.esm4_ssp370/individual_projections/proj_gfdl.esm4_ssp370_Allium.senescens_PA2_RUN1_GLM.tif
[16:24:31] 	> Projecting Allium.senescens_PA2_RUN1_GBM ...
[16:24:33] 		Writing projection on hard drive...
[16:24:33] 		 /work/data/output/Allium.senescens/proj_gfdl.esm4_ssp370/individual_projections/proj_gfdl.esm4_ssp370_Allium.senescens_PA2_RUN1_GBM.tif
[16:26:25] 	> Projecting Allium.senescens_PA2_RUN1_ANN ...
[16:26:27] 		Writing projection on hard drive...
[16:26:27] 		 /work/data/output/Allium.senescens/proj_gfdl.esm4_ssp370/individual_projections/proj_gfdl.esm4_ssp370_Allium.senescens_PA2_RUN1_ANN.tif
[16:27:24] 	> Projecting Allium.senescens_PA2_RUN1_FDA ...
[16:27:25] 		Writing projection on hard drive...
[16:27:25] 		 /work/data/output/Allium.senescens/proj_gfdl.esm4_ssp370/individual_projections/proj_gfdl.esm4_ssp370_Allium.senescens_PA2_RUN1_FDA.tif
[16:28:07] 	> Projecting Allium.senescens_PA2_RUN1_MAXNET ...
[16:28:09] 		Writing projection on hard drive...
[16:28:09] 		 /work/data/output/Allium.senescens/proj_gfdl.esm4_ssp370/individual_projections/proj_gfdl.esm4_ssp370_Allium.senescens_PA2_RUN1_MAXNET.tif
[16:28:49] 	> Projecting Allium.senescens_PA2_RUN2_GLM ...
[16:28:50] 		Writing projection on hard drive...
[16:28:50] 		 /work/data/output/Allium.senescens/proj_gfdl.esm4_ssp370/individual_projections/proj_gfdl.esm4_ssp370_Allium.senescens_PA2_RUN2_GLM.tif
[16:48:22] 	> Projecting Allium.senescens_PA2_RUN2_GBM ...
[16:48:24] 		Writing projection on hard drive...
[16:48:24] 		 /work/data/output/Allium.senescens/proj_gfdl.esm4_ssp370/individual_projections/proj_gfdl.esm4_ssp370_Allium.senescens_PA2_RUN2_GBM.tif
[16:49:27] 	> Projecting Allium.senescens_PA2_RUN2_ANN ...
[16:49:28] 		Writing projection on hard drive...
[16:49:28] 		 /work/data/output/Allium.senescens/proj_gfdl.esm4_ssp370/individual_projections/proj_gfdl.esm4_ssp370_Allium.senescens_PA2_RUN2_ANN.tif
[16:50:13] 	> Projecting Allium.senescens_PA2_RUN2_FDA ...
[16:50:14] 		Writing projection on hard drive...
[16:50:14] 		 /work/data/output/Allium.senescens/proj_gfdl.esm4_ssp370/individual_projections/proj_gfdl.esm4_ssp370_Allium.senescens_PA2_RUN2_FDA.tif
[16:50:45] 	> Projecting Allium.senescens_PA2_RUN2_MAXNET ...
[16:50:47] 		Writing projection on hard drive...
[16:50:47] 		 /work/data/output/Allium.senescens/proj_gfdl.esm4_ssp370/individual_projections/proj_gfdl.esm4_ssp370_Allium.senescens_PA2_RUN2_MAXNET.tif
[16:51:30] 	> Projecting Allium.senescens_PA2_RUN3_GLM ...
[16:51:31] 		Writing projection on hard drive...
[16:51:31] 		 /work/data/output/Allium.senescens/proj_gfdl.esm4_ssp370/individual_projections/proj_gfdl.esm4_ssp370_Allium.senescens_PA2_RUN3_GLM.tif
[17:10:45] 	> Projecting Allium.senescens_PA2_RUN3_GBM ...
[17:10:46] 		Writing projection on hard drive...
[17:10:46] 		 /work/data/output/Allium.senescens/proj_gfdl.esm4_ssp370/individual_projections/proj_gfdl.esm4_ssp370_Allium.senescens_PA2_RUN3_GBM.tif
[17:11:44] 	> Projecting Allium.senescens_PA2_RUN3_ANN ...
[17:11:45] 		Writing projection on hard drive...
[17:11:45] 		 /work/data/output/Allium.senescens/proj_gfdl.esm4_ssp370/individual_projections/proj_gfdl.esm4_ssp370_Allium.senescens_PA2_RUN3_ANN.tif
[17:12:22] 	> Projecting Allium.senescens_PA2_RUN3_FDA ...
[17:12:23] 		Writing projection on hard drive...
[17:12:23] 		 /work/data/output/Allium.senescens/proj_gfdl.esm4_ssp370/individual_projections/proj_gfdl.esm4_ssp370_Allium.senescens_PA2_RUN3_FDA.tif
[17:12:57] 	> Projecting Allium.senescens_PA2_RUN3_MAXNET ...
[17:12:58] 		Writing projection on hard drive...
[17:12:58] 		 /work/data/output/Allium.senescens/proj_gfdl.esm4_ssp370/individual_projections/proj_gfdl.esm4_ssp370_Allium.senescens_PA2_RUN3_MAXNET.tif
[17:13:35] 	> Projecting Allium.senescens_PA2_RUN4_GLM ...
[17:13:36] 		Writing projection on hard drive...
[17:13:36] 		 /work/data/output/Allium.senescens/proj_gfdl.esm4_ssp370/individual_projections/proj_gfdl.esm4_ssp370_Allium.senescens_PA2_RUN4_GLM.tif
[17:33:33] 	> Projecting Allium.senescens_PA2_RUN4_GBM ...
[17:33:35] 		Writing projection on hard drive...
[17:33:35] 		 /work/data/output/Allium.senescens/proj_gfdl.esm4_ssp370/individual_projections/proj_gfdl.esm4_ssp370_Allium.senescens_PA2_RUN4_GBM.tif
[17:34:38] 	> Projecting Allium.senescens_PA2_RUN4_ANN ...
[17:34:39] 		Writing projection on hard drive...
[17:34:39] 		 /work/data/output/Allium.senescens/proj_gfdl.esm4_ssp370/individual_projections/proj_gfdl.esm4_ssp370_Allium.senescens_PA2_RUN4_ANN.tif
[17:35:18] 	> Projecting Allium.senescens_PA2_RUN4_FDA ...
[17:35:19] 		Writing projection on hard drive...
[17:35:19] 		 /work/data/output/Allium.senescens/proj_gfdl.esm4_ssp370/individual_projections/proj_gfdl.esm4_ssp370_Allium.senescens_PA2_RUN4_FDA.tif
[17:35:52] 	> Projecting Allium.senescens_PA2_RUN4_MAXNET ...
[17:35:53] 		Writing projection on hard drive...
[17:35:53] 		 /work/data/output/Allium.senescens/proj_gfdl.esm4_ssp370/individual_projections/proj_gfdl.esm4_ssp370_Allium.senescens_PA2_RUN4_MAXNET.tif
[17:36:24] 	> Projecting Allium.senescens_PA2_RUN5_GLM ...
[17:36:25] 		Writing projection on hard drive...
[17:36:25] 		 /work/data/output/Allium.senescens/proj_gfdl.esm4_ssp370/individual_projections/proj_gfdl.esm4_ssp370_Allium.senescens_PA2_RUN5_GLM.tif
[17:56:12] 	> Projecting Allium.senescens_PA2_RUN5_GBM ...
[17:56:13] 		Writing projection on hard drive...
[17:56:13] 		 /work/data/output/Allium.senescens/proj_gfdl.esm4_ssp370/individual_projections/proj_gfdl.esm4_ssp370_Allium.senescens_PA2_RUN5_GBM.tif
[17:57:11] 	> Projecting Allium.senescens_PA2_RUN5_ANN ...
[17:57:12] 		Writing projection on hard drive...
[17:57:12] 		 /work/data/output/Allium.senescens/proj_gfdl.esm4_ssp370/individual_projections/proj_gfdl.esm4_ssp370_Allium.senescens_PA2_RUN5_ANN.tif
[17:57:56] 	> Projecting Allium.senescens_PA2_RUN5_FDA ...
[17:57:57] 		Writing projection on hard drive...
[17:57:57] 		 /work/data/output/Allium.senescens/proj_gfdl.esm4_ssp370/individual_projections/proj_gfdl.esm4_ssp370_Allium.senescens_PA2_RUN5_FDA.tif
[17:58:35] 	> Projecting Allium.senescens_PA2_RUN5_MAXNET ...
[17:58:36] 		Writing projection on hard drive...
[17:58:36] 		 /work/data/output/Allium.senescens/proj_gfdl.esm4_ssp370/individual_projections/proj_gfdl.esm4_ssp370_Allium.senescens_PA2_RUN5_MAXNET.tif
[17:59:13] 	> Projecting Allium.senescens_PA3_RUN1_GLM ...
[17:59:15] 		Writing projection on hard drive...
[17:59:15] 		 /work/data/output/Allium.senescens/proj_gfdl.esm4_ssp370/individual_projections/proj_gfdl.esm4_ssp370_Allium.senescens_PA3_RUN1_GLM.tif
[18:18:09] 	> Projecting Allium.senescens_PA3_RUN1_GBM ...
[18:18:10] 		Writing projection on hard drive...
[18:18:10] 		 /work/data/output/Allium.senescens/proj_gfdl.esm4_ssp370/individual_projections/proj_gfdl.esm4_ssp370_Allium.senescens_PA3_RUN1_GBM.tif
[18:19:07] 	> Projecting Allium.senescens_PA3_RUN1_ANN ...
[18:19:08] 		Writing projection on hard drive...
[18:19:08] 		 /work/data/output/Allium.senescens/proj_gfdl.esm4_ssp370/individual_projections/proj_gfdl.esm4_ssp370_Allium.senescens_PA3_RUN1_ANN.tif
[18:19:43] 	> Projecting Allium.senescens_PA3_RUN1_FDA ...
[18:19:46] 		Writing projection on hard drive...
[18:19:46] 		 /work/data/output/Allium.senescens/proj_gfdl.esm4_ssp370/individual_projections/proj_gfdl.esm4_ssp370_Allium.senescens_PA3_RUN1_FDA.tif
[18:20:13] 	> Projecting Allium.senescens_PA3_RUN1_MAXNET ...
[18:20:14] 		Writing projection on hard drive...
[18:20:14] 		 /work/data/output/Allium.senescens/proj_gfdl.esm4_ssp370/individual_projections/proj_gfdl.esm4_ssp370_Allium.senescens_PA3_RUN1_MAXNET.tif
[18:20:50] 	> Projecting Allium.senescens_PA3_RUN2_GLM ...
[18:20:54] 		Writing projection on hard drive...
[18:20:54] 		 /work/data/output/Allium.senescens/proj_gfdl.esm4_ssp370/individual_projections/proj_gfdl.esm4_ssp370_Allium.senescens_PA3_RUN2_GLM.tif
[18:39:02] 	> Projecting Allium.senescens_PA3_RUN2_GBM ...
[18:39:03] 		Writing projection on hard drive...
[18:39:03] 		 /work/data/output/Allium.senescens/proj_gfdl.esm4_ssp370/individual_projections/proj_gfdl.esm4_ssp370_Allium.senescens_PA3_RUN2_GBM.tif
[18:40:04] 	> Projecting Allium.senescens_PA3_RUN2_ANN ...
[18:40:05] 		Writing projection on hard drive...
[18:40:05] 		 /work/data/output/Allium.senescens/proj_gfdl.esm4_ssp370/individual_projections/proj_gfdl.esm4_ssp370_Allium.senescens_PA3_RUN2_ANN.tif
[18:41:02] 	> Projecting Allium.senescens_PA3_RUN2_FDA ...
[18:41:03] 		Writing projection on hard drive...
[18:41:03] 		 /work/data/output/Allium.senescens/proj_gfdl.esm4_ssp370/individual_projections/proj_gfdl.esm4_ssp370_Allium.senescens_PA3_RUN2_FDA.tif
[18:41:31] 	> Projecting Allium.senescens_PA3_RUN2_MAXNET ...
[18:41:32] 		Writing projection on hard drive...
[18:41:32] 		 /work/data/output/Allium.senescens/proj_gfdl.esm4_ssp370/individual_projections/proj_gfdl.esm4_ssp370_Allium.senescens_PA3_RUN2_MAXNET.tif
[18:42:13] 	> Projecting Allium.senescens_PA3_RUN3_GLM ...
[18:42:14] 		Writing projection on hard drive...
[18:42:14] 		 /work/data/output/Allium.senescens/proj_gfdl.esm4_ssp370/individual_projections/proj_gfdl.esm4_ssp370_Allium.senescens_PA3_RUN3_GLM.tif
[19:00:27] 	> Projecting Allium.senescens_PA3_RUN3_GBM ...
[19:00:28] 		Writing projection on hard drive...
[19:00:28] 		 /work/data/output/Allium.senescens/proj_gfdl.esm4_ssp370/individual_projections/proj_gfdl.esm4_ssp370_Allium.senescens_PA3_RUN3_GBM.tif
[19:01:20] 	> Projecting Allium.senescens_PA3_RUN3_ANN ...
[19:01:21] 		Writing projection on hard drive...
[19:01:21] 		 /work/data/output/Allium.senescens/proj_gfdl.esm4_ssp370/individual_projections/proj_gfdl.esm4_ssp370_Allium.senescens_PA3_RUN3_ANN.tif
[19:01:59] 	> Projecting Allium.senescens_PA3_RUN3_FDA ...
[19:02:00] 		Writing projection on hard drive...
[19:02:00] 		 /work/data/output/Allium.senescens/proj_gfdl.esm4_ssp370/individual_projections/proj_gfdl.esm4_ssp370_Allium.senescens_PA3_RUN3_FDA.tif
[19:02:28] 	> Projecting Allium.senescens_PA3_RUN3_MAXNET ...
[19:02:29] 		Writing projection on hard drive...
[19:02:29] 		 /work/data/output/Allium.senescens/proj_gfdl.esm4_ssp370/individual_projections/proj_gfdl.esm4_ssp370_Allium.senescens_PA3_RUN3_MAXNET.tif
[19:03:00] 	> Projecting Allium.senescens_PA3_RUN4_GLM ...
[19:03:01] 		Writing projection on hard drive...
[19:03:01] 		 /work/data/output/Allium.senescens/proj_gfdl.esm4_ssp370/individual_projections/proj_gfdl.esm4_ssp370_Allium.senescens_PA3_RUN4_GLM.tif
[19:20:58] 	> Projecting Allium.senescens_PA3_RUN4_GBM ...
[19:20:59] 		Writing projection on hard drive...
[19:20:59] 		 /work/data/output/Allium.senescens/proj_gfdl.esm4_ssp370/individual_projections/proj_gfdl.esm4_ssp370_Allium.senescens_PA3_RUN4_GBM.tif
[19:21:59] 	> Projecting Allium.senescens_PA3_RUN4_ANN ...
[19:22:00] 		Writing projection on hard drive...
[19:22:00] 		 /work/data/output/Allium.senescens/proj_gfdl.esm4_ssp370/individual_projections/proj_gfdl.esm4_ssp370_Allium.senescens_PA3_RUN4_ANN.tif
[19:22:53] 	> Projecting Allium.senescens_PA3_RUN4_FDA ...
[19:22:54] 		Writing projection on hard drive...
[19:22:54] 		 /work/data/output/Allium.senescens/proj_gfdl.esm4_ssp370/individual_projections/proj_gfdl.esm4_ssp370_Allium.senescens_PA3_RUN4_FDA.tif
[19:23:24] 	> Projecting Allium.senescens_PA3_RUN4_MAXNET ...
[19:23:25] 		Writing projection on hard drive...
[19:23:25] 		 /work/data/output/Allium.senescens/proj_gfdl.esm4_ssp370/individual_projections/proj_gfdl.esm4_ssp370_Allium.senescens_PA3_RUN4_MAXNET.tif
[19:24:05] 	> Projecting Allium.senescens_PA3_RUN5_GLM ...
[19:24:06] 		Writing projection on hard drive...
[19:24:06] 		 /work/data/output/Allium.senescens/proj_gfdl.esm4_ssp370/individual_projections/proj_gfdl.esm4_ssp370_Allium.senescens_PA3_RUN5_GLM.tif
[19:42:17] 	> Projecting Allium.senescens_PA3_RUN5_GBM ...
[19:42:18] 		Writing projection on hard drive...
[19:42:18] 		 /work/data/output/Allium.senescens/proj_gfdl.esm4_ssp370/individual_projections/proj_gfdl.esm4_ssp370_Allium.senescens_PA3_RUN5_GBM.tif
[19:43:16] 	> Projecting Allium.senescens_PA3_RUN5_ANN ...
[19:43:17] 		Writing projection on hard drive...
[19:43:17] 		 /work/data/output/Allium.senescens/proj_gfdl.esm4_ssp370/individual_projections/proj_gfdl.esm4_ssp370_Allium.senescens_PA3_RUN5_ANN.tif
[19:44:05] 	> Projecting Allium.senescens_PA3_RUN5_FDA ...
[19:44:06] 		Writing projection on hard drive...
[19:44:06] 		 /work/data/output/Allium.senescens/proj_gfdl.esm4_ssp370/individual_projections/proj_gfdl.esm4_ssp370_Allium.senescens_PA3_RUN5_FDA.tif
[19:44:32] 	> Projecting Allium.senescens_PA3_RUN5_MAXNET ...
[19:44:33] 		Writing projection on hard drive...
[19:44:33] 		 /work/data/output/Allium.senescens/proj_gfdl.esm4_ssp370/individual_projections/proj_gfdl.esm4_ssp370_Allium.senescens_PA3_RUN5_MAXNET.tif
[19:45:14] 	> Projecting Allium.senescens_PA4_RUN1_GLM ...
[19:45:15] 		Writing projection on hard drive...
[19:45:15] 		 /work/data/output/Allium.senescens/proj_gfdl.esm4_ssp370/individual_projections/proj_gfdl.esm4_ssp370_Allium.senescens_PA4_RUN1_GLM.tif
[20:03:07] 	> Projecting Allium.senescens_PA4_RUN1_GBM ...
[20:03:08] 		Writing projection on hard drive...
[20:03:08] 		 /work/data/output/Allium.senescens/proj_gfdl.esm4_ssp370/individual_projections/proj_gfdl.esm4_ssp370_Allium.senescens_PA4_RUN1_GBM.tif
[20:04:07] 	> Projecting Allium.senescens_PA4_RUN1_ANN ...
[20:04:07] 		Writing projection on hard drive...
[20:04:07] 		 /work/data/output/Allium.senescens/proj_gfdl.esm4_ssp370/individual_projections/proj_gfdl.esm4_ssp370_Allium.senescens_PA4_RUN1_ANN.tif
[20:04:57] 	> Projecting Allium.senescens_PA4_RUN1_FDA ...
[20:04:58] 		Writing projection on hard drive...
[20:04:58] 		 /work/data/output/Allium.senescens/proj_gfdl.esm4_ssp370/individual_projections/proj_gfdl.esm4_ssp370_Allium.senescens_PA4_RUN1_FDA.tif
[20:05:27] 	> Projecting Allium.senescens_PA4_RUN1_MAXNET ...
[20:05:28] 		Writing projection on hard drive...
[20:05:28] 		 /work/data/output/Allium.senescens/proj_gfdl.esm4_ssp370/individual_projections/proj_gfdl.esm4_ssp370_Allium.senescens_PA4_RUN1_MAXNET.tif
[20:06:10] 	> Projecting Allium.senescens_PA4_RUN2_GLM ...
[20:06:12] 		Writing projection on hard drive...
[20:06:12] 		 /work/data/output/Allium.senescens/proj_gfdl.esm4_ssp370/individual_projections/proj_gfdl.esm4_ssp370_Allium.senescens_PA4_RUN2_GLM.tif
[20:23:39] 	> Projecting Allium.senescens_PA4_RUN2_GBM ...
[20:23:40] 		Writing projection on hard drive...
[20:23:40] 		 /work/data/output/Allium.senescens/proj_gfdl.esm4_ssp370/individual_projections/proj_gfdl.esm4_ssp370_Allium.senescens_PA4_RUN2_GBM.tif
[20:24:47] 	> Projecting Allium.senescens_PA4_RUN2_ANN ...
[20:24:48] 		Writing projection on hard drive...
[20:24:48] 		 /work/data/output/Allium.senescens/proj_gfdl.esm4_ssp370/individual_projections/proj_gfdl.esm4_ssp370_Allium.senescens_PA4_RUN2_ANN.tif
[20:25:36] 	> Projecting Allium.senescens_PA4_RUN2_FDA ...
[20:25:37] 		Writing projection on hard drive...
[20:25:37] 		 /work/data/output/Allium.senescens/proj_gfdl.esm4_ssp370/individual_projections/proj_gfdl.esm4_ssp370_Allium.senescens_PA4_RUN2_FDA.tif
[20:26:09] 	> Projecting Allium.senescens_PA4_RUN2_MAXNET ...
[20:26:10] 		Writing projection on hard drive...
[20:26:10] 		 /work/data/output/Allium.senescens/proj_gfdl.esm4_ssp370/individual_projections/proj_gfdl.esm4_ssp370_Allium.senescens_PA4_RUN2_MAXNET.tif
[20:26:54] 	> Projecting Allium.senescens_PA4_RUN3_GLM ...
[20:26:55] 		Writing projection on hard drive...
[20:26:55] 		 /work/data/output/Allium.senescens/proj_gfdl.esm4_ssp370/individual_projections/proj_gfdl.esm4_ssp370_Allium.senescens_PA4_RUN3_GLM.tif
[20:45:41] 	> Projecting Allium.senescens_PA4_RUN3_GBM ...
[20:45:42] 		Writing projection on hard drive...
[20:45:42] 		 /work/data/output/Allium.senescens/proj_gfdl.esm4_ssp370/individual_projections/proj_gfdl.esm4_ssp370_Allium.senescens_PA4_RUN3_GBM.tif
[20:47:06] 	> Projecting Allium.senescens_PA4_RUN3_ANN ...
[20:47:07] 		Writing projection on hard drive...
[20:47:07] 		 /work/data/output/Allium.senescens/proj_gfdl.esm4_ssp370/individual_projections/proj_gfdl.esm4_ssp370_Allium.senescens_PA4_RUN3_ANN.tif
[20:47:59] 	> Projecting Allium.senescens_PA4_RUN3_FDA ...
[20:48:00] 		Writing projection on hard drive...
[20:48:00] 		 /work/data/output/Allium.senescens/proj_gfdl.esm4_ssp370/individual_projections/proj_gfdl.esm4_ssp370_Allium.senescens_PA4_RUN3_FDA.tif
[20:48:33] 	> Projecting Allium.senescens_PA4_RUN3_MAXNET ...
[20:48:34] 		Writing projection on hard drive...
[20:48:34] 		 /work/data/output/Allium.senescens/proj_gfdl.esm4_ssp370/individual_projections/proj_gfdl.esm4_ssp370_Allium.senescens_PA4_RUN3_MAXNET.tif
[20:49:13] 	> Projecting Allium.senescens_PA4_RUN4_GLM ...
[20:49:14] 		Writing projection on hard drive...
[20:49:14] 		 /work/data/output/Allium.senescens/proj_gfdl.esm4_ssp370/individual_projections/proj_gfdl.esm4_ssp370_Allium.senescens_PA4_RUN4_GLM.tif
[21:07:11] 	> Projecting Allium.senescens_PA4_RUN4_GBM ...
[21:07:12] 		Writing projection on hard drive...
[21:07:12] 		 /work/data/output/Allium.senescens/proj_gfdl.esm4_ssp370/individual_projections/proj_gfdl.esm4_ssp370_Allium.senescens_PA4_RUN4_GBM.tif
[21:08:25] 	> Projecting Allium.senescens_PA4_RUN4_ANN ...
[21:08:26] 		Writing projection on hard drive...
[21:08:26] 		 /work/data/output/Allium.senescens/proj_gfdl.esm4_ssp370/individual_projections/proj_gfdl.esm4_ssp370_Allium.senescens_PA4_RUN4_ANN.tif
[21:09:15] 	> Projecting Allium.senescens_PA4_RUN4_FDA ...
[21:09:16] 		Writing projection on hard drive...
[21:09:16] 		 /work/data/output/Allium.senescens/proj_gfdl.esm4_ssp370/individual_projections/proj_gfdl.esm4_ssp370_Allium.senescens_PA4_RUN4_FDA.tif
[21:09:48] 	> Projecting Allium.senescens_PA4_RUN4_MAXNET ...
[21:09:49] 		Writing projection on hard drive...
[21:09:49] 		 /work/data/output/Allium.senescens/proj_gfdl.esm4_ssp370/individual_projections/proj_gfdl.esm4_ssp370_Allium.senescens_PA4_RUN4_MAXNET.tif
[21:10:27] 	> Projecting Allium.senescens_PA4_RUN5_GLM ...
[21:10:28] 		Writing projection on hard drive...
[21:10:28] 		 /work/data/output/Allium.senescens/proj_gfdl.esm4_ssp370/individual_projections/proj_gfdl.esm4_ssp370_Allium.senescens_PA4_RUN5_GLM.tif
[21:28:22] 	> Projecting Allium.senescens_PA4_RUN5_GBM ...
[21:28:23] 		Writing projection on hard drive...
[21:28:23] 		 /work/data/output/Allium.senescens/proj_gfdl.esm4_ssp370/individual_projections/proj_gfdl.esm4_ssp370_Allium.senescens_PA4_RUN5_GBM.tif
[21:29:24] 	> Projecting Allium.senescens_PA4_RUN5_ANN ...
[21:29:25] 		Writing projection on hard drive...
[21:29:25] 		 /work/data/output/Allium.senescens/proj_gfdl.esm4_ssp370/individual_projections/proj_gfdl.esm4_ssp370_Allium.senescens_PA4_RUN5_ANN.tif
[21:30:07] 	> Projecting Allium.senescens_PA4_RUN5_FDA ...
[21:30:08] 		Writing projection on hard drive...
[21:30:08] 		 /work/data/output/Allium.senescens/proj_gfdl.esm4_ssp370/individual_projections/proj_gfdl.esm4_ssp370_Allium.senescens_PA4_RUN5_FDA.tif
[21:30:36] 	> Projecting Allium.senescens_PA4_RUN5_MAXNET ...
[21:30:37] 		Writing projection on hard drive...
[21:30:37] 		 /work/data/output/Allium.senescens/proj_gfdl.esm4_ssp370/individual_projections/proj_gfdl.esm4_ssp370_Allium.senescens_PA4_RUN5_MAXNET.tif
[21:31:18] 	> Projecting Allium.senescens_PA5_RUN1_GLM ...
[21:31:19] 		Writing projection on hard drive...
[21:31:19] 		 /work/data/output/Allium.senescens/proj_gfdl.esm4_ssp370/individual_projections/proj_gfdl.esm4_ssp370_Allium.senescens_PA5_RUN1_GLM.tif
[21:49:29] 	> Projecting Allium.senescens_PA5_RUN1_GBM ...
[21:49:30] 		Writing projection on hard drive...
[21:49:30] 		 /work/data/output/Allium.senescens/proj_gfdl.esm4_ssp370/individual_projections/proj_gfdl.esm4_ssp370_Allium.senescens_PA5_RUN1_GBM.tif
[21:50:41] 	> Projecting Allium.senescens_PA5_RUN1_ANN ...
[21:50:42] 		Writing projection on hard drive...
[21:50:42] 		 /work/data/output/Allium.senescens/proj_gfdl.esm4_ssp370/individual_projections/proj_gfdl.esm4_ssp370_Allium.senescens_PA5_RUN1_ANN.tif
[21:51:28] 	> Projecting Allium.senescens_PA5_RUN1_FDA ...
[21:51:29] 		Writing projection on hard drive...
[21:51:29] 		 /work/data/output/Allium.senescens/proj_gfdl.esm4_ssp370/individual_projections/proj_gfdl.esm4_ssp370_Allium.senescens_PA5_RUN1_FDA.tif
[21:52:03] 	> Projecting Allium.senescens_PA5_RUN1_MAXNET ...
[21:52:04] 		Writing projection on hard drive...
[21:52:04] 		 /work/data/output/Allium.senescens/proj_gfdl.esm4_ssp370/individual_projections/proj_gfdl.esm4_ssp370_Allium.senescens_PA5_RUN1_MAXNET.tif
[21:52:45] 	> Projecting Allium.senescens_PA5_RUN2_GLM ...
[21:52:46] 		Writing projection on hard drive...
[21:52:46] 		 /work/data/output/Allium.senescens/proj_gfdl.esm4_ssp370/individual_projections/proj_gfdl.esm4_ssp370_Allium.senescens_PA5_RUN2_GLM.tif
[22:10:52] 	> Projecting Allium.senescens_PA5_RUN2_GBM ...
[22:10:53] 		Writing projection on hard drive...
[22:10:53] 		 /work/data/output/Allium.senescens/proj_gfdl.esm4_ssp370/individual_projections/proj_gfdl.esm4_ssp370_Allium.senescens_PA5_RUN2_GBM.tif
[22:11:55] 	> Projecting Allium.senescens_PA5_RUN2_ANN ...
[22:11:56] 		Writing projection on hard drive...
[22:11:56] 		 /work/data/output/Allium.senescens/proj_gfdl.esm4_ssp370/individual_projections/proj_gfdl.esm4_ssp370_Allium.senescens_PA5_RUN2_ANN.tif
[22:12:47] 	> Projecting Allium.senescens_PA5_RUN2_FDA ...
[22:12:49] 		Writing projection on hard drive...
[22:12:49] 		 /work/data/output/Allium.senescens/proj_gfdl.esm4_ssp370/individual_projections/proj_gfdl.esm4_ssp370_Allium.senescens_PA5_RUN2_FDA.tif
[22:13:23] 	> Projecting Allium.senescens_PA5_RUN2_MAXNET ...
[22:13:24] 		Writing projection on hard drive...
[22:13:24] 		 /work/data/output/Allium.senescens/proj_gfdl.esm4_ssp370/individual_projections/proj_gfdl.esm4_ssp370_Allium.senescens_PA5_RUN2_MAXNET.tif
[22:14:03] 	> Projecting Allium.senescens_PA5_RUN3_GLM ...
[22:14:04] 		Writing projection on hard drive...
[22:14:04] 		 /work/data/output/Allium.senescens/proj_gfdl.esm4_ssp370/individual_projections/proj_gfdl.esm4_ssp370_Allium.senescens_PA5_RUN3_GLM.tif
[22:31:26] 	> Projecting Allium.senescens_PA5_RUN3_GBM ...
[22:31:27] 		Writing projection on hard drive...
[22:31:27] 		 /work/data/output/Allium.senescens/proj_gfdl.esm4_ssp370/individual_projections/proj_gfdl.esm4_ssp370_Allium.senescens_PA5_RUN3_GBM.tif
[22:32:39] 	> Projecting Allium.senescens_PA5_RUN3_ANN ...
[22:32:39] 		Writing projection on hard drive...
[22:32:39] 		 /work/data/output/Allium.senescens/proj_gfdl.esm4_ssp370/individual_projections/proj_gfdl.esm4_ssp370_Allium.senescens_PA5_RUN3_ANN.tif
[22:33:26] 	> Projecting Allium.senescens_PA5_RUN3_FDA ...
[22:33:27] 		Writing projection on hard drive...
[22:33:27] 		 /work/data/output/Allium.senescens/proj_gfdl.esm4_ssp370/individual_projections/proj_gfdl.esm4_ssp370_Allium.senescens_PA5_RUN3_FDA.tif
[22:33:59] 	> Projecting Allium.senescens_PA5_RUN3_MAXNET ...
[22:34:00] 		Writing projection on hard drive...
[22:34:00] 		 /work/data/output/Allium.senescens/proj_gfdl.esm4_ssp370/individual_projections/proj_gfdl.esm4_ssp370_Allium.senescens_PA5_RUN3_MAXNET.tif
[22:34:38] 	> Projecting Allium.senescens_PA5_RUN4_GLM ...
[22:34:39] 		Writing projection on hard drive...
[22:34:39] 		 /work/data/output/Allium.senescens/proj_gfdl.esm4_ssp370/individual_projections/proj_gfdl.esm4_ssp370_Allium.senescens_PA5_RUN4_GLM.tif
[22:52:55] 	> Projecting Allium.senescens_PA5_RUN4_GBM ...
[22:52:56] 		Writing projection on hard drive...
[22:52:56] 		 /work/data/output/Allium.senescens/proj_gfdl.esm4_ssp370/individual_projections/proj_gfdl.esm4_ssp370_Allium.senescens_PA5_RUN4_GBM.tif
[22:54:07] 	> Projecting Allium.senescens_PA5_RUN4_ANN ...
[22:54:08] 		Writing projection on hard drive...
[22:54:08] 		 /work/data/output/Allium.senescens/proj_gfdl.esm4_ssp370/individual_projections/proj_gfdl.esm4_ssp370_Allium.senescens_PA5_RUN4_ANN.tif
[22:55:03] 	> Projecting Allium.senescens_PA5_RUN4_FDA ...
[22:55:04] 		Writing projection on hard drive...
[22:55:04] 		 /work/data/output/Allium.senescens/proj_gfdl.esm4_ssp370/individual_projections/proj_gfdl.esm4_ssp370_Allium.senescens_PA5_RUN4_FDA.tif
[22:55:35] 	> Projecting Allium.senescens_PA5_RUN4_MAXNET ...
[22:55:36] 		Writing projection on hard drive...
[22:55:36] 		 /work/data/output/Allium.senescens/proj_gfdl.esm4_ssp370/individual_projections/proj_gfdl.esm4_ssp370_Allium.senescens_PA5_RUN4_MAXNET.tif
[22:56:16] 	> Projecting Allium.senescens_PA5_RUN5_GLM ...
[22:56:17] 		Writing projection on hard drive...
[22:56:17] 		 /work/data/output/Allium.senescens/proj_gfdl.esm4_ssp370/individual_projections/proj_gfdl.esm4_ssp370_Allium.senescens_PA5_RUN5_GLM.tif
[23:14:24] 	> Projecting Allium.senescens_PA5_RUN5_GBM ...
[23:14:25] 		Writing projection on hard drive...
[23:14:25] 		 /work/data/output/Allium.senescens/proj_gfdl.esm4_ssp370/individual_projections/proj_gfdl.esm4_ssp370_Allium.senescens_PA5_RUN5_GBM.tif
[23:15:24] 	> Projecting Allium.senescens_PA5_RUN5_ANN ...
[23:15:24] 		Writing projection on hard drive...
[23:15:24] 		 /work/data/output/Allium.senescens/proj_gfdl.esm4_ssp370/individual_projections/proj_gfdl.esm4_ssp370_Allium.senescens_PA5_RUN5_ANN.tif
[23:16:11] 	> Projecting Allium.senescens_PA5_RUN5_FDA ...
[23:16:12] 		Writing projection on hard drive...
[23:16:12] 		 /work/data/output/Allium.senescens/proj_gfdl.esm4_ssp370/individual_projections/proj_gfdl.esm4_ssp370_Allium.senescens_PA5_RUN5_FDA.tif
[23:16:45] 	> Projecting Allium.senescens_PA5_RUN5_MAXNET ...
[23:16:46] 		Writing projection on hard drive...
[23:16:46] 		 /work/data/output/Allium.senescens/proj_gfdl.esm4_ssp370/individual_projections/proj_gfdl.esm4_ssp370_Allium.senescens_PA5_RUN5_MAXNET.tif
[23:17:24] 	> Projecting Allium.senescens_PA6_RUN1_GLM ...
[23:17:25] 		Writing projection on hard drive...
[23:17:25] 		 /work/data/output/Allium.senescens/proj_gfdl.esm4_ssp370/individual_projections/proj_gfdl.esm4_ssp370_Allium.senescens_PA6_RUN1_GLM.tif
[23:34:26] 	> Projecting Allium.senescens_PA6_RUN1_GBM ...
[23:34:27] 		Writing projection on hard drive...
[23:34:27] 		 /work/data/output/Allium.senescens/proj_gfdl.esm4_ssp370/individual_projections/proj_gfdl.esm4_ssp370_Allium.senescens_PA6_RUN1_GBM.tif
[23:35:28] 	> Projecting Allium.senescens_PA6_RUN1_ANN ...
[23:35:29] 		Writing projection on hard drive...
[23:35:29] 		 /work/data/output/Allium.senescens/proj_gfdl.esm4_ssp370/individual_projections/proj_gfdl.esm4_ssp370_Allium.senescens_PA6_RUN1_ANN.tif
[23:36:13] 	> Projecting Allium.senescens_PA6_RUN1_FDA ...
[23:36:14] 		Writing projection on hard drive...
[23:36:14] 		 /work/data/output/Allium.senescens/proj_gfdl.esm4_ssp370/individual_projections/proj_gfdl.esm4_ssp370_Allium.senescens_PA6_RUN1_FDA.tif
[23:36:46] 	> Projecting Allium.senescens_PA6_RUN1_MAXNET ...
[23:36:47] 		Writing projection on hard drive...
[23:36:47] 		 /work/data/output/Allium.senescens/proj_gfdl.esm4_ssp370/individual_projections/proj_gfdl.esm4_ssp370_Allium.senescens_PA6_RUN1_MAXNET.tif
[23:37:25] 	> Projecting Allium.senescens_PA6_RUN2_GLM ...
[23:37:26] 		Writing projection on hard drive...
[23:37:26] 		 /work/data/output/Allium.senescens/proj_gfdl.esm4_ssp370/individual_projections/proj_gfdl.esm4_ssp370_Allium.senescens_PA6_RUN2_GLM.tif
[23:55:39] 	> Projecting Allium.senescens_PA6_RUN2_GBM ...
[23:55:40] 		Writing projection on hard drive...
[23:55:40] 		 /work/data/output/Allium.senescens/proj_gfdl.esm4_ssp370/individual_projections/proj_gfdl.esm4_ssp370_Allium.senescens_PA6_RUN2_GBM.tif
[23:56:51] 	> Projecting Allium.senescens_PA6_RUN2_ANN ...
[23:56:52] 		Writing projection on hard drive...
[23:56:52] 		 /work/data/output/Allium.senescens/proj_gfdl.esm4_ssp370/individual_projections/proj_gfdl.esm4_ssp370_Allium.senescens_PA6_RUN2_ANN.tif
[23:57:43] 	> Projecting Allium.senescens_PA6_RUN2_FDA ...
[23:57:44] 		Writing projection on hard drive...
[23:57:44] 		 /work/data/output/Allium.senescens/proj_gfdl.esm4_ssp370/individual_projections/proj_gfdl.esm4_ssp370_Allium.senescens_PA6_RUN2_FDA.tif
[23:58:16] 	> Projecting Allium.senescens_PA6_RUN2_MAXNET ...
[23:58:17] 		Writing projection on hard drive...
[23:58:17] 		 /work/data/output/Allium.senescens/proj_gfdl.esm4_ssp370/individual_projections/proj_gfdl.esm4_ssp370_Allium.senescens_PA6_RUN2_MAXNET.tif
[23:58:58] 	> Projecting Allium.senescens_PA6_RUN3_GLM ...
[23:58:59] 		Writing projection on hard drive...
[23:58:59] 		 /work/data/output/Allium.senescens/proj_gfdl.esm4_ssp370/individual_projections/proj_gfdl.esm4_ssp370_Allium.senescens_PA6_RUN3_GLM.tif
[00:17:09] 	> Projecting Allium.senescens_PA6_RUN3_GBM ...
[00:17:10] 		Writing projection on hard drive...
[00:17:10] 		 /work/data/output/Allium.senescens/proj_gfdl.esm4_ssp370/individual_projections/proj_gfdl.esm4_ssp370_Allium.senescens_PA6_RUN3_GBM.tif
[00:18:19] 	> Projecting Allium.senescens_PA6_RUN3_ANN ...
[00:18:20] 		Writing projection on hard drive...
[00:18:20] 		 /work/data/output/Allium.senescens/proj_gfdl.esm4_ssp370/individual_projections/proj_gfdl.esm4_ssp370_Allium.senescens_PA6_RUN3_ANN.tif
[00:19:11] 	> Projecting Allium.senescens_PA6_RUN3_FDA ...
[00:19:12] 		Writing projection on hard drive...
[00:19:12] 		 /work/data/output/Allium.senescens/proj_gfdl.esm4_ssp370/individual_projections/proj_gfdl.esm4_ssp370_Allium.senescens_PA6_RUN3_FDA.tif
[00:19:47] 	> Projecting Allium.senescens_PA6_RUN3_MAXNET ...
[00:19:48] 		Writing projection on hard drive...
[00:19:48] 		 /work/data/output/Allium.senescens/proj_gfdl.esm4_ssp370/individual_projections/proj_gfdl.esm4_ssp370_Allium.senescens_PA6_RUN3_MAXNET.tif
[00:20:26] 	> Projecting Allium.senescens_PA6_RUN4_GLM ...
[00:20:28] 		Writing projection on hard drive...
[00:20:28] 		 /work/data/output/Allium.senescens/proj_gfdl.esm4_ssp370/individual_projections/proj_gfdl.esm4_ssp370_Allium.senescens_PA6_RUN4_GLM.tif
[00:38:23] 	> Projecting Allium.senescens_PA6_RUN4_GBM ...
[00:38:24] 		Writing projection on hard drive...
[00:38:24] 		 /work/data/output/Allium.senescens/proj_gfdl.esm4_ssp370/individual_projections/proj_gfdl.esm4_ssp370_Allium.senescens_PA6_RUN4_GBM.tif
[00:39:37] 	> Projecting Allium.senescens_PA6_RUN4_ANN ...
[00:39:38] 		Writing projection on hard drive...
[00:39:38] 		 /work/data/output/Allium.senescens/proj_gfdl.esm4_ssp370/individual_projections/proj_gfdl.esm4_ssp370_Allium.senescens_PA6_RUN4_ANN.tif
[00:40:27] 	> Projecting Allium.senescens_PA6_RUN4_FDA ...
[00:40:28] 		Writing projection on hard drive...
[00:40:28] 		 /work/data/output/Allium.senescens/proj_gfdl.esm4_ssp370/individual_projections/proj_gfdl.esm4_ssp370_Allium.senescens_PA6_RUN4_FDA.tif
[00:40:56] 	> Projecting Allium.senescens_PA6_RUN4_MAXNET ...
[00:40:57] 		Writing projection on hard drive...
[00:40:57] 		 /work/data/output/Allium.senescens/proj_gfdl.esm4_ssp370/individual_projections/proj_gfdl.esm4_ssp370_Allium.senescens_PA6_RUN4_MAXNET.tif
[00:41:37] 	> Projecting Allium.senescens_PA6_RUN5_GLM ...
[00:41:38] 		Writing projection on hard drive...
[00:41:38] 		 /work/data/output/Allium.senescens/proj_gfdl.esm4_ssp370/individual_projections/proj_gfdl.esm4_ssp370_Allium.senescens_PA6_RUN5_GLM.tif
[00:59:49] 	> Projecting Allium.senescens_PA6_RUN5_GBM ...
[00:59:50] 		Writing projection on hard drive...
[00:59:50] 		 /work/data/output/Allium.senescens/proj_gfdl.esm4_ssp370/individual_projections/proj_gfdl.esm4_ssp370_Allium.senescens_PA6_RUN5_GBM.tif
[01:01:15] 	> Projecting Allium.senescens_PA6_RUN5_ANN ...
[01:01:16] 		Writing projection on hard drive...
[01:01:16] 		 /work/data/output/Allium.senescens/proj_gfdl.esm4_ssp370/individual_projections/proj_gfdl.esm4_ssp370_Allium.senescens_PA6_RUN5_ANN.tif
[01:02:07] 	> Projecting Allium.senescens_PA6_RUN5_FDA ...
[01:02:08] 		Writing projection on hard drive...
[01:02:08] 		 /work/data/output/Allium.senescens/proj_gfdl.esm4_ssp370/individual_projections/proj_gfdl.esm4_ssp370_Allium.senescens_PA6_RUN5_FDA.tif
[01:02:35] 	> Projecting Allium.senescens_PA6_RUN5_MAXNET ...
[01:02:36] 		Writing projection on hard drive...
[01:02:36] 		 /work/data/output/Allium.senescens/proj_gfdl.esm4_ssp370/individual_projections/proj_gfdl.esm4_ssp370_Allium.senescens_PA6_RUN5_MAXNET.tif
[01:03:20] 	> Projecting Allium.senescens_PA7_RUN1_GLM ...
[01:03:21] 		Writing projection on hard drive...
[01:03:21] 		 /work/data/output/Allium.senescens/proj_gfdl.esm4_ssp370/individual_projections/proj_gfdl.esm4_ssp370_Allium.senescens_PA7_RUN1_GLM.tif
[01:24:57] 	> Projecting Allium.senescens_PA7_RUN1_GBM ...
[01:24:58] 		Writing projection on hard drive...
[01:24:58] 		 /work/data/output/Allium.senescens/proj_gfdl.esm4_ssp370/individual_projections/proj_gfdl.esm4_ssp370_Allium.senescens_PA7_RUN1_GBM.tif
[01:25:49] 	> Projecting Allium.senescens_PA7_RUN1_ANN ...
[01:25:50] 		Writing projection on hard drive...
[01:25:50] 		 /work/data/output/Allium.senescens/proj_gfdl.esm4_ssp370/individual_projections/proj_gfdl.esm4_ssp370_Allium.senescens_PA7_RUN1_ANN.tif
[01:26:29] 	> Projecting Allium.senescens_PA7_RUN1_FDA ...
[01:26:30] 		Writing projection on hard drive...
[01:26:30] 		 /work/data/output/Allium.senescens/proj_gfdl.esm4_ssp370/individual_projections/proj_gfdl.esm4_ssp370_Allium.senescens_PA7_RUN1_FDA.tif
[01:26:53] 	> Projecting Allium.senescens_PA7_RUN1_MAXNET ...
[01:26:54] 		Writing projection on hard drive...
[01:26:54] 		 /work/data/output/Allium.senescens/proj_gfdl.esm4_ssp370/individual_projections/proj_gfdl.esm4_ssp370_Allium.senescens_PA7_RUN1_MAXNET.tif
[01:27:27] 	> Projecting Allium.senescens_PA7_RUN2_GLM ...
[01:27:28] 		Writing projection on hard drive...
[01:27:28] 		 /work/data/output/Allium.senescens/proj_gfdl.esm4_ssp370/individual_projections/proj_gfdl.esm4_ssp370_Allium.senescens_PA7_RUN2_GLM.tif
[01:44:58] 	> Projecting Allium.senescens_PA7_RUN2_GBM ...
[01:44:59] 		Writing projection on hard drive...
[01:44:59] 		 /work/data/output/Allium.senescens/proj_gfdl.esm4_ssp370/individual_projections/proj_gfdl.esm4_ssp370_Allium.senescens_PA7_RUN2_GBM.tif
[01:45:47] 	> Projecting Allium.senescens_PA7_RUN2_ANN ...
[01:45:48] 		Writing projection on hard drive...
[01:45:48] 		 /work/data/output/Allium.senescens/proj_gfdl.esm4_ssp370/individual_projections/proj_gfdl.esm4_ssp370_Allium.senescens_PA7_RUN2_ANN.tif
[01:46:27] 	> Projecting Allium.senescens_PA7_RUN2_FDA ...
[01:46:28] 		Writing projection on hard drive...
[01:46:28] 		 /work/data/output/Allium.senescens/proj_gfdl.esm4_ssp370/individual_projections/proj_gfdl.esm4_ssp370_Allium.senescens_PA7_RUN2_FDA.tif
[01:46:55] 	> Projecting Allium.senescens_PA7_RUN2_MAXNET ...
[01:46:56] 		Writing projection on hard drive...
[01:46:56] 		 /work/data/output/Allium.senescens/proj_gfdl.esm4_ssp370/individual_projections/proj_gfdl.esm4_ssp370_Allium.senescens_PA7_RUN2_MAXNET.tif
[01:47:26] 	> Projecting Allium.senescens_PA7_RUN3_GLM ...
[01:47:27] 		Writing projection on hard drive...
[01:47:27] 		 /work/data/output/Allium.senescens/proj_gfdl.esm4_ssp370/individual_projections/proj_gfdl.esm4_ssp370_Allium.senescens_PA7_RUN3_GLM.tif
[02:08:18] 	> Projecting Allium.senescens_PA7_RUN3_GBM ...
[02:08:19] 		Writing projection on hard drive...
[02:08:19] 		 /work/data/output/Allium.senescens/proj_gfdl.esm4_ssp370/individual_projections/proj_gfdl.esm4_ssp370_Allium.senescens_PA7_RUN3_GBM.tif
[02:09:07] 	> Projecting Allium.senescens_PA7_RUN3_ANN ...
[02:09:08] 		Writing projection on hard drive...
[02:09:08] 		 /work/data/output/Allium.senescens/proj_gfdl.esm4_ssp370/individual_projections/proj_gfdl.esm4_ssp370_Allium.senescens_PA7_RUN3_ANN.tif
[02:09:47] 	> Projecting Allium.senescens_PA7_RUN3_FDA ...
[02:09:48] 		Writing projection on hard drive...
[02:09:48] 		 /work/data/output/Allium.senescens/proj_gfdl.esm4_ssp370/individual_projections/proj_gfdl.esm4_ssp370_Allium.senescens_PA7_RUN3_FDA.tif
[02:10:11] 	> Projecting Allium.senescens_PA7_RUN3_MAXNET ...
[02:10:12] 		Writing projection on hard drive...
[02:10:12] 		 /work/data/output/Allium.senescens/proj_gfdl.esm4_ssp370/individual_projections/proj_gfdl.esm4_ssp370_Allium.senescens_PA7_RUN3_MAXNET.tif
[02:10:45] 	> Projecting Allium.senescens_PA7_RUN4_GLM ...
[02:10:47] 		Writing projection on hard drive...
[02:10:47] 		 /work/data/output/Allium.senescens/proj_gfdl.esm4_ssp370/individual_projections/proj_gfdl.esm4_ssp370_Allium.senescens_PA7_RUN4_GLM.tif
[02:28:30] 	> Projecting Allium.senescens_PA7_RUN4_GBM ...
[02:28:31] 		Writing projection on hard drive...
[02:28:31] 		 /work/data/output/Allium.senescens/proj_gfdl.esm4_ssp370/individual_projections/proj_gfdl.esm4_ssp370_Allium.senescens_PA7_RUN4_GBM.tif
[02:29:22] 	> Projecting Allium.senescens_PA7_RUN4_ANN ...
[02:29:23] 		Writing projection on hard drive...
[02:29:23] 		 /work/data/output/Allium.senescens/proj_gfdl.esm4_ssp370/individual_projections/proj_gfdl.esm4_ssp370_Allium.senescens_PA7_RUN4_ANN.tif
[02:30:01] 	> Projecting Allium.senescens_PA7_RUN4_FDA ...
[02:30:02] 		Writing projection on hard drive...
[02:30:02] 		 /work/data/output/Allium.senescens/proj_gfdl.esm4_ssp370/individual_projections/proj_gfdl.esm4_ssp370_Allium.senescens_PA7_RUN4_FDA.tif
[02:30:26] 	> Projecting Allium.senescens_PA7_RUN4_MAXNET ...
[02:30:27] 		Writing projection on hard drive...
[02:30:27] 		 /work/data/output/Allium.senescens/proj_gfdl.esm4_ssp370/individual_projections/proj_gfdl.esm4_ssp370_Allium.senescens_PA7_RUN4_MAXNET.tif
[02:31:00] 	> Projecting Allium.senescens_PA7_RUN5_GLM ...
[02:31:01] 		Writing projection on hard drive...
[02:31:01] 		 /work/data/output/Allium.senescens/proj_gfdl.esm4_ssp370/individual_projections/proj_gfdl.esm4_ssp370_Allium.senescens_PA7_RUN5_GLM.tif
[02:48:30] 	> Projecting Allium.senescens_PA7_RUN5_GBM ...
[02:48:31] 		Writing projection on hard drive...
[02:48:31] 		 /work/data/output/Allium.senescens/proj_gfdl.esm4_ssp370/individual_projections/proj_gfdl.esm4_ssp370_Allium.senescens_PA7_RUN5_GBM.tif
[02:49:19] 	> Projecting Allium.senescens_PA7_RUN5_ANN ...
[02:49:20] 		Writing projection on hard drive...
[02:49:20] 		 /work/data/output/Allium.senescens/proj_gfdl.esm4_ssp370/individual_projections/proj_gfdl.esm4_ssp370_Allium.senescens_PA7_RUN5_ANN.tif
[02:50:01] 	> Projecting Allium.senescens_PA7_RUN5_FDA ...
[02:50:02] 		Writing projection on hard drive...
[02:50:02] 		 /work/data/output/Allium.senescens/proj_gfdl.esm4_ssp370/individual_projections/proj_gfdl.esm4_ssp370_Allium.senescens_PA7_RUN5_FDA.tif
[02:50:26] 	> Projecting Allium.senescens_PA7_RUN5_MAXNET ...
[02:50:27] 		Writing projection on hard drive...
[02:50:27] 		 /work/data/output/Allium.senescens/proj_gfdl.esm4_ssp370/individual_projections/proj_gfdl.esm4_ssp370_Allium.senescens_PA7_RUN5_MAXNET.tif
[02:50:57] 	> Projecting Allium.senescens_PA8_RUN1_GLM ...
[02:50:58] 		Writing projection on hard drive...
[02:50:58] 		 /work/data/output/Allium.senescens/proj_gfdl.esm4_ssp370/individual_projections/proj_gfdl.esm4_ssp370_Allium.senescens_PA8_RUN1_GLM.tif
[03:08:05] 	> Projecting Allium.senescens_PA8_RUN1_GBM ...
[03:08:06] 		Writing projection on hard drive...
[03:08:06] 		 /work/data/output/Allium.senescens/proj_gfdl.esm4_ssp370/individual_projections/proj_gfdl.esm4_ssp370_Allium.senescens_PA8_RUN1_GBM.tif
[03:08:52] 	> Projecting Allium.senescens_PA8_RUN1_ANN ...
[03:08:53] 		Writing projection on hard drive...
[03:08:53] 		 /work/data/output/Allium.senescens/proj_gfdl.esm4_ssp370/individual_projections/proj_gfdl.esm4_ssp370_Allium.senescens_PA8_RUN1_ANN.tif
[03:09:29] 	> Projecting Allium.senescens_PA8_RUN1_FDA ...
[03:09:30] 		Writing projection on hard drive...
[03:09:30] 		 /work/data/output/Allium.senescens/proj_gfdl.esm4_ssp370/individual_projections/proj_gfdl.esm4_ssp370_Allium.senescens_PA8_RUN1_FDA.tif
[03:10:00] 	> Projecting Allium.senescens_PA8_RUN1_MAXNET ...
[03:10:01] 		Writing projection on hard drive...
[03:10:01] 		 /work/data/output/Allium.senescens/proj_gfdl.esm4_ssp370/individual_projections/proj_gfdl.esm4_ssp370_Allium.senescens_PA8_RUN1_MAXNET.tif
[03:10:31] 	> Projecting Allium.senescens_PA8_RUN2_GLM ...
[03:10:32] 		Writing projection on hard drive...
[03:10:32] 		 /work/data/output/Allium.senescens/proj_gfdl.esm4_ssp370/individual_projections/proj_gfdl.esm4_ssp370_Allium.senescens_PA8_RUN2_GLM.tif
[03:28:29] 	> Projecting Allium.senescens_PA8_RUN2_GBM ...
[03:28:30] 		Writing projection on hard drive...
[03:28:30] 		 /work/data/output/Allium.senescens/proj_gfdl.esm4_ssp370/individual_projections/proj_gfdl.esm4_ssp370_Allium.senescens_PA8_RUN2_GBM.tif
[03:29:22] 	> Projecting Allium.senescens_PA8_RUN2_ANN ...
[03:29:22] 		Writing projection on hard drive...
[03:29:22] 		 /work/data/output/Allium.senescens/proj_gfdl.esm4_ssp370/individual_projections/proj_gfdl.esm4_ssp370_Allium.senescens_PA8_RUN2_ANN.tif
[03:30:01] 	> Projecting Allium.senescens_PA8_RUN2_FDA ...
[03:30:02] 		Writing projection on hard drive...
[03:30:02] 		 /work/data/output/Allium.senescens/proj_gfdl.esm4_ssp370/individual_projections/proj_gfdl.esm4_ssp370_Allium.senescens_PA8_RUN2_FDA.tif
[03:30:28] 	> Projecting Allium.senescens_PA8_RUN2_MAXNET ...
[03:30:29] 		Writing projection on hard drive...
[03:30:29] 		 /work/data/output/Allium.senescens/proj_gfdl.esm4_ssp370/individual_projections/proj_gfdl.esm4_ssp370_Allium.senescens_PA8_RUN2_MAXNET.tif
[03:30:59] 	> Projecting Allium.senescens_PA8_RUN3_GLM ...
[03:31:00] 		Writing projection on hard drive...
[03:31:00] 		 /work/data/output/Allium.senescens/proj_gfdl.esm4_ssp370/individual_projections/proj_gfdl.esm4_ssp370_Allium.senescens_PA8_RUN3_GLM.tif
[03:48:30] 	> Projecting Allium.senescens_PA8_RUN3_GBM ...
[03:48:30] 		Writing projection on hard drive...
[03:48:30] 		 /work/data/output/Allium.senescens/proj_gfdl.esm4_ssp370/individual_projections/proj_gfdl.esm4_ssp370_Allium.senescens_PA8_RUN3_GBM.tif
[03:49:23] 	> Projecting Allium.senescens_PA8_RUN3_ANN ...
[03:49:24] 		Writing projection on hard drive...
[03:49:24] 		 /work/data/output/Allium.senescens/proj_gfdl.esm4_ssp370/individual_projections/proj_gfdl.esm4_ssp370_Allium.senescens_PA8_RUN3_ANN.tif
[03:50:03] 	> Projecting Allium.senescens_PA8_RUN3_FDA ...
[03:50:04] 		Writing projection on hard drive...
[03:50:04] 		 /work/data/output/Allium.senescens/proj_gfdl.esm4_ssp370/individual_projections/proj_gfdl.esm4_ssp370_Allium.senescens_PA8_RUN3_FDA.tif
[03:50:28] 	> Projecting Allium.senescens_PA8_RUN3_MAXNET ...
[03:50:28] 		Writing projection on hard drive...
[03:50:28] 		 /work/data/output/Allium.senescens/proj_gfdl.esm4_ssp370/individual_projections/proj_gfdl.esm4_ssp370_Allium.senescens_PA8_RUN3_MAXNET.tif
[03:50:59] 	> Projecting Allium.senescens_PA8_RUN4_GLM ...
[03:51:00] 		Writing projection on hard drive...
[03:51:00] 		 /work/data/output/Allium.senescens/proj_gfdl.esm4_ssp370/individual_projections/proj_gfdl.esm4_ssp370_Allium.senescens_PA8_RUN4_GLM.tif
[04:08:30] 	> Projecting Allium.senescens_PA8_RUN4_GBM ...
[04:08:31] 		Writing projection on hard drive...
[04:08:31] 		 /work/data/output/Allium.senescens/proj_gfdl.esm4_ssp370/individual_projections/proj_gfdl.esm4_ssp370_Allium.senescens_PA8_RUN4_GBM.tif
[04:09:19] 	> Projecting Allium.senescens_PA8_RUN4_ANN ...
[04:09:19] 		Writing projection on hard drive...
[04:09:19] 		 /work/data/output/Allium.senescens/proj_gfdl.esm4_ssp370/individual_projections/proj_gfdl.esm4_ssp370_Allium.senescens_PA8_RUN4_ANN.tif
[04:09:58] 	> Projecting Allium.senescens_PA8_RUN4_FDA ...
[04:09:59] 		Writing projection on hard drive...
[04:09:59] 		 /work/data/output/Allium.senescens/proj_gfdl.esm4_ssp370/individual_projections/proj_gfdl.esm4_ssp370_Allium.senescens_PA8_RUN4_FDA.tif
[04:10:28] 	> Projecting Allium.senescens_PA8_RUN4_MAXNET ...
[04:10:29] 		Writing projection on hard drive...
[04:10:29] 		 /work/data/output/Allium.senescens/proj_gfdl.esm4_ssp370/individual_projections/proj_gfdl.esm4_ssp370_Allium.senescens_PA8_RUN4_MAXNET.tif
[04:10:59] 	> Projecting Allium.senescens_PA8_RUN5_GLM ...
[04:11:00] 		Writing projection on hard drive...
[04:11:00] 		 /work/data/output/Allium.senescens/proj_gfdl.esm4_ssp370/individual_projections/proj_gfdl.esm4_ssp370_Allium.senescens_PA8_RUN5_GLM.tif
[04:28:54] 	> Projecting Allium.senescens_PA8_RUN5_GBM ...
[04:28:55] 		Writing projection on hard drive...
[04:28:55] 		 /work/data/output/Allium.senescens/proj_gfdl.esm4_ssp370/individual_projections/proj_gfdl.esm4_ssp370_Allium.senescens_PA8_RUN5_GBM.tif
[04:29:46] 	> Projecting Allium.senescens_PA8_RUN5_ANN ...
[04:29:47] 		Writing projection on hard drive...
[04:29:47] 		 /work/data/output/Allium.senescens/proj_gfdl.esm4_ssp370/individual_projections/proj_gfdl.esm4_ssp370_Allium.senescens_PA8_RUN5_ANN.tif
[04:30:24] 	> Projecting Allium.senescens_PA8_RUN5_FDA ...
[04:30:25] 		Writing projection on hard drive...
[04:30:25] 		 /work/data/output/Allium.senescens/proj_gfdl.esm4_ssp370/individual_projections/proj_gfdl.esm4_ssp370_Allium.senescens_PA8_RUN5_FDA.tif
[04:30:54] 	> Projecting Allium.senescens_PA8_RUN5_MAXNET ...
[04:30:55] 		Writing projection on hard drive...
[04:30:55] 		 /work/data/output/Allium.senescens/proj_gfdl.esm4_ssp370/individual_projections/proj_gfdl.esm4_ssp370_Allium.senescens_PA8_RUN5_MAXNET.tif
[04:31:24] 	> Projecting Allium.senescens_PA9_RUN1_GLM ...
[04:31:25] 		Writing projection on hard drive...
[04:31:25] 		 /work/data/output/Allium.senescens/proj_gfdl.esm4_ssp370/individual_projections/proj_gfdl.esm4_ssp370_Allium.senescens_PA9_RUN1_GLM.tif
[04:49:08] 	> Projecting Allium.senescens_PA9_RUN1_GBM ...
[04:49:09] 		Writing projection on hard drive...
[04:49:09] 		 /work/data/output/Allium.senescens/proj_gfdl.esm4_ssp370/individual_projections/proj_gfdl.esm4_ssp370_Allium.senescens_PA9_RUN1_GBM.tif
[04:50:00] 	> Projecting Allium.senescens_PA9_RUN1_ANN ...
[04:50:01] 		Writing projection on hard drive...
[04:50:01] 		 /work/data/output/Allium.senescens/proj_gfdl.esm4_ssp370/individual_projections/proj_gfdl.esm4_ssp370_Allium.senescens_PA9_RUN1_ANN.tif
[04:50:37] 	> Projecting Allium.senescens_PA9_RUN1_FDA ...
[04:50:38] 		Writing projection on hard drive...
[04:50:38] 		 /work/data/output/Allium.senescens/proj_gfdl.esm4_ssp370/individual_projections/proj_gfdl.esm4_ssp370_Allium.senescens_PA9_RUN1_FDA.tif
[04:51:04] 	> Projecting Allium.senescens_PA9_RUN1_MAXNET ...
[04:51:05] 		Writing projection on hard drive...
[04:51:05] 		 /work/data/output/Allium.senescens/proj_gfdl.esm4_ssp370/individual_projections/proj_gfdl.esm4_ssp370_Allium.senescens_PA9_RUN1_MAXNET.tif
[04:51:35] 	> Projecting Allium.senescens_PA9_RUN2_GLM ...
[04:51:36] 		Writing projection on hard drive...
[04:51:36] 		 /work/data/output/Allium.senescens/proj_gfdl.esm4_ssp370/individual_projections/proj_gfdl.esm4_ssp370_Allium.senescens_PA9_RUN2_GLM.tif
[05:08:58] 	> Projecting Allium.senescens_PA9_RUN2_GBM ...
[05:08:59] 		Writing projection on hard drive...
[05:08:59] 		 /work/data/output/Allium.senescens/proj_gfdl.esm4_ssp370/individual_projections/proj_gfdl.esm4_ssp370_Allium.senescens_PA9_RUN2_GBM.tif
[05:09:50] 	> Projecting Allium.senescens_PA9_RUN2_ANN ...
[05:09:51] 		Writing projection on hard drive...
[05:09:51] 		 /work/data/output/Allium.senescens/proj_gfdl.esm4_ssp370/individual_projections/proj_gfdl.esm4_ssp370_Allium.senescens_PA9_RUN2_ANN.tif
[05:10:28] 	> Projecting Allium.senescens_PA9_RUN2_FDA ...
[05:10:29] 		Writing projection on hard drive...
[05:10:29] 		 /work/data/output/Allium.senescens/proj_gfdl.esm4_ssp370/individual_projections/proj_gfdl.esm4_ssp370_Allium.senescens_PA9_RUN2_FDA.tif
[05:10:55] 	> Projecting Allium.senescens_PA9_RUN2_MAXNET ...
[05:10:56] 		Writing projection on hard drive...
[05:10:56] 		 /work/data/output/Allium.senescens/proj_gfdl.esm4_ssp370/individual_projections/proj_gfdl.esm4_ssp370_Allium.senescens_PA9_RUN2_MAXNET.tif
[05:11:28] 	> Projecting Allium.senescens_PA9_RUN3_GLM ...
[05:11:29] 		Writing projection on hard drive...
[05:11:29] 		 /work/data/output/Allium.senescens/proj_gfdl.esm4_ssp370/individual_projections/proj_gfdl.esm4_ssp370_Allium.senescens_PA9_RUN3_GLM.tif
[05:29:36] 	> Projecting Allium.senescens_PA9_RUN3_GBM ...
[05:29:37] 		Writing projection on hard drive...
[05:29:37] 		 /work/data/output/Allium.senescens/proj_gfdl.esm4_ssp370/individual_projections/proj_gfdl.esm4_ssp370_Allium.senescens_PA9_RUN3_GBM.tif
[05:30:23] 	> Projecting Allium.senescens_PA9_RUN3_ANN ...
[05:30:24] 		Writing projection on hard drive...
[05:30:24] 		 /work/data/output/Allium.senescens/proj_gfdl.esm4_ssp370/individual_projections/proj_gfdl.esm4_ssp370_Allium.senescens_PA9_RUN3_ANN.tif
[05:31:03] 	> Projecting Allium.senescens_PA9_RUN3_FDA ...
[05:31:04] 		Writing projection on hard drive...
[05:31:04] 		 /work/data/output/Allium.senescens/proj_gfdl.esm4_ssp370/individual_projections/proj_gfdl.esm4_ssp370_Allium.senescens_PA9_RUN3_FDA.tif
[05:31:32] 	> Projecting Allium.senescens_PA9_RUN3_MAXNET ...
[05:31:33] 		Writing projection on hard drive...
[05:31:33] 		 /work/data/output/Allium.senescens/proj_gfdl.esm4_ssp370/individual_projections/proj_gfdl.esm4_ssp370_Allium.senescens_PA9_RUN3_MAXNET.tif
[05:32:04] 	> Projecting Allium.senescens_PA9_RUN4_GLM ...
[05:32:05] 		Writing projection on hard drive...
[05:32:05] 		 /work/data/output/Allium.senescens/proj_gfdl.esm4_ssp370/individual_projections/proj_gfdl.esm4_ssp370_Allium.senescens_PA9_RUN4_GLM.tif
[05:49:50] 	> Projecting Allium.senescens_PA9_RUN4_GBM ...
[05:49:51] 		Writing projection on hard drive...
[05:49:51] 		 /work/data/output/Allium.senescens/proj_gfdl.esm4_ssp370/individual_projections/proj_gfdl.esm4_ssp370_Allium.senescens_PA9_RUN4_GBM.tif
[05:50:44] 	> Projecting Allium.senescens_PA9_RUN4_ANN ...
[05:50:45] 		Writing projection on hard drive...
[05:50:45] 		 /work/data/output/Allium.senescens/proj_gfdl.esm4_ssp370/individual_projections/proj_gfdl.esm4_ssp370_Allium.senescens_PA9_RUN4_ANN.tif
[05:51:24] 	> Projecting Allium.senescens_PA9_RUN4_FDA ...
[05:51:25] 		Writing projection on hard drive...
[05:51:25] 		 /work/data/output/Allium.senescens/proj_gfdl.esm4_ssp370/individual_projections/proj_gfdl.esm4_ssp370_Allium.senescens_PA9_RUN4_FDA.tif
[05:51:51] 	> Projecting Allium.senescens_PA9_RUN4_MAXNET ...
[05:51:52] 		Writing projection on hard drive...
[05:51:52] 		 /work/data/output/Allium.senescens/proj_gfdl.esm4_ssp370/individual_projections/proj_gfdl.esm4_ssp370_Allium.senescens_PA9_RUN4_MAXNET.tif
[05:52:22] 	> Projecting Allium.senescens_PA9_RUN5_GLM ...
[05:52:23] 		Writing projection on hard drive...
[05:52:23] 		 /work/data/output/Allium.senescens/proj_gfdl.esm4_ssp370/individual_projections/proj_gfdl.esm4_ssp370_Allium.senescens_PA9_RUN5_GLM.tif
[06:09:50] 	> Projecting Allium.senescens_PA9_RUN5_GBM ...
[06:09:51] 		Writing projection on hard drive...
[06:09:51] 		 /work/data/output/Allium.senescens/proj_gfdl.esm4_ssp370/individual_projections/proj_gfdl.esm4_ssp370_Allium.senescens_PA9_RUN5_GBM.tif
[06:10:40] 	> Projecting Allium.senescens_PA9_RUN5_ANN ...
[06:10:41] 		Writing projection on hard drive...
[06:10:41] 		 /work/data/output/Allium.senescens/proj_gfdl.esm4_ssp370/individual_projections/proj_gfdl.esm4_ssp370_Allium.senescens_PA9_RUN5_ANN.tif
[06:11:19] 	> Projecting Allium.senescens_PA9_RUN5_FDA ...
[06:11:20] 		Writing projection on hard drive...
[06:11:20] 		 /work/data/output/Allium.senescens/proj_gfdl.esm4_ssp370/individual_projections/proj_gfdl.esm4_ssp370_Allium.senescens_PA9_RUN5_FDA.tif
[06:11:47] 	> Projecting Allium.senescens_PA9_RUN5_MAXNET ...
[06:11:48] 		Writing projection on hard drive...
[06:11:48] 		 /work/data/output/Allium.senescens/proj_gfdl.esm4_ssp370/individual_projections/proj_gfdl.esm4_ssp370_Allium.senescens_PA9_RUN5_MAXNET.tif
[06:12:19] 	> Projecting Allium.senescens_PA10_RUN1_GLM ...
[06:12:20] 		Writing projection on hard drive...
[06:12:20] 		 /work/data/output/Allium.senescens/proj_gfdl.esm4_ssp370/individual_projections/proj_gfdl.esm4_ssp370_Allium.senescens_PA10_RUN1_GLM.tif
[06:30:02] 	> Projecting Allium.senescens_PA10_RUN1_GBM ...
[06:30:03] 		Writing projection on hard drive...
[06:30:03] 		 /work/data/output/Allium.senescens/proj_gfdl.esm4_ssp370/individual_projections/proj_gfdl.esm4_ssp370_Allium.senescens_PA10_RUN1_GBM.tif
[06:30:59] 	> Projecting Allium.senescens_PA10_RUN1_ANN ...
[06:31:00] 		Writing projection on hard drive...
[06:31:00] 		 /work/data/output/Allium.senescens/proj_gfdl.esm4_ssp370/individual_projections/proj_gfdl.esm4_ssp370_Allium.senescens_PA10_RUN1_ANN.tif
[06:31:47] 	> Projecting Allium.senescens_PA10_RUN1_FDA ...
[06:31:48] 		Writing projection on hard drive...
[06:31:48] 		 /work/data/output/Allium.senescens/proj_gfdl.esm4_ssp370/individual_projections/proj_gfdl.esm4_ssp370_Allium.senescens_PA10_RUN1_FDA.tif
[06:32:17] 	> Projecting Allium.senescens_PA10_RUN1_MAXNET ...
[06:32:18] 		Writing projection on hard drive...
[06:32:18] 		 /work/data/output/Allium.senescens/proj_gfdl.esm4_ssp370/individual_projections/proj_gfdl.esm4_ssp370_Allium.senescens_PA10_RUN1_MAXNET.tif
[06:33:03] 	> Projecting Allium.senescens_PA10_RUN2_GLM ...
[06:33:05] 		Writing projection on hard drive...
[06:33:05] 		 /work/data/output/Allium.senescens/proj_gfdl.esm4_ssp370/individual_projections/proj_gfdl.esm4_ssp370_Allium.senescens_PA10_RUN2_GLM.tif
[06:50:32] 	> Projecting Allium.senescens_PA10_RUN2_GBM ...
[06:50:33] 		Writing projection on hard drive...
[06:50:33] 		 /work/data/output/Allium.senescens/proj_gfdl.esm4_ssp370/individual_projections/proj_gfdl.esm4_ssp370_Allium.senescens_PA10_RUN2_GBM.tif
[06:51:36] 	> Projecting Allium.senescens_PA10_RUN2_ANN ...
[06:51:36] 		Writing projection on hard drive...
[06:51:36] 		 /work/data/output/Allium.senescens/proj_gfdl.esm4_ssp370/individual_projections/proj_gfdl.esm4_ssp370_Allium.senescens_PA10_RUN2_ANN.tif
[06:52:27] 	> Projecting Allium.senescens_PA10_RUN2_FDA ...
[06:52:28] 		Writing projection on hard drive...
[06:52:28] 		 /work/data/output/Allium.senescens/proj_gfdl.esm4_ssp370/individual_projections/proj_gfdl.esm4_ssp370_Allium.senescens_PA10_RUN2_FDA.tif
[06:53:03] 	> Projecting Allium.senescens_PA10_RUN2_MAXNET ...
[06:53:04] 		Writing projection on hard drive...
[06:53:04] 		 /work/data/output/Allium.senescens/proj_gfdl.esm4_ssp370/individual_projections/proj_gfdl.esm4_ssp370_Allium.senescens_PA10_RUN2_MAXNET.tif
[06:53:43] 	> Projecting Allium.senescens_PA10_RUN3_GLM ...
[06:53:44] 		Writing projection on hard drive...
[06:53:44] 		 /work/data/output/Allium.senescens/proj_gfdl.esm4_ssp370/individual_projections/proj_gfdl.esm4_ssp370_Allium.senescens_PA10_RUN3_GLM.tif
[07:11:43] 	> Projecting Allium.senescens_PA10_RUN3_GBM ...
[07:11:44] 		Writing projection on hard drive...
[07:11:44] 		 /work/data/output/Allium.senescens/proj_gfdl.esm4_ssp370/individual_projections/proj_gfdl.esm4_ssp370_Allium.senescens_PA10_RUN3_GBM.tif
[07:12:38] 	> Projecting Allium.senescens_PA10_RUN3_ANN ...
[07:12:39] 		Writing projection on hard drive...
[07:12:39] 		 /work/data/output/Allium.senescens/proj_gfdl.esm4_ssp370/individual_projections/proj_gfdl.esm4_ssp370_Allium.senescens_PA10_RUN3_ANN.tif
[07:13:32] 	> Projecting Allium.senescens_PA10_RUN3_FDA ...
[07:13:33] 		Writing projection on hard drive...
[07:13:33] 		 /work/data/output/Allium.senescens/proj_gfdl.esm4_ssp370/individual_projections/proj_gfdl.esm4_ssp370_Allium.senescens_PA10_RUN3_FDA.tif
[07:14:03] 	> Projecting Allium.senescens_PA10_RUN3_MAXNET ...
[07:14:04] 		Writing projection on hard drive...
[07:14:04] 		 /work/data/output/Allium.senescens/proj_gfdl.esm4_ssp370/individual_projections/proj_gfdl.esm4_ssp370_Allium.senescens_PA10_RUN3_MAXNET.tif
[07:14:56] 	> Projecting Allium.senescens_PA10_RUN4_GLM ...
[07:14:57] 		Writing projection on hard drive...
[07:14:57] 		 /work/data/output/Allium.senescens/proj_gfdl.esm4_ssp370/individual_projections/proj_gfdl.esm4_ssp370_Allium.senescens_PA10_RUN4_GLM.tif
[07:33:09] 	> Projecting Allium.senescens_PA10_RUN4_GBM ...
[07:33:10] 		Writing projection on hard drive...
[07:33:10] 		 /work/data/output/Allium.senescens/proj_gfdl.esm4_ssp370/individual_projections/proj_gfdl.esm4_ssp370_Allium.senescens_PA10_RUN4_GBM.tif
[07:34:19] 	> Projecting Allium.senescens_PA10_RUN4_ANN ...
[07:34:20] 		Writing projection on hard drive...
[07:34:20] 		 /work/data/output/Allium.senescens/proj_gfdl.esm4_ssp370/individual_projections/proj_gfdl.esm4_ssp370_Allium.senescens_PA10_RUN4_ANN.tif
[07:35:16] 	> Projecting Allium.senescens_PA10_RUN4_FDA ...
[07:35:17] 		Writing projection on hard drive...
[07:35:17] 		 /work/data/output/Allium.senescens/proj_gfdl.esm4_ssp370/individual_projections/proj_gfdl.esm4_ssp370_Allium.senescens_PA10_RUN4_FDA.tif
[07:35:51] 	> Projecting Allium.senescens_PA10_RUN4_MAXNET ...
[07:35:52] 		Writing projection on hard drive...
[07:35:52] 		 /work/data/output/Allium.senescens/proj_gfdl.esm4_ssp370/individual_projections/proj_gfdl.esm4_ssp370_Allium.senescens_PA10_RUN4_MAXNET.tif
[07:36:30] 	> Projecting Allium.senescens_PA10_RUN5_GLM ...
[07:36:31] 		Writing projection on hard drive...
[07:36:31] 		 /work/data/output/Allium.senescens/proj_gfdl.esm4_ssp370/individual_projections/proj_gfdl.esm4_ssp370_Allium.senescens_PA10_RUN5_GLM.tif
[07:54:48] 	> Projecting Allium.senescens_PA10_RUN5_GBM ...
[07:54:49] 		Writing projection on hard drive...
[07:54:49] 		 /work/data/output/Allium.senescens/proj_gfdl.esm4_ssp370/individual_projections/proj_gfdl.esm4_ssp370_Allium.senescens_PA10_RUN5_GBM.tif
[07:55:59] 	> Projecting Allium.senescens_PA10_RUN5_ANN ...
[07:56:00] 		Writing projection on hard drive...
[07:56:00] 		 /work/data/output/Allium.senescens/proj_gfdl.esm4_ssp370/individual_projections/proj_gfdl.esm4_ssp370_Allium.senescens_PA10_RUN5_ANN.tif
[07:56:55] 	> Projecting Allium.senescens_PA10_RUN5_FDA ...
[07:56:56] 		Writing projection on hard drive...
[07:56:56] 		 /work/data/output/Allium.senescens/proj_gfdl.esm4_ssp370/individual_projections/proj_gfdl.esm4_ssp370_Allium.senescens_PA10_RUN5_FDA.tif
[07:57:24] 	> Projecting Allium.senescens_PA10_RUN5_MAXNET ...
[07:57:25] 		Writing projection on hard drive...
[07:57:25] 		 /work/data/output/Allium.senescens/proj_gfdl.esm4_ssp370/individual_projections/proj_gfdl.esm4_ssp370_Allium.senescens_PA10_RUN5_MAXNET.tif
[07:57:25] -=-=-=-=-=-=-=-=-=-=-=-=-=-=-=-=-=-= Done -=-=-=-=-=-=-=-=-=-=-=-=-=-=-=-=-=-=
[07:57:25] 
[07:57:25] -=-=-=-=-=-=-=-=-=-=-=-= Do Ensemble Models Projection -=-=-=-=-=-=-=-=-=-=-=-=
[07:57:25] 
[07:57:25] Creating suitable Workdir...
[07:57:40] 
[08:22:09] 	> Projecting Allium.senescens_EMmeanByAUCroc_mergedData_mergedRun_mergedAlgo ...|---------|---------|---------|---------|=========================================                                          
[08:22:10] 		Writing projection on hard drive...
[08:55:33] 	> Projecting Allium.senescens_EMcvByAUCroc_mergedData_mergedRun_mergedAlgo ...|---------|---------|---------|---------|=========================================                                          
[08:55:35] 		Writing projection on hard drive...
[08:55:35] 
[08:55:35] ! Binary/Filtered transformation automatically desactivated for ensemble models with coefficient of variation or confidence intervals
[08:55:38] 	> Building TSS binaries / filtered
[08:55:40] 	> Building AUCroc binaries / filtered
[08:55:43] 	> Building KAPPA binaries / filtered
[08:55:43] 
[08:55:43] -=-=-=-=-=-=-=-=-=-=-=-=-=-=-=-=-=-= Done -=-=-=-=-=-=-=-=-=-=-=-=-=-=-=-=-=-=
[08:55:48] 
[08:55:48] 
[08:55:48] DEBUG: Processing future scenario 2 of 8 : /work/data/input/climate_vars/future/gfdl.esm4/ssp585 
[08:55:48] DEBUG: Raster loaded, ncell = 63951097 , hasValues = TRUE 
[08:55:48] 
[08:55:48] -=-=-=-=-=-=-=-=-=-=-=-=-= Do Single Models Projection -=-=-=-=-=-=-=-=-=-=-=-=-=
[08:56:06] 
[08:56:06] 	> Building clamping mask
[08:57:08] 
[08:57:43] 	> Projecting Allium.senescens_PA1_RUN1_GLM ...
[08:57:44] 		Writing projection on hard drive...
[08:57:44] 		 /work/data/output/Allium.senescens/proj_gfdl.esm4_ssp585/individual_projections/proj_gfdl.esm4_ssp585_Allium.senescens_PA1_RUN1_GLM.tif
[09:15:26] 	> Projecting Allium.senescens_PA1_RUN1_GBM ...
[09:15:28] 		Writing projection on hard drive...
[09:15:28] 		 /work/data/output/Allium.senescens/proj_gfdl.esm4_ssp585/individual_projections/proj_gfdl.esm4_ssp585_Allium.senescens_PA1_RUN1_GBM.tif
[09:16:22] 	> Projecting Allium.senescens_PA1_RUN1_ANN ...
[09:16:23] 		Writing projection on hard drive...
[09:16:23] 		 /work/data/output/Allium.senescens/proj_gfdl.esm4_ssp585/individual_projections/proj_gfdl.esm4_ssp585_Allium.senescens_PA1_RUN1_ANN.tif
[09:17:12] 	> Projecting Allium.senescens_PA1_RUN1_FDA ...
[09:17:13] 		Writing projection on hard drive...
[09:17:13] 		 /work/data/output/Allium.senescens/proj_gfdl.esm4_ssp585/individual_projections/proj_gfdl.esm4_ssp585_Allium.senescens_PA1_RUN1_FDA.tif
[09:17:55] 	> Projecting Allium.senescens_PA1_RUN1_MAXNET ...
[09:17:56] 		Writing projection on hard drive...
[09:17:56] 		 /work/data/output/Allium.senescens/proj_gfdl.esm4_ssp585/individual_projections/proj_gfdl.esm4_ssp585_Allium.senescens_PA1_RUN1_MAXNET.tif
[09:18:34] 	> Projecting Allium.senescens_PA1_RUN2_GLM ...
[09:18:35] 		Writing projection on hard drive...
[09:18:35] 		 /work/data/output/Allium.senescens/proj_gfdl.esm4_ssp585/individual_projections/proj_gfdl.esm4_ssp585_Allium.senescens_PA1_RUN2_GLM.tif
[09:36:11] 	> Projecting Allium.senescens_PA1_RUN2_GBM ...
[09:36:13] 		Writing projection on hard drive...
[09:36:13] 		 /work/data/output/Allium.senescens/proj_gfdl.esm4_ssp585/individual_projections/proj_gfdl.esm4_ssp585_Allium.senescens_PA1_RUN2_GBM.tif
[09:37:13] 	> Projecting Allium.senescens_PA1_RUN2_ANN ...
[09:37:14] 		Writing projection on hard drive...
[09:37:14] 		 /work/data/output/Allium.senescens/proj_gfdl.esm4_ssp585/individual_projections/proj_gfdl.esm4_ssp585_Allium.senescens_PA1_RUN2_ANN.tif
[09:38:03] 	> Projecting Allium.senescens_PA1_RUN2_FDA ...
[09:38:04] 		Writing projection on hard drive...
[09:38:04] 		 /work/data/output/Allium.senescens/proj_gfdl.esm4_ssp585/individual_projections/proj_gfdl.esm4_ssp585_Allium.senescens_PA1_RUN2_FDA.tif
[09:38:44] 	> Projecting Allium.senescens_PA1_RUN2_MAXNET ...
[09:38:45] 		Writing projection on hard drive...
[09:38:45] 		 /work/data/output/Allium.senescens/proj_gfdl.esm4_ssp585/individual_projections/proj_gfdl.esm4_ssp585_Allium.senescens_PA1_RUN2_MAXNET.tif
[09:39:18] 	> Projecting Allium.senescens_PA1_RUN3_GLM ...
[09:39:19] 		Writing projection on hard drive...
[09:39:19] 		 /work/data/output/Allium.senescens/proj_gfdl.esm4_ssp585/individual_projections/proj_gfdl.esm4_ssp585_Allium.senescens_PA1_RUN3_GLM.tif
[09:56:42] 	> Projecting Allium.senescens_PA1_RUN3_GBM ...
[09:56:43] 		Writing projection on hard drive...
[09:56:43] 		 /work/data/output/Allium.senescens/proj_gfdl.esm4_ssp585/individual_projections/proj_gfdl.esm4_ssp585_Allium.senescens_PA1_RUN3_GBM.tif
[09:58:18] 	> Projecting Allium.senescens_PA1_RUN3_ANN ...
[09:58:19] 		Writing projection on hard drive...
[09:58:19] 		 /work/data/output/Allium.senescens/proj_gfdl.esm4_ssp585/individual_projections/proj_gfdl.esm4_ssp585_Allium.senescens_PA1_RUN3_ANN.tif
[09:59:32] 	> Projecting Allium.senescens_PA1_RUN3_FDA ...
[09:59:33] 		Writing projection on hard drive...
[09:59:33] 		 /work/data/output/Allium.senescens/proj_gfdl.esm4_ssp585/individual_projections/proj_gfdl.esm4_ssp585_Allium.senescens_PA1_RUN3_FDA.tif
[10:00:10] 	> Projecting Allium.senescens_PA1_RUN3_MAXNET ...
[10:00:11] 		Writing projection on hard drive...
[10:00:11] 		 /work/data/output/Allium.senescens/proj_gfdl.esm4_ssp585/individual_projections/proj_gfdl.esm4_ssp585_Allium.senescens_PA1_RUN3_MAXNET.tif
[10:00:57] 	> Projecting Allium.senescens_PA1_RUN4_GLM ...
[10:00:58] 		Writing projection on hard drive...
[10:00:58] 		 /work/data/output/Allium.senescens/proj_gfdl.esm4_ssp585/individual_projections/proj_gfdl.esm4_ssp585_Allium.senescens_PA1_RUN4_GLM.tif
[10:18:34] 	> Projecting Allium.senescens_PA1_RUN4_GBM ...
[10:18:35] 		Writing projection on hard drive...
[10:18:35] 		 /work/data/output/Allium.senescens/proj_gfdl.esm4_ssp585/individual_projections/proj_gfdl.esm4_ssp585_Allium.senescens_PA1_RUN4_GBM.tif
[10:19:31] 	> Projecting Allium.senescens_PA1_RUN4_ANN ...
[10:19:32] 		Writing projection on hard drive...
[10:19:32] 		 /work/data/output/Allium.senescens/proj_gfdl.esm4_ssp585/individual_projections/proj_gfdl.esm4_ssp585_Allium.senescens_PA1_RUN4_ANN.tif
[10:20:26] 	> Projecting Allium.senescens_PA1_RUN4_FDA ...
[10:20:27] 		Writing projection on hard drive...
[10:20:27] 		 /work/data/output/Allium.senescens/proj_gfdl.esm4_ssp585/individual_projections/proj_gfdl.esm4_ssp585_Allium.senescens_PA1_RUN4_FDA.tif
[10:21:01] 	> Projecting Allium.senescens_PA1_RUN4_MAXNET ...
[10:21:02] 		Writing projection on hard drive...
[10:21:02] 		 /work/data/output/Allium.senescens/proj_gfdl.esm4_ssp585/individual_projections/proj_gfdl.esm4_ssp585_Allium.senescens_PA1_RUN4_MAXNET.tif
[10:21:45] 	> Projecting Allium.senescens_PA1_RUN5_GLM ...
[10:21:46] 		Writing projection on hard drive...
[10:21:46] 		 /work/data/output/Allium.senescens/proj_gfdl.esm4_ssp585/individual_projections/proj_gfdl.esm4_ssp585_Allium.senescens_PA1_RUN5_GLM.tif
[10:39:20] 	> Projecting Allium.senescens_PA1_RUN5_GBM ...
[10:39:21] 		Writing projection on hard drive...
[10:39:21] 		 /work/data/output/Allium.senescens/proj_gfdl.esm4_ssp585/individual_projections/proj_gfdl.esm4_ssp585_Allium.senescens_PA1_RUN5_GBM.tif
[10:40:28] 	> Projecting Allium.senescens_PA1_RUN5_ANN ...
[10:40:29] 		Writing projection on hard drive...
[10:40:29] 		 /work/data/output/Allium.senescens/proj_gfdl.esm4_ssp585/individual_projections/proj_gfdl.esm4_ssp585_Allium.senescens_PA1_RUN5_ANN.tif
[10:41:12] 	> Projecting Allium.senescens_PA1_RUN5_FDA ...
[10:41:13] 		Writing projection on hard drive...
[10:41:13] 		 /work/data/output/Allium.senescens/proj_gfdl.esm4_ssp585/individual_projections/proj_gfdl.esm4_ssp585_Allium.senescens_PA1_RUN5_FDA.tif
[10:41:53] 	> Projecting Allium.senescens_PA1_RUN5_MAXNET ...
[10:41:54] 		Writing projection on hard drive...
[10:41:54] 		 /work/data/output/Allium.senescens/proj_gfdl.esm4_ssp585/individual_projections/proj_gfdl.esm4_ssp585_Allium.senescens_PA1_RUN5_MAXNET.tif
[10:42:41] 	> Projecting Allium.senescens_PA2_RUN1_GLM ...
[10:42:42] 		Writing projection on hard drive...
[10:42:42] 		 /work/data/output/Allium.senescens/proj_gfdl.esm4_ssp585/individual_projections/proj_gfdl.esm4_ssp585_Allium.senescens_PA2_RUN1_GLM.tif
[11:01:17] 	> Projecting Allium.senescens_PA2_RUN1_GBM ...
[11:01:18] 		Writing projection on hard drive...
[11:01:18] 		 /work/data/output/Allium.senescens/proj_gfdl.esm4_ssp585/individual_projections/proj_gfdl.esm4_ssp585_Allium.senescens_PA2_RUN1_GBM.tif
[11:02:16] 	> Projecting Allium.senescens_PA2_RUN1_ANN ...
[11:02:17] 		Writing projection on hard drive...
[11:02:17] 		 /work/data/output/Allium.senescens/proj_gfdl.esm4_ssp585/individual_projections/proj_gfdl.esm4_ssp585_Allium.senescens_PA2_RUN1_ANN.tif
[11:03:03] 	> Projecting Allium.senescens_PA2_RUN1_FDA ...
[11:03:04] 		Writing projection on hard drive...
[11:03:04] 		 /work/data/output/Allium.senescens/proj_gfdl.esm4_ssp585/individual_projections/proj_gfdl.esm4_ssp585_Allium.senescens_PA2_RUN1_FDA.tif
[11:03:36] 	> Projecting Allium.senescens_PA2_RUN1_MAXNET ...
[11:03:37] 		Writing projection on hard drive...
[11:03:37] 		 /work/data/output/Allium.senescens/proj_gfdl.esm4_ssp585/individual_projections/proj_gfdl.esm4_ssp585_Allium.senescens_PA2_RUN1_MAXNET.tif
[11:04:10] 	> Projecting Allium.senescens_PA2_RUN2_GLM ...
[11:04:11] 		Writing projection on hard drive...
[11:04:11] 		 /work/data/output/Allium.senescens/proj_gfdl.esm4_ssp585/individual_projections/proj_gfdl.esm4_ssp585_Allium.senescens_PA2_RUN2_GLM.tif
[11:22:36] 	> Projecting Allium.senescens_PA2_RUN2_GBM ...
[11:22:37] 		Writing projection on hard drive...
[11:22:37] 		 /work/data/output/Allium.senescens/proj_gfdl.esm4_ssp585/individual_projections/proj_gfdl.esm4_ssp585_Allium.senescens_PA2_RUN2_GBM.tif
[11:23:36] 	> Projecting Allium.senescens_PA2_RUN2_ANN ...
[11:23:37] 		Writing projection on hard drive...
[11:23:37] 		 /work/data/output/Allium.senescens/proj_gfdl.esm4_ssp585/individual_projections/proj_gfdl.esm4_ssp585_Allium.senescens_PA2_RUN2_ANN.tif
[11:24:21] 	> Projecting Allium.senescens_PA2_RUN2_FDA ...
[11:24:22] 		Writing projection on hard drive...
[11:24:22] 		 /work/data/output/Allium.senescens/proj_gfdl.esm4_ssp585/individual_projections/proj_gfdl.esm4_ssp585_Allium.senescens_PA2_RUN2_FDA.tif
[11:24:49] 	> Projecting Allium.senescens_PA2_RUN2_MAXNET ...
[11:24:50] 		Writing projection on hard drive...
[11:24:50] 		 /work/data/output/Allium.senescens/proj_gfdl.esm4_ssp585/individual_projections/proj_gfdl.esm4_ssp585_Allium.senescens_PA2_RUN2_MAXNET.tif
[11:25:25] 	> Projecting Allium.senescens_PA2_RUN3_GLM ...
[11:25:26] 		Writing projection on hard drive...
[11:25:26] 		 /work/data/output/Allium.senescens/proj_gfdl.esm4_ssp585/individual_projections/proj_gfdl.esm4_ssp585_Allium.senescens_PA2_RUN3_GLM.tif
[11:43:15] 	> Projecting Allium.senescens_PA2_RUN3_GBM ...
[11:43:15] 		Writing projection on hard drive...
[11:43:15] 		 /work/data/output/Allium.senescens/proj_gfdl.esm4_ssp585/individual_projections/proj_gfdl.esm4_ssp585_Allium.senescens_PA2_RUN3_GBM.tif
[11:44:10] 	> Projecting Allium.senescens_PA2_RUN3_ANN ...
[11:44:11] 		Writing projection on hard drive...
[11:44:11] 		 /work/data/output/Allium.senescens/proj_gfdl.esm4_ssp585/individual_projections/proj_gfdl.esm4_ssp585_Allium.senescens_PA2_RUN3_ANN.tif
[11:44:54] 	> Projecting Allium.senescens_PA2_RUN3_FDA ...
[11:44:55] 		Writing projection on hard drive...
[11:44:55] 		 /work/data/output/Allium.senescens/proj_gfdl.esm4_ssp585/individual_projections/proj_gfdl.esm4_ssp585_Allium.senescens_PA2_RUN3_FDA.tif
[11:45:27] 	> Projecting Allium.senescens_PA2_RUN3_MAXNET ...
[11:45:27] 		Writing projection on hard drive...
[11:45:27] 		 /work/data/output/Allium.senescens/proj_gfdl.esm4_ssp585/individual_projections/proj_gfdl.esm4_ssp585_Allium.senescens_PA2_RUN3_MAXNET.tif
[11:46:00] 	> Projecting Allium.senescens_PA2_RUN4_GLM ...
[11:46:01] 		Writing projection on hard drive...
[11:46:01] 		 /work/data/output/Allium.senescens/proj_gfdl.esm4_ssp585/individual_projections/proj_gfdl.esm4_ssp585_Allium.senescens_PA2_RUN4_GLM.tif
[12:04:47] 	> Projecting Allium.senescens_PA2_RUN4_GBM ...
[12:04:48] 		Writing projection on hard drive...
[12:04:48] 		 /work/data/output/Allium.senescens/proj_gfdl.esm4_ssp585/individual_projections/proj_gfdl.esm4_ssp585_Allium.senescens_PA2_RUN4_GBM.tif
[12:05:52] 	> Projecting Allium.senescens_PA2_RUN4_ANN ...
[12:05:53] 		Writing projection on hard drive...
[12:05:53] 		 /work/data/output/Allium.senescens/proj_gfdl.esm4_ssp585/individual_projections/proj_gfdl.esm4_ssp585_Allium.senescens_PA2_RUN4_ANN.tif
[12:06:45] 	> Projecting Allium.senescens_PA2_RUN4_FDA ...
[12:06:46] 		Writing projection on hard drive...
[12:06:46] 		 /work/data/output/Allium.senescens/proj_gfdl.esm4_ssp585/individual_projections/proj_gfdl.esm4_ssp585_Allium.senescens_PA2_RUN4_FDA.tif
[12:07:23] 	> Projecting Allium.senescens_PA2_RUN4_MAXNET ...
[12:07:24] 		Writing projection on hard drive...
[12:07:24] 		 /work/data/output/Allium.senescens/proj_gfdl.esm4_ssp585/individual_projections/proj_gfdl.esm4_ssp585_Allium.senescens_PA2_RUN4_MAXNET.tif
[12:08:08] 	> Projecting Allium.senescens_PA2_RUN5_GLM ...
[12:08:09] 		Writing projection on hard drive...
[12:08:09] 		 /work/data/output/Allium.senescens/proj_gfdl.esm4_ssp585/individual_projections/proj_gfdl.esm4_ssp585_Allium.senescens_PA2_RUN5_GLM.tif
[12:26:34] 	> Projecting Allium.senescens_PA2_RUN5_GBM ...
[12:26:35] 		Writing projection on hard drive...
[12:26:35] 		 /work/data/output/Allium.senescens/proj_gfdl.esm4_ssp585/individual_projections/proj_gfdl.esm4_ssp585_Allium.senescens_PA2_RUN5_GBM.tif
[12:27:48] 	> Projecting Allium.senescens_PA2_RUN5_ANN ...
[12:27:49] 		Writing projection on hard drive...
[12:27:49] 		 /work/data/output/Allium.senescens/proj_gfdl.esm4_ssp585/individual_projections/proj_gfdl.esm4_ssp585_Allium.senescens_PA2_RUN5_ANN.tif
[12:28:43] 	> Projecting Allium.senescens_PA2_RUN5_FDA ...
[12:28:45] 		Writing projection on hard drive...
[12:28:45] 		 /work/data/output/Allium.senescens/proj_gfdl.esm4_ssp585/individual_projections/proj_gfdl.esm4_ssp585_Allium.senescens_PA2_RUN5_FDA.tif
[12:29:22] 	> Projecting Allium.senescens_PA2_RUN5_MAXNET ...
[12:29:23] 		Writing projection on hard drive...
[12:29:23] 		 /work/data/output/Allium.senescens/proj_gfdl.esm4_ssp585/individual_projections/proj_gfdl.esm4_ssp585_Allium.senescens_PA2_RUN5_MAXNET.tif
[12:30:04] 	> Projecting Allium.senescens_PA3_RUN1_GLM ...
[12:30:05] 		Writing projection on hard drive...
[12:30:05] 		 /work/data/output/Allium.senescens/proj_gfdl.esm4_ssp585/individual_projections/proj_gfdl.esm4_ssp585_Allium.senescens_PA3_RUN1_GLM.tif
[12:48:55] 	> Projecting Allium.senescens_PA3_RUN1_GBM ...
[12:48:56] 		Writing projection on hard drive...
[12:48:56] 		 /work/data/output/Allium.senescens/proj_gfdl.esm4_ssp585/individual_projections/proj_gfdl.esm4_ssp585_Allium.senescens_PA3_RUN1_GBM.tif
[12:49:47] 	> Projecting Allium.senescens_PA3_RUN1_ANN ...
[12:49:48] 		Writing projection on hard drive...
[12:49:48] 		 /work/data/output/Allium.senescens/proj_gfdl.esm4_ssp585/individual_projections/proj_gfdl.esm4_ssp585_Allium.senescens_PA3_RUN1_ANN.tif
[12:50:30] 	> Projecting Allium.senescens_PA3_RUN1_FDA ...
[12:50:31] 		Writing projection on hard drive...
[12:50:31] 		 /work/data/output/Allium.senescens/proj_gfdl.esm4_ssp585/individual_projections/proj_gfdl.esm4_ssp585_Allium.senescens_PA3_RUN1_FDA.tif
[12:51:02] 	> Projecting Allium.senescens_PA3_RUN1_MAXNET ...
[12:51:03] 		Writing projection on hard drive...
[12:51:03] 		 /work/data/output/Allium.senescens/proj_gfdl.esm4_ssp585/individual_projections/proj_gfdl.esm4_ssp585_Allium.senescens_PA3_RUN1_MAXNET.tif
[12:51:36] 	> Projecting Allium.senescens_PA3_RUN2_GLM ...
[12:51:37] 		Writing projection on hard drive...
[12:51:37] 		 /work/data/output/Allium.senescens/proj_gfdl.esm4_ssp585/individual_projections/proj_gfdl.esm4_ssp585_Allium.senescens_PA3_RUN2_GLM.tif
[13:09:50] 	> Projecting Allium.senescens_PA3_RUN2_GBM ...
[13:09:51] 		Writing projection on hard drive...
[13:09:51] 		 /work/data/output/Allium.senescens/proj_gfdl.esm4_ssp585/individual_projections/proj_gfdl.esm4_ssp585_Allium.senescens_PA3_RUN2_GBM.tif
[13:10:41] 	> Projecting Allium.senescens_PA3_RUN2_ANN ...
[13:10:42] 		Writing projection on hard drive...
[13:10:42] 		 /work/data/output/Allium.senescens/proj_gfdl.esm4_ssp585/individual_projections/proj_gfdl.esm4_ssp585_Allium.senescens_PA3_RUN2_ANN.tif
[13:11:25] 	> Projecting Allium.senescens_PA3_RUN2_FDA ...
[13:11:26] 		Writing projection on hard drive...
[13:11:26] 		 /work/data/output/Allium.senescens/proj_gfdl.esm4_ssp585/individual_projections/proj_gfdl.esm4_ssp585_Allium.senescens_PA3_RUN2_FDA.tif
[13:11:59] 	> Projecting Allium.senescens_PA3_RUN2_MAXNET ...
[13:12:00] 		Writing projection on hard drive...
[13:12:00] 		 /work/data/output/Allium.senescens/proj_gfdl.esm4_ssp585/individual_projections/proj_gfdl.esm4_ssp585_Allium.senescens_PA3_RUN2_MAXNET.tif
[13:12:33] 	> Projecting Allium.senescens_PA3_RUN3_GLM ...
[13:12:34] 		Writing projection on hard drive...
[13:12:34] 		 /work/data/output/Allium.senescens/proj_gfdl.esm4_ssp585/individual_projections/proj_gfdl.esm4_ssp585_Allium.senescens_PA3_RUN3_GLM.tif
[13:30:36] 	> Projecting Allium.senescens_PA3_RUN3_GBM ...
[13:30:37] 		Writing projection on hard drive...
[13:30:37] 		 /work/data/output/Allium.senescens/proj_gfdl.esm4_ssp585/individual_projections/proj_gfdl.esm4_ssp585_Allium.senescens_PA3_RUN3_GBM.tif
[13:31:34] 	> Projecting Allium.senescens_PA3_RUN3_ANN ...
[13:31:34] 		Writing projection on hard drive...
[13:31:34] 		 /work/data/output/Allium.senescens/proj_gfdl.esm4_ssp585/individual_projections/proj_gfdl.esm4_ssp585_Allium.senescens_PA3_RUN3_ANN.tif
[13:32:18] 	> Projecting Allium.senescens_PA3_RUN3_FDA ...
[13:32:18] 		Writing projection on hard drive...
[13:32:18] 		 /work/data/output/Allium.senescens/proj_gfdl.esm4_ssp585/individual_projections/proj_gfdl.esm4_ssp585_Allium.senescens_PA3_RUN3_FDA.tif
[13:32:51] 	> Projecting Allium.senescens_PA3_RUN3_MAXNET ...
[13:32:52] 		Writing projection on hard drive...
[13:32:52] 		 /work/data/output/Allium.senescens/proj_gfdl.esm4_ssp585/individual_projections/proj_gfdl.esm4_ssp585_Allium.senescens_PA3_RUN3_MAXNET.tif
[13:33:26] 	> Projecting Allium.senescens_PA3_RUN4_GLM ...
[13:33:27] 		Writing projection on hard drive...
[13:33:27] 		 /work/data/output/Allium.senescens/proj_gfdl.esm4_ssp585/individual_projections/proj_gfdl.esm4_ssp585_Allium.senescens_PA3_RUN4_GLM.tif
[13:51:18] 	> Projecting Allium.senescens_PA3_RUN4_GBM ...
[13:51:19] 		Writing projection on hard drive...
[13:51:19] 		 /work/data/output/Allium.senescens/proj_gfdl.esm4_ssp585/individual_projections/proj_gfdl.esm4_ssp585_Allium.senescens_PA3_RUN4_GBM.tif
[13:52:10] 	> Projecting Allium.senescens_PA3_RUN4_ANN ...
[13:52:11] 		Writing projection on hard drive...
[13:52:11] 		 /work/data/output/Allium.senescens/proj_gfdl.esm4_ssp585/individual_projections/proj_gfdl.esm4_ssp585_Allium.senescens_PA3_RUN4_ANN.tif
[13:52:55] 	> Projecting Allium.senescens_PA3_RUN4_FDA ...
[13:52:56] 		Writing projection on hard drive...
[13:52:56] 		 /work/data/output/Allium.senescens/proj_gfdl.esm4_ssp585/individual_projections/proj_gfdl.esm4_ssp585_Allium.senescens_PA3_RUN4_FDA.tif
[13:53:27] 	> Projecting Allium.senescens_PA3_RUN4_MAXNET ...
[13:53:28] 		Writing projection on hard drive...
[13:53:28] 		 /work/data/output/Allium.senescens/proj_gfdl.esm4_ssp585/individual_projections/proj_gfdl.esm4_ssp585_Allium.senescens_PA3_RUN4_MAXNET.tif
[13:54:01] 	> Projecting Allium.senescens_PA3_RUN5_GLM ...
[13:54:02] 		Writing projection on hard drive...
[13:54:02] 		 /work/data/output/Allium.senescens/proj_gfdl.esm4_ssp585/individual_projections/proj_gfdl.esm4_ssp585_Allium.senescens_PA3_RUN5_GLM.tif
[14:11:58] 	> Projecting Allium.senescens_PA3_RUN5_GBM ...
[14:11:59] 		Writing projection on hard drive...
[14:11:59] 		 /work/data/output/Allium.senescens/proj_gfdl.esm4_ssp585/individual_projections/proj_gfdl.esm4_ssp585_Allium.senescens_PA3_RUN5_GBM.tif
[14:12:56] 	> Projecting Allium.senescens_PA3_RUN5_ANN ...
[14:12:57] 		Writing projection on hard drive...
[14:12:57] 		 /work/data/output/Allium.senescens/proj_gfdl.esm4_ssp585/individual_projections/proj_gfdl.esm4_ssp585_Allium.senescens_PA3_RUN5_ANN.tif
[14:13:40] 	> Projecting Allium.senescens_PA3_RUN5_FDA ...
[14:13:41] 		Writing projection on hard drive...
[14:13:41] 		 /work/data/output/Allium.senescens/proj_gfdl.esm4_ssp585/individual_projections/proj_gfdl.esm4_ssp585_Allium.senescens_PA3_RUN5_FDA.tif
[14:14:08] 	> Projecting Allium.senescens_PA3_RUN5_MAXNET ...
[14:14:09] 		Writing projection on hard drive...
[14:14:09] 		 /work/data/output/Allium.senescens/proj_gfdl.esm4_ssp585/individual_projections/proj_gfdl.esm4_ssp585_Allium.senescens_PA3_RUN5_MAXNET.tif
[14:14:45] 	> Projecting Allium.senescens_PA4_RUN1_GLM ...
[14:14:46] 		Writing projection on hard drive...
[14:14:46] 		 /work/data/output/Allium.senescens/proj_gfdl.esm4_ssp585/individual_projections/proj_gfdl.esm4_ssp585_Allium.senescens_PA4_RUN1_GLM.tif
[14:33:05] 	> Projecting Allium.senescens_PA4_RUN1_GBM ...
[14:33:06] 		Writing projection on hard drive...
[14:33:06] 		 /work/data/output/Allium.senescens/proj_gfdl.esm4_ssp585/individual_projections/proj_gfdl.esm4_ssp585_Allium.senescens_PA4_RUN1_GBM.tif
[14:34:04] 	> Projecting Allium.senescens_PA4_RUN1_ANN ...
[14:34:05] 		Writing projection on hard drive...
[14:34:05] 		 /work/data/output/Allium.senescens/proj_gfdl.esm4_ssp585/individual_projections/proj_gfdl.esm4_ssp585_Allium.senescens_PA4_RUN1_ANN.tif
[14:34:52] 	> Projecting Allium.senescens_PA4_RUN1_FDA ...
[14:34:53] 		Writing projection on hard drive...
[14:34:53] 		 /work/data/output/Allium.senescens/proj_gfdl.esm4_ssp585/individual_projections/proj_gfdl.esm4_ssp585_Allium.senescens_PA4_RUN1_FDA.tif
[14:35:22] 	> Projecting Allium.senescens_PA4_RUN1_MAXNET ...
[14:35:23] 		Writing projection on hard drive...
[14:35:23] 		 /work/data/output/Allium.senescens/proj_gfdl.esm4_ssp585/individual_projections/proj_gfdl.esm4_ssp585_Allium.senescens_PA4_RUN1_MAXNET.tif
[14:35:58] 	> Projecting Allium.senescens_PA4_RUN2_GLM ...
[14:35:59] 		Writing projection on hard drive...
[14:35:59] 		 /work/data/output/Allium.senescens/proj_gfdl.esm4_ssp585/individual_projections/proj_gfdl.esm4_ssp585_Allium.senescens_PA4_RUN2_GLM.tif
[14:53:13] 	> Projecting Allium.senescens_PA4_RUN2_GBM ...
[14:53:14] 		Writing projection on hard drive...
[14:53:14] 		 /work/data/output/Allium.senescens/proj_gfdl.esm4_ssp585/individual_projections/proj_gfdl.esm4_ssp585_Allium.senescens_PA4_RUN2_GBM.tif
[14:54:11] 	> Projecting Allium.senescens_PA4_RUN2_ANN ...
[14:54:11] 		Writing projection on hard drive...
[14:54:11] 		 /work/data/output/Allium.senescens/proj_gfdl.esm4_ssp585/individual_projections/proj_gfdl.esm4_ssp585_Allium.senescens_PA4_RUN2_ANN.tif
[14:54:55] 	> Projecting Allium.senescens_PA4_RUN2_FDA ...
[14:54:56] 		Writing projection on hard drive...
[14:54:56] 		 /work/data/output/Allium.senescens/proj_gfdl.esm4_ssp585/individual_projections/proj_gfdl.esm4_ssp585_Allium.senescens_PA4_RUN2_FDA.tif
[14:55:26] 	> Projecting Allium.senescens_PA4_RUN2_MAXNET ...
[14:55:27] 		Writing projection on hard drive...
[14:55:27] 		 /work/data/output/Allium.senescens/proj_gfdl.esm4_ssp585/individual_projections/proj_gfdl.esm4_ssp585_Allium.senescens_PA4_RUN2_MAXNET.tif
[14:56:05] 	> Projecting Allium.senescens_PA4_RUN3_GLM ...
[14:56:06] 		Writing projection on hard drive...
[14:56:06] 		 /work/data/output/Allium.senescens/proj_gfdl.esm4_ssp585/individual_projections/proj_gfdl.esm4_ssp585_Allium.senescens_PA4_RUN3_GLM.tif
[15:14:41] 	> Projecting Allium.senescens_PA4_RUN3_GBM ...
[15:14:42] 		Writing projection on hard drive...
[15:14:42] 		 /work/data/output/Allium.senescens/proj_gfdl.esm4_ssp585/individual_projections/proj_gfdl.esm4_ssp585_Allium.senescens_PA4_RUN3_GBM.tif
[15:15:39] 	> Projecting Allium.senescens_PA4_RUN3_ANN ...
[15:15:40] 		Writing projection on hard drive...
[15:15:40] 		 /work/data/output/Allium.senescens/proj_gfdl.esm4_ssp585/individual_projections/proj_gfdl.esm4_ssp585_Allium.senescens_PA4_RUN3_ANN.tif
[15:16:22] 	> Projecting Allium.senescens_PA4_RUN3_FDA ...
[15:16:23] 		Writing projection on hard drive...
[15:16:23] 		 /work/data/output/Allium.senescens/proj_gfdl.esm4_ssp585/individual_projections/proj_gfdl.esm4_ssp585_Allium.senescens_PA4_RUN3_FDA.tif
[15:16:56] 	> Projecting Allium.senescens_PA4_RUN3_MAXNET ...
[15:16:57] 		Writing projection on hard drive...
[15:16:57] 		 /work/data/output/Allium.senescens/proj_gfdl.esm4_ssp585/individual_projections/proj_gfdl.esm4_ssp585_Allium.senescens_PA4_RUN3_MAXNET.tif
[15:17:30] 	> Projecting Allium.senescens_PA4_RUN4_GLM ...
[15:17:31] 		Writing projection on hard drive...
[15:17:31] 		 /work/data/output/Allium.senescens/proj_gfdl.esm4_ssp585/individual_projections/proj_gfdl.esm4_ssp585_Allium.senescens_PA4_RUN4_GLM.tif
[15:35:56] 	> Projecting Allium.senescens_PA4_RUN4_GBM ...
[15:35:57] 		Writing projection on hard drive...
[15:35:57] 		 /work/data/output/Allium.senescens/proj_gfdl.esm4_ssp585/individual_projections/proj_gfdl.esm4_ssp585_Allium.senescens_PA4_RUN4_GBM.tif
[15:37:10] 	> Projecting Allium.senescens_PA4_RUN4_ANN ...
[15:37:11] 		Writing projection on hard drive...
[15:37:11] 		 /work/data/output/Allium.senescens/proj_gfdl.esm4_ssp585/individual_projections/proj_gfdl.esm4_ssp585_Allium.senescens_PA4_RUN4_ANN.tif
[15:38:11] 	> Projecting Allium.senescens_PA4_RUN4_FDA ...
[15:38:12] 		Writing projection on hard drive...
[15:38:12] 		 /work/data/output/Allium.senescens/proj_gfdl.esm4_ssp585/individual_projections/proj_gfdl.esm4_ssp585_Allium.senescens_PA4_RUN4_FDA.tif
[15:38:49] 	> Projecting Allium.senescens_PA4_RUN4_MAXNET ...
[15:38:50] 		Writing projection on hard drive...
[15:38:50] 		 /work/data/output/Allium.senescens/proj_gfdl.esm4_ssp585/individual_projections/proj_gfdl.esm4_ssp585_Allium.senescens_PA4_RUN4_MAXNET.tif
[15:39:32] 	> Projecting Allium.senescens_PA4_RUN5_GLM ...
[15:39:33] 		Writing projection on hard drive...
[15:39:33] 		 /work/data/output/Allium.senescens/proj_gfdl.esm4_ssp585/individual_projections/proj_gfdl.esm4_ssp585_Allium.senescens_PA4_RUN5_GLM.tif
[15:57:58] 	> Projecting Allium.senescens_PA4_RUN5_GBM ...
[15:57:59] 		Writing projection on hard drive...
[15:57:59] 		 /work/data/output/Allium.senescens/proj_gfdl.esm4_ssp585/individual_projections/proj_gfdl.esm4_ssp585_Allium.senescens_PA4_RUN5_GBM.tif
[15:59:03] 	> Projecting Allium.senescens_PA4_RUN5_ANN ...
[15:59:04] 		Writing projection on hard drive...
[15:59:04] 		 /work/data/output/Allium.senescens/proj_gfdl.esm4_ssp585/individual_projections/proj_gfdl.esm4_ssp585_Allium.senescens_PA4_RUN5_ANN.tif
[15:59:59] 	> Projecting Allium.senescens_PA4_RUN5_FDA ...
[16:00:00] 		Writing projection on hard drive...
[16:00:00] 		 /work/data/output/Allium.senescens/proj_gfdl.esm4_ssp585/individual_projections/proj_gfdl.esm4_ssp585_Allium.senescens_PA4_RUN5_FDA.tif
[16:00:36] 	> Projecting Allium.senescens_PA4_RUN5_MAXNET ...
[16:00:37] 		Writing projection on hard drive...
[16:00:37] 		 /work/data/output/Allium.senescens/proj_gfdl.esm4_ssp585/individual_projections/proj_gfdl.esm4_ssp585_Allium.senescens_PA4_RUN5_MAXNET.tif
[16:01:25] 	> Projecting Allium.senescens_PA5_RUN1_GLM ...
[16:01:26] 		Writing projection on hard drive...
[16:01:26] 		 /work/data/output/Allium.senescens/proj_gfdl.esm4_ssp585/individual_projections/proj_gfdl.esm4_ssp585_Allium.senescens_PA5_RUN1_GLM.tif
[16:19:42] 	> Projecting Allium.senescens_PA5_RUN1_GBM ...
[16:19:43] 		Writing projection on hard drive...
[16:19:43] 		 /work/data/output/Allium.senescens/proj_gfdl.esm4_ssp585/individual_projections/proj_gfdl.esm4_ssp585_Allium.senescens_PA5_RUN1_GBM.tif
[16:21:01] 	> Projecting Allium.senescens_PA5_RUN1_ANN ...
[16:21:02] 		Writing projection on hard drive...
[16:21:02] 		 /work/data/output/Allium.senescens/proj_gfdl.esm4_ssp585/individual_projections/proj_gfdl.esm4_ssp585_Allium.senescens_PA5_RUN1_ANN.tif
[16:21:58] 	> Projecting Allium.senescens_PA5_RUN1_FDA ...
[16:21:59] 		Writing projection on hard drive...
[16:21:59] 		 /work/data/output/Allium.senescens/proj_gfdl.esm4_ssp585/individual_projections/proj_gfdl.esm4_ssp585_Allium.senescens_PA5_RUN1_FDA.tif
[16:22:38] 	> Projecting Allium.senescens_PA5_RUN1_MAXNET ...
[16:22:39] 		Writing projection on hard drive...
[16:22:39] 		 /work/data/output/Allium.senescens/proj_gfdl.esm4_ssp585/individual_projections/proj_gfdl.esm4_ssp585_Allium.senescens_PA5_RUN1_MAXNET.tif
[16:23:24] 	> Projecting Allium.senescens_PA5_RUN2_GLM ...
[16:23:25] 		Writing projection on hard drive...
[16:23:25] 		 /work/data/output/Allium.senescens/proj_gfdl.esm4_ssp585/individual_projections/proj_gfdl.esm4_ssp585_Allium.senescens_PA5_RUN2_GLM.tif
[16:43:01] 	> Projecting Allium.senescens_PA5_RUN2_GBM ...
[16:43:02] 		Writing projection on hard drive...
[16:43:02] 		 /work/data/output/Allium.senescens/proj_gfdl.esm4_ssp585/individual_projections/proj_gfdl.esm4_ssp585_Allium.senescens_PA5_RUN2_GBM.tif
[16:44:37] 	> Projecting Allium.senescens_PA5_RUN2_ANN ...
[16:44:39] 		Writing projection on hard drive...
[16:44:39] 		 /work/data/output/Allium.senescens/proj_gfdl.esm4_ssp585/individual_projections/proj_gfdl.esm4_ssp585_Allium.senescens_PA5_RUN2_ANN.tif
[16:45:48] 	> Projecting Allium.senescens_PA5_RUN2_FDA ...
[16:45:50] 		Writing projection on hard drive...
[16:45:50] 		 /work/data/output/Allium.senescens/proj_gfdl.esm4_ssp585/individual_projections/proj_gfdl.esm4_ssp585_Allium.senescens_PA5_RUN2_FDA.tif
[16:46:35] 	> Projecting Allium.senescens_PA5_RUN2_MAXNET ...
[16:46:37] 		Writing projection on hard drive...
[16:46:37] 		 /work/data/output/Allium.senescens/proj_gfdl.esm4_ssp585/individual_projections/proj_gfdl.esm4_ssp585_Allium.senescens_PA5_RUN2_MAXNET.tif
[16:47:24] 	> Projecting Allium.senescens_PA5_RUN3_GLM ...
[16:47:25] 		Writing projection on hard drive...
[16:47:25] 		 /work/data/output/Allium.senescens/proj_gfdl.esm4_ssp585/individual_projections/proj_gfdl.esm4_ssp585_Allium.senescens_PA5_RUN3_GLM.tif
[17:07:59] 	> Projecting Allium.senescens_PA5_RUN3_GBM ...
[17:08:00] 		Writing projection on hard drive...
[17:08:00] 		 /work/data/output/Allium.senescens/proj_gfdl.esm4_ssp585/individual_projections/proj_gfdl.esm4_ssp585_Allium.senescens_PA5_RUN3_GBM.tif
[17:09:18] 	> Projecting Allium.senescens_PA5_RUN3_ANN ...
[17:09:19] 		Writing projection on hard drive...
[17:09:19] 		 /work/data/output/Allium.senescens/proj_gfdl.esm4_ssp585/individual_projections/proj_gfdl.esm4_ssp585_Allium.senescens_PA5_RUN3_ANN.tif
[17:10:25] 	> Projecting Allium.senescens_PA5_RUN3_FDA ...
[17:10:27] 		Writing projection on hard drive...
[17:10:27] 		 /work/data/output/Allium.senescens/proj_gfdl.esm4_ssp585/individual_projections/proj_gfdl.esm4_ssp585_Allium.senescens_PA5_RUN3_FDA.tif
[17:11:11] 	> Projecting Allium.senescens_PA5_RUN3_MAXNET ...
[17:11:12] 		Writing projection on hard drive...
[17:11:12] 		 /work/data/output/Allium.senescens/proj_gfdl.esm4_ssp585/individual_projections/proj_gfdl.esm4_ssp585_Allium.senescens_PA5_RUN3_MAXNET.tif
[17:12:02] 	> Projecting Allium.senescens_PA5_RUN4_GLM ...
[17:12:03] 		Writing projection on hard drive...
[17:12:03] 		 /work/data/output/Allium.senescens/proj_gfdl.esm4_ssp585/individual_projections/proj_gfdl.esm4_ssp585_Allium.senescens_PA5_RUN4_GLM.tif
[17:33:42] 	> Projecting Allium.senescens_PA5_RUN4_GBM ...
[17:33:43] 		Writing projection on hard drive...
[17:33:43] 		 /work/data/output/Allium.senescens/proj_gfdl.esm4_ssp585/individual_projections/proj_gfdl.esm4_ssp585_Allium.senescens_PA5_RUN4_GBM.tif
[17:34:58] 	> Projecting Allium.senescens_PA5_RUN4_ANN ...
[17:34:59] 		Writing projection on hard drive...
[17:34:59] 		 /work/data/output/Allium.senescens/proj_gfdl.esm4_ssp585/individual_projections/proj_gfdl.esm4_ssp585_Allium.senescens_PA5_RUN4_ANN.tif
[17:36:07] 	> Projecting Allium.senescens_PA5_RUN4_FDA ...
[17:36:08] 		Writing projection on hard drive...
[17:36:08] 		 /work/data/output/Allium.senescens/proj_gfdl.esm4_ssp585/individual_projections/proj_gfdl.esm4_ssp585_Allium.senescens_PA5_RUN4_FDA.tif
[17:36:51] 	> Projecting Allium.senescens_PA5_RUN4_MAXNET ...
[17:36:53] 		Writing projection on hard drive...
[17:36:53] 		 /work/data/output/Allium.senescens/proj_gfdl.esm4_ssp585/individual_projections/proj_gfdl.esm4_ssp585_Allium.senescens_PA5_RUN4_MAXNET.tif
[17:37:42] 	> Projecting Allium.senescens_PA5_RUN5_GLM ...
[17:37:43] 		Writing projection on hard drive...
[17:37:43] 		 /work/data/output/Allium.senescens/proj_gfdl.esm4_ssp585/individual_projections/proj_gfdl.esm4_ssp585_Allium.senescens_PA5_RUN5_GLM.tif
[17:59:02] 	> Projecting Allium.senescens_PA5_RUN5_GBM ...
[17:59:04] 		Writing projection on hard drive...
[17:59:04] 		 /work/data/output/Allium.senescens/proj_gfdl.esm4_ssp585/individual_projections/proj_gfdl.esm4_ssp585_Allium.senescens_PA5_RUN5_GBM.tif
[18:00:18] 	> Projecting Allium.senescens_PA5_RUN5_ANN ...
[18:00:20] 		Writing projection on hard drive...
[18:00:20] 		 /work/data/output/Allium.senescens/proj_gfdl.esm4_ssp585/individual_projections/proj_gfdl.esm4_ssp585_Allium.senescens_PA5_RUN5_ANN.tif
[18:01:24] 	> Projecting Allium.senescens_PA5_RUN5_FDA ...
[18:01:26] 		Writing projection on hard drive...
[18:01:26] 		 /work/data/output/Allium.senescens/proj_gfdl.esm4_ssp585/individual_projections/proj_gfdl.esm4_ssp585_Allium.senescens_PA5_RUN5_FDA.tif
[18:02:11] 	> Projecting Allium.senescens_PA5_RUN5_MAXNET ...
[18:02:12] 		Writing projection on hard drive...
[18:02:12] 		 /work/data/output/Allium.senescens/proj_gfdl.esm4_ssp585/individual_projections/proj_gfdl.esm4_ssp585_Allium.senescens_PA5_RUN5_MAXNET.tif
[18:03:01] 	> Projecting Allium.senescens_PA6_RUN1_GLM ...
[18:03:02] 		Writing projection on hard drive...
[18:03:02] 		 /work/data/output/Allium.senescens/proj_gfdl.esm4_ssp585/individual_projections/proj_gfdl.esm4_ssp585_Allium.senescens_PA6_RUN1_GLM.tif
[18:22:55] 	> Projecting Allium.senescens_PA6_RUN1_GBM ...
[18:22:56] 		Writing projection on hard drive...
[18:22:56] 		 /work/data/output/Allium.senescens/proj_gfdl.esm4_ssp585/individual_projections/proj_gfdl.esm4_ssp585_Allium.senescens_PA6_RUN1_GBM.tif
[18:24:25] 	> Projecting Allium.senescens_PA6_RUN1_ANN ...
[18:24:26] 		Writing projection on hard drive...
[18:24:26] 		 /work/data/output/Allium.senescens/proj_gfdl.esm4_ssp585/individual_projections/proj_gfdl.esm4_ssp585_Allium.senescens_PA6_RUN1_ANN.tif
[18:25:30] 	> Projecting Allium.senescens_PA6_RUN1_FDA ...
[18:25:31] 		Writing projection on hard drive...
[18:25:31] 		 /work/data/output/Allium.senescens/proj_gfdl.esm4_ssp585/individual_projections/proj_gfdl.esm4_ssp585_Allium.senescens_PA6_RUN1_FDA.tif
[18:26:16] 	> Projecting Allium.senescens_PA6_RUN1_MAXNET ...
[18:26:17] 		Writing projection on hard drive...
[18:26:17] 		 /work/data/output/Allium.senescens/proj_gfdl.esm4_ssp585/individual_projections/proj_gfdl.esm4_ssp585_Allium.senescens_PA6_RUN1_MAXNET.tif
[18:27:06] 	> Projecting Allium.senescens_PA6_RUN2_GLM ...
[18:27:07] 		Writing projection on hard drive...
[18:27:07] 		 /work/data/output/Allium.senescens/proj_gfdl.esm4_ssp585/individual_projections/proj_gfdl.esm4_ssp585_Allium.senescens_PA6_RUN2_GLM.tif
[18:48:39] 	> Projecting Allium.senescens_PA6_RUN2_GBM ...
[18:48:41] 		Writing projection on hard drive...
[18:48:41] 		 /work/data/output/Allium.senescens/proj_gfdl.esm4_ssp585/individual_projections/proj_gfdl.esm4_ssp585_Allium.senescens_PA6_RUN2_GBM.tif
[18:50:09] 	> Projecting Allium.senescens_PA6_RUN2_ANN ...
[18:50:10] 		Writing projection on hard drive...
[18:50:10] 		 /work/data/output/Allium.senescens/proj_gfdl.esm4_ssp585/individual_projections/proj_gfdl.esm4_ssp585_Allium.senescens_PA6_RUN2_ANN.tif
[18:51:15] 	> Projecting Allium.senescens_PA6_RUN2_FDA ...
[18:51:17] 		Writing projection on hard drive...
[18:51:17] 		 /work/data/output/Allium.senescens/proj_gfdl.esm4_ssp585/individual_projections/proj_gfdl.esm4_ssp585_Allium.senescens_PA6_RUN2_FDA.tif
[18:51:59] 	> Projecting Allium.senescens_PA6_RUN2_MAXNET ...
[18:52:00] 		Writing projection on hard drive...
[18:52:00] 		 /work/data/output/Allium.senescens/proj_gfdl.esm4_ssp585/individual_projections/proj_gfdl.esm4_ssp585_Allium.senescens_PA6_RUN2_MAXNET.tif
[18:52:51] 	> Projecting Allium.senescens_PA6_RUN3_GLM ...
[18:52:52] 		Writing projection on hard drive...
[18:52:52] 		 /work/data/output/Allium.senescens/proj_gfdl.esm4_ssp585/individual_projections/proj_gfdl.esm4_ssp585_Allium.senescens_PA6_RUN3_GLM.tif
[19:13:48] 	> Projecting Allium.senescens_PA6_RUN3_GBM ...
[19:13:49] 		Writing projection on hard drive...
[19:13:49] 		 /work/data/output/Allium.senescens/proj_gfdl.esm4_ssp585/individual_projections/proj_gfdl.esm4_ssp585_Allium.senescens_PA6_RUN3_GBM.tif
[19:15:17] 	> Projecting Allium.senescens_PA6_RUN3_ANN ...
[19:15:18] 		Writing projection on hard drive...
[19:15:18] 		 /work/data/output/Allium.senescens/proj_gfdl.esm4_ssp585/individual_projections/proj_gfdl.esm4_ssp585_Allium.senescens_PA6_RUN3_ANN.tif
[19:16:23] 	> Projecting Allium.senescens_PA6_RUN3_FDA ...
[19:16:24] 		Writing projection on hard drive...
[19:16:24] 		 /work/data/output/Allium.senescens/proj_gfdl.esm4_ssp585/individual_projections/proj_gfdl.esm4_ssp585_Allium.senescens_PA6_RUN3_FDA.tif
[19:17:12] 	> Projecting Allium.senescens_PA6_RUN3_MAXNET ...
[19:17:13] 		Writing projection on hard drive...
[19:17:13] 		 /work/data/output/Allium.senescens/proj_gfdl.esm4_ssp585/individual_projections/proj_gfdl.esm4_ssp585_Allium.senescens_PA6_RUN3_MAXNET.tif
[19:18:03] 	> Projecting Allium.senescens_PA6_RUN4_GLM ...
[19:18:05] 		Writing projection on hard drive...
[19:18:05] 		 /work/data/output/Allium.senescens/proj_gfdl.esm4_ssp585/individual_projections/proj_gfdl.esm4_ssp585_Allium.senescens_PA6_RUN4_GLM.tif
[19:38:26] 	> Projecting Allium.senescens_PA6_RUN4_GBM ...
[19:38:28] 		Writing projection on hard drive...
[19:38:28] 		 /work/data/output/Allium.senescens/proj_gfdl.esm4_ssp585/individual_projections/proj_gfdl.esm4_ssp585_Allium.senescens_PA6_RUN4_GBM.tif
[19:39:57] 	> Projecting Allium.senescens_PA6_RUN4_ANN ...
[19:39:58] 		Writing projection on hard drive...
[19:39:58] 		 /work/data/output/Allium.senescens/proj_gfdl.esm4_ssp585/individual_projections/proj_gfdl.esm4_ssp585_Allium.senescens_PA6_RUN4_ANN.tif
[19:41:10] 	> Projecting Allium.senescens_PA6_RUN4_FDA ...
[19:41:11] 		Writing projection on hard drive...
[19:41:11] 		 /work/data/output/Allium.senescens/proj_gfdl.esm4_ssp585/individual_projections/proj_gfdl.esm4_ssp585_Allium.senescens_PA6_RUN4_FDA.tif
[19:41:56] 	> Projecting Allium.senescens_PA6_RUN4_MAXNET ...
[19:41:57] 		Writing projection on hard drive...
[19:41:57] 		 /work/data/output/Allium.senescens/proj_gfdl.esm4_ssp585/individual_projections/proj_gfdl.esm4_ssp585_Allium.senescens_PA6_RUN4_MAXNET.tif
[19:42:46] 	> Projecting Allium.senescens_PA6_RUN5_GLM ...
[19:42:48] 		Writing projection on hard drive...
[19:42:48] 		 /work/data/output/Allium.senescens/proj_gfdl.esm4_ssp585/individual_projections/proj_gfdl.esm4_ssp585_Allium.senescens_PA6_RUN5_GLM.tif
[20:03:28] 	> Projecting Allium.senescens_PA6_RUN5_GBM ...
[20:03:30] 		Writing projection on hard drive...
[20:03:30] 		 /work/data/output/Allium.senescens/proj_gfdl.esm4_ssp585/individual_projections/proj_gfdl.esm4_ssp585_Allium.senescens_PA6_RUN5_GBM.tif
[20:04:50] 	> Projecting Allium.senescens_PA6_RUN5_ANN ...
[20:04:51] 		Writing projection on hard drive...
[20:04:51] 		 /work/data/output/Allium.senescens/proj_gfdl.esm4_ssp585/individual_projections/proj_gfdl.esm4_ssp585_Allium.senescens_PA6_RUN5_ANN.tif
[20:05:54] 	> Projecting Allium.senescens_PA6_RUN5_FDA ...
[20:05:56] 		Writing projection on hard drive...
[20:05:56] 		 /work/data/output/Allium.senescens/proj_gfdl.esm4_ssp585/individual_projections/proj_gfdl.esm4_ssp585_Allium.senescens_PA6_RUN5_FDA.tif
[20:06:35] 	> Projecting Allium.senescens_PA6_RUN5_MAXNET ...
[20:06:36] 		Writing projection on hard drive...
[20:06:36] 		 /work/data/output/Allium.senescens/proj_gfdl.esm4_ssp585/individual_projections/proj_gfdl.esm4_ssp585_Allium.senescens_PA6_RUN5_MAXNET.tif
[20:07:31] 	> Projecting Allium.senescens_PA7_RUN1_GLM ...
[20:07:33] 		Writing projection on hard drive...
[20:07:33] 		 /work/data/output/Allium.senescens/proj_gfdl.esm4_ssp585/individual_projections/proj_gfdl.esm4_ssp585_Allium.senescens_PA7_RUN1_GLM.tif
[20:29:24] 	> Projecting Allium.senescens_PA7_RUN1_GBM ...
[20:29:26] 		Writing projection on hard drive...
[20:29:26] 		 /work/data/output/Allium.senescens/proj_gfdl.esm4_ssp585/individual_projections/proj_gfdl.esm4_ssp585_Allium.senescens_PA7_RUN1_GBM.tif
[20:30:53] 	> Projecting Allium.senescens_PA7_RUN1_ANN ...
[20:30:54] 		Writing projection on hard drive...
[20:30:54] 		 /work/data/output/Allium.senescens/proj_gfdl.esm4_ssp585/individual_projections/proj_gfdl.esm4_ssp585_Allium.senescens_PA7_RUN1_ANN.tif
[20:32:04] 	> Projecting Allium.senescens_PA7_RUN1_FDA ...
[20:32:05] 		Writing projection on hard drive...
[20:32:05] 		 /work/data/output/Allium.senescens/proj_gfdl.esm4_ssp585/individual_projections/proj_gfdl.esm4_ssp585_Allium.senescens_PA7_RUN1_FDA.tif
[20:32:44] 	> Projecting Allium.senescens_PA7_RUN1_MAXNET ...
[20:32:45] 		Writing projection on hard drive...
[20:32:45] 		 /work/data/output/Allium.senescens/proj_gfdl.esm4_ssp585/individual_projections/proj_gfdl.esm4_ssp585_Allium.senescens_PA7_RUN1_MAXNET.tif
[20:33:35] 	> Projecting Allium.senescens_PA7_RUN2_GLM ...
[20:33:36] 		Writing projection on hard drive...
[20:33:36] 		 /work/data/output/Allium.senescens/proj_gfdl.esm4_ssp585/individual_projections/proj_gfdl.esm4_ssp585_Allium.senescens_PA7_RUN2_GLM.tif
[20:54:30] 	> Projecting Allium.senescens_PA7_RUN2_GBM ...
[20:54:31] 		Writing projection on hard drive...
[20:54:31] 		 /work/data/output/Allium.senescens/proj_gfdl.esm4_ssp585/individual_projections/proj_gfdl.esm4_ssp585_Allium.senescens_PA7_RUN2_GBM.tif
[20:55:52] 	> Projecting Allium.senescens_PA7_RUN2_ANN ...
[20:55:53] 		Writing projection on hard drive...
[20:55:53] 		 /work/data/output/Allium.senescens/proj_gfdl.esm4_ssp585/individual_projections/proj_gfdl.esm4_ssp585_Allium.senescens_PA7_RUN2_ANN.tif
[20:56:53] 	> Projecting Allium.senescens_PA7_RUN2_FDA ...
[20:56:54] 		Writing projection on hard drive...
[20:56:54] 		 /work/data/output/Allium.senescens/proj_gfdl.esm4_ssp585/individual_projections/proj_gfdl.esm4_ssp585_Allium.senescens_PA7_RUN2_FDA.tif
[20:57:43] 	> Projecting Allium.senescens_PA7_RUN2_MAXNET ...
[20:57:44] 		Writing projection on hard drive...
[20:57:44] 		 /work/data/output/Allium.senescens/proj_gfdl.esm4_ssp585/individual_projections/proj_gfdl.esm4_ssp585_Allium.senescens_PA7_RUN2_MAXNET.tif
[20:58:33] 	> Projecting Allium.senescens_PA7_RUN3_GLM ...
[20:58:34] 		Writing projection on hard drive...
[20:58:34] 		 /work/data/output/Allium.senescens/proj_gfdl.esm4_ssp585/individual_projections/proj_gfdl.esm4_ssp585_Allium.senescens_PA7_RUN3_GLM.tif
[21:19:09] 	> Projecting Allium.senescens_PA7_RUN3_GBM ...
[21:19:11] 		Writing projection on hard drive...
[21:19:11] 		 /work/data/output/Allium.senescens/proj_gfdl.esm4_ssp585/individual_projections/proj_gfdl.esm4_ssp585_Allium.senescens_PA7_RUN3_GBM.tif
[21:20:44] 	> Projecting Allium.senescens_PA7_RUN3_ANN ...
[21:20:45] 		Writing projection on hard drive...
[21:20:45] 		 /work/data/output/Allium.senescens/proj_gfdl.esm4_ssp585/individual_projections/proj_gfdl.esm4_ssp585_Allium.senescens_PA7_RUN3_ANN.tif
[21:21:51] 	> Projecting Allium.senescens_PA7_RUN3_FDA ...
[21:21:53] 		Writing projection on hard drive...
[21:21:53] 		 /work/data/output/Allium.senescens/proj_gfdl.esm4_ssp585/individual_projections/proj_gfdl.esm4_ssp585_Allium.senescens_PA7_RUN3_FDA.tif
[21:22:35] 	> Projecting Allium.senescens_PA7_RUN3_MAXNET ...
[21:22:36] 		Writing projection on hard drive...
[21:22:36] 		 /work/data/output/Allium.senescens/proj_gfdl.esm4_ssp585/individual_projections/proj_gfdl.esm4_ssp585_Allium.senescens_PA7_RUN3_MAXNET.tif
[21:23:27] 	> Projecting Allium.senescens_PA7_RUN4_GLM ...
[21:23:29] 		Writing projection on hard drive...
[21:23:29] 		 /work/data/output/Allium.senescens/proj_gfdl.esm4_ssp585/individual_projections/proj_gfdl.esm4_ssp585_Allium.senescens_PA7_RUN4_GLM.tif
[21:44:15] 	> Projecting Allium.senescens_PA7_RUN4_GBM ...
[21:44:16] 		Writing projection on hard drive...
[21:44:16] 		 /work/data/output/Allium.senescens/proj_gfdl.esm4_ssp585/individual_projections/proj_gfdl.esm4_ssp585_Allium.senescens_PA7_RUN4_GBM.tif
[21:45:39] 	> Projecting Allium.senescens_PA7_RUN4_ANN ...
[21:45:40] 		Writing projection on hard drive...
[21:45:40] 		 /work/data/output/Allium.senescens/proj_gfdl.esm4_ssp585/individual_projections/proj_gfdl.esm4_ssp585_Allium.senescens_PA7_RUN4_ANN.tif
[21:46:56] 	> Projecting Allium.senescens_PA7_RUN4_FDA ...
[21:46:58] 		Writing projection on hard drive...
[21:46:58] 		 /work/data/output/Allium.senescens/proj_gfdl.esm4_ssp585/individual_projections/proj_gfdl.esm4_ssp585_Allium.senescens_PA7_RUN4_FDA.tif
[21:47:41] 	> Projecting Allium.senescens_PA7_RUN4_MAXNET ...
[21:47:42] 		Writing projection on hard drive...
[21:47:42] 		 /work/data/output/Allium.senescens/proj_gfdl.esm4_ssp585/individual_projections/proj_gfdl.esm4_ssp585_Allium.senescens_PA7_RUN4_MAXNET.tif
[21:48:32] 	> Projecting Allium.senescens_PA7_RUN5_GLM ...
[21:48:34] 		Writing projection on hard drive...
[21:48:34] 		 /work/data/output/Allium.senescens/proj_gfdl.esm4_ssp585/individual_projections/proj_gfdl.esm4_ssp585_Allium.senescens_PA7_RUN5_GLM.tif
[22:09:40] 	> Projecting Allium.senescens_PA7_RUN5_GBM ...
[22:09:42] 		Writing projection on hard drive...
[22:09:42] 		 /work/data/output/Allium.senescens/proj_gfdl.esm4_ssp585/individual_projections/proj_gfdl.esm4_ssp585_Allium.senescens_PA7_RUN5_GBM.tif
[22:11:02] 	> Projecting Allium.senescens_PA7_RUN5_ANN ...
[22:11:03] 		Writing projection on hard drive...
[22:11:03] 		 /work/data/output/Allium.senescens/proj_gfdl.esm4_ssp585/individual_projections/proj_gfdl.esm4_ssp585_Allium.senescens_PA7_RUN5_ANN.tif
[22:12:01] 	> Projecting Allium.senescens_PA7_RUN5_FDA ...
[22:12:02] 		Writing projection on hard drive...
[22:12:02] 		 /work/data/output/Allium.senescens/proj_gfdl.esm4_ssp585/individual_projections/proj_gfdl.esm4_ssp585_Allium.senescens_PA7_RUN5_FDA.tif
[22:12:48] 	> Projecting Allium.senescens_PA7_RUN5_MAXNET ...
[22:12:49] 		Writing projection on hard drive...
[22:12:49] 		 /work/data/output/Allium.senescens/proj_gfdl.esm4_ssp585/individual_projections/proj_gfdl.esm4_ssp585_Allium.senescens_PA7_RUN5_MAXNET.tif
[22:13:38] 	> Projecting Allium.senescens_PA8_RUN1_GLM ...
[22:13:39] 		Writing projection on hard drive...
[22:13:39] 		 /work/data/output/Allium.senescens/proj_gfdl.esm4_ssp585/individual_projections/proj_gfdl.esm4_ssp585_Allium.senescens_PA8_RUN1_GLM.tif
[22:33:49] 	> Projecting Allium.senescens_PA8_RUN1_GBM ...
[22:33:50] 		Writing projection on hard drive...
[22:33:50] 		 /work/data/output/Allium.senescens/proj_gfdl.esm4_ssp585/individual_projections/proj_gfdl.esm4_ssp585_Allium.senescens_PA8_RUN1_GBM.tif
[22:35:09] 	> Projecting Allium.senescens_PA8_RUN1_ANN ...
[22:35:11] 		Writing projection on hard drive...
[22:35:11] 		 /work/data/output/Allium.senescens/proj_gfdl.esm4_ssp585/individual_projections/proj_gfdl.esm4_ssp585_Allium.senescens_PA8_RUN1_ANN.tif
[22:36:13] 	> Projecting Allium.senescens_PA8_RUN1_FDA ...
[22:36:14] 		Writing projection on hard drive...
[22:36:14] 		 /work/data/output/Allium.senescens/proj_gfdl.esm4_ssp585/individual_projections/proj_gfdl.esm4_ssp585_Allium.senescens_PA8_RUN1_FDA.tif
[22:37:04] 	> Projecting Allium.senescens_PA8_RUN1_MAXNET ...
[22:37:05] 		Writing projection on hard drive...
[22:37:05] 		 /work/data/output/Allium.senescens/proj_gfdl.esm4_ssp585/individual_projections/proj_gfdl.esm4_ssp585_Allium.senescens_PA8_RUN1_MAXNET.tif
[22:37:55] 	> Projecting Allium.senescens_PA8_RUN2_GLM ...
[22:37:56] 		Writing projection on hard drive...
[22:37:56] 		 /work/data/output/Allium.senescens/proj_gfdl.esm4_ssp585/individual_projections/proj_gfdl.esm4_ssp585_Allium.senescens_PA8_RUN2_GLM.tif
[22:59:25] 	> Projecting Allium.senescens_PA8_RUN2_GBM ...
[22:59:26] 		Writing projection on hard drive...
[22:59:26] 		 /work/data/output/Allium.senescens/proj_gfdl.esm4_ssp585/individual_projections/proj_gfdl.esm4_ssp585_Allium.senescens_PA8_RUN2_GBM.tif
[23:00:46] 	> Projecting Allium.senescens_PA8_RUN2_ANN ...
[23:00:48] 		Writing projection on hard drive...
[23:00:48] 		 /work/data/output/Allium.senescens/proj_gfdl.esm4_ssp585/individual_projections/proj_gfdl.esm4_ssp585_Allium.senescens_PA8_RUN2_ANN.tif
[23:02:01] 	> Projecting Allium.senescens_PA8_RUN2_FDA ...
[23:02:02] 		Writing projection on hard drive...
[23:02:02] 		 /work/data/output/Allium.senescens/proj_gfdl.esm4_ssp585/individual_projections/proj_gfdl.esm4_ssp585_Allium.senescens_PA8_RUN2_FDA.tif
[23:02:47] 	> Projecting Allium.senescens_PA8_RUN2_MAXNET ...
[23:02:49] 		Writing projection on hard drive...
[23:02:49] 		 /work/data/output/Allium.senescens/proj_gfdl.esm4_ssp585/individual_projections/proj_gfdl.esm4_ssp585_Allium.senescens_PA8_RUN2_MAXNET.tif
[23:03:37] 	> Projecting Allium.senescens_PA8_RUN3_GLM ...
[23:03:39] 		Writing projection on hard drive...
[23:03:39] 		 /work/data/output/Allium.senescens/proj_gfdl.esm4_ssp585/individual_projections/proj_gfdl.esm4_ssp585_Allium.senescens_PA8_RUN3_GLM.tif
[23:23:41] 	> Projecting Allium.senescens_PA8_RUN3_GBM ...
[23:23:42] 		Writing projection on hard drive...
[23:23:42] 		 /work/data/output/Allium.senescens/proj_gfdl.esm4_ssp585/individual_projections/proj_gfdl.esm4_ssp585_Allium.senescens_PA8_RUN3_GBM.tif
[23:24:57] 	> Projecting Allium.senescens_PA8_RUN3_ANN ...
[23:24:58] 		Writing projection on hard drive...
[23:24:58] 		 /work/data/output/Allium.senescens/proj_gfdl.esm4_ssp585/individual_projections/proj_gfdl.esm4_ssp585_Allium.senescens_PA8_RUN3_ANN.tif
[23:26:04] 	> Projecting Allium.senescens_PA8_RUN3_FDA ...
[23:26:05] 		Writing projection on hard drive...
[23:26:05] 		 /work/data/output/Allium.senescens/proj_gfdl.esm4_ssp585/individual_projections/proj_gfdl.esm4_ssp585_Allium.senescens_PA8_RUN3_FDA.tif
[23:26:42] 	> Projecting Allium.senescens_PA8_RUN3_MAXNET ...
[23:26:43] 		Writing projection on hard drive...
[23:26:43] 		 /work/data/output/Allium.senescens/proj_gfdl.esm4_ssp585/individual_projections/proj_gfdl.esm4_ssp585_Allium.senescens_PA8_RUN3_MAXNET.tif
[23:27:29] 	> Projecting Allium.senescens_PA8_RUN4_GLM ...
[23:27:30] 		Writing projection on hard drive...
[23:27:30] 		 /work/data/output/Allium.senescens/proj_gfdl.esm4_ssp585/individual_projections/proj_gfdl.esm4_ssp585_Allium.senescens_PA8_RUN4_GLM.tif
[23:45:52] 	> Projecting Allium.senescens_PA8_RUN4_GBM ...
[23:45:53] 		Writing projection on hard drive...
[23:45:53] 		 /work/data/output/Allium.senescens/proj_gfdl.esm4_ssp585/individual_projections/proj_gfdl.esm4_ssp585_Allium.senescens_PA8_RUN4_GBM.tif
[23:47:13] 	> Projecting Allium.senescens_PA8_RUN4_ANN ...
[23:47:14] 		Writing projection on hard drive...
[23:47:14] 		 /work/data/output/Allium.senescens/proj_gfdl.esm4_ssp585/individual_projections/proj_gfdl.esm4_ssp585_Allium.senescens_PA8_RUN4_ANN.tif
[23:48:07] 	> Projecting Allium.senescens_PA8_RUN4_FDA ...
[23:48:08] 		Writing projection on hard drive...
[23:48:08] 		 /work/data/output/Allium.senescens/proj_gfdl.esm4_ssp585/individual_projections/proj_gfdl.esm4_ssp585_Allium.senescens_PA8_RUN4_FDA.tif
[23:48:45] 	> Projecting Allium.senescens_PA8_RUN4_MAXNET ...
[23:48:46] 		Writing projection on hard drive...
[23:48:46] 		 /work/data/output/Allium.senescens/proj_gfdl.esm4_ssp585/individual_projections/proj_gfdl.esm4_ssp585_Allium.senescens_PA8_RUN4_MAXNET.tif
[23:49:34] 	> Projecting Allium.senescens_PA8_RUN5_GLM ...
[23:49:35] 		Writing projection on hard drive...
[23:49:35] 		 /work/data/output/Allium.senescens/proj_gfdl.esm4_ssp585/individual_projections/proj_gfdl.esm4_ssp585_Allium.senescens_PA8_RUN5_GLM.tif
[00:08:26] 	> Projecting Allium.senescens_PA8_RUN5_GBM ...
[00:08:27] 		Writing projection on hard drive...
[00:08:27] 		 /work/data/output/Allium.senescens/proj_gfdl.esm4_ssp585/individual_projections/proj_gfdl.esm4_ssp585_Allium.senescens_PA8_RUN5_GBM.tif
[00:09:38] 	> Projecting Allium.senescens_PA8_RUN5_ANN ...
[00:09:39] 		Writing projection on hard drive...
[00:09:39] 		 /work/data/output/Allium.senescens/proj_gfdl.esm4_ssp585/individual_projections/proj_gfdl.esm4_ssp585_Allium.senescens_PA8_RUN5_ANN.tif
[00:10:41] 	> Projecting Allium.senescens_PA8_RUN5_FDA ...
[00:10:42] 		Writing projection on hard drive...
[00:10:42] 		 /work/data/output/Allium.senescens/proj_gfdl.esm4_ssp585/individual_projections/proj_gfdl.esm4_ssp585_Allium.senescens_PA8_RUN5_FDA.tif
[00:11:23] 	> Projecting Allium.senescens_PA8_RUN5_MAXNET ...
[00:11:24] 		Writing projection on hard drive...
[00:11:24] 		 /work/data/output/Allium.senescens/proj_gfdl.esm4_ssp585/individual_projections/proj_gfdl.esm4_ssp585_Allium.senescens_PA8_RUN5_MAXNET.tif
[00:12:06] 	> Projecting Allium.senescens_PA9_RUN1_GLM ...
[00:12:07] 		Writing projection on hard drive...
[00:12:07] 		 /work/data/output/Allium.senescens/proj_gfdl.esm4_ssp585/individual_projections/proj_gfdl.esm4_ssp585_Allium.senescens_PA9_RUN1_GLM.tif
[00:30:30] 	> Projecting Allium.senescens_PA9_RUN1_GBM ...
[00:30:32] 		Writing projection on hard drive...
[00:30:32] 		 /work/data/output/Allium.senescens/proj_gfdl.esm4_ssp585/individual_projections/proj_gfdl.esm4_ssp585_Allium.senescens_PA9_RUN1_GBM.tif
[00:31:39] 	> Projecting Allium.senescens_PA9_RUN1_ANN ...
[00:31:40] 		Writing projection on hard drive...
[00:31:40] 		 /work/data/output/Allium.senescens/proj_gfdl.esm4_ssp585/individual_projections/proj_gfdl.esm4_ssp585_Allium.senescens_PA9_RUN1_ANN.tif
[00:32:34] 	> Projecting Allium.senescens_PA9_RUN1_FDA ...
[00:32:35] 		Writing projection on hard drive...
[00:32:35] 		 /work/data/output/Allium.senescens/proj_gfdl.esm4_ssp585/individual_projections/proj_gfdl.esm4_ssp585_Allium.senescens_PA9_RUN1_FDA.tif
[00:33:12] 	> Projecting Allium.senescens_PA9_RUN1_MAXNET ...
[00:33:13] 		Writing projection on hard drive...
[00:33:13] 		 /work/data/output/Allium.senescens/proj_gfdl.esm4_ssp585/individual_projections/proj_gfdl.esm4_ssp585_Allium.senescens_PA9_RUN1_MAXNET.tif
[00:33:56] 	> Projecting Allium.senescens_PA9_RUN2_GLM ...
[00:33:57] 		Writing projection on hard drive...
[00:33:57] 		 /work/data/output/Allium.senescens/proj_gfdl.esm4_ssp585/individual_projections/proj_gfdl.esm4_ssp585_Allium.senescens_PA9_RUN2_GLM.tif
[00:51:56] 	> Projecting Allium.senescens_PA9_RUN2_GBM ...
[00:51:57] 		Writing projection on hard drive...
[00:51:57] 		 /work/data/output/Allium.senescens/proj_gfdl.esm4_ssp585/individual_projections/proj_gfdl.esm4_ssp585_Allium.senescens_PA9_RUN2_GBM.tif
[00:53:13] 	> Projecting Allium.senescens_PA9_RUN2_ANN ...
[00:53:14] 		Writing projection on hard drive...
[00:53:14] 		 /work/data/output/Allium.senescens/proj_gfdl.esm4_ssp585/individual_projections/proj_gfdl.esm4_ssp585_Allium.senescens_PA9_RUN2_ANN.tif
[00:54:12] 	> Projecting Allium.senescens_PA9_RUN2_FDA ...
[00:54:13] 		Writing projection on hard drive...
[00:54:13] 		 /work/data/output/Allium.senescens/proj_gfdl.esm4_ssp585/individual_projections/proj_gfdl.esm4_ssp585_Allium.senescens_PA9_RUN2_FDA.tif
[00:54:53] 	> Projecting Allium.senescens_PA9_RUN2_MAXNET ...
[00:54:54] 		Writing projection on hard drive...
[00:54:54] 		 /work/data/output/Allium.senescens/proj_gfdl.esm4_ssp585/individual_projections/proj_gfdl.esm4_ssp585_Allium.senescens_PA9_RUN2_MAXNET.tif
[00:55:36] 	> Projecting Allium.senescens_PA9_RUN3_GLM ...
[00:55:37] 		Writing projection on hard drive...
[00:55:37] 		 /work/data/output/Allium.senescens/proj_gfdl.esm4_ssp585/individual_projections/proj_gfdl.esm4_ssp585_Allium.senescens_PA9_RUN3_GLM.tif
[01:14:32] 	> Projecting Allium.senescens_PA9_RUN3_GBM ...
[01:14:33] 		Writing projection on hard drive...
[01:14:33] 		 /work/data/output/Allium.senescens/proj_gfdl.esm4_ssp585/individual_projections/proj_gfdl.esm4_ssp585_Allium.senescens_PA9_RUN3_GBM.tif
[01:15:38] 	> Projecting Allium.senescens_PA9_RUN3_ANN ...
[01:15:39] 		Writing projection on hard drive...
[01:15:39] 		 /work/data/output/Allium.senescens/proj_gfdl.esm4_ssp585/individual_projections/proj_gfdl.esm4_ssp585_Allium.senescens_PA9_RUN3_ANN.tif
[01:16:33] 	> Projecting Allium.senescens_PA9_RUN3_FDA ...
[01:16:34] 		Writing projection on hard drive...
[01:16:34] 		 /work/data/output/Allium.senescens/proj_gfdl.esm4_ssp585/individual_projections/proj_gfdl.esm4_ssp585_Allium.senescens_PA9_RUN3_FDA.tif
[01:17:14] 	> Projecting Allium.senescens_PA9_RUN3_MAXNET ...
[01:17:15] 		Writing projection on hard drive...
[01:17:15] 		 /work/data/output/Allium.senescens/proj_gfdl.esm4_ssp585/individual_projections/proj_gfdl.esm4_ssp585_Allium.senescens_PA9_RUN3_MAXNET.tif
[01:17:57] 	> Projecting Allium.senescens_PA9_RUN4_GLM ...
[01:17:58] 		Writing projection on hard drive...
[01:17:58] 		 /work/data/output/Allium.senescens/proj_gfdl.esm4_ssp585/individual_projections/proj_gfdl.esm4_ssp585_Allium.senescens_PA9_RUN4_GLM.tif
[01:36:38] 	> Projecting Allium.senescens_PA9_RUN4_GBM ...
[01:36:39] 		Writing projection on hard drive...
[01:36:39] 		 /work/data/output/Allium.senescens/proj_gfdl.esm4_ssp585/individual_projections/proj_gfdl.esm4_ssp585_Allium.senescens_PA9_RUN4_GBM.tif
[01:37:55] 	> Projecting Allium.senescens_PA9_RUN4_ANN ...
[01:37:56] 		Writing projection on hard drive...
[01:37:56] 		 /work/data/output/Allium.senescens/proj_gfdl.esm4_ssp585/individual_projections/proj_gfdl.esm4_ssp585_Allium.senescens_PA9_RUN4_ANN.tif
[01:38:55] 	> Projecting Allium.senescens_PA9_RUN4_FDA ...
[01:38:56] 		Writing projection on hard drive...
[01:38:56] 		 /work/data/output/Allium.senescens/proj_gfdl.esm4_ssp585/individual_projections/proj_gfdl.esm4_ssp585_Allium.senescens_PA9_RUN4_FDA.tif
[01:39:35] 	> Projecting Allium.senescens_PA9_RUN4_MAXNET ...
[01:39:36] 		Writing projection on hard drive...
[01:39:36] 		 /work/data/output/Allium.senescens/proj_gfdl.esm4_ssp585/individual_projections/proj_gfdl.esm4_ssp585_Allium.senescens_PA9_RUN4_MAXNET.tif
[01:40:19] 	> Projecting Allium.senescens_PA9_RUN5_GLM ...
[01:40:20] 		Writing projection on hard drive...
[01:40:20] 		 /work/data/output/Allium.senescens/proj_gfdl.esm4_ssp585/individual_projections/proj_gfdl.esm4_ssp585_Allium.senescens_PA9_RUN5_GLM.tif
[01:59:52] 	> Projecting Allium.senescens_PA9_RUN5_GBM ...
[01:59:53] 		Writing projection on hard drive...
[01:59:53] 		 /work/data/output/Allium.senescens/proj_gfdl.esm4_ssp585/individual_projections/proj_gfdl.esm4_ssp585_Allium.senescens_PA9_RUN5_GBM.tif
[02:01:55] 	> Projecting Allium.senescens_PA9_RUN5_ANN ...
[02:01:57] 		Writing projection on hard drive...
[02:01:57] 		 /work/data/output/Allium.senescens/proj_gfdl.esm4_ssp585/individual_projections/proj_gfdl.esm4_ssp585_Allium.senescens_PA9_RUN5_ANN.tif
[02:03:33] 	> Projecting Allium.senescens_PA9_RUN5_FDA ...
[02:03:35] 		Writing projection on hard drive...
[02:03:35] 		 /work/data/output/Allium.senescens/proj_gfdl.esm4_ssp585/individual_projections/proj_gfdl.esm4_ssp585_Allium.senescens_PA9_RUN5_FDA.tif
[02:04:46] 	> Projecting Allium.senescens_PA9_RUN5_MAXNET ...
[02:04:48] 		Writing projection on hard drive...
[02:04:48] 		 /work/data/output/Allium.senescens/proj_gfdl.esm4_ssp585/individual_projections/proj_gfdl.esm4_ssp585_Allium.senescens_PA9_RUN5_MAXNET.tif
[02:06:04] 	> Projecting Allium.senescens_PA10_RUN1_GLM ...
[02:06:06] 		Writing projection on hard drive...
[02:06:06] 		 /work/data/output/Allium.senescens/proj_gfdl.esm4_ssp585/individual_projections/proj_gfdl.esm4_ssp585_Allium.senescens_PA10_RUN1_GLM.tif
[02:29:44] 	> Projecting Allium.senescens_PA10_RUN1_GBM ...
[02:29:45] 		Writing projection on hard drive...
[02:29:45] 		 /work/data/output/Allium.senescens/proj_gfdl.esm4_ssp585/individual_projections/proj_gfdl.esm4_ssp585_Allium.senescens_PA10_RUN1_GBM.tif
[02:31:50] 	> Projecting Allium.senescens_PA10_RUN1_ANN ...
[02:31:51] 		Writing projection on hard drive...
[02:31:51] 		 /work/data/output/Allium.senescens/proj_gfdl.esm4_ssp585/individual_projections/proj_gfdl.esm4_ssp585_Allium.senescens_PA10_RUN1_ANN.tif
[02:33:30] 	> Projecting Allium.senescens_PA10_RUN1_FDA ...
[02:33:32] 		Writing projection on hard drive...
[02:33:32] 		 /work/data/output/Allium.senescens/proj_gfdl.esm4_ssp585/individual_projections/proj_gfdl.esm4_ssp585_Allium.senescens_PA10_RUN1_FDA.tif
[02:34:37] 	> Projecting Allium.senescens_PA10_RUN1_MAXNET ...
[02:34:39] 		Writing projection on hard drive...
[02:34:39] 		 /work/data/output/Allium.senescens/proj_gfdl.esm4_ssp585/individual_projections/proj_gfdl.esm4_ssp585_Allium.senescens_PA10_RUN1_MAXNET.tif
[02:36:03] 	> Projecting Allium.senescens_PA10_RUN2_GLM ...
[02:36:05] 		Writing projection on hard drive...
[02:36:05] 		 /work/data/output/Allium.senescens/proj_gfdl.esm4_ssp585/individual_projections/proj_gfdl.esm4_ssp585_Allium.senescens_PA10_RUN2_GLM.tif
[02:58:48] 	> Projecting Allium.senescens_PA10_RUN2_GBM ...
[02:58:49] 		Writing projection on hard drive...
[02:58:49] 		 /work/data/output/Allium.senescens/proj_gfdl.esm4_ssp585/individual_projections/proj_gfdl.esm4_ssp585_Allium.senescens_PA10_RUN2_GBM.tif
[03:00:55] 	> Projecting Allium.senescens_PA10_RUN2_ANN ...
[03:00:57] 		Writing projection on hard drive...
[03:00:57] 		 /work/data/output/Allium.senescens/proj_gfdl.esm4_ssp585/individual_projections/proj_gfdl.esm4_ssp585_Allium.senescens_PA10_RUN2_ANN.tif
[03:02:34] 	> Projecting Allium.senescens_PA10_RUN2_FDA ...
[03:02:35] 		Writing projection on hard drive...
[03:02:35] 		 /work/data/output/Allium.senescens/proj_gfdl.esm4_ssp585/individual_projections/proj_gfdl.esm4_ssp585_Allium.senescens_PA10_RUN2_FDA.tif
[03:03:48] 	> Projecting Allium.senescens_PA10_RUN2_MAXNET ...
[03:03:50] 		Writing projection on hard drive...
[03:03:50] 		 /work/data/output/Allium.senescens/proj_gfdl.esm4_ssp585/individual_projections/proj_gfdl.esm4_ssp585_Allium.senescens_PA10_RUN2_MAXNET.tif
[03:05:08] 	> Projecting Allium.senescens_PA10_RUN3_GLM ...
[03:05:10] 		Writing projection on hard drive...
[03:05:10] 		 /work/data/output/Allium.senescens/proj_gfdl.esm4_ssp585/individual_projections/proj_gfdl.esm4_ssp585_Allium.senescens_PA10_RUN3_GLM.tif
[03:28:28] 	> Projecting Allium.senescens_PA10_RUN3_GBM ...
[03:28:30] 		Writing projection on hard drive...
[03:28:30] 		 /work/data/output/Allium.senescens/proj_gfdl.esm4_ssp585/individual_projections/proj_gfdl.esm4_ssp585_Allium.senescens_PA10_RUN3_GBM.tif
[03:30:37] 	> Projecting Allium.senescens_PA10_RUN3_ANN ...
[03:30:39] 		Writing projection on hard drive...
[03:30:39] 		 /work/data/output/Allium.senescens/proj_gfdl.esm4_ssp585/individual_projections/proj_gfdl.esm4_ssp585_Allium.senescens_PA10_RUN3_ANN.tif
[03:31:40] 	> Projecting Allium.senescens_PA10_RUN3_FDA ...
[03:31:41] 		Writing projection on hard drive...
[03:31:41] 		 /work/data/output/Allium.senescens/proj_gfdl.esm4_ssp585/individual_projections/proj_gfdl.esm4_ssp585_Allium.senescens_PA10_RUN3_FDA.tif
[03:32:18] 	> Projecting Allium.senescens_PA10_RUN3_MAXNET ...
[03:32:19] 		Writing projection on hard drive...
[03:32:19] 		 /work/data/output/Allium.senescens/proj_gfdl.esm4_ssp585/individual_projections/proj_gfdl.esm4_ssp585_Allium.senescens_PA10_RUN3_MAXNET.tif
[03:33:05] 	> Projecting Allium.senescens_PA10_RUN4_GLM ...
[03:33:06] 		Writing projection on hard drive...
[03:33:06] 		 /work/data/output/Allium.senescens/proj_gfdl.esm4_ssp585/individual_projections/proj_gfdl.esm4_ssp585_Allium.senescens_PA10_RUN4_GLM.tif
[03:51:01] 	> Projecting Allium.senescens_PA10_RUN4_GBM ...
[03:51:02] 		Writing projection on hard drive...
[03:51:02] 		 /work/data/output/Allium.senescens/proj_gfdl.esm4_ssp585/individual_projections/proj_gfdl.esm4_ssp585_Allium.senescens_PA10_RUN4_GBM.tif
[03:52:17] 	> Projecting Allium.senescens_PA10_RUN4_ANN ...
[03:52:18] 		Writing projection on hard drive...
[03:52:18] 		 /work/data/output/Allium.senescens/proj_gfdl.esm4_ssp585/individual_projections/proj_gfdl.esm4_ssp585_Allium.senescens_PA10_RUN4_ANN.tif
[03:53:06] 	> Projecting Allium.senescens_PA10_RUN4_FDA ...
[03:53:07] 		Writing projection on hard drive...
[03:53:07] 		 /work/data/output/Allium.senescens/proj_gfdl.esm4_ssp585/individual_projections/proj_gfdl.esm4_ssp585_Allium.senescens_PA10_RUN4_FDA.tif
[03:53:49] 	> Projecting Allium.senescens_PA10_RUN4_MAXNET ...
[03:53:50] 		Writing projection on hard drive...
[03:53:50] 		 /work/data/output/Allium.senescens/proj_gfdl.esm4_ssp585/individual_projections/proj_gfdl.esm4_ssp585_Allium.senescens_PA10_RUN4_MAXNET.tif
[03:54:33] 	> Projecting Allium.senescens_PA10_RUN5_GLM ...
[03:54:34] 		Writing projection on hard drive...
[03:54:34] 		 /work/data/output/Allium.senescens/proj_gfdl.esm4_ssp585/individual_projections/proj_gfdl.esm4_ssp585_Allium.senescens_PA10_RUN5_GLM.tif
[04:13:09] 	> Projecting Allium.senescens_PA10_RUN5_GBM ...
[04:13:10] 		Writing projection on hard drive...
[04:13:10] 		 /work/data/output/Allium.senescens/proj_gfdl.esm4_ssp585/individual_projections/proj_gfdl.esm4_ssp585_Allium.senescens_PA10_RUN5_GBM.tif
[04:14:21] 	> Projecting Allium.senescens_PA10_RUN5_ANN ...
[04:14:22] 		Writing projection on hard drive...
[04:14:22] 		 /work/data/output/Allium.senescens/proj_gfdl.esm4_ssp585/individual_projections/proj_gfdl.esm4_ssp585_Allium.senescens_PA10_RUN5_ANN.tif
[04:15:18] 	> Projecting Allium.senescens_PA10_RUN5_FDA ...
[04:15:19] 		Writing projection on hard drive...
[04:15:19] 		 /work/data/output/Allium.senescens/proj_gfdl.esm4_ssp585/individual_projections/proj_gfdl.esm4_ssp585_Allium.senescens_PA10_RUN5_FDA.tif
[04:15:53] 	> Projecting Allium.senescens_PA10_RUN5_MAXNET ...
[04:15:54] 		Writing projection on hard drive...
[04:15:54] 		 /work/data/output/Allium.senescens/proj_gfdl.esm4_ssp585/individual_projections/proj_gfdl.esm4_ssp585_Allium.senescens_PA10_RUN5_MAXNET.tif
[04:15:54] -=-=-=-=-=-=-=-=-=-=-=-=-=-=-=-=-=-= Done -=-=-=-=-=-=-=-=-=-=-=-=-=-=-=-=-=-=
[04:15:54] 
[04:15:54] -=-=-=-=-=-=-=-=-=-=-=-= Do Ensemble Models Projection -=-=-=-=-=-=-=-=-=-=-=-=
[04:15:54] 
[04:15:54] Creating suitable Workdir...
[04:16:08] 
[04:43:54] 	> Projecting Allium.senescens_EMmeanByAUCroc_mergedData_mergedRun_mergedAlgo ...|---------|---------|---------|---------|=========================================                                          
[04:43:56] 		Writing projection on hard drive...
[05:25:08] 	> Projecting Allium.senescens_EMcvByAUCroc_mergedData_mergedRun_mergedAlgo ...|---------|---------|---------|---------|=========================================                                          
[05:25:10] 		Writing projection on hard drive...
[05:25:10] 
[05:25:10] ! Binary/Filtered transformation automatically desactivated for ensemble models with coefficient of variation or confidence intervals
[05:25:14] 	> Building TSS binaries / filtered
[05:25:17] 	> Building AUCroc binaries / filtered
[05:25:21] 	> Building KAPPA binaries / filtered
[05:25:21] 
[05:25:21] -=-=-=-=-=-=-=-=-=-=-=-=-=-=-=-=-=-= Done -=-=-=-=-=-=-=-=-=-=-=-=-=-=-=-=-=-=
[05:25:28] 
[05:25:28] 
[05:25:28] DEBUG: Processing future scenario 3 of 8 : /work/data/input/climate_vars/future/ipsl.cm6a.lr/ssp370 
[05:25:28] DEBUG: Raster loaded, ncell = 63951097 , hasValues = TRUE 
[05:25:28] 
[05:25:28] -=-=-=-=-=-=-=-=-=-=-=-=-= Do Single Models Projection -=-=-=-=-=-=-=-=-=-=-=-=-=
[05:25:47] 
[05:25:47] 	> Building clamping mask
[05:26:46] 
[05:27:24] 	> Projecting Allium.senescens_PA1_RUN1_GLM ...
[05:27:25] 		Writing projection on hard drive...
[05:27:25] 		 /work/data/output/Allium.senescens/proj_ipsl.cm6a.lr_ssp370/individual_projections/proj_ipsl.cm6a.lr_ssp370_Allium.senescens_PA1_RUN1_GLM.tif
[05:45:29] 	> Projecting Allium.senescens_PA1_RUN1_GBM ...
[05:45:30] 		Writing projection on hard drive...
[05:45:30] 		 /work/data/output/Allium.senescens/proj_ipsl.cm6a.lr_ssp370/individual_projections/proj_ipsl.cm6a.lr_ssp370_Allium.senescens_PA1_RUN1_GBM.tif
[05:46:25] 	> Projecting Allium.senescens_PA1_RUN1_ANN ...
[05:46:26] 		Writing projection on hard drive...
[05:46:26] 		 /work/data/output/Allium.senescens/proj_ipsl.cm6a.lr_ssp370/individual_projections/proj_ipsl.cm6a.lr_ssp370_Allium.senescens_PA1_RUN1_ANN.tif
[05:47:16] 	> Projecting Allium.senescens_PA1_RUN1_FDA ...
[05:47:17] 		Writing projection on hard drive...
[05:47:17] 		 /work/data/output/Allium.senescens/proj_ipsl.cm6a.lr_ssp370/individual_projections/proj_ipsl.cm6a.lr_ssp370_Allium.senescens_PA1_RUN1_FDA.tif
[05:47:54] 	> Projecting Allium.senescens_PA1_RUN1_MAXNET ...
[05:47:55] 		Writing projection on hard drive...
[05:47:55] 		 /work/data/output/Allium.senescens/proj_ipsl.cm6a.lr_ssp370/individual_projections/proj_ipsl.cm6a.lr_ssp370_Allium.senescens_PA1_RUN1_MAXNET.tif
[05:48:35] 	> Projecting Allium.senescens_PA1_RUN2_GLM ...
[05:48:36] 		Writing projection on hard drive...
[05:48:36] 		 /work/data/output/Allium.senescens/proj_ipsl.cm6a.lr_ssp370/individual_projections/proj_ipsl.cm6a.lr_ssp370_Allium.senescens_PA1_RUN2_GLM.tif
[06:06:00] 	> Projecting Allium.senescens_PA1_RUN2_GBM ...
[06:06:01] 		Writing projection on hard drive...
[06:06:01] 		 /work/data/output/Allium.senescens/proj_ipsl.cm6a.lr_ssp370/individual_projections/proj_ipsl.cm6a.lr_ssp370_Allium.senescens_PA1_RUN2_GBM.tif
[06:06:55] 	> Projecting Allium.senescens_PA1_RUN2_ANN ...
[06:06:56] 		Writing projection on hard drive...
[06:06:56] 		 /work/data/output/Allium.senescens/proj_ipsl.cm6a.lr_ssp370/individual_projections/proj_ipsl.cm6a.lr_ssp370_Allium.senescens_PA1_RUN2_ANN.tif
[06:07:42] 	> Projecting Allium.senescens_PA1_RUN2_FDA ...
[06:07:43] 		Writing projection on hard drive...
[06:07:43] 		 /work/data/output/Allium.senescens/proj_ipsl.cm6a.lr_ssp370/individual_projections/proj_ipsl.cm6a.lr_ssp370_Allium.senescens_PA1_RUN2_FDA.tif
[06:08:19] 	> Projecting Allium.senescens_PA1_RUN2_MAXNET ...
[06:08:20] 		Writing projection on hard drive...
[06:08:20] 		 /work/data/output/Allium.senescens/proj_ipsl.cm6a.lr_ssp370/individual_projections/proj_ipsl.cm6a.lr_ssp370_Allium.senescens_PA1_RUN2_MAXNET.tif
[06:08:56] 	> Projecting Allium.senescens_PA1_RUN3_GLM ...
[06:08:57] 		Writing projection on hard drive...
[06:08:57] 		 /work/data/output/Allium.senescens/proj_ipsl.cm6a.lr_ssp370/individual_projections/proj_ipsl.cm6a.lr_ssp370_Allium.senescens_PA1_RUN3_GLM.tif
[06:25:53] 	> Projecting Allium.senescens_PA1_RUN3_GBM ...
[06:25:54] 		Writing projection on hard drive...
[06:25:54] 		 /work/data/output/Allium.senescens/proj_ipsl.cm6a.lr_ssp370/individual_projections/proj_ipsl.cm6a.lr_ssp370_Allium.senescens_PA1_RUN3_GBM.tif
[06:26:58] 	> Projecting Allium.senescens_PA1_RUN3_ANN ...
[06:26:59] 		Writing projection on hard drive...
[06:26:59] 		 /work/data/output/Allium.senescens/proj_ipsl.cm6a.lr_ssp370/individual_projections/proj_ipsl.cm6a.lr_ssp370_Allium.senescens_PA1_RUN3_ANN.tif
[06:27:38] 	> Projecting Allium.senescens_PA1_RUN3_FDA ...
[06:27:39] 		Writing projection on hard drive...
[06:27:39] 		 /work/data/output/Allium.senescens/proj_ipsl.cm6a.lr_ssp370/individual_projections/proj_ipsl.cm6a.lr_ssp370_Allium.senescens_PA1_RUN3_FDA.tif
[06:28:14] 	> Projecting Allium.senescens_PA1_RUN3_MAXNET ...
[06:28:15] 		Writing projection on hard drive...
[06:28:15] 		 /work/data/output/Allium.senescens/proj_ipsl.cm6a.lr_ssp370/individual_projections/proj_ipsl.cm6a.lr_ssp370_Allium.senescens_PA1_RUN3_MAXNET.tif
[06:28:50] 	> Projecting Allium.senescens_PA1_RUN4_GLM ...
[06:28:51] 		Writing projection on hard drive...
[06:28:51] 		 /work/data/output/Allium.senescens/proj_ipsl.cm6a.lr_ssp370/individual_projections/proj_ipsl.cm6a.lr_ssp370_Allium.senescens_PA1_RUN4_GLM.tif
[06:45:39] 	> Projecting Allium.senescens_PA1_RUN4_GBM ...
[06:45:40] 		Writing projection on hard drive...
[06:45:40] 		 /work/data/output/Allium.senescens/proj_ipsl.cm6a.lr_ssp370/individual_projections/proj_ipsl.cm6a.lr_ssp370_Allium.senescens_PA1_RUN4_GBM.tif
[06:46:48] 	> Projecting Allium.senescens_PA1_RUN4_ANN ...
[06:46:49] 		Writing projection on hard drive...
[06:46:49] 		 /work/data/output/Allium.senescens/proj_ipsl.cm6a.lr_ssp370/individual_projections/proj_ipsl.cm6a.lr_ssp370_Allium.senescens_PA1_RUN4_ANN.tif
[06:47:48] 	> Projecting Allium.senescens_PA1_RUN4_FDA ...
[06:47:49] 		Writing projection on hard drive...
[06:47:49] 		 /work/data/output/Allium.senescens/proj_ipsl.cm6a.lr_ssp370/individual_projections/proj_ipsl.cm6a.lr_ssp370_Allium.senescens_PA1_RUN4_FDA.tif
[06:48:26] 	> Projecting Allium.senescens_PA1_RUN4_MAXNET ...
[06:48:27] 		Writing projection on hard drive...
[06:48:27] 		 /work/data/output/Allium.senescens/proj_ipsl.cm6a.lr_ssp370/individual_projections/proj_ipsl.cm6a.lr_ssp370_Allium.senescens_PA1_RUN4_MAXNET.tif
[06:49:09] 	> Projecting Allium.senescens_PA1_RUN5_GLM ...
[06:49:10] 		Writing projection on hard drive...
[06:49:10] 		 /work/data/output/Allium.senescens/proj_ipsl.cm6a.lr_ssp370/individual_projections/proj_ipsl.cm6a.lr_ssp370_Allium.senescens_PA1_RUN5_GLM.tif
[07:06:59] 	> Projecting Allium.senescens_PA1_RUN5_GBM ...
[07:07:00] 		Writing projection on hard drive...
[07:07:00] 		 /work/data/output/Allium.senescens/proj_ipsl.cm6a.lr_ssp370/individual_projections/proj_ipsl.cm6a.lr_ssp370_Allium.senescens_PA1_RUN5_GBM.tif
[07:08:16] 	> Projecting Allium.senescens_PA1_RUN5_ANN ...
[07:08:17] 		Writing projection on hard drive...
[07:08:17] 		 /work/data/output/Allium.senescens/proj_ipsl.cm6a.lr_ssp370/individual_projections/proj_ipsl.cm6a.lr_ssp370_Allium.senescens_PA1_RUN5_ANN.tif
[07:09:13] 	> Projecting Allium.senescens_PA1_RUN5_FDA ...
[07:09:14] 		Writing projection on hard drive...
[07:09:14] 		 /work/data/output/Allium.senescens/proj_ipsl.cm6a.lr_ssp370/individual_projections/proj_ipsl.cm6a.lr_ssp370_Allium.senescens_PA1_RUN5_FDA.tif
[07:09:53] 	> Projecting Allium.senescens_PA1_RUN5_MAXNET ...
[07:09:54] 		Writing projection on hard drive...
[07:09:54] 		 /work/data/output/Allium.senescens/proj_ipsl.cm6a.lr_ssp370/individual_projections/proj_ipsl.cm6a.lr_ssp370_Allium.senescens_PA1_RUN5_MAXNET.tif
[07:10:36] 	> Projecting Allium.senescens_PA2_RUN1_GLM ...
[07:10:37] 		Writing projection on hard drive...
[07:10:37] 		 /work/data/output/Allium.senescens/proj_ipsl.cm6a.lr_ssp370/individual_projections/proj_ipsl.cm6a.lr_ssp370_Allium.senescens_PA2_RUN1_GLM.tif
[07:29:21] 	> Projecting Allium.senescens_PA2_RUN1_GBM ...
[07:29:22] 		Writing projection on hard drive...
[07:29:22] 		 /work/data/output/Allium.senescens/proj_ipsl.cm6a.lr_ssp370/individual_projections/proj_ipsl.cm6a.lr_ssp370_Allium.senescens_PA2_RUN1_GBM.tif
[07:30:36] 	> Projecting Allium.senescens_PA2_RUN1_ANN ...
[07:30:37] 		Writing projection on hard drive...
[07:30:37] 		 /work/data/output/Allium.senescens/proj_ipsl.cm6a.lr_ssp370/individual_projections/proj_ipsl.cm6a.lr_ssp370_Allium.senescens_PA2_RUN1_ANN.tif
[07:31:34] 	> Projecting Allium.senescens_PA2_RUN1_FDA ...
[07:31:35] 		Writing projection on hard drive...
[07:31:35] 		 /work/data/output/Allium.senescens/proj_ipsl.cm6a.lr_ssp370/individual_projections/proj_ipsl.cm6a.lr_ssp370_Allium.senescens_PA2_RUN1_FDA.tif
[07:32:11] 	> Projecting Allium.senescens_PA2_RUN1_MAXNET ...
[07:32:12] 		Writing projection on hard drive...
[07:32:12] 		 /work/data/output/Allium.senescens/proj_ipsl.cm6a.lr_ssp370/individual_projections/proj_ipsl.cm6a.lr_ssp370_Allium.senescens_PA2_RUN1_MAXNET.tif
[07:32:53] 	> Projecting Allium.senescens_PA2_RUN2_GLM ...
[07:32:54] 		Writing projection on hard drive...
[07:32:54] 		 /work/data/output/Allium.senescens/proj_ipsl.cm6a.lr_ssp370/individual_projections/proj_ipsl.cm6a.lr_ssp370_Allium.senescens_PA2_RUN2_GLM.tif
[07:51:35] 	> Projecting Allium.senescens_PA2_RUN2_GBM ...
[07:51:36] 		Writing projection on hard drive...
[07:51:36] 		 /work/data/output/Allium.senescens/proj_ipsl.cm6a.lr_ssp370/individual_projections/proj_ipsl.cm6a.lr_ssp370_Allium.senescens_PA2_RUN2_GBM.tif
[07:52:53] 	> Projecting Allium.senescens_PA2_RUN2_ANN ...
[07:52:54] 		Writing projection on hard drive...
[07:52:54] 		 /work/data/output/Allium.senescens/proj_ipsl.cm6a.lr_ssp370/individual_projections/proj_ipsl.cm6a.lr_ssp370_Allium.senescens_PA2_RUN2_ANN.tif
[07:53:49] 	> Projecting Allium.senescens_PA2_RUN2_FDA ...
[07:53:50] 		Writing projection on hard drive...
[07:53:50] 		 /work/data/output/Allium.senescens/proj_ipsl.cm6a.lr_ssp370/individual_projections/proj_ipsl.cm6a.lr_ssp370_Allium.senescens_PA2_RUN2_FDA.tif
[07:54:22] 	> Projecting Allium.senescens_PA2_RUN2_MAXNET ...
[07:54:23] 		Writing projection on hard drive...
[07:54:23] 		 /work/data/output/Allium.senescens/proj_ipsl.cm6a.lr_ssp370/individual_projections/proj_ipsl.cm6a.lr_ssp370_Allium.senescens_PA2_RUN2_MAXNET.tif
[07:55:08] 	> Projecting Allium.senescens_PA2_RUN3_GLM ...
[07:55:09] 		Writing projection on hard drive...
[07:55:09] 		 /work/data/output/Allium.senescens/proj_ipsl.cm6a.lr_ssp370/individual_projections/proj_ipsl.cm6a.lr_ssp370_Allium.senescens_PA2_RUN3_GLM.tif
[08:13:25] 	> Projecting Allium.senescens_PA2_RUN3_GBM ...
[08:13:26] 		Writing projection on hard drive...
[08:13:26] 		 /work/data/output/Allium.senescens/proj_ipsl.cm6a.lr_ssp370/individual_projections/proj_ipsl.cm6a.lr_ssp370_Allium.senescens_PA2_RUN3_GBM.tif
[08:14:45] 	> Projecting Allium.senescens_PA2_RUN3_ANN ...
[08:14:46] 		Writing projection on hard drive...
[08:14:46] 		 /work/data/output/Allium.senescens/proj_ipsl.cm6a.lr_ssp370/individual_projections/proj_ipsl.cm6a.lr_ssp370_Allium.senescens_PA2_RUN3_ANN.tif
[08:15:39] 	> Projecting Allium.senescens_PA2_RUN3_FDA ...
[08:15:40] 		Writing projection on hard drive...
[08:15:40] 		 /work/data/output/Allium.senescens/proj_ipsl.cm6a.lr_ssp370/individual_projections/proj_ipsl.cm6a.lr_ssp370_Allium.senescens_PA2_RUN3_FDA.tif
[08:16:13] 	> Projecting Allium.senescens_PA2_RUN3_MAXNET ...
[08:16:13] 		Writing projection on hard drive...
[08:16:13] 		 /work/data/output/Allium.senescens/proj_ipsl.cm6a.lr_ssp370/individual_projections/proj_ipsl.cm6a.lr_ssp370_Allium.senescens_PA2_RUN3_MAXNET.tif
[08:16:55] 	> Projecting Allium.senescens_PA2_RUN4_GLM ...
[08:16:56] 		Writing projection on hard drive...
[08:16:56] 		 /work/data/output/Allium.senescens/proj_ipsl.cm6a.lr_ssp370/individual_projections/proj_ipsl.cm6a.lr_ssp370_Allium.senescens_PA2_RUN4_GLM.tif
[08:35:51] 	> Projecting Allium.senescens_PA2_RUN4_GBM ...
[08:35:52] 		Writing projection on hard drive...
[08:35:52] 		 /work/data/output/Allium.senescens/proj_ipsl.cm6a.lr_ssp370/individual_projections/proj_ipsl.cm6a.lr_ssp370_Allium.senescens_PA2_RUN4_GBM.tif
[08:37:10] 	> Projecting Allium.senescens_PA2_RUN4_ANN ...
[08:37:11] 		Writing projection on hard drive...
[08:37:11] 		 /work/data/output/Allium.senescens/proj_ipsl.cm6a.lr_ssp370/individual_projections/proj_ipsl.cm6a.lr_ssp370_Allium.senescens_PA2_RUN4_ANN.tif
[08:37:59] 	> Projecting Allium.senescens_PA2_RUN4_FDA ...
[08:38:00] 		Writing projection on hard drive...
[08:38:00] 		 /work/data/output/Allium.senescens/proj_ipsl.cm6a.lr_ssp370/individual_projections/proj_ipsl.cm6a.lr_ssp370_Allium.senescens_PA2_RUN4_FDA.tif
[08:38:32] 	> Projecting Allium.senescens_PA2_RUN4_MAXNET ...
[08:38:33] 		Writing projection on hard drive...
[08:38:33] 		 /work/data/output/Allium.senescens/proj_ipsl.cm6a.lr_ssp370/individual_projections/proj_ipsl.cm6a.lr_ssp370_Allium.senescens_PA2_RUN4_MAXNET.tif
[08:39:09] 	> Projecting Allium.senescens_PA2_RUN5_GLM ...
[08:39:10] 		Writing projection on hard drive...
[08:39:10] 		 /work/data/output/Allium.senescens/proj_ipsl.cm6a.lr_ssp370/individual_projections/proj_ipsl.cm6a.lr_ssp370_Allium.senescens_PA2_RUN5_GLM.tif
[08:57:02] 	> Projecting Allium.senescens_PA2_RUN5_GBM ...
[08:57:04] 		Writing projection on hard drive...
[08:57:04] 		 /work/data/output/Allium.senescens/proj_ipsl.cm6a.lr_ssp370/individual_projections/proj_ipsl.cm6a.lr_ssp370_Allium.senescens_PA2_RUN5_GBM.tif
[08:58:04] 	> Projecting Allium.senescens_PA2_RUN5_ANN ...
[08:58:05] 		Writing projection on hard drive...
[08:58:05] 		 /work/data/output/Allium.senescens/proj_ipsl.cm6a.lr_ssp370/individual_projections/proj_ipsl.cm6a.lr_ssp370_Allium.senescens_PA2_RUN5_ANN.tif
[08:58:49] 	> Projecting Allium.senescens_PA2_RUN5_FDA ...
[08:58:50] 		Writing projection on hard drive...
[08:58:50] 		 /work/data/output/Allium.senescens/proj_ipsl.cm6a.lr_ssp370/individual_projections/proj_ipsl.cm6a.lr_ssp370_Allium.senescens_PA2_RUN5_FDA.tif
[08:59:22] 	> Projecting Allium.senescens_PA2_RUN5_MAXNET ...
[08:59:23] 		Writing projection on hard drive...
[08:59:23] 		 /work/data/output/Allium.senescens/proj_ipsl.cm6a.lr_ssp370/individual_projections/proj_ipsl.cm6a.lr_ssp370_Allium.senescens_PA2_RUN5_MAXNET.tif
[08:59:56] 	> Projecting Allium.senescens_PA3_RUN1_GLM ...
[08:59:57] 		Writing projection on hard drive...
[08:59:57] 		 /work/data/output/Allium.senescens/proj_ipsl.cm6a.lr_ssp370/individual_projections/proj_ipsl.cm6a.lr_ssp370_Allium.senescens_PA3_RUN1_GLM.tif
[09:18:03] 	> Projecting Allium.senescens_PA3_RUN1_GBM ...
[09:18:04] 		Writing projection on hard drive...
[09:18:04] 		 /work/data/output/Allium.senescens/proj_ipsl.cm6a.lr_ssp370/individual_projections/proj_ipsl.cm6a.lr_ssp370_Allium.senescens_PA3_RUN1_GBM.tif
[09:19:00] 	> Projecting Allium.senescens_PA3_RUN1_ANN ...
[09:19:01] 		Writing projection on hard drive...
[09:19:01] 		 /work/data/output/Allium.senescens/proj_ipsl.cm6a.lr_ssp370/individual_projections/proj_ipsl.cm6a.lr_ssp370_Allium.senescens_PA3_RUN1_ANN.tif
[09:19:47] 	> Projecting Allium.senescens_PA3_RUN1_FDA ...
[09:19:48] 		Writing projection on hard drive...
[09:19:48] 		 /work/data/output/Allium.senescens/proj_ipsl.cm6a.lr_ssp370/individual_projections/proj_ipsl.cm6a.lr_ssp370_Allium.senescens_PA3_RUN1_FDA.tif
[09:20:16] 	> Projecting Allium.senescens_PA3_RUN1_MAXNET ...
[09:20:17] 		Writing projection on hard drive...
[09:20:17] 		 /work/data/output/Allium.senescens/proj_ipsl.cm6a.lr_ssp370/individual_projections/proj_ipsl.cm6a.lr_ssp370_Allium.senescens_PA3_RUN1_MAXNET.tif
[09:20:50] 	> Projecting Allium.senescens_PA3_RUN2_GLM ...
[09:20:51] 		Writing projection on hard drive...
[09:20:51] 		 /work/data/output/Allium.senescens/proj_ipsl.cm6a.lr_ssp370/individual_projections/proj_ipsl.cm6a.lr_ssp370_Allium.senescens_PA3_RUN2_GLM.tif
[09:39:02] 	> Projecting Allium.senescens_PA3_RUN2_GBM ...
[09:39:03] 		Writing projection on hard drive...
[09:39:03] 		 /work/data/output/Allium.senescens/proj_ipsl.cm6a.lr_ssp370/individual_projections/proj_ipsl.cm6a.lr_ssp370_Allium.senescens_PA3_RUN2_GBM.tif
[09:40:18] 	> Projecting Allium.senescens_PA3_RUN2_ANN ...
[09:40:19] 		Writing projection on hard drive...
[09:40:19] 		 /work/data/output/Allium.senescens/proj_ipsl.cm6a.lr_ssp370/individual_projections/proj_ipsl.cm6a.lr_ssp370_Allium.senescens_PA3_RUN2_ANN.tif
[09:41:13] 	> Projecting Allium.senescens_PA3_RUN2_FDA ...
[09:41:14] 		Writing projection on hard drive...
[09:41:14] 		 /work/data/output/Allium.senescens/proj_ipsl.cm6a.lr_ssp370/individual_projections/proj_ipsl.cm6a.lr_ssp370_Allium.senescens_PA3_RUN2_FDA.tif
[09:41:53] 	> Projecting Allium.senescens_PA3_RUN2_MAXNET ...
[09:41:54] 		Writing projection on hard drive...
[09:41:54] 		 /work/data/output/Allium.senescens/proj_ipsl.cm6a.lr_ssp370/individual_projections/proj_ipsl.cm6a.lr_ssp370_Allium.senescens_PA3_RUN2_MAXNET.tif
[09:42:36] 	> Projecting Allium.senescens_PA3_RUN3_GLM ...
[09:42:37] 		Writing projection on hard drive...
[09:42:37] 		 /work/data/output/Allium.senescens/proj_ipsl.cm6a.lr_ssp370/individual_projections/proj_ipsl.cm6a.lr_ssp370_Allium.senescens_PA3_RUN3_GLM.tif
[10:00:56] 	> Projecting Allium.senescens_PA3_RUN3_GBM ...
[10:00:57] 		Writing projection on hard drive...
[10:00:57] 		 /work/data/output/Allium.senescens/proj_ipsl.cm6a.lr_ssp370/individual_projections/proj_ipsl.cm6a.lr_ssp370_Allium.senescens_PA3_RUN3_GBM.tif
[10:02:12] 	> Projecting Allium.senescens_PA3_RUN3_ANN ...
[10:02:13] 		Writing projection on hard drive...
[10:02:13] 		 /work/data/output/Allium.senescens/proj_ipsl.cm6a.lr_ssp370/individual_projections/proj_ipsl.cm6a.lr_ssp370_Allium.senescens_PA3_RUN3_ANN.tif
[10:03:10] 	> Projecting Allium.senescens_PA3_RUN3_FDA ...
[10:03:11] 		Writing projection on hard drive...
[10:03:11] 		 /work/data/output/Allium.senescens/proj_ipsl.cm6a.lr_ssp370/individual_projections/proj_ipsl.cm6a.lr_ssp370_Allium.senescens_PA3_RUN3_FDA.tif
[10:03:49] 	> Projecting Allium.senescens_PA3_RUN3_MAXNET ...
[10:03:50] 		Writing projection on hard drive...
[10:03:50] 		 /work/data/output/Allium.senescens/proj_ipsl.cm6a.lr_ssp370/individual_projections/proj_ipsl.cm6a.lr_ssp370_Allium.senescens_PA3_RUN3_MAXNET.tif
[10:04:33] 	> Projecting Allium.senescens_PA3_RUN4_GLM ...
[10:04:34] 		Writing projection on hard drive...
[10:04:34] 		 /work/data/output/Allium.senescens/proj_ipsl.cm6a.lr_ssp370/individual_projections/proj_ipsl.cm6a.lr_ssp370_Allium.senescens_PA3_RUN4_GLM.tif
[10:22:38] 	> Projecting Allium.senescens_PA3_RUN4_GBM ...
[10:22:39] 		Writing projection on hard drive...
[10:22:39] 		 /work/data/output/Allium.senescens/proj_ipsl.cm6a.lr_ssp370/individual_projections/proj_ipsl.cm6a.lr_ssp370_Allium.senescens_PA3_RUN4_GBM.tif
[10:23:56] 	> Projecting Allium.senescens_PA3_RUN4_ANN ...
[10:23:57] 		Writing projection on hard drive...
[10:23:57] 		 /work/data/output/Allium.senescens/proj_ipsl.cm6a.lr_ssp370/individual_projections/proj_ipsl.cm6a.lr_ssp370_Allium.senescens_PA3_RUN4_ANN.tif
[10:24:58] 	> Projecting Allium.senescens_PA3_RUN4_FDA ...
[10:24:59] 		Writing projection on hard drive...
[10:24:59] 		 /work/data/output/Allium.senescens/proj_ipsl.cm6a.lr_ssp370/individual_projections/proj_ipsl.cm6a.lr_ssp370_Allium.senescens_PA3_RUN4_FDA.tif
[10:25:33] 	> Projecting Allium.senescens_PA3_RUN4_MAXNET ...
[10:25:34] 		Writing projection on hard drive...
[10:25:34] 		 /work/data/output/Allium.senescens/proj_ipsl.cm6a.lr_ssp370/individual_projections/proj_ipsl.cm6a.lr_ssp370_Allium.senescens_PA3_RUN4_MAXNET.tif
[10:26:18] 	> Projecting Allium.senescens_PA3_RUN5_GLM ...
[10:26:19] 		Writing projection on hard drive...
[10:26:19] 		 /work/data/output/Allium.senescens/proj_ipsl.cm6a.lr_ssp370/individual_projections/proj_ipsl.cm6a.lr_ssp370_Allium.senescens_PA3_RUN5_GLM.tif
[10:44:26] 	> Projecting Allium.senescens_PA3_RUN5_GBM ...
[10:44:27] 		Writing projection on hard drive...
[10:44:27] 		 /work/data/output/Allium.senescens/proj_ipsl.cm6a.lr_ssp370/individual_projections/proj_ipsl.cm6a.lr_ssp370_Allium.senescens_PA3_RUN5_GBM.tif
[10:45:39] 	> Projecting Allium.senescens_PA3_RUN5_ANN ...
[10:45:40] 		Writing projection on hard drive...
[10:45:40] 		 /work/data/output/Allium.senescens/proj_ipsl.cm6a.lr_ssp370/individual_projections/proj_ipsl.cm6a.lr_ssp370_Allium.senescens_PA3_RUN5_ANN.tif
[10:46:35] 	> Projecting Allium.senescens_PA3_RUN5_FDA ...
[10:46:36] 		Writing projection on hard drive...
[10:46:36] 		 /work/data/output/Allium.senescens/proj_ipsl.cm6a.lr_ssp370/individual_projections/proj_ipsl.cm6a.lr_ssp370_Allium.senescens_PA3_RUN5_FDA.tif
[10:47:10] 	> Projecting Allium.senescens_PA3_RUN5_MAXNET ...
[10:47:11] 		Writing projection on hard drive...
[10:47:11] 		 /work/data/output/Allium.senescens/proj_ipsl.cm6a.lr_ssp370/individual_projections/proj_ipsl.cm6a.lr_ssp370_Allium.senescens_PA3_RUN5_MAXNET.tif
[10:47:54] 	> Projecting Allium.senescens_PA4_RUN1_GLM ...
[10:47:55] 		Writing projection on hard drive...
[10:47:55] 		 /work/data/output/Allium.senescens/proj_ipsl.cm6a.lr_ssp370/individual_projections/proj_ipsl.cm6a.lr_ssp370_Allium.senescens_PA4_RUN1_GLM.tif
[11:06:38] 	> Projecting Allium.senescens_PA4_RUN1_GBM ...
[11:06:39] 		Writing projection on hard drive...
[11:06:39] 		 /work/data/output/Allium.senescens/proj_ipsl.cm6a.lr_ssp370/individual_projections/proj_ipsl.cm6a.lr_ssp370_Allium.senescens_PA4_RUN1_GBM.tif
[11:07:54] 	> Projecting Allium.senescens_PA4_RUN1_ANN ...
[11:07:55] 		Writing projection on hard drive...
[11:07:55] 		 /work/data/output/Allium.senescens/proj_ipsl.cm6a.lr_ssp370/individual_projections/proj_ipsl.cm6a.lr_ssp370_Allium.senescens_PA4_RUN1_ANN.tif
[11:08:54] 	> Projecting Allium.senescens_PA4_RUN1_FDA ...
[11:08:55] 		Writing projection on hard drive...
[11:08:55] 		 /work/data/output/Allium.senescens/proj_ipsl.cm6a.lr_ssp370/individual_projections/proj_ipsl.cm6a.lr_ssp370_Allium.senescens_PA4_RUN1_FDA.tif
[11:09:32] 	> Projecting Allium.senescens_PA4_RUN1_MAXNET ...
[11:09:33] 		Writing projection on hard drive...
[11:09:33] 		 /work/data/output/Allium.senescens/proj_ipsl.cm6a.lr_ssp370/individual_projections/proj_ipsl.cm6a.lr_ssp370_Allium.senescens_PA4_RUN1_MAXNET.tif
[11:10:18] 	> Projecting Allium.senescens_PA4_RUN2_GLM ...
[11:10:19] 		Writing projection on hard drive...
[11:10:19] 		 /work/data/output/Allium.senescens/proj_ipsl.cm6a.lr_ssp370/individual_projections/proj_ipsl.cm6a.lr_ssp370_Allium.senescens_PA4_RUN2_GLM.tif
[11:28:04] 	> Projecting Allium.senescens_PA4_RUN2_GBM ...
[11:28:05] 		Writing projection on hard drive...
[11:28:05] 		 /work/data/output/Allium.senescens/proj_ipsl.cm6a.lr_ssp370/individual_projections/proj_ipsl.cm6a.lr_ssp370_Allium.senescens_PA4_RUN2_GBM.tif
[11:29:17] 	> Projecting Allium.senescens_PA4_RUN2_ANN ...
[11:29:18] 		Writing projection on hard drive...
[11:29:18] 		 /work/data/output/Allium.senescens/proj_ipsl.cm6a.lr_ssp370/individual_projections/proj_ipsl.cm6a.lr_ssp370_Allium.senescens_PA4_RUN2_ANN.tif
[11:30:14] 	> Projecting Allium.senescens_PA4_RUN2_FDA ...
[11:30:15] 		Writing projection on hard drive...
[11:30:15] 		 /work/data/output/Allium.senescens/proj_ipsl.cm6a.lr_ssp370/individual_projections/proj_ipsl.cm6a.lr_ssp370_Allium.senescens_PA4_RUN2_FDA.tif
[11:30:51] 	> Projecting Allium.senescens_PA4_RUN2_MAXNET ...
[11:30:52] 		Writing projection on hard drive...
[11:30:52] 		 /work/data/output/Allium.senescens/proj_ipsl.cm6a.lr_ssp370/individual_projections/proj_ipsl.cm6a.lr_ssp370_Allium.senescens_PA4_RUN2_MAXNET.tif
[11:31:37] 	> Projecting Allium.senescens_PA4_RUN3_GLM ...
[11:31:38] 		Writing projection on hard drive...
[11:31:38] 		 /work/data/output/Allium.senescens/proj_ipsl.cm6a.lr_ssp370/individual_projections/proj_ipsl.cm6a.lr_ssp370_Allium.senescens_PA4_RUN3_GLM.tif
[11:50:37] 	> Projecting Allium.senescens_PA4_RUN3_GBM ...
[11:50:38] 		Writing projection on hard drive...
[11:50:38] 		 /work/data/output/Allium.senescens/proj_ipsl.cm6a.lr_ssp370/individual_projections/proj_ipsl.cm6a.lr_ssp370_Allium.senescens_PA4_RUN3_GBM.tif
[11:51:51] 	> Projecting Allium.senescens_PA4_RUN3_ANN ...
[11:51:52] 		Writing projection on hard drive...
[11:51:52] 		 /work/data/output/Allium.senescens/proj_ipsl.cm6a.lr_ssp370/individual_projections/proj_ipsl.cm6a.lr_ssp370_Allium.senescens_PA4_RUN3_ANN.tif
[11:52:52] 	> Projecting Allium.senescens_PA4_RUN3_FDA ...
[11:52:53] 		Writing projection on hard drive...
[11:52:53] 		 /work/data/output/Allium.senescens/proj_ipsl.cm6a.lr_ssp370/individual_projections/proj_ipsl.cm6a.lr_ssp370_Allium.senescens_PA4_RUN3_FDA.tif
[11:53:31] 	> Projecting Allium.senescens_PA4_RUN3_MAXNET ...
[11:53:32] 		Writing projection on hard drive...
[11:53:32] 		 /work/data/output/Allium.senescens/proj_ipsl.cm6a.lr_ssp370/individual_projections/proj_ipsl.cm6a.lr_ssp370_Allium.senescens_PA4_RUN3_MAXNET.tif
[11:54:14] 	> Projecting Allium.senescens_PA4_RUN4_GLM ...
[11:54:16] 		Writing projection on hard drive...
[11:54:16] 		 /work/data/output/Allium.senescens/proj_ipsl.cm6a.lr_ssp370/individual_projections/proj_ipsl.cm6a.lr_ssp370_Allium.senescens_PA4_RUN4_GLM.tif
[12:12:48] 	> Projecting Allium.senescens_PA4_RUN4_GBM ...
[12:12:49] 		Writing projection on hard drive...
[12:12:49] 		 /work/data/output/Allium.senescens/proj_ipsl.cm6a.lr_ssp370/individual_projections/proj_ipsl.cm6a.lr_ssp370_Allium.senescens_PA4_RUN4_GBM.tif
[12:13:59] 	> Projecting Allium.senescens_PA4_RUN4_ANN ...
[12:14:00] 		Writing projection on hard drive...
[12:14:00] 		 /work/data/output/Allium.senescens/proj_ipsl.cm6a.lr_ssp370/individual_projections/proj_ipsl.cm6a.lr_ssp370_Allium.senescens_PA4_RUN4_ANN.tif
[12:14:56] 	> Projecting Allium.senescens_PA4_RUN4_FDA ...
[12:14:57] 		Writing projection on hard drive...
[12:14:57] 		 /work/data/output/Allium.senescens/proj_ipsl.cm6a.lr_ssp370/individual_projections/proj_ipsl.cm6a.lr_ssp370_Allium.senescens_PA4_RUN4_FDA.tif
[12:15:34] 	> Projecting Allium.senescens_PA4_RUN4_MAXNET ...
[12:15:35] 		Writing projection on hard drive...
[12:15:35] 		 /work/data/output/Allium.senescens/proj_ipsl.cm6a.lr_ssp370/individual_projections/proj_ipsl.cm6a.lr_ssp370_Allium.senescens_PA4_RUN4_MAXNET.tif
[12:16:18] 	> Projecting Allium.senescens_PA4_RUN5_GLM ...
[12:16:19] 		Writing projection on hard drive...
[12:16:19] 		 /work/data/output/Allium.senescens/proj_ipsl.cm6a.lr_ssp370/individual_projections/proj_ipsl.cm6a.lr_ssp370_Allium.senescens_PA4_RUN5_GLM.tif
[12:34:24] 	> Projecting Allium.senescens_PA4_RUN5_GBM ...
[12:34:25] 		Writing projection on hard drive...
[12:34:25] 		 /work/data/output/Allium.senescens/proj_ipsl.cm6a.lr_ssp370/individual_projections/proj_ipsl.cm6a.lr_ssp370_Allium.senescens_PA4_RUN5_GBM.tif
[12:35:30] 	> Projecting Allium.senescens_PA4_RUN5_ANN ...
[12:35:31] 		Writing projection on hard drive...
[12:35:31] 		 /work/data/output/Allium.senescens/proj_ipsl.cm6a.lr_ssp370/individual_projections/proj_ipsl.cm6a.lr_ssp370_Allium.senescens_PA4_RUN5_ANN.tif
[12:36:26] 	> Projecting Allium.senescens_PA4_RUN5_FDA ...
[12:36:27] 		Writing projection on hard drive...
[12:36:27] 		 /work/data/output/Allium.senescens/proj_ipsl.cm6a.lr_ssp370/individual_projections/proj_ipsl.cm6a.lr_ssp370_Allium.senescens_PA4_RUN5_FDA.tif
[12:37:03] 	> Projecting Allium.senescens_PA4_RUN5_MAXNET ...
[12:37:04] 		Writing projection on hard drive...
[12:37:04] 		 /work/data/output/Allium.senescens/proj_ipsl.cm6a.lr_ssp370/individual_projections/proj_ipsl.cm6a.lr_ssp370_Allium.senescens_PA4_RUN5_MAXNET.tif
[12:37:52] 	> Projecting Allium.senescens_PA5_RUN1_GLM ...
[12:37:53] 		Writing projection on hard drive...
[12:37:53] 		 /work/data/output/Allium.senescens/proj_ipsl.cm6a.lr_ssp370/individual_projections/proj_ipsl.cm6a.lr_ssp370_Allium.senescens_PA5_RUN1_GLM.tif
[12:55:59] 	> Projecting Allium.senescens_PA5_RUN1_GBM ...
[12:56:00] 		Writing projection on hard drive...
[12:56:00] 		 /work/data/output/Allium.senescens/proj_ipsl.cm6a.lr_ssp370/individual_projections/proj_ipsl.cm6a.lr_ssp370_Allium.senescens_PA5_RUN1_GBM.tif
[12:57:19] 	> Projecting Allium.senescens_PA5_RUN1_ANN ...
[12:57:19] 		Writing projection on hard drive...
[12:57:19] 		 /work/data/output/Allium.senescens/proj_ipsl.cm6a.lr_ssp370/individual_projections/proj_ipsl.cm6a.lr_ssp370_Allium.senescens_PA5_RUN1_ANN.tif
[12:58:15] 	> Projecting Allium.senescens_PA5_RUN1_FDA ...
[12:58:16] 		Writing projection on hard drive...
[12:58:16] 		 /work/data/output/Allium.senescens/proj_ipsl.cm6a.lr_ssp370/individual_projections/proj_ipsl.cm6a.lr_ssp370_Allium.senescens_PA5_RUN1_FDA.tif
[12:58:54] 	> Projecting Allium.senescens_PA5_RUN1_MAXNET ...
[12:58:55] 		Writing projection on hard drive...
[12:58:55] 		 /work/data/output/Allium.senescens/proj_ipsl.cm6a.lr_ssp370/individual_projections/proj_ipsl.cm6a.lr_ssp370_Allium.senescens_PA5_RUN1_MAXNET.tif
[12:59:37] 	> Projecting Allium.senescens_PA5_RUN2_GLM ...
[12:59:38] 		Writing projection on hard drive...
[12:59:38] 		 /work/data/output/Allium.senescens/proj_ipsl.cm6a.lr_ssp370/individual_projections/proj_ipsl.cm6a.lr_ssp370_Allium.senescens_PA5_RUN2_GLM.tif
[13:17:30] 	> Projecting Allium.senescens_PA5_RUN2_GBM ...
[13:17:31] 		Writing projection on hard drive...
[13:17:31] 		 /work/data/output/Allium.senescens/proj_ipsl.cm6a.lr_ssp370/individual_projections/proj_ipsl.cm6a.lr_ssp370_Allium.senescens_PA5_RUN2_GBM.tif
[13:18:51] 	> Projecting Allium.senescens_PA5_RUN2_ANN ...
[13:18:52] 		Writing projection on hard drive...
[13:18:52] 		 /work/data/output/Allium.senescens/proj_ipsl.cm6a.lr_ssp370/individual_projections/proj_ipsl.cm6a.lr_ssp370_Allium.senescens_PA5_RUN2_ANN.tif
[13:19:48] 	> Projecting Allium.senescens_PA5_RUN2_FDA ...
[13:19:49] 		Writing projection on hard drive...
[13:19:49] 		 /work/data/output/Allium.senescens/proj_ipsl.cm6a.lr_ssp370/individual_projections/proj_ipsl.cm6a.lr_ssp370_Allium.senescens_PA5_RUN2_FDA.tif
[13:20:26] 	> Projecting Allium.senescens_PA5_RUN2_MAXNET ...
[13:20:27] 		Writing projection on hard drive...
[13:20:27] 		 /work/data/output/Allium.senescens/proj_ipsl.cm6a.lr_ssp370/individual_projections/proj_ipsl.cm6a.lr_ssp370_Allium.senescens_PA5_RUN2_MAXNET.tif
[13:21:02] 	> Projecting Allium.senescens_PA5_RUN3_GLM ...
[13:21:03] 		Writing projection on hard drive...
[13:21:03] 		 /work/data/output/Allium.senescens/proj_ipsl.cm6a.lr_ssp370/individual_projections/proj_ipsl.cm6a.lr_ssp370_Allium.senescens_PA5_RUN3_GLM.tif
[13:38:33] 	> Projecting Allium.senescens_PA5_RUN3_GBM ...
[13:38:34] 		Writing projection on hard drive...
[13:38:34] 		 /work/data/output/Allium.senescens/proj_ipsl.cm6a.lr_ssp370/individual_projections/proj_ipsl.cm6a.lr_ssp370_Allium.senescens_PA5_RUN3_GBM.tif
[13:39:34] 	> Projecting Allium.senescens_PA5_RUN3_ANN ...
[13:39:35] 		Writing projection on hard drive...
[13:39:35] 		 /work/data/output/Allium.senescens/proj_ipsl.cm6a.lr_ssp370/individual_projections/proj_ipsl.cm6a.lr_ssp370_Allium.senescens_PA5_RUN3_ANN.tif
[13:40:20] 	> Projecting Allium.senescens_PA5_RUN3_FDA ...
[13:40:21] 		Writing projection on hard drive...
[13:40:21] 		 /work/data/output/Allium.senescens/proj_ipsl.cm6a.lr_ssp370/individual_projections/proj_ipsl.cm6a.lr_ssp370_Allium.senescens_PA5_RUN3_FDA.tif
[13:40:53] 	> Projecting Allium.senescens_PA5_RUN3_MAXNET ...
[13:40:54] 		Writing projection on hard drive...
[13:40:54] 		 /work/data/output/Allium.senescens/proj_ipsl.cm6a.lr_ssp370/individual_projections/proj_ipsl.cm6a.lr_ssp370_Allium.senescens_PA5_RUN3_MAXNET.tif
[13:41:29] 	> Projecting Allium.senescens_PA5_RUN4_GLM ...
[13:41:30] 		Writing projection on hard drive...
[13:41:30] 		 /work/data/output/Allium.senescens/proj_ipsl.cm6a.lr_ssp370/individual_projections/proj_ipsl.cm6a.lr_ssp370_Allium.senescens_PA5_RUN4_GLM.tif
[14:00:00] 	> Projecting Allium.senescens_PA5_RUN4_GBM ...
[14:00:01] 		Writing projection on hard drive...
[14:00:01] 		 /work/data/output/Allium.senescens/proj_ipsl.cm6a.lr_ssp370/individual_projections/proj_ipsl.cm6a.lr_ssp370_Allium.senescens_PA5_RUN4_GBM.tif
[14:01:01] 	> Projecting Allium.senescens_PA5_RUN4_ANN ...
[14:01:02] 		Writing projection on hard drive...
[14:01:02] 		 /work/data/output/Allium.senescens/proj_ipsl.cm6a.lr_ssp370/individual_projections/proj_ipsl.cm6a.lr_ssp370_Allium.senescens_PA5_RUN4_ANN.tif
[14:01:47] 	> Projecting Allium.senescens_PA5_RUN4_FDA ...
[14:01:48] 		Writing projection on hard drive...
[14:01:48] 		 /work/data/output/Allium.senescens/proj_ipsl.cm6a.lr_ssp370/individual_projections/proj_ipsl.cm6a.lr_ssp370_Allium.senescens_PA5_RUN4_FDA.tif
[14:02:20] 	> Projecting Allium.senescens_PA5_RUN4_MAXNET ...
[14:02:20] 		Writing projection on hard drive...
[14:02:20] 		 /work/data/output/Allium.senescens/proj_ipsl.cm6a.lr_ssp370/individual_projections/proj_ipsl.cm6a.lr_ssp370_Allium.senescens_PA5_RUN4_MAXNET.tif
[14:02:55] 	> Projecting Allium.senescens_PA5_RUN5_GLM ...
[14:02:56] 		Writing projection on hard drive...
[14:02:56] 		 /work/data/output/Allium.senescens/proj_ipsl.cm6a.lr_ssp370/individual_projections/proj_ipsl.cm6a.lr_ssp370_Allium.senescens_PA5_RUN5_GLM.tif
[14:20:48] 	> Projecting Allium.senescens_PA5_RUN5_GBM ...
[14:20:49] 		Writing projection on hard drive...
[14:20:49] 		 /work/data/output/Allium.senescens/proj_ipsl.cm6a.lr_ssp370/individual_projections/proj_ipsl.cm6a.lr_ssp370_Allium.senescens_PA5_RUN5_GBM.tif
[14:21:43] 	> Projecting Allium.senescens_PA5_RUN5_ANN ...
[14:21:44] 		Writing projection on hard drive...
[14:21:44] 		 /work/data/output/Allium.senescens/proj_ipsl.cm6a.lr_ssp370/individual_projections/proj_ipsl.cm6a.lr_ssp370_Allium.senescens_PA5_RUN5_ANN.tif
[14:22:32] 	> Projecting Allium.senescens_PA5_RUN5_FDA ...
[14:22:33] 		Writing projection on hard drive...
[14:22:33] 		 /work/data/output/Allium.senescens/proj_ipsl.cm6a.lr_ssp370/individual_projections/proj_ipsl.cm6a.lr_ssp370_Allium.senescens_PA5_RUN5_FDA.tif
[14:23:06] 	> Projecting Allium.senescens_PA5_RUN5_MAXNET ...
[14:23:07] 		Writing projection on hard drive...
[14:23:07] 		 /work/data/output/Allium.senescens/proj_ipsl.cm6a.lr_ssp370/individual_projections/proj_ipsl.cm6a.lr_ssp370_Allium.senescens_PA5_RUN5_MAXNET.tif
[14:23:43] 	> Projecting Allium.senescens_PA6_RUN1_GLM ...
[14:23:44] 		Writing projection on hard drive...
[14:23:44] 		 /work/data/output/Allium.senescens/proj_ipsl.cm6a.lr_ssp370/individual_projections/proj_ipsl.cm6a.lr_ssp370_Allium.senescens_PA6_RUN1_GLM.tif
[14:40:40] 	> Projecting Allium.senescens_PA6_RUN1_GBM ...
[14:40:41] 		Writing projection on hard drive...
[14:40:41] 		 /work/data/output/Allium.senescens/proj_ipsl.cm6a.lr_ssp370/individual_projections/proj_ipsl.cm6a.lr_ssp370_Allium.senescens_PA6_RUN1_GBM.tif
[14:41:42] 	> Projecting Allium.senescens_PA6_RUN1_ANN ...
[14:41:43] 		Writing projection on hard drive...
[14:41:43] 		 /work/data/output/Allium.senescens/proj_ipsl.cm6a.lr_ssp370/individual_projections/proj_ipsl.cm6a.lr_ssp370_Allium.senescens_PA6_RUN1_ANN.tif
[14:42:25] 	> Projecting Allium.senescens_PA6_RUN1_FDA ...
[14:42:26] 		Writing projection on hard drive...
[14:42:26] 		 /work/data/output/Allium.senescens/proj_ipsl.cm6a.lr_ssp370/individual_projections/proj_ipsl.cm6a.lr_ssp370_Allium.senescens_PA6_RUN1_FDA.tif
[14:42:58] 	> Projecting Allium.senescens_PA6_RUN1_MAXNET ...
[14:42:59] 		Writing projection on hard drive...
[14:42:59] 		 /work/data/output/Allium.senescens/proj_ipsl.cm6a.lr_ssp370/individual_projections/proj_ipsl.cm6a.lr_ssp370_Allium.senescens_PA6_RUN1_MAXNET.tif
[14:43:34] 	> Projecting Allium.senescens_PA6_RUN2_GLM ...
[14:43:34] 		Writing projection on hard drive...
[14:43:34] 		 /work/data/output/Allium.senescens/proj_ipsl.cm6a.lr_ssp370/individual_projections/proj_ipsl.cm6a.lr_ssp370_Allium.senescens_PA6_RUN2_GLM.tif
[15:01:41] 	> Projecting Allium.senescens_PA6_RUN2_GBM ...
[15:01:42] 		Writing projection on hard drive...
[15:01:42] 		 /work/data/output/Allium.senescens/proj_ipsl.cm6a.lr_ssp370/individual_projections/proj_ipsl.cm6a.lr_ssp370_Allium.senescens_PA6_RUN2_GBM.tif
[15:02:38] 	> Projecting Allium.senescens_PA6_RUN2_ANN ...
[15:02:39] 		Writing projection on hard drive...
[15:02:39] 		 /work/data/output/Allium.senescens/proj_ipsl.cm6a.lr_ssp370/individual_projections/proj_ipsl.cm6a.lr_ssp370_Allium.senescens_PA6_RUN2_ANN.tif
[15:03:28] 	> Projecting Allium.senescens_PA6_RUN2_FDA ...
[15:03:29] 		Writing projection on hard drive...
[15:03:29] 		 /work/data/output/Allium.senescens/proj_ipsl.cm6a.lr_ssp370/individual_projections/proj_ipsl.cm6a.lr_ssp370_Allium.senescens_PA6_RUN2_FDA.tif
[15:04:01] 	> Projecting Allium.senescens_PA6_RUN2_MAXNET ...
[15:04:02] 		Writing projection on hard drive...
[15:04:02] 		 /work/data/output/Allium.senescens/proj_ipsl.cm6a.lr_ssp370/individual_projections/proj_ipsl.cm6a.lr_ssp370_Allium.senescens_PA6_RUN2_MAXNET.tif
[15:04:37] 	> Projecting Allium.senescens_PA6_RUN3_GLM ...
[15:04:38] 		Writing projection on hard drive...
[15:04:38] 		 /work/data/output/Allium.senescens/proj_ipsl.cm6a.lr_ssp370/individual_projections/proj_ipsl.cm6a.lr_ssp370_Allium.senescens_PA6_RUN3_GLM.tif
slurmstepd: error: *** JOB 48873007 ON lrdn3607 CANCELLED AT 2026-07-11T15:14:31 DUE TO TIME LIMIT ***
