+ export OMP_NUM_THREADS=112
+ OMP_NUM_THREADS=112
+ RSCRIPT_PATH=/work/R/fast.test_risolto.R
+ R_DEBUG_ECHO=false
+ FORCE_CLEAN=false
+ FORCE_REBUILD_FUTURE=false
+ PROJ_KEEP_IN_MEMORY=false
+ PROJ_DO_STACK=false
+ TERRA_MEMFRAC=0.7
+ echo 'CONFIG: RSCRIPT_PATH=/work/R/fast.test_risolto.R'
CONFIG: RSCRIPT_PATH=/work/R/fast.test_risolto.R
+ echo 'CONFIG: R_DEBUG_ECHO=false FORCE_CLEAN=false FORCE_REBUILD_FUTURE=false'
CONFIG: R_DEBUG_ECHO=false FORCE_CLEAN=false FORCE_REBUILD_FUTURE=false
+ echo 'CONFIG: PROJ_KEEP_IN_MEMORY=false PROJ_DO_STACK=false TERRA_MEMFRAC=0.7'
CONFIG: PROJ_KEEP_IN_MEMORY=false PROJ_DO_STACK=false TERRA_MEMFRAC=0.7
+ mkdir -p data/output logs
+ T_START=0
+ singularity exec --pwd /work --bind /leonardo_work/IscrC_SPECC:/work /leonardo_work/IscrC_SPECC/container/geospatial.sif env R_DEBUG_ECHO=false FORCE_CLEAN=false FORCE_REBUILD_FUTURE=false PROJ_KEEP_IN_MEMORY=false PROJ_DO_STACK=false TERRA_MEMFRAC=0.7 OMP_NUM_THREADS=112 Rscript /work/R/fast.test_risolto.R
+ gawk '{ print strftime("[%H:%M:%S]"), $0; fflush() }'
[18:31:30] biomod2 4.3-4-5 loaded.
[18:31:30]  /!\ Welcome to augmented biomod2 with abundance modeling available! (*o*)
[18:31:30]  Take a look at the HOME and NEWS section on the website to see all the features!
[18:31:30] 
[18:31:30] Loading required package: nnet
[18:31:30] Loading required package: rpart
[18:31:30] Loading required package: cito
[18:31:30] Warning in library(package, lib.loc = lib.loc, character.only = TRUE, logical.return = TRUE,  :
[18:31:30]   there is no package called ‘cito’
[18:31:30] Loading required package: mda
[18:31:30] Loading required package: class
[18:31:30] Loaded mda 0.5-5
[18:31:30] 
[18:31:30] Loading required package: gam
[18:31:30] Loading required package: splines
[18:31:30] Loading required package: foreach
[18:31:30] Loaded gam 1.22-7
[18:31:30] 
[18:31:30] Loading required package: mgcv
[18:31:30] Loading required package: nlme
[18:31:30] This is mgcv 1.9-4. For overview type '?mgcv'.
[18:31:30] 
[18:31:30] Attaching package: ‘mgcv’
[18:31:30] 
[18:31:30] The following objects are masked from ‘package:gam’:
[18:31:30] 
[18:31:30]     gam, gam.control, gam.fit, s
[18:31:30] 
[18:31:30] The following object is masked from ‘package:nnet’:
[18:31:30] 
[18:31:30]     multinom
[18:31:30] 
[18:31:30] Loading required package: gbm
[18:31:30] Loaded gbm 2.2.3
[18:31:30] This version of gbm is no longer under development. Consider transitioning to gbm3, https://github.com/gbm-developers/gbm3
[18:31:30] Loading required package: earth
[18:31:30] Loading required package: Formula
[18:31:30] Loading required package: plotmo
[18:31:30] Loading required package: plotrix
[18:31:30] Loading required package: maxnet
[18:31:30] Loading required package: randomForest
[18:31:30] randomForest 4.7-1.2
[18:31:30] Type rfNews() to see new features/changes/bug fixes.
[18:31:30] Loading required package: xgboost
[18:31:30] terra 1.9.11
[18:31:30] 
[18:31:30] Attaching package: ‘terra’
[18:31:30] 
[18:31:30] The following object is masked from ‘package:plotrix’:
[18:31:30] 
[18:31:30]     rescale
[18:31:30] 
[18:31:30] DEBUG: R_DEBUG_ECHO = FALSE | TERRA_MEMFRAC = 0.7 
[18:31:38] DEBUG: num_sp = 167 | total rows = 2583359 
[18:31:38] DEBUG: loading calibration rasters...
[18:31:38] DEBUG: raster dim = 5873 x 10889 | ncell = 63951097 
[18:31:38] DEBUG: testing with 8 future scenarios
[18:31:38]   |                                                          |                                                  |   0%DEBUG: seed_val = 42 
[18:31:39] DEBUG: array task 4 -> species = Agrostis.rupestris | occurrences = 4464 
[18:31:39]           used  (Mb) gc trigger  (Mb) max used  (Mb)
[18:31:39] Ncells 3152703 168.4    9579658 511.7  6192477 330.8
[18:31:39] Vcells 6904853  52.7   40579068 309.6 50369492 384.3
[18:31:39] DEBUG: n_cpu = 1 (threshold 50k)
[18:31:39] DEBUG: projection_keep_in_memory = FALSE | projection_do_stack = FALSE 
[18:31:39] DEBUG: starting BIOMOD_FormatingData at 18:31:39 
[18:31:39] 
[18:31:39] -=-=-=-=-=-=-=-=-=-=-= Agrostis.rupestris Data Formating -=-=-=-=-=-=-=-=-=-=-=
[18:31:39] 
[18:31:39] 
[18:31:39] Checking Pseudo-absence selection arguments...
[18:31:39] 
[18:31:39]    > random pseudo absences selection
[21:01:33]    > Pseudo absences are selected in explanatory variables
[21:01:33] 
[21:01:46]  ! Some NAs have been automatically removed from your data
[21:01:46] -=-=-=-=-=-=-=-=-=-=-=-=-=-=-=-=-=-= Done -=-=-=-=-=-=-=-=-=-=-=-=-=-=-=-=-=-=
[21:01:46] DEBUG: BIOMOD_FormatingData done at 21:01:46 
[21:01:46] 
[21:01:46] -=-=-=-=-=-=-=-=-=-=-=-=-=-= Build Modeling Options -=-=-=-=-=-=-=-=-=-=-=-=-=-=
[21:01:46] 
[21:01:46] 	>  GLM options ( datatype: binary , package: stats , function: glm )...
[21:01:46] 	>  GBM options ( datatype: binary , package: gbm , function: gbm )...
[21:01:46] 	>  ANN options ( datatype: binary , package: nnet , function: nnet )...
[21:01:46] 	>  FDA options ( datatype: binary , package: mda , function: fda )...
[21:01:46] 	>  MAXNET options ( datatype: binary , package: maxnet , function: maxnet )...
[21:01:46] 
[21:01:46] -=-=-=-=-=-=-=-=-=-=-=-=-=-=-=-=-=-= Done -=-=-=-=-=-=-=-=-=-=-=-=-=-=-=-=-=-=
[21:01:46] 
[21:01:46] -=-=-=-=-=-=-=-=-=-=-=-=-=-=-= Build Single Models -=-=-=-=-=-=-=-=-=-=-=-=-=-=-=
[21:01:46] 
[21:01:46] 
[21:01:46] Checking Models arguments...
[21:01:46] 
[21:01:46] 	> Automatic weights creation to rise a 0.5 prevalence
[21:01:46] Creating suitable Workdir...
[21:01:49] 
[21:01:49] 
[21:01:49] Checking Cross-Validation arguments...
[21:01:49] 
[21:01:49]    > Random cross-validation selection
[21:01:49] 
[21:01:49] -=-=-=-=-=-=-=-=-=-=-=-=-=-= Build Modeling Options -=-=-=-=-=-=-=-=-=-=-=-=-=-=
[21:01:49] 
[21:01:49] 	>  GLM options ( datatype: binary , package: stats , function: glm )...
[21:01:49] 	>  GBM options ( datatype: binary , package: gbm , function: gbm )...
[21:01:49] 	>  ANN options ( datatype: binary , package: nnet , function: nnet )...
[21:01:49] 	>  FDA options ( datatype: binary , package: mda , function: fda )...
[21:01:49] 	>  MAXNET options ( datatype: binary , package: maxnet , function: maxnet )...
[21:01:49] 
[21:01:49] -=-=-=-=-=-=-=-=-=-=-=-=-=-=-=-=-=-= Done -=-=-=-=-=-=-=-=-=-=-=-=-=-=-=-=-=-=
[21:01:49] 
[21:01:49] 
[21:01:49] 
[21:01:49] -=-=-=-=-=-=-=-=-=-=-= Agrostis.rupestris Modeling Summary -=-=-=-=-=-=-=-=-=-=-=
[21:01:49] 
[21:01:49] > 5 environmental variables ( PC1_clim PC2_clim tri PC1_soil PC2_soil )
[21:01:49] 
[21:01:49] > Number of PA datasets : 10
[21:01:49] 
[21:01:49] > Number of calibration/validation splits : 5
[21:01:49] 
[21:01:49] > Algorithms selected : GLM GBM ANN FDA MAXNET
[21:01:49]  50 models for each algorithm
[21:01:49] 
[21:01:49] Total number of model runs: 250 
[21:01:49] 
[21:01:49] -=-=-=-=-=-=-=-=-=-=-=-=-=-=-=-=-=-=-=-=-=-=-=-=-=-=-=-=-=-=-=-=-=-=-=-=-=-=-=-=
[21:01:50] Warning: executing %dopar% sequentially: no parallel backend registered
[21:01:50] 
[21:01:50] 
[21:01:50] -=-=-=--=-=-=- Agrostis.rupestris_PA1_RUN1_GLM 
[21:01:50] Warning: glm.fit: fitted probabilities numerically 0 or 1 occurred
[21:01:51] 
[21:01:52] 	Evaluating Model stuff...
[21:01:52] 
[21:01:52] -=-=-=--=-=-=- Agrostis.rupestris_PA1_RUN1_GBM 
[21:01:52] CV: 1 
[21:01:58] CV: 2 
[21:02:03] CV: 3 
[21:02:19] 
[21:02:20] 	Evaluating Model stuff...
[21:02:20] 
[21:02:20] -=-=-=--=-=-=- Agrostis.rupestris_PA1_RUN1_ANN 
[21:02:20] 
[21:02:20] 	Model scaling...
[21:02:22] 	Evaluating Model stuff...
[21:02:22] 
[21:02:22] -=-=-=--=-=-=- Agrostis.rupestris_PA1_RUN1_FDA 
[21:02:22] 
[21:02:22] 	Model scaling...
[21:02:23] 	Evaluating Model stuff...
[21:02:23] 
[21:02:23] -=-=-=--=-=-=- Agrostis.rupestris_PA1_RUN1_MAXNET 
[21:02:56] 
[21:02:57] 	Evaluating Model stuff...
[21:02:57] 
[21:02:57] -=-=-=--=-=-=- Agrostis.rupestris_PA1_RUN2_GLM 
[21:02:57] Warning: glm.fit: fitted probabilities numerically 0 or 1 occurred
[21:02:57] 
[21:02:58] 	Evaluating Model stuff...
[21:02:58] 
[21:02:58] -=-=-=--=-=-=- Agrostis.rupestris_PA1_RUN2_GBM 
[21:02:58] CV: 1 
[21:03:04] CV: 2 
[21:03:10] CV: 3 
[21:03:25] 
[21:03:27] 	Evaluating Model stuff...
[21:03:27] 
[21:03:27] -=-=-=--=-=-=- Agrostis.rupestris_PA1_RUN2_ANN 
[21:03:27] 
[21:03:27] 	Model scaling...
[21:03:28] 	Evaluating Model stuff...
[21:03:28] 
[21:03:28] -=-=-=--=-=-=- Agrostis.rupestris_PA1_RUN2_FDA 
[21:03:28] 
[21:03:28] 	Model scaling...
[21:03:30] 	Evaluating Model stuff...
[21:03:30] 
[21:03:30] -=-=-=--=-=-=- Agrostis.rupestris_PA1_RUN2_MAXNET 
[21:04:02] 
[21:04:03] 	Evaluating Model stuff...
[21:04:03] 
[21:04:03] -=-=-=--=-=-=- Agrostis.rupestris_PA1_RUN3_GLM 
[21:04:03] Warning: glm.fit: fitted probabilities numerically 0 or 1 occurred
[21:04:03] 
[21:04:04] 	Evaluating Model stuff...
[21:04:04] 
[21:04:04] -=-=-=--=-=-=- Agrostis.rupestris_PA1_RUN3_GBM 
[21:04:04] CV: 1 
[21:04:10] CV: 2 
[21:04:16] CV: 3 
[21:04:31] 
[21:04:32] 	Evaluating Model stuff...
[21:04:32] 
[21:04:32] -=-=-=--=-=-=- Agrostis.rupestris_PA1_RUN3_ANN 
[21:04:33] 
[21:04:33] 	Model scaling...
[21:04:34] 	Evaluating Model stuff...
[21:04:34] 
[21:04:34] -=-=-=--=-=-=- Agrostis.rupestris_PA1_RUN3_FDA 
[21:04:34] 
[21:04:34] 	Model scaling...
[21:04:36] 	Evaluating Model stuff...
[21:04:36] 
[21:04:36] -=-=-=--=-=-=- Agrostis.rupestris_PA1_RUN3_MAXNET 
[21:05:07] 
[21:05:08] 	Evaluating Model stuff...
[21:05:08] 
[21:05:08] -=-=-=--=-=-=- Agrostis.rupestris_PA1_RUN4_GLM 
[21:05:08] Warning: glm.fit: fitted probabilities numerically 0 or 1 occurred
[21:05:08] 
[21:05:09] 	Evaluating Model stuff...
[21:05:09] 
[21:05:09] -=-=-=--=-=-=- Agrostis.rupestris_PA1_RUN4_GBM 
[21:05:09] CV: 1 
[21:05:15] CV: 2 
[21:05:21] CV: 3 
[21:05:36] 
[21:05:38] 	Evaluating Model stuff...
[21:05:38] 
[21:05:38] -=-=-=--=-=-=- Agrostis.rupestris_PA1_RUN4_ANN 
[21:05:38] 
[21:05:38] 	Model scaling...
[21:05:39] 	Evaluating Model stuff...
[21:05:39] 
[21:05:39] -=-=-=--=-=-=- Agrostis.rupestris_PA1_RUN4_FDA 
[21:05:40] 
[21:05:40] 	Model scaling...
[21:05:41] 	Evaluating Model stuff...
[21:05:41] 
[21:05:41] -=-=-=--=-=-=- Agrostis.rupestris_PA1_RUN4_MAXNET 
[21:06:13] 
[21:06:14] 	Evaluating Model stuff...
[21:06:14] 
[21:06:14] -=-=-=--=-=-=- Agrostis.rupestris_PA1_RUN5_GLM 
[21:06:14] Warning: glm.fit: fitted probabilities numerically 0 or 1 occurred
[21:06:14] 
[21:06:15] 	Evaluating Model stuff...
[21:06:15] 
[21:06:15] -=-=-=--=-=-=- Agrostis.rupestris_PA1_RUN5_GBM 
[21:06:15] CV: 1 
[21:06:21] CV: 2 
[21:06:26] CV: 3 
[21:06:42] 
[21:06:43] 	Evaluating Model stuff...
[21:06:43] 
[21:06:43] -=-=-=--=-=-=- Agrostis.rupestris_PA1_RUN5_ANN 
[21:06:43] 
[21:06:43] 	Model scaling...
[21:06:45] 	Evaluating Model stuff...
[21:06:45] 
[21:06:45] -=-=-=--=-=-=- Agrostis.rupestris_PA1_RUN5_FDA 
[21:06:45] 
[21:06:45] 	Model scaling...
[21:06:46] 	Evaluating Model stuff...
[21:06:46] 
[21:06:46] -=-=-=--=-=-=- Agrostis.rupestris_PA1_RUN5_MAXNET 
[21:07:18] 
[21:07:19] 	Evaluating Model stuff...
[21:07:19] 
[21:07:19] -=-=-=--=-=-=- Agrostis.rupestris_PA2_RUN1_GLM 
[21:07:19] Warning: glm.fit: fitted probabilities numerically 0 or 1 occurred
[21:07:19] 
[21:07:20] 	Evaluating Model stuff...
[21:07:20] 
[21:07:20] -=-=-=--=-=-=- Agrostis.rupestris_PA2_RUN1_GBM 
[21:07:20] CV: 1 
[21:07:26] CV: 2 
[21:07:32] CV: 3 
[21:07:47] 
[21:07:48] 	Evaluating Model stuff...Warning in max(calcStat, na.rm = TRUE) :
[21:07:48]   no non-missing arguments to max; returning -Inf
[21:07:48] 
[21:07:48] 
[21:07:48] -=-=-=--=-=-=- Agrostis.rupestris_PA2_RUN1_ANN 
[21:07:49] 
[21:07:49] 	Model scaling...
[21:07:50] 	Evaluating Model stuff...
[21:07:50] 
[21:07:50] -=-=-=--=-=-=- Agrostis.rupestris_PA2_RUN1_FDA 
[21:07:50] 
[21:07:50] 	Model scaling...
[21:07:51] 	Evaluating Model stuff...
[21:07:51] 
[21:07:51] -=-=-=--=-=-=- Agrostis.rupestris_PA2_RUN1_MAXNET 
[21:08:23] 
[21:08:24] 	Evaluating Model stuff...
[21:08:24] 
[21:08:24] -=-=-=--=-=-=- Agrostis.rupestris_PA2_RUN2_GLM 
[21:08:24] Warning: glm.fit: fitted probabilities numerically 0 or 1 occurred
[21:08:24] 
[21:08:26] 	Evaluating Model stuff...
[21:08:26] 
[21:08:26] -=-=-=--=-=-=- Agrostis.rupestris_PA2_RUN2_GBM 
[21:08:26] CV: 1 
[21:08:31] CV: 2 
[21:08:37] CV: 3 
[21:08:53] 
[21:08:54] 	Evaluating Model stuff...Warning in max(calcStat, na.rm = TRUE) :
[21:08:54]   no non-missing arguments to max; returning -Inf
[21:08:54] 
[21:08:54] 
[21:08:54] -=-=-=--=-=-=- Agrostis.rupestris_PA2_RUN2_ANN 
[21:08:54] 
[21:08:54] 	Model scaling...
[21:08:55] 	Evaluating Model stuff...
[21:08:55] 
[21:08:55] -=-=-=--=-=-=- Agrostis.rupestris_PA2_RUN2_FDA 
[21:08:56] 
[21:08:56] 	Model scaling...
[21:08:57] 	Evaluating Model stuff...
[21:08:57] 
[21:08:57] -=-=-=--=-=-=- Agrostis.rupestris_PA2_RUN2_MAXNET 
[21:09:29] 
[21:09:30] 	Evaluating Model stuff...
[21:09:30] 
[21:09:30] -=-=-=--=-=-=- Agrostis.rupestris_PA2_RUN3_GLM 
[21:09:30] Warning: glm.fit: fitted probabilities numerically 0 or 1 occurred
[21:09:30] 
[21:09:31] 	Evaluating Model stuff...
[21:09:31] 
[21:09:31] -=-=-=--=-=-=- Agrostis.rupestris_PA2_RUN3_GBM 
[21:09:31] CV: 1 
[21:09:37] CV: 2 
[21:09:43] CV: 3 
[21:09:58] 
[21:09:59] 	Evaluating Model stuff...
[21:09:59] 
[21:09:59] -=-=-=--=-=-=- Agrostis.rupestris_PA2_RUN3_ANN 
[21:10:00] 
[21:10:00] 	Model scaling...
[21:10:01] 	Evaluating Model stuff...
[21:10:01] 
[21:10:01] -=-=-=--=-=-=- Agrostis.rupestris_PA2_RUN3_FDA 
[21:10:01] 
[21:10:01] 	Model scaling...
[21:10:03] 	Evaluating Model stuff...
[21:10:03] 
[21:10:03] -=-=-=--=-=-=- Agrostis.rupestris_PA2_RUN3_MAXNET 
[21:10:35] 
[21:10:36] 	Evaluating Model stuff...
[21:10:36] 
[21:10:36] -=-=-=--=-=-=- Agrostis.rupestris_PA2_RUN4_GLM 
[21:10:36] Warning: glm.fit: fitted probabilities numerically 0 or 1 occurred
[21:10:36] 
[21:10:37] 	Evaluating Model stuff...
[21:10:37] 
[21:10:37] -=-=-=--=-=-=- Agrostis.rupestris_PA2_RUN4_GBM 
[21:10:37] CV: 1 
[21:10:43] CV: 2 
[21:10:49] CV: 3 
[21:11:04] 
[21:11:05] 	Evaluating Model stuff...Warning in max(calcStat, na.rm = TRUE) :
[21:11:05]   no non-missing arguments to max; returning -Inf
[21:11:05] 
[21:11:05] 
[21:11:05] -=-=-=--=-=-=- Agrostis.rupestris_PA2_RUN4_ANN 
[21:11:06] 
[21:11:06] 	Model scaling...
[21:11:07] 	Evaluating Model stuff...
[21:11:07] 
[21:11:07] -=-=-=--=-=-=- Agrostis.rupestris_PA2_RUN4_FDA 
[21:11:07] 
[21:11:07] 	Model scaling...
[21:11:09] 	Evaluating Model stuff...
[21:11:09] 
[21:11:09] -=-=-=--=-=-=- Agrostis.rupestris_PA2_RUN4_MAXNET 
[21:11:40] 
[21:11:41] 	Evaluating Model stuff...
[21:11:41] 
[21:11:41] -=-=-=--=-=-=- Agrostis.rupestris_PA2_RUN5_GLM 
[21:11:41] Warning: glm.fit: fitted probabilities numerically 0 or 1 occurred
[21:11:41] 
[21:11:42] 	Evaluating Model stuff...
[21:11:42] 
[21:11:42] -=-=-=--=-=-=- Agrostis.rupestris_PA2_RUN5_GBM 
[21:11:42] CV: 1 
[21:11:48] CV: 2 
[21:11:54] CV: 3 
[21:12:09] 
[21:12:11] 	Evaluating Model stuff...
[21:12:11] 
[21:12:11] -=-=-=--=-=-=- Agrostis.rupestris_PA2_RUN5_ANN 
[21:12:11] 
[21:12:11] 	Model scaling...
[21:12:12] 	Evaluating Model stuff...
[21:12:12] 
[21:12:12] -=-=-=--=-=-=- Agrostis.rupestris_PA2_RUN5_FDA 
[21:12:13] 
[21:12:13] 	Model scaling...
[21:12:14] 	Evaluating Model stuff...
[21:12:14] 
[21:12:14] -=-=-=--=-=-=- Agrostis.rupestris_PA2_RUN5_MAXNET 
[21:12:46] 
[21:12:47] 	Evaluating Model stuff...
[21:12:47] 
[21:12:47] -=-=-=--=-=-=- Agrostis.rupestris_PA3_RUN1_GLM 
[21:12:47] Warning: glm.fit: fitted probabilities numerically 0 or 1 occurred
[21:12:47] 
[21:12:48] 	Evaluating Model stuff...
[21:12:48] 
[21:12:48] -=-=-=--=-=-=- Agrostis.rupestris_PA3_RUN1_GBM 
[21:12:48] CV: 1 
[21:12:54] CV: 2 
[21:13:00] CV: 3 
[21:13:15] 
[21:13:16] 	Evaluating Model stuff...
[21:13:16] 
[21:13:16] -=-=-=--=-=-=- Agrostis.rupestris_PA3_RUN1_ANN 
[21:13:17] 
[21:13:17] 	Model scaling...
[21:13:18] 	Evaluating Model stuff...
[21:13:18] 
[21:13:18] -=-=-=--=-=-=- Agrostis.rupestris_PA3_RUN1_FDA 
[21:13:18] 
[21:13:18] 	Model scaling...
[21:13:19] 	Evaluating Model stuff...
[21:13:19] 
[21:13:19] -=-=-=--=-=-=- Agrostis.rupestris_PA3_RUN1_MAXNET 
[21:13:51] 
[21:13:52] 	Evaluating Model stuff...
[21:13:52] 
[21:13:52] -=-=-=--=-=-=- Agrostis.rupestris_PA3_RUN2_GLM 
[21:13:52] Warning: glm.fit: fitted probabilities numerically 0 or 1 occurred
[21:13:52] 
[21:13:54] 	Evaluating Model stuff...
[21:13:54] 
[21:13:54] -=-=-=--=-=-=- Agrostis.rupestris_PA3_RUN2_GBM 
[21:13:54] CV: 1 
[21:13:59] CV: 2 
[21:14:05] CV: 3 
[21:14:20] 
[21:14:21] 	Evaluating Model stuff...Warning in max(calcStat, na.rm = TRUE) :
[21:14:21]   no non-missing arguments to max; returning -Inf
[21:14:22] 
[21:14:22] 
[21:14:22] -=-=-=--=-=-=- Agrostis.rupestris_PA3_RUN2_ANN 
[21:14:22] 
[21:14:22] 	Model scaling...
[21:14:23] 	Evaluating Model stuff...
[21:14:23] 
[21:14:23] -=-=-=--=-=-=- Agrostis.rupestris_PA3_RUN2_FDA 
[21:14:23] 
[21:14:23] 	Model scaling...
[21:14:25] 	Evaluating Model stuff...
[21:14:25] 
[21:14:25] -=-=-=--=-=-=- Agrostis.rupestris_PA3_RUN2_MAXNET 
[21:14:57] 
[21:14:58] 	Evaluating Model stuff...
[21:14:58] 
[21:14:58] -=-=-=--=-=-=- Agrostis.rupestris_PA3_RUN3_GLM 
[21:14:58] Warning: glm.fit: fitted probabilities numerically 0 or 1 occurred
[21:14:58] 
[21:14:59] 	Evaluating Model stuff...
[21:14:59] 
[21:14:59] -=-=-=--=-=-=- Agrostis.rupestris_PA3_RUN3_GBM 
[21:14:59] CV: 1 
[21:15:05] CV: 2 
[21:15:11] CV: 3 
[21:15:26] 
[21:15:27] 	Evaluating Model stuff...
[21:15:27] 
[21:15:27] -=-=-=--=-=-=- Agrostis.rupestris_PA3_RUN3_ANN 
[21:15:28] 
[21:15:28] 	Model scaling...
[21:15:29] 	Evaluating Model stuff...
[21:15:29] 
[21:15:29] -=-=-=--=-=-=- Agrostis.rupestris_PA3_RUN3_FDA 
[21:15:29] 
[21:15:29] 	Model scaling...
[21:15:30] 	Evaluating Model stuff...
[21:15:30] 
[21:15:30] -=-=-=--=-=-=- Agrostis.rupestris_PA3_RUN3_MAXNET 
[21:16:03] 
[21:16:04] 	Evaluating Model stuff...
[21:16:04] 
[21:16:04] -=-=-=--=-=-=- Agrostis.rupestris_PA3_RUN4_GLM 
[21:16:04] Warning: glm.fit: fitted probabilities numerically 0 or 1 occurred
[21:16:04] 
[21:16:05] 	Evaluating Model stuff...
[21:16:05] 
[21:16:05] -=-=-=--=-=-=- Agrostis.rupestris_PA3_RUN4_GBM 
[21:16:05] CV: 1 
[21:16:11] CV: 2 
[21:16:16] CV: 3 
[21:16:32] 
[21:16:33] 	Evaluating Model stuff...
[21:16:33] 
[21:16:33] -=-=-=--=-=-=- Agrostis.rupestris_PA3_RUN4_ANN 
[21:16:33] 
[21:16:33] 	Model scaling...
[21:16:35] 	Evaluating Model stuff...
[21:16:35] 
[21:16:35] -=-=-=--=-=-=- Agrostis.rupestris_PA3_RUN4_FDA 
[21:16:35] 
[21:16:35] 	Model scaling...
[21:16:36] 	Evaluating Model stuff...
[21:16:36] 
[21:16:36] -=-=-=--=-=-=- Agrostis.rupestris_PA3_RUN4_MAXNET 
[21:17:08] 
[21:17:09] 	Evaluating Model stuff...Warning in max(calcStat, na.rm = TRUE) :
[21:17:09]   no non-missing arguments to max; returning -Inf
[21:17:10] 
[21:17:10] 
[21:17:10] -=-=-=--=-=-=- Agrostis.rupestris_PA3_RUN5_GLM 
[21:17:10] Warning: glm.fit: fitted probabilities numerically 0 or 1 occurred
[21:17:10] 
[21:17:11] 	Evaluating Model stuff...
[21:17:11] 
[21:17:11] -=-=-=--=-=-=- Agrostis.rupestris_PA3_RUN5_GBM 
[21:17:11] CV: 1 
[21:17:17] CV: 2 
[21:17:22] CV: 3 
[21:17:38] 
[21:17:39] 	Evaluating Model stuff...
[21:17:39] 
[21:17:39] -=-=-=--=-=-=- Agrostis.rupestris_PA3_RUN5_ANN 
[21:17:39] 
[21:17:39] 	Model scaling...
[21:17:41] 	Evaluating Model stuff...
[21:17:41] 
[21:17:41] -=-=-=--=-=-=- Agrostis.rupestris_PA3_RUN5_FDA 
[21:17:41] 
[21:17:41] 	Model scaling...
[21:17:42] 	Evaluating Model stuff...
[21:17:42] 
[21:17:42] -=-=-=--=-=-=- Agrostis.rupestris_PA3_RUN5_MAXNET 
[21:18:14] 
[21:18:15] 	Evaluating Model stuff...Warning in max(calcStat, na.rm = TRUE) :
[21:18:15]   no non-missing arguments to max; returning -Inf
[21:18:15] 
[21:18:15] 
[21:18:15] -=-=-=--=-=-=- Agrostis.rupestris_PA4_RUN1_GLM 
[21:18:15] Warning: glm.fit: fitted probabilities numerically 0 or 1 occurred
[21:18:15] 
[21:18:16] 	Evaluating Model stuff...
[21:18:16] 
[21:18:16] -=-=-=--=-=-=- Agrostis.rupestris_PA4_RUN1_GBM 
[21:18:16] CV: 1 
[21:18:22] CV: 2 
[21:18:28] CV: 3 
[21:18:43] 
[21:18:44] 	Evaluating Model stuff...
[21:18:44] 
[21:18:44] -=-=-=--=-=-=- Agrostis.rupestris_PA4_RUN1_ANN 
[21:18:44] 
[21:18:44] 	Model scaling...
[21:18:46] 	Evaluating Model stuff...
[21:18:46] 
[21:18:46] -=-=-=--=-=-=- Agrostis.rupestris_PA4_RUN1_FDA 
[21:18:46] 
[21:18:46] 	Model scaling...
[21:18:47] 	Evaluating Model stuff...
[21:18:47] 
[21:18:47] -=-=-=--=-=-=- Agrostis.rupestris_PA4_RUN1_MAXNET 
[21:19:19] 
[21:19:20] 	Evaluating Model stuff...Warning in max(calcStat, na.rm = TRUE) :
[21:19:20]   no non-missing arguments to max; returning -Inf
[21:19:20] 
[21:19:20] 
[21:19:20] -=-=-=--=-=-=- Agrostis.rupestris_PA4_RUN2_GLM 
[21:19:20] Warning: glm.fit: fitted probabilities numerically 0 or 1 occurred
[21:19:20] 
[21:19:21] 	Evaluating Model stuff...
[21:19:21] 
[21:19:21] -=-=-=--=-=-=- Agrostis.rupestris_PA4_RUN2_GBM 
[21:19:21] CV: 1 
[21:19:27] CV: 2 
[21:19:33] CV: 3 
[21:19:48] 
[21:19:49] 	Evaluating Model stuff...
[21:19:49] 
[21:19:49] -=-=-=--=-=-=- Agrostis.rupestris_PA4_RUN2_ANN 
[21:19:50] 
[21:19:50] 	Model scaling...
[21:19:51] 	Evaluating Model stuff...
[21:19:51] 
[21:19:51] -=-=-=--=-=-=- Agrostis.rupestris_PA4_RUN2_FDA 
[21:19:51] 
[21:19:51] 	Model scaling...
[21:19:52] 	Evaluating Model stuff...
[21:19:52] 
[21:19:52] -=-=-=--=-=-=- Agrostis.rupestris_PA4_RUN2_MAXNET 
[21:20:24] 
[21:20:25] 	Evaluating Model stuff...
[21:20:25] 
[21:20:25] -=-=-=--=-=-=- Agrostis.rupestris_PA4_RUN3_GLM 
[21:20:25] Warning: glm.fit: fitted probabilities numerically 0 or 1 occurred
[21:20:25] 
[21:20:26] 	Evaluating Model stuff...Warning in max(calcStat, na.rm = TRUE) :
[21:20:26]   no non-missing arguments to max; returning -Inf
[21:20:26] 
[21:20:26] 
[21:20:26] -=-=-=--=-=-=- Agrostis.rupestris_PA4_RUN3_GBM 
[21:20:26] CV: 1 
[21:20:32] CV: 2 
[21:20:38] CV: 3 
[21:20:53] 
[21:20:54] 	Evaluating Model stuff...
[21:20:54] 
[21:20:54] -=-=-=--=-=-=- Agrostis.rupestris_PA4_RUN3_ANN 
[21:20:55] 
[21:20:55] 	Model scaling...
[21:20:56] 	Evaluating Model stuff...
[21:20:56] 
[21:20:56] -=-=-=--=-=-=- Agrostis.rupestris_PA4_RUN3_FDA 
[21:20:56] 
[21:20:56] 	Model scaling...
[21:20:58] 	Evaluating Model stuff...
[21:20:58] 
[21:20:58] -=-=-=--=-=-=- Agrostis.rupestris_PA4_RUN3_MAXNET 
[21:21:29] 
[21:21:30] 	Evaluating Model stuff...
[21:21:30] 
[21:21:30] -=-=-=--=-=-=- Agrostis.rupestris_PA4_RUN4_GLM 
[21:21:31] Warning: glm.fit: fitted probabilities numerically 0 or 1 occurred
[21:21:31] 
[21:21:32] 	Evaluating Model stuff...Warning in max(calcStat, na.rm = TRUE) :
[21:21:32]   no non-missing arguments to max; returning -Inf
[21:21:32] 
[21:21:32] 
[21:21:32] -=-=-=--=-=-=- Agrostis.rupestris_PA4_RUN4_GBM 
[21:21:32] CV: 1 
[21:21:38] CV: 2 
[21:21:43] CV: 3 
[21:21:59] 
[21:22:00] 	Evaluating Model stuff...
[21:22:00] 
[21:22:00] -=-=-=--=-=-=- Agrostis.rupestris_PA4_RUN4_ANN 
[21:22:00] 
[21:22:00] 	Model scaling...
[21:22:02] 	Evaluating Model stuff...
[21:22:02] 
[21:22:02] -=-=-=--=-=-=- Agrostis.rupestris_PA4_RUN4_FDA 
[21:22:02] 
[21:22:02] 	Model scaling...
[21:22:03] 	Evaluating Model stuff...
[21:22:03] 
[21:22:03] -=-=-=--=-=-=- Agrostis.rupestris_PA4_RUN4_MAXNET 
[21:22:35] 
[21:22:36] 	Evaluating Model stuff...Warning in max(calcStat, na.rm = TRUE) :
[21:22:36]   no non-missing arguments to max; returning -Inf
[21:22:36] 
[21:22:36] 
[21:22:36] -=-=-=--=-=-=- Agrostis.rupestris_PA4_RUN5_GLM 
[21:22:36] Warning: glm.fit: fitted probabilities numerically 0 or 1 occurred
[21:22:36] 
[21:22:37] 	Evaluating Model stuff...
[21:22:37] 
[21:22:37] -=-=-=--=-=-=- Agrostis.rupestris_PA4_RUN5_GBM 
[21:22:37] CV: 1 
[21:22:43] CV: 2 
[21:22:49] CV: 3 
[21:23:04] 
[21:23:05] 	Evaluating Model stuff...
[21:23:05] 
[21:23:05] -=-=-=--=-=-=- Agrostis.rupestris_PA4_RUN5_ANN 
[21:23:05] 
[21:23:06] 	Model scaling...
[21:23:07] 	Evaluating Model stuff...
[21:23:07] 
[21:23:07] -=-=-=--=-=-=- Agrostis.rupestris_PA4_RUN5_FDA 
[21:23:07] 
[21:23:07] 	Model scaling...
[21:23:08] 	Evaluating Model stuff...
[21:23:08] 
[21:23:08] -=-=-=--=-=-=- Agrostis.rupestris_PA4_RUN5_MAXNET 
[21:23:40] 
[21:23:41] 	Evaluating Model stuff...
[21:23:41] 
[21:23:41] -=-=-=--=-=-=- Agrostis.rupestris_PA5_RUN1_GLM 
[21:23:41] Warning: glm.fit: fitted probabilities numerically 0 or 1 occurred
[21:23:42] 
[21:23:43] 	Evaluating Model stuff...
[21:23:43] 
[21:23:43] -=-=-=--=-=-=- Agrostis.rupestris_PA5_RUN1_GBM 
[21:23:43] CV: 1 
[21:23:48] CV: 2 
[21:23:54] CV: 3 
[21:24:10] 
[21:24:11] 	Evaluating Model stuff...Warning in max(calcStat, na.rm = TRUE) :
[21:24:11]   no non-missing arguments to max; returning -Inf
[21:24:11] 
[21:24:11] 
[21:24:11] -=-=-=--=-=-=- Agrostis.rupestris_PA5_RUN1_ANN 
[21:24:11] 
[21:24:11] 	Model scaling...
[21:24:12] 	Evaluating Model stuff...
[21:24:12] 
[21:24:12] -=-=-=--=-=-=- Agrostis.rupestris_PA5_RUN1_FDA 
[21:24:12] 
[21:24:13] 	Model scaling...
[21:24:14] 	Evaluating Model stuff...
[21:24:14] 
[21:24:14] -=-=-=--=-=-=- Agrostis.rupestris_PA5_RUN1_MAXNET 
[21:24:46] 
[21:24:47] 	Evaluating Model stuff...Warning in max(calcStat, na.rm = TRUE) :
[21:24:47]   no non-missing arguments to max; returning -Inf
[21:24:47] 
[21:24:47] 
[21:24:47] -=-=-=--=-=-=- Agrostis.rupestris_PA5_RUN2_GLM 
[21:24:47] Warning: glm.fit: fitted probabilities numerically 0 or 1 occurred
[21:24:47] 
[21:24:48] 	Evaluating Model stuff...
[21:24:48] 
[21:24:48] -=-=-=--=-=-=- Agrostis.rupestris_PA5_RUN2_GBM 
[21:24:48] CV: 1 
[21:24:54] CV: 2 
[21:25:00] CV: 3 
[21:25:15] 
[21:25:16] 	Evaluating Model stuff...Warning in max(calcStat, na.rm = TRUE) :
[21:25:16]   no non-missing arguments to max; returning -Inf
[21:25:16] 
[21:25:16] 
[21:25:16] -=-=-=--=-=-=- Agrostis.rupestris_PA5_RUN2_ANN 
[21:25:17] 
[21:25:17] 	Model scaling...
[21:25:18] 	Evaluating Model stuff...
[21:25:18] 
[21:25:18] -=-=-=--=-=-=- Agrostis.rupestris_PA5_RUN2_FDA 
[21:25:18] 
[21:25:18] 	Model scaling...
[21:25:19] 	Evaluating Model stuff...
[21:25:19] 
[21:25:19] -=-=-=--=-=-=- Agrostis.rupestris_PA5_RUN2_MAXNET 
[21:25:51] 
[21:25:52] 	Evaluating Model stuff...Warning in max(calcStat, na.rm = TRUE) :
[21:25:52]   no non-missing arguments to max; returning -Inf
[21:25:52] 
[21:25:52] 
[21:25:52] -=-=-=--=-=-=- Agrostis.rupestris_PA5_RUN3_GLM 
[21:25:52] Warning: glm.fit: fitted probabilities numerically 0 or 1 occurred
[21:25:52] 
[21:25:53] 	Evaluating Model stuff...
[21:25:53] 
[21:25:53] -=-=-=--=-=-=- Agrostis.rupestris_PA5_RUN3_GBM 
[21:25:53] CV: 1 
[21:25:59] CV: 2 
[21:26:05] CV: 3 
[21:26:20] 
[21:26:21] 	Evaluating Model stuff...
[21:26:21] 
[21:26:21] -=-=-=--=-=-=- Agrostis.rupestris_PA5_RUN3_ANN 
[21:26:22] 
[21:26:22] 	Model scaling...
[21:26:23] 	Evaluating Model stuff...
[21:26:23] 
[21:26:23] -=-=-=--=-=-=- Agrostis.rupestris_PA5_RUN3_FDA 
[21:26:23] 
[21:26:23] 	Model scaling...
[21:26:25] 	Evaluating Model stuff...
[21:26:25] 
[21:26:25] -=-=-=--=-=-=- Agrostis.rupestris_PA5_RUN3_MAXNET 
[21:26:56] 
[21:26:57] 	Evaluating Model stuff...Warning in max(calcStat, na.rm = TRUE) :
[21:26:57]   no non-missing arguments to max; returning -Inf
[21:26:57] 
[21:26:57] 
[21:26:57] -=-=-=--=-=-=- Agrostis.rupestris_PA5_RUN4_GLM 
[21:26:58] Warning: glm.fit: fitted probabilities numerically 0 or 1 occurred
[21:26:58] 
[21:26:59] 	Evaluating Model stuff...
[21:26:59] 
[21:26:59] -=-=-=--=-=-=- Agrostis.rupestris_PA5_RUN4_GBM 
[21:26:59] CV: 1 
[21:27:04] CV: 2 
[21:27:10] CV: 3 
[21:27:26] 
[21:27:27] 	Evaluating Model stuff...
[21:27:27] 
[21:27:27] -=-=-=--=-=-=- Agrostis.rupestris_PA5_RUN4_ANN 
[21:27:27] 
[21:27:27] 	Model scaling...
[21:27:28] 	Evaluating Model stuff...
[21:27:28] 
[21:27:28] -=-=-=--=-=-=- Agrostis.rupestris_PA5_RUN4_FDA 
[21:27:29] 
[21:27:29] 	Model scaling...
[21:27:30] 	Evaluating Model stuff...
[21:27:30] 
[21:27:30] -=-=-=--=-=-=- Agrostis.rupestris_PA5_RUN4_MAXNET 
[21:28:02] 
[21:28:03] 	Evaluating Model stuff...Warning in max(calcStat, na.rm = TRUE) :
[21:28:03]   no non-missing arguments to max; returning -Inf
[21:28:03] 
[21:28:03] 
[21:28:03] -=-=-=--=-=-=- Agrostis.rupestris_PA5_RUN5_GLM 
[21:28:03] Warning: glm.fit: fitted probabilities numerically 0 or 1 occurred
[21:28:03] 
[21:28:04] 	Evaluating Model stuff...
[21:28:04] 
[21:28:04] -=-=-=--=-=-=- Agrostis.rupestris_PA5_RUN5_GBM 
[21:28:04] CV: 1 
[21:28:10] CV: 2 
[21:28:16] CV: 3 
[21:28:31] 
[21:28:32] 	Evaluating Model stuff...
[21:28:32] 
[21:28:32] -=-=-=--=-=-=- Agrostis.rupestris_PA5_RUN5_ANN 
[21:28:32] 
[21:28:32] 	Model scaling...
[21:28:34] 	Evaluating Model stuff...
[21:28:34] 
[21:28:34] -=-=-=--=-=-=- Agrostis.rupestris_PA5_RUN5_FDA 
[21:28:34] 
[21:28:34] 	Model scaling...
[21:28:35] 	Evaluating Model stuff...
[21:28:35] 
[21:28:35] -=-=-=--=-=-=- Agrostis.rupestris_PA5_RUN5_MAXNET 
[21:29:07] 
[21:29:08] 	Evaluating Model stuff...
[21:29:08] 
[21:29:08] -=-=-=--=-=-=- Agrostis.rupestris_PA6_RUN1_GLM 
[21:29:08] Warning: glm.fit: fitted probabilities numerically 0 or 1 occurred
[21:29:08] 
[21:29:09] 	Evaluating Model stuff...Warning in max(calcStat, na.rm = TRUE) :
[21:29:09]   no non-missing arguments to max; returning -Inf
[21:29:10] 
[21:29:10] 
[21:29:10] -=-=-=--=-=-=- Agrostis.rupestris_PA6_RUN1_GBM 
[21:29:10] CV: 1 
[21:29:15] CV: 2 
[21:29:21] CV: 3 
[21:29:37] 
[21:29:38] 	Evaluating Model stuff...
[21:29:38] 
[21:29:38] -=-=-=--=-=-=- Agrostis.rupestris_PA6_RUN1_ANN 
[21:29:38] 
[21:29:38] 	Model scaling...
[21:29:39] 	Evaluating Model stuff...
[21:29:39] 
[21:29:39] -=-=-=--=-=-=- Agrostis.rupestris_PA6_RUN1_FDA 
[21:29:40] 
[21:29:40] 	Model scaling...
[21:29:41] 	Evaluating Model stuff...
[21:29:41] 
[21:29:41] -=-=-=--=-=-=- Agrostis.rupestris_PA6_RUN1_MAXNET 
[21:30:13] 
[21:30:14] 	Evaluating Model stuff...
[21:30:14] 
[21:30:14] -=-=-=--=-=-=- Agrostis.rupestris_PA6_RUN2_GLM 
[21:30:14] Warning: glm.fit: fitted probabilities numerically 0 or 1 occurred
[21:30:14] 
[21:30:15] 	Evaluating Model stuff...
[21:30:15] 
[21:30:15] -=-=-=--=-=-=- Agrostis.rupestris_PA6_RUN2_GBM 
[21:30:15] CV: 1 
[21:30:21] CV: 2 
[21:30:27] CV: 3 
[21:30:42] 
[21:30:43] 	Evaluating Model stuff...Warning in max(calcStat, na.rm = TRUE) :
[21:30:43]   no non-missing arguments to max; returning -Inf
[21:30:43] 
[21:30:43] 
[21:30:43] -=-=-=--=-=-=- Agrostis.rupestris_PA6_RUN2_ANN 
[21:30:44] 
[21:30:44] 	Model scaling...
[21:30:45] 	Evaluating Model stuff...
[21:30:45] 
[21:30:45] -=-=-=--=-=-=- Agrostis.rupestris_PA6_RUN2_FDA 
[21:30:45] 
[21:30:45] 	Model scaling...
[21:30:47] 	Evaluating Model stuff...
[21:30:47] 
[21:30:47] -=-=-=--=-=-=- Agrostis.rupestris_PA6_RUN2_MAXNET 
[21:31:19] 
[21:31:20] 	Evaluating Model stuff...
[21:31:20] 
[21:31:20] -=-=-=--=-=-=- Agrostis.rupestris_PA6_RUN3_GLM 
[21:31:20] Warning: glm.fit: fitted probabilities numerically 0 or 1 occurred
[21:31:20] 
[21:31:21] 	Evaluating Model stuff...
[21:31:21] 
[21:31:21] -=-=-=--=-=-=- Agrostis.rupestris_PA6_RUN3_GBM 
[21:31:21] CV: 1 
[21:31:27] CV: 2 
[21:31:32] CV: 3 
[21:31:48] 
[21:31:49] 	Evaluating Model stuff...
[21:31:49] 
[21:31:49] -=-=-=--=-=-=- Agrostis.rupestris_PA6_RUN3_ANN 
[21:31:49] 
[21:31:49] 	Model scaling...
[21:31:51] 	Evaluating Model stuff...
[21:31:51] 
[21:31:51] -=-=-=--=-=-=- Agrostis.rupestris_PA6_RUN3_FDA 
[21:31:51] 
[21:31:51] 	Model scaling...
[21:31:52] 	Evaluating Model stuff...
[21:31:52] 
[21:31:52] -=-=-=--=-=-=- Agrostis.rupestris_PA6_RUN3_MAXNET 
[21:32:25] 
[21:32:26] 	Evaluating Model stuff...
[21:32:26] 
[21:32:26] -=-=-=--=-=-=- Agrostis.rupestris_PA6_RUN4_GLM 
[21:32:26] Warning: glm.fit: fitted probabilities numerically 0 or 1 occurred
[21:32:26] 
[21:32:27] 	Evaluating Model stuff...
[21:32:27] 
[21:32:27] -=-=-=--=-=-=- Agrostis.rupestris_PA6_RUN4_GBM 
[21:32:27] CV: 1 
[21:32:33] CV: 2 
[21:32:38] CV: 3 
[21:32:54] 
[21:32:55] 	Evaluating Model stuff...Warning in max(calcStat, na.rm = TRUE) :
[21:32:55]   no non-missing arguments to max; returning -Inf
[21:32:55] 
[21:32:55] 
[21:32:55] -=-=-=--=-=-=- Agrostis.rupestris_PA6_RUN4_ANN 
[21:32:55] 
[21:32:55] 	Model scaling...
[21:32:57] 	Evaluating Model stuff...
[21:32:57] 
[21:32:57] -=-=-=--=-=-=- Agrostis.rupestris_PA6_RUN4_FDA 
[21:32:57] 
[21:32:57] 	Model scaling...
[21:32:58] 	Evaluating Model stuff...
[21:32:58] 
[21:32:58] -=-=-=--=-=-=- Agrostis.rupestris_PA6_RUN4_MAXNET 
[21:33:30] 
[21:33:31] 	Evaluating Model stuff...Warning in max(calcStat, na.rm = TRUE) :
[21:33:31]   no non-missing arguments to max; returning -Inf
[21:33:31] 
[21:33:31] 
[21:33:31] -=-=-=--=-=-=- Agrostis.rupestris_PA6_RUN5_GLM 
[21:33:31] Warning: glm.fit: fitted probabilities numerically 0 or 1 occurred
[21:33:31] 
[21:33:32] 	Evaluating Model stuff...
[21:33:32] 
[21:33:32] -=-=-=--=-=-=- Agrostis.rupestris_PA6_RUN5_GBM 
[21:33:32] CV: 1 
[21:33:38] CV: 2 
[21:33:44] CV: 3 
[21:33:59] 
[21:34:00] 	Evaluating Model stuff...
[21:34:00] 
[21:34:00] -=-=-=--=-=-=- Agrostis.rupestris_PA6_RUN5_ANN 
[21:34:01] 
[21:34:01] 	Model scaling...
[21:34:02] 	Evaluating Model stuff...
[21:34:02] 
[21:34:02] -=-=-=--=-=-=- Agrostis.rupestris_PA6_RUN5_FDA 
[21:34:02] 
[21:34:02] 	Model scaling...
[21:34:03] 	Evaluating Model stuff...
[21:34:03] 
[21:34:03] -=-=-=--=-=-=- Agrostis.rupestris_PA6_RUN5_MAXNET 
[21:34:35] 
[21:34:36] 	Evaluating Model stuff...
[21:34:36] 
[21:34:36] -=-=-=--=-=-=- Agrostis.rupestris_PA7_RUN1_GLM 
[21:34:36] Warning: glm.fit: fitted probabilities numerically 0 or 1 occurred
[21:34:36] 
[21:34:37] 	Evaluating Model stuff...
[21:34:37] 
[21:34:37] -=-=-=--=-=-=- Agrostis.rupestris_PA7_RUN1_GBM 
[21:34:37] CV: 1 
[21:34:43] CV: 2 
[21:34:49] CV: 3 
[21:35:04] 
[21:35:05] 	Evaluating Model stuff...Warning in max(calcStat, na.rm = TRUE) :
[21:35:05]   no non-missing arguments to max; returning -Inf
[21:35:05] 
[21:35:05] 
[21:35:05] -=-=-=--=-=-=- Agrostis.rupestris_PA7_RUN1_ANN 
[21:35:06] 
[21:35:06] 	Model scaling...
[21:35:07] 	Evaluating Model stuff...
[21:35:07] 
[21:35:07] -=-=-=--=-=-=- Agrostis.rupestris_PA7_RUN1_FDA 
[21:35:07] 
[21:35:07] 	Model scaling...
[21:35:09] 	Evaluating Model stuff...
[21:35:09] 
[21:35:09] -=-=-=--=-=-=- Agrostis.rupestris_PA7_RUN1_MAXNET 
[21:35:40] 
[21:35:41] 	Evaluating Model stuff...
[21:35:41] 
[21:35:41] -=-=-=--=-=-=- Agrostis.rupestris_PA7_RUN2_GLM 
[21:35:42] Warning: glm.fit: fitted probabilities numerically 0 or 1 occurred
[21:35:42] 
[21:35:43] 	Evaluating Model stuff...
[21:35:43] 
[21:35:43] -=-=-=--=-=-=- Agrostis.rupestris_PA7_RUN2_GBM 
[21:35:43] CV: 1 
[21:35:49] CV: 2 
[21:35:54] CV: 3 
[21:36:10] 
[21:36:11] 	Evaluating Model stuff...
[21:36:11] 
[21:36:11] -=-=-=--=-=-=- Agrostis.rupestris_PA7_RUN2_ANN 
[21:36:11] 
[21:36:11] 	Model scaling...
[21:36:12] 	Evaluating Model stuff...
[21:36:12] 
[21:36:12] -=-=-=--=-=-=- Agrostis.rupestris_PA7_RUN2_FDA 
[21:36:13] 
[21:36:13] 	Model scaling...
[21:36:14] 	Evaluating Model stuff...
[21:36:14] 
[21:36:14] -=-=-=--=-=-=- Agrostis.rupestris_PA7_RUN2_MAXNET 
[21:36:46] 
[21:36:47] 	Evaluating Model stuff...
[21:36:47] 
[21:36:47] -=-=-=--=-=-=- Agrostis.rupestris_PA7_RUN3_GLM 
[21:36:47] Warning: glm.fit: fitted probabilities numerically 0 or 1 occurred
[21:36:47] 
[21:36:48] 	Evaluating Model stuff...
[21:36:48] 
[21:36:48] -=-=-=--=-=-=- Agrostis.rupestris_PA7_RUN3_GBM 
[21:36:48] CV: 1 
[21:36:54] CV: 2 
[21:37:00] CV: 3 
[21:37:15] 
[21:37:16] 	Evaluating Model stuff...Warning in max(calcStat, na.rm = TRUE) :
[21:37:16]   no non-missing arguments to max; returning -Inf
[21:37:16] 
[21:37:16] 
[21:37:16] -=-=-=--=-=-=- Agrostis.rupestris_PA7_RUN3_ANN 
[21:37:17] 
[21:37:17] 	Model scaling...
[21:37:18] 	Evaluating Model stuff...
[21:37:18] 
[21:37:18] -=-=-=--=-=-=- Agrostis.rupestris_PA7_RUN3_FDA 
[21:37:18] 
[21:37:18] 	Model scaling...
[21:37:20] 	Evaluating Model stuff...
[21:37:20] 
[21:37:20] -=-=-=--=-=-=- Agrostis.rupestris_PA7_RUN3_MAXNET 
[21:37:51] 
[21:37:53] 	Evaluating Model stuff...
[21:37:53] 
[21:37:53] -=-=-=--=-=-=- Agrostis.rupestris_PA7_RUN4_GLM 
[21:37:53] Warning: glm.fit: fitted probabilities numerically 0 or 1 occurred
[21:37:53] 
[21:37:54] 	Evaluating Model stuff...
[21:37:54] 
[21:37:54] -=-=-=--=-=-=- Agrostis.rupestris_PA7_RUN4_GBM 
[21:37:54] CV: 1 
[21:38:00] CV: 2 
[21:38:05] CV: 3 
[21:38:21] 
[21:38:22] 	Evaluating Model stuff...Warning in max(calcStat, na.rm = TRUE) :
[21:38:22]   no non-missing arguments to max; returning -Inf
[21:38:22] 
[21:38:22] 
[21:38:22] -=-=-=--=-=-=- Agrostis.rupestris_PA7_RUN4_ANN 
[21:38:22] 
[21:38:22] 	Model scaling...
[21:38:24] 	Evaluating Model stuff...
[21:38:24] 
[21:38:24] -=-=-=--=-=-=- Agrostis.rupestris_PA7_RUN4_FDA 
[21:38:24] 
[21:38:24] 	Model scaling...
[21:38:25] 	Evaluating Model stuff...
[21:38:25] 
[21:38:25] -=-=-=--=-=-=- Agrostis.rupestris_PA7_RUN4_MAXNET 
[21:38:57] 
[21:38:58] 	Evaluating Model stuff...
[21:38:58] 
[21:38:58] -=-=-=--=-=-=- Agrostis.rupestris_PA7_RUN5_GLM 
[21:38:58] Warning: glm.fit: fitted probabilities numerically 0 or 1 occurred
[21:38:58] 
[21:39:00] 	Evaluating Model stuff...
[21:39:00] 
[21:39:00] -=-=-=--=-=-=- Agrostis.rupestris_PA7_RUN5_GBM 
[21:39:00] CV: 1 
[21:39:05] CV: 2 
[21:39:11] CV: 3 
[21:39:26] 
[21:39:28] 	Evaluating Model stuff...
[21:39:28] 
[21:39:28] -=-=-=--=-=-=- Agrostis.rupestris_PA7_RUN5_ANN 
[21:39:28] 
[21:39:28] 	Model scaling...
[21:39:29] 	Evaluating Model stuff...
[21:39:29] 
[21:39:29] -=-=-=--=-=-=- Agrostis.rupestris_PA7_RUN5_FDA 
[21:39:29] 
[21:39:29] 	Model scaling...
[21:39:31] 	Evaluating Model stuff...
[21:39:31] 
[21:39:31] -=-=-=--=-=-=- Agrostis.rupestris_PA7_RUN5_MAXNET 
[21:40:03] 
[21:40:04] 	Evaluating Model stuff...
[21:40:04] 
[21:40:04] -=-=-=--=-=-=- Agrostis.rupestris_PA8_RUN1_GLM 
[21:40:04] Warning: glm.fit: fitted probabilities numerically 0 or 1 occurred
[21:40:04] 
[21:40:05] 	Evaluating Model stuff...
[21:40:05] 
[21:40:05] -=-=-=--=-=-=- Agrostis.rupestris_PA8_RUN1_GBM 
[21:40:05] CV: 1 
[21:40:11] CV: 2 
[21:40:17] CV: 3 
[21:40:32] 
[21:40:33] 	Evaluating Model stuff...
[21:40:33] 
[21:40:33] -=-=-=--=-=-=- Agrostis.rupestris_PA8_RUN1_ANN 
[21:40:34] 
[21:40:34] 	Model scaling...
[21:40:35] 	Evaluating Model stuff...
[21:40:35] 
[21:40:35] -=-=-=--=-=-=- Agrostis.rupestris_PA8_RUN1_FDA 
[21:40:35] 
[21:40:35] 	Model scaling...
[21:40:37] 	Evaluating Model stuff...
[21:40:37] 
[21:40:37] -=-=-=--=-=-=- Agrostis.rupestris_PA8_RUN1_MAXNET 
[21:41:08] 
[21:41:09] 	Evaluating Model stuff...
[21:41:09] 
[21:41:09] -=-=-=--=-=-=- Agrostis.rupestris_PA8_RUN2_GLM 
[21:41:09] Warning: glm.fit: fitted probabilities numerically 0 or 1 occurred
[21:41:09] 
[21:41:10] 	Evaluating Model stuff...
[21:41:10] 
[21:41:10] -=-=-=--=-=-=- Agrostis.rupestris_PA8_RUN2_GBM 
[21:41:10] CV: 1 
[21:41:16] CV: 2 
[21:41:22] CV: 3 
[21:41:37] 
[21:41:38] 	Evaluating Model stuff...
[21:41:38] 
[21:41:38] -=-=-=--=-=-=- Agrostis.rupestris_PA8_RUN2_ANN 
[21:41:39] 
[21:41:39] 	Model scaling...
[21:41:40] 	Evaluating Model stuff...
[21:41:40] 
[21:41:40] -=-=-=--=-=-=- Agrostis.rupestris_PA8_RUN2_FDA 
[21:41:40] 
[21:41:40] 	Model scaling...
[21:41:42] 	Evaluating Model stuff...
[21:41:42] 
[21:41:42] -=-=-=--=-=-=- Agrostis.rupestris_PA8_RUN2_MAXNET 
[21:42:13] 
[21:42:14] 	Evaluating Model stuff...
[21:42:14] 
[21:42:14] -=-=-=--=-=-=- Agrostis.rupestris_PA8_RUN3_GLM 
[21:42:15] Warning: glm.fit: fitted probabilities numerically 0 or 1 occurred
[21:42:15] 
[21:42:16] 	Evaluating Model stuff...
[21:42:16] 
[21:42:16] -=-=-=--=-=-=- Agrostis.rupestris_PA8_RUN3_GBM 
[21:42:16] CV: 1 
[21:42:22] CV: 2 
[21:42:27] CV: 3 
[21:42:43] 
[21:42:44] 	Evaluating Model stuff...
[21:42:44] 
[21:42:44] -=-=-=--=-=-=- Agrostis.rupestris_PA8_RUN3_ANN 
[21:42:44] 
[21:42:44] 	Model scaling...
[21:42:45] 	Evaluating Model stuff...
[21:42:45] 
[21:42:45] -=-=-=--=-=-=- Agrostis.rupestris_PA8_RUN3_FDA 
[21:42:46] 
[21:42:46] 	Model scaling...
[21:42:47] 	Evaluating Model stuff...
[21:42:47] 
[21:42:47] -=-=-=--=-=-=- Agrostis.rupestris_PA8_RUN3_MAXNET 
[21:43:19] 
[21:43:20] 	Evaluating Model stuff...Warning in max(calcStat, na.rm = TRUE) :
[21:43:20]   no non-missing arguments to max; returning -Inf
[21:43:20] 
[21:43:20] 
[21:43:20] -=-=-=--=-=-=- Agrostis.rupestris_PA8_RUN4_GLM 
[21:43:20] Warning: glm.fit: fitted probabilities numerically 0 or 1 occurred
[21:43:20] 
[21:43:21] 	Evaluating Model stuff...
[21:43:21] 
[21:43:21] -=-=-=--=-=-=- Agrostis.rupestris_PA8_RUN4_GBM 
[21:43:21] CV: 1 
[21:43:27] CV: 2 
[21:43:33] CV: 3 
[21:43:48] 
[21:43:49] 	Evaluating Model stuff...
[21:43:49] 
[21:43:49] -=-=-=--=-=-=- Agrostis.rupestris_PA8_RUN4_ANN 
[21:43:49] 
[21:43:49] 	Model scaling...
[21:43:51] 	Evaluating Model stuff...
[21:43:51] 
[21:43:51] -=-=-=--=-=-=- Agrostis.rupestris_PA8_RUN4_FDA 
[21:43:51] 
[21:43:51] 	Model scaling...
[21:43:52] 	Evaluating Model stuff...
[21:43:52] 
[21:43:52] -=-=-=--=-=-=- Agrostis.rupestris_PA8_RUN4_MAXNET 
[21:44:24] 
[21:44:25] 	Evaluating Model stuff...
[21:44:25] 
[21:44:25] -=-=-=--=-=-=- Agrostis.rupestris_PA8_RUN5_GLM 
[21:44:25] Warning: glm.fit: fitted probabilities numerically 0 or 1 occurred
[21:44:25] 
[21:44:27] 	Evaluating Model stuff...
[21:44:27] 
[21:44:27] -=-=-=--=-=-=- Agrostis.rupestris_PA8_RUN5_GBM 
[21:44:27] CV: 1 
[21:44:32] CV: 2 
[21:44:38] CV: 3 
[21:44:54] 
[21:44:55] 	Evaluating Model stuff...
[21:44:55] 
[21:44:55] -=-=-=--=-=-=- Agrostis.rupestris_PA8_RUN5_ANN 
[21:44:55] 
[21:44:55] 	Model scaling...
[21:44:57] 	Evaluating Model stuff...
[21:44:57] 
[21:44:57] -=-=-=--=-=-=- Agrostis.rupestris_PA8_RUN5_FDA 
[21:44:57] 
[21:44:57] 	Model scaling...
[21:44:58] 	Evaluating Model stuff...
[21:44:58] 
[21:44:58] -=-=-=--=-=-=- Agrostis.rupestris_PA8_RUN5_MAXNET 
[21:45:34] 
[21:45:36] 	Evaluating Model stuff...
[21:45:36] 
[21:45:36] -=-=-=--=-=-=- Agrostis.rupestris_PA9_RUN1_GLM 
[21:45:36] Warning: glm.fit: fitted probabilities numerically 0 or 1 occurred
[21:45:36] 
[21:45:37] 	Evaluating Model stuff...
[21:45:37] 
[21:45:37] -=-=-=--=-=-=- Agrostis.rupestris_PA9_RUN1_GBM 
[21:45:37] CV: 1 
[21:45:43] CV: 2 
[21:45:48] CV: 3 
[21:46:04] 
[21:46:05] 	Evaluating Model stuff...
[21:46:05] 
[21:46:05] -=-=-=--=-=-=- Agrostis.rupestris_PA9_RUN1_ANN 
[21:46:05] 
[21:46:05] 	Model scaling...
[21:46:07] 	Evaluating Model stuff...
[21:46:07] 
[21:46:07] -=-=-=--=-=-=- Agrostis.rupestris_PA9_RUN1_FDA 
[21:46:07] 
[21:46:07] 	Model scaling...
[21:46:08] 	Evaluating Model stuff...
[21:46:08] 
[21:46:08] -=-=-=--=-=-=- Agrostis.rupestris_PA9_RUN1_MAXNET 
[21:46:45] 
[21:46:46] 	Evaluating Model stuff...
[21:46:46] 
[21:46:46] -=-=-=--=-=-=- Agrostis.rupestris_PA9_RUN2_GLM 
[21:46:46] Warning: glm.fit: fitted probabilities numerically 0 or 1 occurred
[21:46:46] 
[21:46:47] 	Evaluating Model stuff...
[21:46:47] 
[21:46:47] -=-=-=--=-=-=- Agrostis.rupestris_PA9_RUN2_GBM 
[21:46:47] CV: 1 
[21:46:53] CV: 2 
[21:46:59] CV: 3 
[21:47:14] 
[21:47:15] 	Evaluating Model stuff...Warning in max(calcStat, na.rm = TRUE) :
[21:47:15]   no non-missing arguments to max; returning -Inf
[21:47:15] 
[21:47:15] 
[21:47:15] -=-=-=--=-=-=- Agrostis.rupestris_PA9_RUN2_ANN 
[21:47:15] 
[21:47:16] 	Model scaling...
[21:47:17] 	Evaluating Model stuff...
[21:47:17] 
[21:47:17] -=-=-=--=-=-=- Agrostis.rupestris_PA9_RUN2_FDA 
[21:47:17] 
[21:47:17] 	Model scaling...
[21:47:18] 	Evaluating Model stuff...
[21:47:18] 
[21:47:18] -=-=-=--=-=-=- Agrostis.rupestris_PA9_RUN2_MAXNET 
[21:47:54] 
[21:47:56] 	Evaluating Model stuff...
[21:47:56] 
[21:47:56] -=-=-=--=-=-=- Agrostis.rupestris_PA9_RUN3_GLM 
[21:47:56] Warning: glm.fit: fitted probabilities numerically 0 or 1 occurred
[21:47:56] 
[21:47:57] 	Evaluating Model stuff...
[21:47:57] 
[21:47:57] -=-=-=--=-=-=- Agrostis.rupestris_PA9_RUN3_GBM 
[21:47:57] CV: 1 
[21:48:03] CV: 2 
[21:48:08] CV: 3 
[21:48:24] 
[21:48:25] 	Evaluating Model stuff...
[21:48:25] 
[21:48:25] -=-=-=--=-=-=- Agrostis.rupestris_PA9_RUN3_ANN 
[21:48:25] 
[21:48:25] 	Model scaling...
[21:48:27] 	Evaluating Model stuff...
[21:48:27] 
[21:48:27] -=-=-=--=-=-=- Agrostis.rupestris_PA9_RUN3_FDA 
[21:48:27] 
[21:48:27] 	Model scaling...
[21:48:28] 	Evaluating Model stuff...
[21:48:28] 
[21:48:28] -=-=-=--=-=-=- Agrostis.rupestris_PA9_RUN3_MAXNET 
[21:49:04] 
[21:49:05] 	Evaluating Model stuff...
[21:49:05] 
[21:49:05] -=-=-=--=-=-=- Agrostis.rupestris_PA9_RUN4_GLM 
[21:49:06] Warning: glm.fit: fitted probabilities numerically 0 or 1 occurred
[21:49:06] 
[21:49:07] 	Evaluating Model stuff...Warning in max(calcStat, na.rm = TRUE) :
[21:49:07]   no non-missing arguments to max; returning -Inf
[21:49:07] 
[21:49:07] 
[21:49:07] -=-=-=--=-=-=- Agrostis.rupestris_PA9_RUN4_GBM 
[21:49:07] CV: 1 
[21:49:13] CV: 2 
[21:49:18] CV: 3 
[21:49:34] 
[21:49:35] 	Evaluating Model stuff...
[21:49:35] 
[21:49:35] -=-=-=--=-=-=- Agrostis.rupestris_PA9_RUN4_ANN 
[21:49:35] 
[21:49:35] 	Model scaling...
[21:49:37] 	Evaluating Model stuff...
[21:49:37] 
[21:49:37] -=-=-=--=-=-=- Agrostis.rupestris_PA9_RUN4_FDA 
[21:49:37] 
[21:49:37] 	Model scaling...
[21:49:38] 	Evaluating Model stuff...
[21:49:38] 
[21:49:38] -=-=-=--=-=-=- Agrostis.rupestris_PA9_RUN4_MAXNET 
[21:50:14] 
[21:50:15] 	Evaluating Model stuff...
[21:50:15] 
[21:50:15] -=-=-=--=-=-=- Agrostis.rupestris_PA9_RUN5_GLM 
[21:50:15] Warning: glm.fit: fitted probabilities numerically 0 or 1 occurred
[21:50:15] 
[21:50:17] 	Evaluating Model stuff...
[21:50:17] 
[21:50:17] -=-=-=--=-=-=- Agrostis.rupestris_PA9_RUN5_GBM 
[21:50:17] CV: 1 
[21:50:22] CV: 2 
[21:50:28] CV: 3 
[21:50:44] 
[21:50:45] 	Evaluating Model stuff...
[21:50:45] 
[21:50:45] -=-=-=--=-=-=- Agrostis.rupestris_PA9_RUN5_ANN 
[21:50:45] 
[21:50:45] 	Model scaling...
[21:50:47] 	Evaluating Model stuff...
[21:50:47] 
[21:50:47] -=-=-=--=-=-=- Agrostis.rupestris_PA9_RUN5_FDA 
[21:50:47] 
[21:50:47] 	Model scaling...
[21:50:48] 	Evaluating Model stuff...
[21:50:48] 
[21:50:48] -=-=-=--=-=-=- Agrostis.rupestris_PA9_RUN5_MAXNET 
[21:51:24] 
[21:51:25] 	Evaluating Model stuff...Warning in max(calcStat, na.rm = TRUE) :
[21:51:25]   no non-missing arguments to max; returning -Inf
[21:51:25] 
[21:51:25] 
[21:51:25] -=-=-=--=-=-=- Agrostis.rupestris_PA10_RUN1_GLM 
[21:51:25] Warning: glm.fit: fitted probabilities numerically 0 or 1 occurred
[21:51:25] 
[21:51:27] 	Evaluating Model stuff...
[21:51:27] 
[21:51:27] -=-=-=--=-=-=- Agrostis.rupestris_PA10_RUN1_GBM 
[21:51:27] CV: 1 
[21:51:32] CV: 2 
[21:51:38] CV: 3 
[21:51:54] 
[21:51:55] 	Evaluating Model stuff...
[21:51:55] 
[21:51:55] -=-=-=--=-=-=- Agrostis.rupestris_PA10_RUN1_ANN 
[21:51:55] 
[21:51:55] 	Model scaling...
[21:51:56] 	Evaluating Model stuff...Warning in max(calcStat, na.rm = TRUE) :
[21:51:56]   no non-missing arguments to max; returning -Inf
[21:51:57] 
[21:51:57] 
[21:51:57] -=-=-=--=-=-=- Agrostis.rupestris_PA10_RUN1_FDA 
[21:51:57] 
[21:51:57] 	Model scaling...
[21:51:58] 	Evaluating Model stuff...
[21:51:58] 
[21:51:58] -=-=-=--=-=-=- Agrostis.rupestris_PA10_RUN1_MAXNET 
[21:52:34] 
[21:52:36] 	Evaluating Model stuff...
[21:52:36] 
[21:52:36] -=-=-=--=-=-=- Agrostis.rupestris_PA10_RUN2_GLM 
[21:52:36] Warning: glm.fit: fitted probabilities numerically 0 or 1 occurred
[21:52:36] 
[21:52:37] 	Evaluating Model stuff...
[21:52:37] 
[21:52:37] -=-=-=--=-=-=- Agrostis.rupestris_PA10_RUN2_GBM 
[21:52:37] CV: 1 
[21:52:43] CV: 2 
[21:52:48] CV: 3 
[21:53:04] 
[21:53:05] 	Evaluating Model stuff...
[21:53:05] 
[21:53:05] -=-=-=--=-=-=- Agrostis.rupestris_PA10_RUN2_ANN 
[21:53:05] 
[21:53:05] 	Model scaling...
[21:53:07] 	Evaluating Model stuff...
[21:53:07] 
[21:53:07] -=-=-=--=-=-=- Agrostis.rupestris_PA10_RUN2_FDA 
[21:53:07] 
[21:53:07] 	Model scaling...
[21:53:08] 	Evaluating Model stuff...
[21:53:08] 
[21:53:08] -=-=-=--=-=-=- Agrostis.rupestris_PA10_RUN2_MAXNET 
[21:53:45] 
[21:53:46] 	Evaluating Model stuff...
[21:53:46] 
[21:53:46] -=-=-=--=-=-=- Agrostis.rupestris_PA10_RUN3_GLM 
[21:53:46] Warning: glm.fit: fitted probabilities numerically 0 or 1 occurred
[21:53:46] 
[21:53:47] 	Evaluating Model stuff...
[21:53:47] 
[21:53:47] -=-=-=--=-=-=- Agrostis.rupestris_PA10_RUN3_GBM 
[21:53:47] CV: 1 
[21:53:53] CV: 2 
[21:53:58] CV: 3 
[21:54:14] 
[21:54:15] 	Evaluating Model stuff...
[21:54:15] 
[21:54:15] -=-=-=--=-=-=- Agrostis.rupestris_PA10_RUN3_ANN 
[21:54:15] 
[21:54:15] 	Model scaling...
[21:54:17] 	Evaluating Model stuff...
[21:54:17] 
[21:54:17] -=-=-=--=-=-=- Agrostis.rupestris_PA10_RUN3_FDA 
[21:54:17] 
[21:54:17] 	Model scaling...
[21:54:18] 	Evaluating Model stuff...
[21:54:18] 
[21:54:18] -=-=-=--=-=-=- Agrostis.rupestris_PA10_RUN3_MAXNET 
[21:54:54] 
[21:54:56] 	Evaluating Model stuff...
[21:54:56] 
[21:54:56] -=-=-=--=-=-=- Agrostis.rupestris_PA10_RUN4_GLM 
[21:54:56] Warning: glm.fit: fitted probabilities numerically 0 or 1 occurred
[21:54:56] 
[21:54:57] 	Evaluating Model stuff...Warning in max(calcStat, na.rm = TRUE) :
[21:54:57]   no non-missing arguments to max; returning -Inf
[21:54:57] 
[21:54:57] 
[21:54:57] -=-=-=--=-=-=- Agrostis.rupestris_PA10_RUN4_GBM 
[21:54:57] CV: 1 
[21:55:03] CV: 2 
[21:55:08] CV: 3 
[21:55:24] 
[21:55:25] 	Evaluating Model stuff...
[21:55:25] 
[21:55:25] -=-=-=--=-=-=- Agrostis.rupestris_PA10_RUN4_ANN 
[21:55:25] 
[21:55:25] 	Model scaling...
[21:55:27] 	Evaluating Model stuff...
[21:55:27] 
[21:55:27] -=-=-=--=-=-=- Agrostis.rupestris_PA10_RUN4_FDA 
[21:55:27] 
[21:55:27] 	Model scaling...
[21:55:28] 	Evaluating Model stuff...
[21:55:28] 
[21:55:28] -=-=-=--=-=-=- Agrostis.rupestris_PA10_RUN4_MAXNET 
[21:56:04] 
[21:56:05] 	Evaluating Model stuff...
[21:56:05] 
[21:56:05] -=-=-=--=-=-=- Agrostis.rupestris_PA10_RUN5_GLM 
[21:56:05] Warning: glm.fit: fitted probabilities numerically 0 or 1 occurred
[21:56:05] 
[21:56:07] 	Evaluating Model stuff...
[21:56:07] 
[21:56:07] -=-=-=--=-=-=- Agrostis.rupestris_PA10_RUN5_GBM 
[21:56:07] CV: 1 
[21:56:12] CV: 2 
[21:56:18] CV: 3 
[21:56:34] 
[21:56:35] 	Evaluating Model stuff...
[21:56:35] 
[21:56:35] -=-=-=--=-=-=- Agrostis.rupestris_PA10_RUN5_ANN 
[21:56:35] 
[21:56:35] 	Model scaling...
[21:56:36] 	Evaluating Model stuff...
[21:56:36] 
[21:56:36] -=-=-=--=-=-=- Agrostis.rupestris_PA10_RUN5_FDA 
[21:56:37] 
[21:56:37] 	Model scaling...
[21:56:38] 	Evaluating Model stuff...
[21:56:38] 
[21:56:38] -=-=-=--=-=-=- Agrostis.rupestris_PA10_RUN5_MAXNET 
[21:57:14] 
[21:57:21] 	Evaluating Model stuff...
[21:57:21] -=-=-=-=-=-=-=-=-=-=-=-=-=-=-=-=-=-= Done -=-=-=-=-=-=-=-=-=-=-=-=-=-=-=-=-=-=
[21:57:21] 
[21:57:21] -=-=-=-=-=-=-=-=-=-=-=-=-=-= Build Ensemble Models -=-=-=-=-=-=-=-=-=-=-=-=-=-=
[21:57:21] 
[21:57:21]    ! all models available will be included in ensemble.modeling
[21:57:21]   ! Ensemble Models will be filtered and/or weighted using validation dataset (if possible). Please use `metric.select.dataset` for alternative options.
[21:57:21]    > Evaluation & Weighting methods summary :
[21:57:21]       AUCroc over 0.6
[21:57:24] 
[21:57:24] 
[21:57:29]   > mergedData_mergedRun_mergedAlgo ensemble modeling
[21:57:34]    ! Additional projection required for ensemble models merging several pseudo-absence dataset...
[21:57:34] -=-=-=-=-=-=-=-=-=-=-=-=-= Do Single Models Projection -=-=-=-=-=-=-=-=-=-=-=-=-=
[21:57:34] 
[21:57:34] 	> Projecting Agrostis.rupestris_PA1_RUN1_GLM ...
[21:57:38] 	> Projecting Agrostis.rupestris_PA1_RUN1_GBM ...
[21:57:38] 	> Projecting Agrostis.rupestris_PA1_RUN1_ANN ...
[21:57:38] 	> Projecting Agrostis.rupestris_PA1_RUN1_FDA ...
[21:57:38] 	> Projecting Agrostis.rupestris_PA1_RUN1_MAXNET ...
[21:57:39] 	> Projecting Agrostis.rupestris_PA1_RUN2_GLM ...
[21:57:42] 	> Projecting Agrostis.rupestris_PA1_RUN2_GBM ...
[21:57:43] 	> Projecting Agrostis.rupestris_PA1_RUN2_ANN ...
[21:57:43] 	> Projecting Agrostis.rupestris_PA1_RUN2_FDA ...
[21:57:43] 	> Projecting Agrostis.rupestris_PA1_RUN2_MAXNET ...
[21:57:43] 	> Projecting Agrostis.rupestris_PA1_RUN3_GLM ...
[21:57:47] 	> Projecting Agrostis.rupestris_PA1_RUN3_GBM ...
[21:57:47] 	> Projecting Agrostis.rupestris_PA1_RUN3_ANN ...
[21:57:48] 	> Projecting Agrostis.rupestris_PA1_RUN3_FDA ...
[21:57:48] 	> Projecting Agrostis.rupestris_PA1_RUN3_MAXNET ...
[21:57:48] 	> Projecting Agrostis.rupestris_PA1_RUN4_GLM ...
[21:57:52] 	> Projecting Agrostis.rupestris_PA1_RUN4_GBM ...
[21:57:52] 	> Projecting Agrostis.rupestris_PA1_RUN4_ANN ...
[21:57:52] 	> Projecting Agrostis.rupestris_PA1_RUN4_FDA ...
[21:57:53] 	> Projecting Agrostis.rupestris_PA1_RUN4_MAXNET ...
[21:57:53] 	> Projecting Agrostis.rupestris_PA1_RUN5_GLM ...
[21:57:57] 	> Projecting Agrostis.rupestris_PA1_RUN5_GBM ...
[21:57:57] 	> Projecting Agrostis.rupestris_PA1_RUN5_ANN ...
[21:57:57] 	> Projecting Agrostis.rupestris_PA1_RUN5_FDA ...
[21:58:16] 	> Projecting Agrostis.rupestris_PA1_RUN5_MAXNET ...
[21:58:16] -=-=-=-=-=-=-=-=-=-=-=-=-=-=-=-=-=-= Done -=-=-=-=-=-=-=-=-=-=-=-=-=-=-=-=-=-=
[21:58:22] 
[21:58:22] -=-=-=-=-=-=-=-=-=-=-=-=-= Do Single Models Projection -=-=-=-=-=-=-=-=-=-=-=-=-=
[21:58:22] 
[21:58:22] 	> Projecting Agrostis.rupestris_PA2_RUN1_GLM ...
[21:58:26] 	> Projecting Agrostis.rupestris_PA2_RUN1_GBM ...
[21:58:26] 	> Projecting Agrostis.rupestris_PA2_RUN1_ANN ...
[21:58:27] 	> Projecting Agrostis.rupestris_PA2_RUN1_FDA ...
[21:58:27] 	> Projecting Agrostis.rupestris_PA2_RUN1_MAXNET ...
[21:58:27] 	> Projecting Agrostis.rupestris_PA2_RUN2_GLM ...
[21:58:31] 	> Projecting Agrostis.rupestris_PA2_RUN2_GBM ...
[21:58:31] 	> Projecting Agrostis.rupestris_PA2_RUN2_ANN ...
[21:58:31] 	> Projecting Agrostis.rupestris_PA2_RUN2_FDA ...
[21:58:32] 	> Projecting Agrostis.rupestris_PA2_RUN2_MAXNET ...
[21:58:32] 	> Projecting Agrostis.rupestris_PA2_RUN3_GLM ...
[21:58:36] 	> Projecting Agrostis.rupestris_PA2_RUN3_GBM ...
[21:58:36] 	> Projecting Agrostis.rupestris_PA2_RUN3_ANN ...
[21:58:36] 	> Projecting Agrostis.rupestris_PA2_RUN3_FDA ...
[21:58:37] 	> Projecting Agrostis.rupestris_PA2_RUN3_MAXNET ...
[21:58:37] 	> Projecting Agrostis.rupestris_PA2_RUN4_GLM ...
[21:58:41] 	> Projecting Agrostis.rupestris_PA2_RUN4_GBM ...
[21:58:41] 	> Projecting Agrostis.rupestris_PA2_RUN4_ANN ...
[21:58:41] 	> Projecting Agrostis.rupestris_PA2_RUN4_FDA ...
[21:58:42] 	> Projecting Agrostis.rupestris_PA2_RUN4_MAXNET ...
[21:58:42] 	> Projecting Agrostis.rupestris_PA2_RUN5_GLM ...
[21:58:46] 	> Projecting Agrostis.rupestris_PA2_RUN5_GBM ...
[21:58:46] 	> Projecting Agrostis.rupestris_PA2_RUN5_ANN ...
[21:58:46] 	> Projecting Agrostis.rupestris_PA2_RUN5_FDA ...
[21:59:05] 	> Projecting Agrostis.rupestris_PA2_RUN5_MAXNET ...
[21:59:05] -=-=-=-=-=-=-=-=-=-=-=-=-=-=-=-=-=-= Done -=-=-=-=-=-=-=-=-=-=-=-=-=-=-=-=-=-=
[21:59:13] 
[21:59:13] -=-=-=-=-=-=-=-=-=-=-=-=-= Do Single Models Projection -=-=-=-=-=-=-=-=-=-=-=-=-=
[21:59:13] 
[21:59:13] 	> Projecting Agrostis.rupestris_PA3_RUN1_GLM ...
[21:59:18] 	> Projecting Agrostis.rupestris_PA3_RUN1_GBM ...
[21:59:18] 	> Projecting Agrostis.rupestris_PA3_RUN1_ANN ...
[21:59:18] 	> Projecting Agrostis.rupestris_PA3_RUN1_FDA ...
[21:59:19] 	> Projecting Agrostis.rupestris_PA3_RUN1_MAXNET ...
[21:59:19] 	> Projecting Agrostis.rupestris_PA3_RUN2_GLM ...
[21:59:22] 	> Projecting Agrostis.rupestris_PA3_RUN2_GBM ...
[21:59:23] 	> Projecting Agrostis.rupestris_PA3_RUN2_ANN ...
[21:59:23] 	> Projecting Agrostis.rupestris_PA3_RUN2_FDA ...
[21:59:23] 	> Projecting Agrostis.rupestris_PA3_RUN2_MAXNET ...
[21:59:23] 	> Projecting Agrostis.rupestris_PA3_RUN3_GLM ...
[21:59:27] 	> Projecting Agrostis.rupestris_PA3_RUN3_GBM ...
[21:59:27] 	> Projecting Agrostis.rupestris_PA3_RUN3_ANN ...
[21:59:28] 	> Projecting Agrostis.rupestris_PA3_RUN3_FDA ...
[21:59:28] 	> Projecting Agrostis.rupestris_PA3_RUN3_MAXNET ...
[21:59:28] 	> Projecting Agrostis.rupestris_PA3_RUN4_GLM ...
[21:59:32] 	> Projecting Agrostis.rupestris_PA3_RUN4_GBM ...
[21:59:32] 	> Projecting Agrostis.rupestris_PA3_RUN4_ANN ...
[21:59:32] 	> Projecting Agrostis.rupestris_PA3_RUN4_FDA ...
[21:59:33] 	> Projecting Agrostis.rupestris_PA3_RUN4_MAXNET ...
[21:59:33] 	> Projecting Agrostis.rupestris_PA3_RUN5_GLM ...
[21:59:37] 	> Projecting Agrostis.rupestris_PA3_RUN5_GBM ...
[21:59:37] 	> Projecting Agrostis.rupestris_PA3_RUN5_ANN ...
[21:59:37] 	> Projecting Agrostis.rupestris_PA3_RUN5_FDA ...
[21:59:55] 	> Projecting Agrostis.rupestris_PA3_RUN5_MAXNET ...
[21:59:55] -=-=-=-=-=-=-=-=-=-=-=-=-=-=-=-=-=-= Done -=-=-=-=-=-=-=-=-=-=-=-=-=-=-=-=-=-=
[22:00:04] 
[22:00:04] -=-=-=-=-=-=-=-=-=-=-=-=-= Do Single Models Projection -=-=-=-=-=-=-=-=-=-=-=-=-=
[22:00:04] 
[22:00:04] 	> Projecting Agrostis.rupestris_PA4_RUN1_GLM ...
[22:00:08] 	> Projecting Agrostis.rupestris_PA4_RUN1_GBM ...
[22:00:08] 	> Projecting Agrostis.rupestris_PA4_RUN1_ANN ...
[22:00:08] 	> Projecting Agrostis.rupestris_PA4_RUN1_FDA ...
[22:00:08] 	> Projecting Agrostis.rupestris_PA4_RUN1_MAXNET ...
[22:00:09] 	> Projecting Agrostis.rupestris_PA4_RUN2_GLM ...
[22:00:12] 	> Projecting Agrostis.rupestris_PA4_RUN2_GBM ...
[22:00:13] 	> Projecting Agrostis.rupestris_PA4_RUN2_ANN ...
[22:00:13] 	> Projecting Agrostis.rupestris_PA4_RUN2_FDA ...
[22:00:13] 	> Projecting Agrostis.rupestris_PA4_RUN2_MAXNET ...
[22:00:14] 	> Projecting Agrostis.rupestris_PA4_RUN3_GLM ...
[22:00:17] 	> Projecting Agrostis.rupestris_PA4_RUN3_GBM ...
[22:00:18] 	> Projecting Agrostis.rupestris_PA4_RUN3_ANN ...
[22:00:18] 	> Projecting Agrostis.rupestris_PA4_RUN3_FDA ...
[22:00:18] 	> Projecting Agrostis.rupestris_PA4_RUN3_MAXNET ...
[22:00:18] 	> Projecting Agrostis.rupestris_PA4_RUN4_GLM ...
[22:00:22] 	> Projecting Agrostis.rupestris_PA4_RUN4_GBM ...
[22:00:23] 	> Projecting Agrostis.rupestris_PA4_RUN4_ANN ...
[22:00:23] 	> Projecting Agrostis.rupestris_PA4_RUN4_FDA ...
[22:00:23] 	> Projecting Agrostis.rupestris_PA4_RUN4_MAXNET ...
[22:00:23] 	> Projecting Agrostis.rupestris_PA4_RUN5_GLM ...
[22:00:27] 	> Projecting Agrostis.rupestris_PA4_RUN5_GBM ...
[22:00:27] 	> Projecting Agrostis.rupestris_PA4_RUN5_ANN ...
[22:00:28] 	> Projecting Agrostis.rupestris_PA4_RUN5_FDA ...
[22:00:46] 	> Projecting Agrostis.rupestris_PA4_RUN5_MAXNET ...
[22:00:46] -=-=-=-=-=-=-=-=-=-=-=-=-=-=-=-=-=-= Done -=-=-=-=-=-=-=-=-=-=-=-=-=-=-=-=-=-=
[22:00:54] 
[22:00:54] -=-=-=-=-=-=-=-=-=-=-=-=-= Do Single Models Projection -=-=-=-=-=-=-=-=-=-=-=-=-=
[22:00:54] 
[22:00:55] 	> Projecting Agrostis.rupestris_PA5_RUN1_GLM ...
[22:00:58] 	> Projecting Agrostis.rupestris_PA5_RUN1_GBM ...
[22:00:59] 	> Projecting Agrostis.rupestris_PA5_RUN1_ANN ...
[22:00:59] 	> Projecting Agrostis.rupestris_PA5_RUN1_FDA ...
[22:00:59] 	> Projecting Agrostis.rupestris_PA5_RUN1_MAXNET ...
[22:00:59] 	> Projecting Agrostis.rupestris_PA5_RUN2_GLM ...
[22:01:03] 	> Projecting Agrostis.rupestris_PA5_RUN2_GBM ...
[22:01:03] 	> Projecting Agrostis.rupestris_PA5_RUN2_ANN ...
[22:01:04] 	> Projecting Agrostis.rupestris_PA5_RUN2_FDA ...
[22:01:04] 	> Projecting Agrostis.rupestris_PA5_RUN2_MAXNET ...
[22:01:04] 	> Projecting Agrostis.rupestris_PA5_RUN3_GLM ...
[22:01:08] 	> Projecting Agrostis.rupestris_PA5_RUN3_GBM ...
[22:01:08] 	> Projecting Agrostis.rupestris_PA5_RUN3_ANN ...
[22:01:09] 	> Projecting Agrostis.rupestris_PA5_RUN3_FDA ...
[22:01:09] 	> Projecting Agrostis.rupestris_PA5_RUN3_MAXNET ...
[22:01:09] 	> Projecting Agrostis.rupestris_PA5_RUN4_GLM ...
[22:01:13] 	> Projecting Agrostis.rupestris_PA5_RUN4_GBM ...
[22:01:13] 	> Projecting Agrostis.rupestris_PA5_RUN4_ANN ...
[22:01:13] 	> Projecting Agrostis.rupestris_PA5_RUN4_FDA ...
[22:01:14] 	> Projecting Agrostis.rupestris_PA5_RUN4_MAXNET ...
[22:01:14] 	> Projecting Agrostis.rupestris_PA5_RUN5_GLM ...
[22:01:18] 	> Projecting Agrostis.rupestris_PA5_RUN5_GBM ...
[22:01:18] 	> Projecting Agrostis.rupestris_PA5_RUN5_ANN ...
[22:01:18] 	> Projecting Agrostis.rupestris_PA5_RUN5_FDA ...
[22:01:37] 	> Projecting Agrostis.rupestris_PA5_RUN5_MAXNET ...
[22:01:37] -=-=-=-=-=-=-=-=-=-=-=-=-=-=-=-=-=-= Done -=-=-=-=-=-=-=-=-=-=-=-=-=-=-=-=-=-=
[22:01:45] 
[22:01:45] -=-=-=-=-=-=-=-=-=-=-=-=-= Do Single Models Projection -=-=-=-=-=-=-=-=-=-=-=-=-=
[22:01:45] 
[22:01:45] 	> Projecting Agrostis.rupestris_PA6_RUN1_GLM ...
[22:01:49] 	> Projecting Agrostis.rupestris_PA6_RUN1_GBM ...
[22:01:50] 	> Projecting Agrostis.rupestris_PA6_RUN1_ANN ...
[22:01:51] 	> Projecting Agrostis.rupestris_PA6_RUN1_FDA ...
[22:01:51] 	> Projecting Agrostis.rupestris_PA6_RUN1_MAXNET ...
[22:01:51] 	> Projecting Agrostis.rupestris_PA6_RUN2_GLM ...
[22:01:55] 	> Projecting Agrostis.rupestris_PA6_RUN2_GBM ...
[22:01:56] 	> Projecting Agrostis.rupestris_PA6_RUN2_ANN ...
[22:01:56] 	> Projecting Agrostis.rupestris_PA6_RUN2_FDA ...
[22:01:57] 	> Projecting Agrostis.rupestris_PA6_RUN2_MAXNET ...
[22:01:57] 	> Projecting Agrostis.rupestris_PA6_RUN3_GLM ...
[22:02:01] 	> Projecting Agrostis.rupestris_PA6_RUN3_GBM ...
[22:02:01] 	> Projecting Agrostis.rupestris_PA6_RUN3_ANN ...
[22:02:01] 	> Projecting Agrostis.rupestris_PA6_RUN3_FDA ...
[22:02:01] 	> Projecting Agrostis.rupestris_PA6_RUN3_MAXNET ...
[22:02:02] 	> Projecting Agrostis.rupestris_PA6_RUN4_GLM ...
[22:02:05] 	> Projecting Agrostis.rupestris_PA6_RUN4_GBM ...
[22:02:06] 	> Projecting Agrostis.rupestris_PA6_RUN4_ANN ...
[22:02:06] 	> Projecting Agrostis.rupestris_PA6_RUN4_FDA ...
[22:02:06] 	> Projecting Agrostis.rupestris_PA6_RUN4_MAXNET ...
[22:02:06] 	> Projecting Agrostis.rupestris_PA6_RUN5_GLM ...
[22:02:10] 	> Projecting Agrostis.rupestris_PA6_RUN5_GBM ...
[22:02:10] 	> Projecting Agrostis.rupestris_PA6_RUN5_ANN ...
[22:02:11] 	> Projecting Agrostis.rupestris_PA6_RUN5_FDA ...
[22:02:28] 	> Projecting Agrostis.rupestris_PA6_RUN5_MAXNET ...
[22:02:28] -=-=-=-=-=-=-=-=-=-=-=-=-=-=-=-=-=-= Done -=-=-=-=-=-=-=-=-=-=-=-=-=-=-=-=-=-=
[22:02:37] 
[22:02:37] -=-=-=-=-=-=-=-=-=-=-=-=-= Do Single Models Projection -=-=-=-=-=-=-=-=-=-=-=-=-=
[22:02:37] 
[22:02:37] 	> Projecting Agrostis.rupestris_PA7_RUN1_GLM ...
[22:02:41] 	> Projecting Agrostis.rupestris_PA7_RUN1_GBM ...
[22:02:41] 	> Projecting Agrostis.rupestris_PA7_RUN1_ANN ...
[22:02:41] 	> Projecting Agrostis.rupestris_PA7_RUN1_FDA ...
[22:02:41] 	> Projecting Agrostis.rupestris_PA7_RUN1_MAXNET ...
[22:02:42] 	> Projecting Agrostis.rupestris_PA7_RUN2_GLM ...
[22:02:46] 	> Projecting Agrostis.rupestris_PA7_RUN2_GBM ...
[22:02:46] 	> Projecting Agrostis.rupestris_PA7_RUN2_ANN ...
[22:02:46] 	> Projecting Agrostis.rupestris_PA7_RUN2_FDA ...
[22:02:46] 	> Projecting Agrostis.rupestris_PA7_RUN2_MAXNET ...
[22:02:47] 	> Projecting Agrostis.rupestris_PA7_RUN3_GLM ...
[22:02:50] 	> Projecting Agrostis.rupestris_PA7_RUN3_GBM ...
[22:02:51] 	> Projecting Agrostis.rupestris_PA7_RUN3_ANN ...
[22:02:51] 	> Projecting Agrostis.rupestris_PA7_RUN3_FDA ...
[22:02:51] 	> Projecting Agrostis.rupestris_PA7_RUN3_MAXNET ...
[22:02:51] 	> Projecting Agrostis.rupestris_PA7_RUN4_GLM ...
[22:02:55] 	> Projecting Agrostis.rupestris_PA7_RUN4_GBM ...
[22:02:56] 	> Projecting Agrostis.rupestris_PA7_RUN4_ANN ...
[22:02:56] 	> Projecting Agrostis.rupestris_PA7_RUN4_FDA ...
[22:02:56] 	> Projecting Agrostis.rupestris_PA7_RUN4_MAXNET ...
[22:02:56] 	> Projecting Agrostis.rupestris_PA7_RUN5_GLM ...
[22:03:00] 	> Projecting Agrostis.rupestris_PA7_RUN5_GBM ...
[22:03:00] 	> Projecting Agrostis.rupestris_PA7_RUN5_ANN ...
[22:03:01] 	> Projecting Agrostis.rupestris_PA7_RUN5_FDA ...
[22:03:18] 	> Projecting Agrostis.rupestris_PA7_RUN5_MAXNET ...
[22:03:18] -=-=-=-=-=-=-=-=-=-=-=-=-=-=-=-=-=-= Done -=-=-=-=-=-=-=-=-=-=-=-=-=-=-=-=-=-=
[22:03:25] 
[22:03:25] -=-=-=-=-=-=-=-=-=-=-=-=-= Do Single Models Projection -=-=-=-=-=-=-=-=-=-=-=-=-=
[22:03:25] 
[22:03:25] 	> Projecting Agrostis.rupestris_PA8_RUN1_GLM ...
[22:03:29] 	> Projecting Agrostis.rupestris_PA8_RUN1_GBM ...
[22:03:29] 	> Projecting Agrostis.rupestris_PA8_RUN1_ANN ...
[22:03:30] 	> Projecting Agrostis.rupestris_PA8_RUN1_FDA ...
[22:03:31] 	> Projecting Agrostis.rupestris_PA8_RUN1_MAXNET ...
[22:03:31] 	> Projecting Agrostis.rupestris_PA8_RUN2_GLM ...
[22:03:35] 	> Projecting Agrostis.rupestris_PA8_RUN2_GBM ...
[22:03:35] 	> Projecting Agrostis.rupestris_PA8_RUN2_ANN ...
[22:03:35] 	> Projecting Agrostis.rupestris_PA8_RUN2_FDA ...
[22:03:36] 	> Projecting Agrostis.rupestris_PA8_RUN2_MAXNET ...
[22:03:36] 	> Projecting Agrostis.rupestris_PA8_RUN3_GLM ...
[22:03:40] 	> Projecting Agrostis.rupestris_PA8_RUN3_GBM ...
[22:03:40] 	> Projecting Agrostis.rupestris_PA8_RUN3_ANN ...
[22:03:40] 	> Projecting Agrostis.rupestris_PA8_RUN3_FDA ...
[22:03:41] 	> Projecting Agrostis.rupestris_PA8_RUN3_MAXNET ...
[22:03:41] 	> Projecting Agrostis.rupestris_PA8_RUN4_GLM ...
[22:03:45] 	> Projecting Agrostis.rupestris_PA8_RUN4_GBM ...
[22:03:45] 	> Projecting Agrostis.rupestris_PA8_RUN4_ANN ...
[22:03:47] 	> Projecting Agrostis.rupestris_PA8_RUN4_FDA ...
[22:03:47] 	> Projecting Agrostis.rupestris_PA8_RUN4_MAXNET ...
[22:03:47] 	> Projecting Agrostis.rupestris_PA8_RUN5_GLM ...
[22:03:51] 	> Projecting Agrostis.rupestris_PA8_RUN5_GBM ...
[22:03:51] 	> Projecting Agrostis.rupestris_PA8_RUN5_ANN ...
[22:03:51] 	> Projecting Agrostis.rupestris_PA8_RUN5_FDA ...
[22:04:08] 	> Projecting Agrostis.rupestris_PA8_RUN5_MAXNET ...
[22:04:08] -=-=-=-=-=-=-=-=-=-=-=-=-=-=-=-=-=-= Done -=-=-=-=-=-=-=-=-=-=-=-=-=-=-=-=-=-=
[22:04:15] 
[22:04:15] -=-=-=-=-=-=-=-=-=-=-=-=-= Do Single Models Projection -=-=-=-=-=-=-=-=-=-=-=-=-=
[22:04:15] 
[22:04:16] 	> Projecting Agrostis.rupestris_PA9_RUN1_GLM ...
[22:04:19] 	> Projecting Agrostis.rupestris_PA9_RUN1_GBM ...
[22:04:20] 	> Projecting Agrostis.rupestris_PA9_RUN1_ANN ...
[22:04:21] 	> Projecting Agrostis.rupestris_PA9_RUN1_FDA ...
[22:04:22] 	> Projecting Agrostis.rupestris_PA9_RUN1_MAXNET ...
[22:04:22] 	> Projecting Agrostis.rupestris_PA9_RUN2_GLM ...
[22:04:26] 	> Projecting Agrostis.rupestris_PA9_RUN2_GBM ...
[22:04:26] 	> Projecting Agrostis.rupestris_PA9_RUN2_ANN ...
[22:04:26] 	> Projecting Agrostis.rupestris_PA9_RUN2_FDA ...
[22:04:26] 	> Projecting Agrostis.rupestris_PA9_RUN2_MAXNET ...
[22:04:27] 	> Projecting Agrostis.rupestris_PA9_RUN3_GLM ...
[22:04:30] 	> Projecting Agrostis.rupestris_PA9_RUN3_GBM ...
[22:04:30] 	> Projecting Agrostis.rupestris_PA9_RUN3_ANN ...
[22:04:31] 	> Projecting Agrostis.rupestris_PA9_RUN3_FDA ...
[22:04:31] 	> Projecting Agrostis.rupestris_PA9_RUN3_MAXNET ...
[22:04:31] 	> Projecting Agrostis.rupestris_PA9_RUN4_GLM ...
[22:04:35] 	> Projecting Agrostis.rupestris_PA9_RUN4_GBM ...
[22:04:35] 	> Projecting Agrostis.rupestris_PA9_RUN4_ANN ...
[22:04:35] 	> Projecting Agrostis.rupestris_PA9_RUN4_FDA ...
[22:04:36] 	> Projecting Agrostis.rupestris_PA9_RUN4_MAXNET ...
[22:04:36] 	> Projecting Agrostis.rupestris_PA9_RUN5_GLM ...
[22:04:40] 	> Projecting Agrostis.rupestris_PA9_RUN5_GBM ...
[22:04:40] 	> Projecting Agrostis.rupestris_PA9_RUN5_ANN ...
[22:04:40] 	> Projecting Agrostis.rupestris_PA9_RUN5_FDA ...
[22:04:58] 	> Projecting Agrostis.rupestris_PA9_RUN5_MAXNET ...
[22:04:58] -=-=-=-=-=-=-=-=-=-=-=-=-=-=-=-=-=-= Done -=-=-=-=-=-=-=-=-=-=-=-=-=-=-=-=-=-=
[22:05:06] 
[22:05:06] -=-=-=-=-=-=-=-=-=-=-=-=-= Do Single Models Projection -=-=-=-=-=-=-=-=-=-=-=-=-=
[22:05:06] 
[22:05:06] 	> Projecting Agrostis.rupestris_PA10_RUN1_GLM ...
[22:05:10] 	> Projecting Agrostis.rupestris_PA10_RUN1_GBM ...
[22:05:10] 	> Projecting Agrostis.rupestris_PA10_RUN1_ANN ...
[22:05:11] 	> Projecting Agrostis.rupestris_PA10_RUN1_FDA ...
[22:05:11] 	> Projecting Agrostis.rupestris_PA10_RUN1_MAXNET ...
[22:05:11] 	> Projecting Agrostis.rupestris_PA10_RUN2_GLM ...
[22:05:15] 	> Projecting Agrostis.rupestris_PA10_RUN2_GBM ...
[22:05:15] 	> Projecting Agrostis.rupestris_PA10_RUN2_ANN ...
[22:05:15] 	> Projecting Agrostis.rupestris_PA10_RUN2_FDA ...
[22:05:16] 	> Projecting Agrostis.rupestris_PA10_RUN2_MAXNET ...
[22:05:16] 	> Projecting Agrostis.rupestris_PA10_RUN3_GLM ...
[22:05:20] 	> Projecting Agrostis.rupestris_PA10_RUN3_GBM ...
[22:05:20] 	> Projecting Agrostis.rupestris_PA10_RUN3_ANN ...
[22:05:20] 	> Projecting Agrostis.rupestris_PA10_RUN3_FDA ...
[22:05:20] 	> Projecting Agrostis.rupestris_PA10_RUN3_MAXNET ...
[22:05:21] 	> Projecting Agrostis.rupestris_PA10_RUN4_GLM ...
[22:05:24] 	> Projecting Agrostis.rupestris_PA10_RUN4_GBM ...
[22:05:25] 	> Projecting Agrostis.rupestris_PA10_RUN4_ANN ...
[22:05:25] 	> Projecting Agrostis.rupestris_PA10_RUN4_FDA ...
[22:05:25] 	> Projecting Agrostis.rupestris_PA10_RUN4_MAXNET ...
[22:05:25] 	> Projecting Agrostis.rupestris_PA10_RUN5_GLM ...
[22:05:29] 	> Projecting Agrostis.rupestris_PA10_RUN5_GBM ...
[22:05:30] 	> Projecting Agrostis.rupestris_PA10_RUN5_ANN ...
[22:05:30] 	> Projecting Agrostis.rupestris_PA10_RUN5_FDA ...
[22:05:48] 	> Projecting Agrostis.rupestris_PA10_RUN5_MAXNET ...
[22:05:48] -=-=-=-=-=-=-=-=-=-=-=-=-=-=-=-=-=-= Done -=-=-=-=-=-=-=-=-=-=-=-=-=-=-=-=-=-=
[22:06:26] 
[22:06:26] 
[22:06:26] 
[22:08:33]    > Mean of probabilities by AUCroc ...
[22:08:38] 			Evaluating Model stuff...Warning in forecast_0 * observed_0 : NAs produced by integer overflow
[22:08:38] Warning in forecast_0 * observed_0 : NAs produced by integer overflow
[22:08:38] Warning in forecast_0 * observed_0 : NAs produced by integer overflow
[22:08:38] Warning in forecast_0 * observed_0 : NAs produced by integer overflow
[22:08:38] Warning in forecast_0 * observed_0 : NAs produced by integer overflow
[22:08:38] Warning in forecast_0 * observed_0 : NAs produced by integer overflow
[22:08:38] Warning in forecast_0 * observed_0 : NAs produced by integer overflow
[22:08:38] Warning in forecast_0 * observed_0 : NAs produced by integer overflow
[22:08:38] Warning in forecast_0 * observed_0 : NAs produced by integer overflow
[22:08:38] Warning in forecast_0 * observed_0 : NAs produced by integer overflow
[22:08:38] Warning in forecast_0 * observed_0 : NAs produced by integer overflow
[22:08:38] Warning in forecast_0 * observed_0 : NAs produced by integer overflow
[22:08:38] Warning in forecast_0 * observed_0 : NAs produced by integer overflow
[22:08:38] Warning in forecast_0 * observed_0 : NAs produced by integer overflow
[22:08:38] Warning in forecast_0 * observed_0 : NAs produced by integer overflow
[22:08:38] Warning in forecast_0 * observed_0 : NAs produced by integer overflow
[22:08:38] Warning in forecast_0 * observed_0 : NAs produced by integer overflow
[22:08:38] Warning in forecast_0 * observed_0 : NAs produced by integer overflow
[22:08:38] Warning in forecast_0 * observed_0 : NAs produced by integer overflow
[22:08:38] Warning in forecast_0 * observed_0 : NAs produced by integer overflow
[22:08:38] Warning in forecast_0 * observed_0 : NAs produced by integer overflow
[22:08:38] Warning in forecast_0 * observed_0 : NAs produced by integer overflow
[22:08:38] Warning in forecast_0 * observed_0 : NAs produced by integer overflow
[22:08:38] Warning in forecast_0 * observed_0 : NAs produced by integer overflow
[22:08:38] Warning in forecast_0 * observed_0 : NAs produced by integer overflow
[22:08:38] Warning in forecast_0 * observed_0 : NAs produced by integer overflow
[22:08:38] Warning in forecast_0 * observed_0 : NAs produced by integer overflow
[22:08:38] Warning in forecast_0 * observed_0 : NAs produced by integer overflow
[22:08:38] Warning in forecast_0 * observed_0 : NAs produced by integer overflow
[22:08:38] Warning in forecast_0 * observed_0 : NAs produced by integer overflow
[22:08:38] Warning in forecast_0 * observed_0 : NAs produced by integer overflow
[22:08:38] Warning in forecast_0 * observed_0 : NAs produced by integer overflow
[22:08:38] Warning in forecast_0 * observed_0 : NAs produced by integer overflow
[22:08:38] Warning in forecast_0 * observed_0 : NAs produced by integer overflow
[22:08:38] Warning in forecast_0 * observed_0 : NAs produced by integer overflow
[22:08:38] Warning in forecast_0 * observed_0 : NAs produced by integer overflow
[22:08:38] Warning in forecast_0 * observed_0 : NAs produced by integer overflow
[22:08:38] Warning in forecast_0 * observed_0 : NAs produced by integer overflow
[22:08:38] Warning in forecast_0 * observed_0 : NAs produced by integer overflow
[22:08:38] Warning in forecast_0 * observed_0 : NAs produced by integer overflow
[22:08:38] Warning in forecast_0 * observed_0 : NAs produced by integer overflow
[22:08:38] Warning in forecast_0 * observed_0 : NAs produced by integer overflow
[22:08:38] Warning in forecast_0 * observed_0 : NAs produced by integer overflow
[22:08:38] Warning in forecast_0 * observed_0 : NAs produced by integer overflow
[22:08:38] Warning in forecast_0 * observed_0 : NAs produced by integer overflow
[22:08:38] Warning in forecast_0 * observed_0 : NAs produced by integer overflow
[22:08:38] Warning in forecast_0 * observed_0 : NAs produced by integer overflow
[22:08:38] Warning in forecast_0 * observed_0 : NAs produced by integer overflow
[22:08:38] Warning in forecast_0 * observed_0 : NAs produced by integer overflow
[22:08:38] Warning in forecast_0 * observed_0 : NAs produced by integer overflow
[22:08:38] Warning in forecast_0 * observed_0 : NAs produced by integer overflow
[22:08:38] Warning in forecast_0 * observed_0 : NAs produced by integer overflow
[22:08:38] Warning in forecast_0 * observed_0 : NAs produced by integer overflow
[22:08:38] Warning in forecast_0 * observed_0 : NAs produced by integer overflow
[22:08:38] Warning in forecast_0 * observed_0 : NAs produced by integer overflow
[22:08:38] Warning in forecast_0 * observed_0 : NAs produced by integer overflow
[22:08:38] Warning in forecast_0 * observed_0 : NAs produced by integer overflow
[22:08:38] Warning in forecast_0 * observed_0 : NAs produced by integer overflow
[22:08:38] Warning in forecast_0 * observed_0 : NAs produced by integer overflow
[22:08:38] Warning in forecast_0 * observed_0 : NAs produced by integer overflow
[22:08:38] Warning in forecast_0 * observed_0 : NAs produced by integer overflow
[22:08:38] Warning in forecast_0 * observed_0 : NAs produced by integer overflow
[22:08:38] Warning in forecast_0 * observed_0 : NAs produced by integer overflow
[22:08:38] Warning in forecast_0 * observed_0 : NAs produced by integer overflow
[22:08:38] Warning in forecast_0 * observed_0 : NAs produced by integer overflow
[22:08:38] Warning in forecast_0 * observed_0 : NAs produced by integer overflow
[22:08:38] Warning in forecast_0 * observed_0 : NAs produced by integer overflow
[22:08:38] Warning in forecast_0 * observed_0 : NAs produced by integer overflow
[22:08:38] Warning in forecast_0 * observed_0 : NAs produced by integer overflow
[22:08:38] Warning in forecast_0 * observed_0 : NAs produced by integer overflow
[22:08:38] Warning in forecast_0 * observed_0 : NAs produced by integer overflow
[22:08:38] Warning in forecast_0 * observed_0 : NAs produced by integer overflow
[22:08:38] Warning in forecast_0 * observed_0 : NAs produced by integer overflow
[22:08:38] Warning in forecast_0 * observed_0 : NAs produced by integer overflow
[22:08:38] Warning in forecast_0 * observed_0 : NAs produced by integer overflow
[22:08:38] Warning in forecast_0 * observed_0 : NAs produced by integer overflow
[22:08:38] Warning in forecast_0 * observed_0 : NAs produced by integer overflow
[22:08:38] Warning in forecast_0 * observed_0 : NAs produced by integer overflow
[22:08:38] Warning in forecast_0 * observed_0 : NAs produced by integer overflow
[22:08:38] Warning in forecast_0 * observed_0 : NAs produced by integer overflow
[22:08:38] Warning in forecast_0 * observed_0 : NAs produced by integer overflow
[22:08:38] Warning in forecast_0 * observed_0 : NAs produced by integer overflow
[22:08:38] Warning in forecast_0 * observed_0 : NAs produced by integer overflow
[22:08:38] Warning in forecast_0 * observed_0 : NAs produced by integer overflow
[22:08:38] Warning in forecast_0 * observed_0 : NAs produced by integer overflow
[22:08:38] Warning in forecast_0 * observed_0 : NAs produced by integer overflow
[22:08:38] Warning in forecast_0 * observed_0 : NAs produced by integer overflow
[22:08:38] Warning in forecast_0 * observed_0 : NAs produced by integer overflow
[22:08:38] Warning in forecast_0 * observed_0 : NAs produced by integer overflow
[22:08:38] Warning in forecast_0 * observed_0 : NAs produced by integer overflow
[22:08:38] Warning in forecast_0 * observed_0 : NAs produced by integer overflow
[22:08:38] Warning in forecast_0 * observed_0 : NAs produced by integer overflow
[22:08:38] Warning in forecast_0 * observed_0 : NAs produced by integer overflow
[22:08:38] Warning in forecast_0 * observed_0 : NAs produced by integer overflow
[22:08:38] Warning in forecast_0 * observed_0 : NAs produced by integer overflow
[22:08:38] Warning in forecast_0 * observed_0 : NAs produced by integer overflow
[22:08:38] Warning in forecast_0 * observed_0 : NAs produced by integer overflow
[22:08:38] Warning in forecast_0 * observed_0 : NAs produced by integer overflow
[22:08:38] Warning in forecast_0 * observed_0 : NAs produced by integer overflow
[22:08:38] 
[22:08:38] 
[22:10:46]    > Coef of variation of probabilities by AUCroc ...
[22:10:46] -=-=-=-=-=-=-=-=-=-=-=-=-=-=-=-=-=-= Done -=-=-=-=-=-=-=-=-=-=-=-=-=-=-=-=-=-=
[22:10:46] 
[22:10:46] -=-=-=-=-=-=-=-=-=-=-=-=-= Do Single Models Projection -=-=-=-=-=-=-=-=-=-=-=-=-=
[22:11:08] 
[22:11:08] 		! 'overwrite' arg is set as FALSE. Projections that have already been saved will not be redone. 
[22:11:08]         Please be carfeul if you have changed the models in the meantime. 
[22:11:08] 	> Building clamping mask
[22:12:23] 
[22:12:28] 	> Projecting Agrostis.rupestris_PA1_RUN1_GLM ...
[22:12:28] 		 /work/data/output/Agrostis.rupestris/proj_current/individual_projections/proj_current_Agrostis.rupestris_PA1_RUN1_GLM.tif
[22:12:32] 	> Projecting Agrostis.rupestris_PA1_RUN1_GBM ...
[22:12:32] 		 /work/data/output/Agrostis.rupestris/proj_current/individual_projections/proj_current_Agrostis.rupestris_PA1_RUN1_GBM.tif
[22:12:37] 	> Projecting Agrostis.rupestris_PA1_RUN1_ANN ...
[22:12:37] 		 /work/data/output/Agrostis.rupestris/proj_current/individual_projections/proj_current_Agrostis.rupestris_PA1_RUN1_ANN.tif
[22:12:41] 	> Projecting Agrostis.rupestris_PA1_RUN1_FDA ...
[22:12:41] 		 /work/data/output/Agrostis.rupestris/proj_current/individual_projections/proj_current_Agrostis.rupestris_PA1_RUN1_FDA.tif
[22:13:25] 	> Projecting Agrostis.rupestris_PA1_RUN1_MAXNET ...
[22:13:25] 		Writing projection on hard drive...
[22:13:29] 	> Projecting Agrostis.rupestris_PA1_RUN2_GLM ...
[22:13:29] 		 /work/data/output/Agrostis.rupestris/proj_current/individual_projections/proj_current_Agrostis.rupestris_PA1_RUN2_GLM.tif
[22:13:34] 	> Projecting Agrostis.rupestris_PA1_RUN2_GBM ...
[22:13:34] 		 /work/data/output/Agrostis.rupestris/proj_current/individual_projections/proj_current_Agrostis.rupestris_PA1_RUN2_GBM.tif
[22:13:38] 	> Projecting Agrostis.rupestris_PA1_RUN2_ANN ...
[22:13:38] 		 /work/data/output/Agrostis.rupestris/proj_current/individual_projections/proj_current_Agrostis.rupestris_PA1_RUN2_ANN.tif
[22:13:43] 	> Projecting Agrostis.rupestris_PA1_RUN2_FDA ...
[22:13:43] 		 /work/data/output/Agrostis.rupestris/proj_current/individual_projections/proj_current_Agrostis.rupestris_PA1_RUN2_FDA.tif
[22:14:28] 	> Projecting Agrostis.rupestris_PA1_RUN2_MAXNET ...
[22:14:28] 		Writing projection on hard drive...
[22:14:32] 	> Projecting Agrostis.rupestris_PA1_RUN3_GLM ...
[22:14:32] 		 /work/data/output/Agrostis.rupestris/proj_current/individual_projections/proj_current_Agrostis.rupestris_PA1_RUN3_GLM.tif
[22:14:39] 	> Projecting Agrostis.rupestris_PA1_RUN3_GBM ...
[22:14:39] 		 /work/data/output/Agrostis.rupestris/proj_current/individual_projections/proj_current_Agrostis.rupestris_PA1_RUN3_GBM.tif
[22:14:42] 	> Projecting Agrostis.rupestris_PA1_RUN3_ANN ...
[22:14:42] 		 /work/data/output/Agrostis.rupestris/proj_current/individual_projections/proj_current_Agrostis.rupestris_PA1_RUN3_ANN.tif
[22:14:45] 	> Projecting Agrostis.rupestris_PA1_RUN3_FDA ...
[22:14:45] 		 /work/data/output/Agrostis.rupestris/proj_current/individual_projections/proj_current_Agrostis.rupestris_PA1_RUN3_FDA.tif
[22:15:23] 	> Projecting Agrostis.rupestris_PA1_RUN3_MAXNET ...
[22:15:23] 		Writing projection on hard drive...
[22:15:27] 	> Projecting Agrostis.rupestris_PA1_RUN4_GLM ...
[22:15:27] 		 /work/data/output/Agrostis.rupestris/proj_current/individual_projections/proj_current_Agrostis.rupestris_PA1_RUN4_GLM.tif
[22:15:32] 	> Projecting Agrostis.rupestris_PA1_RUN4_GBM ...
[22:15:32] 		 /work/data/output/Agrostis.rupestris/proj_current/individual_projections/proj_current_Agrostis.rupestris_PA1_RUN4_GBM.tif
[22:15:37] 	> Projecting Agrostis.rupestris_PA1_RUN4_ANN ...
[22:15:37] 		 /work/data/output/Agrostis.rupestris/proj_current/individual_projections/proj_current_Agrostis.rupestris_PA1_RUN4_ANN.tif
[22:15:41] 	> Projecting Agrostis.rupestris_PA1_RUN4_FDA ...
[22:15:41] 		 /work/data/output/Agrostis.rupestris/proj_current/individual_projections/proj_current_Agrostis.rupestris_PA1_RUN4_FDA.tif
[22:16:20] 	> Projecting Agrostis.rupestris_PA1_RUN4_MAXNET ...
[22:16:20] 		Writing projection on hard drive...
[22:16:25] 	> Projecting Agrostis.rupestris_PA1_RUN5_GLM ...
[22:16:25] 		 /work/data/output/Agrostis.rupestris/proj_current/individual_projections/proj_current_Agrostis.rupestris_PA1_RUN5_GLM.tif
[22:16:29] 	> Projecting Agrostis.rupestris_PA1_RUN5_GBM ...
[22:16:29] 		 /work/data/output/Agrostis.rupestris/proj_current/individual_projections/proj_current_Agrostis.rupestris_PA1_RUN5_GBM.tif
[22:16:34] 	> Projecting Agrostis.rupestris_PA1_RUN5_ANN ...
[22:16:34] 		 /work/data/output/Agrostis.rupestris/proj_current/individual_projections/proj_current_Agrostis.rupestris_PA1_RUN5_ANN.tif
[22:16:38] 	> Projecting Agrostis.rupestris_PA1_RUN5_FDA ...
[22:16:38] 		 /work/data/output/Agrostis.rupestris/proj_current/individual_projections/proj_current_Agrostis.rupestris_PA1_RUN5_FDA.tif
[22:17:16] 	> Projecting Agrostis.rupestris_PA1_RUN5_MAXNET ...
[22:17:16] 		Writing projection on hard drive...
[22:17:21] 	> Projecting Agrostis.rupestris_PA2_RUN1_GLM ...
[22:17:21] 		 /work/data/output/Agrostis.rupestris/proj_current/individual_projections/proj_current_Agrostis.rupestris_PA2_RUN1_GLM.tif
[22:17:26] 	> Projecting Agrostis.rupestris_PA2_RUN1_GBM ...
[22:17:26] 		 /work/data/output/Agrostis.rupestris/proj_current/individual_projections/proj_current_Agrostis.rupestris_PA2_RUN1_GBM.tif
[22:17:30] 	> Projecting Agrostis.rupestris_PA2_RUN1_ANN ...
[22:17:30] 		 /work/data/output/Agrostis.rupestris/proj_current/individual_projections/proj_current_Agrostis.rupestris_PA2_RUN1_ANN.tif
[22:17:35] 	> Projecting Agrostis.rupestris_PA2_RUN1_FDA ...
[22:17:35] 		 /work/data/output/Agrostis.rupestris/proj_current/individual_projections/proj_current_Agrostis.rupestris_PA2_RUN1_FDA.tif
[22:18:15] 	> Projecting Agrostis.rupestris_PA2_RUN1_MAXNET ...
[22:18:15] 		Writing projection on hard drive...
[22:18:19] 	> Projecting Agrostis.rupestris_PA2_RUN2_GLM ...
[22:18:19] 		 /work/data/output/Agrostis.rupestris/proj_current/individual_projections/proj_current_Agrostis.rupestris_PA2_RUN2_GLM.tif
[22:18:24] 	> Projecting Agrostis.rupestris_PA2_RUN2_GBM ...
[22:18:24] 		 /work/data/output/Agrostis.rupestris/proj_current/individual_projections/proj_current_Agrostis.rupestris_PA2_RUN2_GBM.tif
[22:18:28] 	> Projecting Agrostis.rupestris_PA2_RUN2_ANN ...
[22:18:28] 		 /work/data/output/Agrostis.rupestris/proj_current/individual_projections/proj_current_Agrostis.rupestris_PA2_RUN2_ANN.tif
[22:18:33] 	> Projecting Agrostis.rupestris_PA2_RUN2_FDA ...
[22:18:33] 		 /work/data/output/Agrostis.rupestris/proj_current/individual_projections/proj_current_Agrostis.rupestris_PA2_RUN2_FDA.tif
[22:19:15] 	> Projecting Agrostis.rupestris_PA2_RUN2_MAXNET ...
[22:19:15] 		Writing projection on hard drive...
[22:19:19] 	> Projecting Agrostis.rupestris_PA2_RUN3_GLM ...
[22:19:19] 		 /work/data/output/Agrostis.rupestris/proj_current/individual_projections/proj_current_Agrostis.rupestris_PA2_RUN3_GLM.tif
[22:19:24] 	> Projecting Agrostis.rupestris_PA2_RUN3_GBM ...
[22:19:24] 		 /work/data/output/Agrostis.rupestris/proj_current/individual_projections/proj_current_Agrostis.rupestris_PA2_RUN3_GBM.tif
[22:19:28] 	> Projecting Agrostis.rupestris_PA2_RUN3_ANN ...
[22:19:28] 		 /work/data/output/Agrostis.rupestris/proj_current/individual_projections/proj_current_Agrostis.rupestris_PA2_RUN3_ANN.tif
[22:19:33] 	> Projecting Agrostis.rupestris_PA2_RUN3_FDA ...
[22:19:33] 		 /work/data/output/Agrostis.rupestris/proj_current/individual_projections/proj_current_Agrostis.rupestris_PA2_RUN3_FDA.tif
[22:20:14] 	> Projecting Agrostis.rupestris_PA2_RUN3_MAXNET ...
[22:20:14] 		Writing projection on hard drive...
[22:20:19] 	> Projecting Agrostis.rupestris_PA2_RUN4_GLM ...
[22:20:19] 		 /work/data/output/Agrostis.rupestris/proj_current/individual_projections/proj_current_Agrostis.rupestris_PA2_RUN4_GLM.tif
[22:20:23] 	> Projecting Agrostis.rupestris_PA2_RUN4_GBM ...
[22:20:23] 		 /work/data/output/Agrostis.rupestris/proj_current/individual_projections/proj_current_Agrostis.rupestris_PA2_RUN4_GBM.tif
[22:20:28] 	> Projecting Agrostis.rupestris_PA2_RUN4_ANN ...
[22:20:28] 		 /work/data/output/Agrostis.rupestris/proj_current/individual_projections/proj_current_Agrostis.rupestris_PA2_RUN4_ANN.tif
[22:20:33] 	> Projecting Agrostis.rupestris_PA2_RUN4_FDA ...
[22:20:33] 		 /work/data/output/Agrostis.rupestris/proj_current/individual_projections/proj_current_Agrostis.rupestris_PA2_RUN4_FDA.tif
[22:21:14] 	> Projecting Agrostis.rupestris_PA2_RUN4_MAXNET ...
[22:21:14] 		Writing projection on hard drive...
[22:21:19] 	> Projecting Agrostis.rupestris_PA2_RUN5_GLM ...
[22:21:19] 		 /work/data/output/Agrostis.rupestris/proj_current/individual_projections/proj_current_Agrostis.rupestris_PA2_RUN5_GLM.tif
[22:21:23] 	> Projecting Agrostis.rupestris_PA2_RUN5_GBM ...
[22:21:23] 		 /work/data/output/Agrostis.rupestris/proj_current/individual_projections/proj_current_Agrostis.rupestris_PA2_RUN5_GBM.tif
[22:21:28] 	> Projecting Agrostis.rupestris_PA2_RUN5_ANN ...
[22:21:28] 		 /work/data/output/Agrostis.rupestris/proj_current/individual_projections/proj_current_Agrostis.rupestris_PA2_RUN5_ANN.tif
[22:21:32] 	> Projecting Agrostis.rupestris_PA2_RUN5_FDA ...
[22:21:32] 		 /work/data/output/Agrostis.rupestris/proj_current/individual_projections/proj_current_Agrostis.rupestris_PA2_RUN5_FDA.tif
[22:22:15] 	> Projecting Agrostis.rupestris_PA2_RUN5_MAXNET ...
[22:22:15] 		Writing projection on hard drive...
[22:22:19] 	> Projecting Agrostis.rupestris_PA3_RUN1_GLM ...
[22:22:19] 		 /work/data/output/Agrostis.rupestris/proj_current/individual_projections/proj_current_Agrostis.rupestris_PA3_RUN1_GLM.tif
[22:22:24] 	> Projecting Agrostis.rupestris_PA3_RUN1_GBM ...
[22:22:24] 		 /work/data/output/Agrostis.rupestris/proj_current/individual_projections/proj_current_Agrostis.rupestris_PA3_RUN1_GBM.tif
[22:22:28] 	> Projecting Agrostis.rupestris_PA3_RUN1_ANN ...
[22:22:28] 		 /work/data/output/Agrostis.rupestris/proj_current/individual_projections/proj_current_Agrostis.rupestris_PA3_RUN1_ANN.tif
[22:22:33] 	> Projecting Agrostis.rupestris_PA3_RUN1_FDA ...
[22:22:33] 		 /work/data/output/Agrostis.rupestris/proj_current/individual_projections/proj_current_Agrostis.rupestris_PA3_RUN1_FDA.tif
[22:23:17] 	> Projecting Agrostis.rupestris_PA3_RUN1_MAXNET ...
[22:23:17] 		Writing projection on hard drive...
[22:23:20] 	> Projecting Agrostis.rupestris_PA3_RUN2_GLM ...
[22:23:20] 		 /work/data/output/Agrostis.rupestris/proj_current/individual_projections/proj_current_Agrostis.rupestris_PA3_RUN2_GLM.tif
[22:23:23] 	> Projecting Agrostis.rupestris_PA3_RUN2_GBM ...
[22:23:23] 		 /work/data/output/Agrostis.rupestris/proj_current/individual_projections/proj_current_Agrostis.rupestris_PA3_RUN2_GBM.tif
[22:23:26] 	> Projecting Agrostis.rupestris_PA3_RUN2_ANN ...
[22:23:26] 		 /work/data/output/Agrostis.rupestris/proj_current/individual_projections/proj_current_Agrostis.rupestris_PA3_RUN2_ANN.tif
[22:23:28] 	> Projecting Agrostis.rupestris_PA3_RUN2_FDA ...
[22:23:28] 		 /work/data/output/Agrostis.rupestris/proj_current/individual_projections/proj_current_Agrostis.rupestris_PA3_RUN2_FDA.tif
[22:24:11] 	> Projecting Agrostis.rupestris_PA3_RUN2_MAXNET ...
[22:24:11] 		Writing projection on hard drive...
[22:24:15] 	> Projecting Agrostis.rupestris_PA3_RUN3_GLM ...
[22:24:15] 		 /work/data/output/Agrostis.rupestris/proj_current/individual_projections/proj_current_Agrostis.rupestris_PA3_RUN3_GLM.tif
[22:24:20] 	> Projecting Agrostis.rupestris_PA3_RUN3_GBM ...
[22:24:20] 		 /work/data/output/Agrostis.rupestris/proj_current/individual_projections/proj_current_Agrostis.rupestris_PA3_RUN3_GBM.tif
[22:24:25] 	> Projecting Agrostis.rupestris_PA3_RUN3_ANN ...
[22:24:25] 		 /work/data/output/Agrostis.rupestris/proj_current/individual_projections/proj_current_Agrostis.rupestris_PA3_RUN3_ANN.tif
[22:24:29] 	> Projecting Agrostis.rupestris_PA3_RUN3_FDA ...
[22:24:29] 		 /work/data/output/Agrostis.rupestris/proj_current/individual_projections/proj_current_Agrostis.rupestris_PA3_RUN3_FDA.tif
[22:25:11] 	> Projecting Agrostis.rupestris_PA3_RUN3_MAXNET ...
[22:25:11] 		Writing projection on hard drive...
[22:25:15] 	> Projecting Agrostis.rupestris_PA3_RUN4_GLM ...
[22:25:15] 		 /work/data/output/Agrostis.rupestris/proj_current/individual_projections/proj_current_Agrostis.rupestris_PA3_RUN4_GLM.tif
[22:25:20] 	> Projecting Agrostis.rupestris_PA3_RUN4_GBM ...
[22:25:20] 		 /work/data/output/Agrostis.rupestris/proj_current/individual_projections/proj_current_Agrostis.rupestris_PA3_RUN4_GBM.tif
[22:25:25] 	> Projecting Agrostis.rupestris_PA3_RUN4_ANN ...
[22:25:25] 		 /work/data/output/Agrostis.rupestris/proj_current/individual_projections/proj_current_Agrostis.rupestris_PA3_RUN4_ANN.tif
[22:25:29] 	> Projecting Agrostis.rupestris_PA3_RUN4_FDA ...
[22:25:29] 		 /work/data/output/Agrostis.rupestris/proj_current/individual_projections/proj_current_Agrostis.rupestris_PA3_RUN4_FDA.tif
[22:26:08] 	> Projecting Agrostis.rupestris_PA3_RUN4_MAXNET ...
[22:26:08] 		Writing projection on hard drive...
[22:26:13] 	> Projecting Agrostis.rupestris_PA3_RUN5_GLM ...
[22:26:13] 		 /work/data/output/Agrostis.rupestris/proj_current/individual_projections/proj_current_Agrostis.rupestris_PA3_RUN5_GLM.tif
[22:26:18] 	> Projecting Agrostis.rupestris_PA3_RUN5_GBM ...
[22:26:18] 		 /work/data/output/Agrostis.rupestris/proj_current/individual_projections/proj_current_Agrostis.rupestris_PA3_RUN5_GBM.tif
[22:26:22] 	> Projecting Agrostis.rupestris_PA3_RUN5_ANN ...
[22:26:22] 		 /work/data/output/Agrostis.rupestris/proj_current/individual_projections/proj_current_Agrostis.rupestris_PA3_RUN5_ANN.tif
[22:26:27] 	> Projecting Agrostis.rupestris_PA3_RUN5_FDA ...
[22:26:27] 		 /work/data/output/Agrostis.rupestris/proj_current/individual_projections/proj_current_Agrostis.rupestris_PA3_RUN5_FDA.tif
[22:27:10] 	> Projecting Agrostis.rupestris_PA3_RUN5_MAXNET ...
[22:27:10] 		Writing projection on hard drive...
[22:27:15] 	> Projecting Agrostis.rupestris_PA4_RUN1_GLM ...
[22:27:15] 		 /work/data/output/Agrostis.rupestris/proj_current/individual_projections/proj_current_Agrostis.rupestris_PA4_RUN1_GLM.tif
[22:27:20] 	> Projecting Agrostis.rupestris_PA4_RUN1_GBM ...
[22:27:20] 		 /work/data/output/Agrostis.rupestris/proj_current/individual_projections/proj_current_Agrostis.rupestris_PA4_RUN1_GBM.tif
[22:27:24] 	> Projecting Agrostis.rupestris_PA4_RUN1_ANN ...
[22:27:24] 		 /work/data/output/Agrostis.rupestris/proj_current/individual_projections/proj_current_Agrostis.rupestris_PA4_RUN1_ANN.tif
[22:27:29] 	> Projecting Agrostis.rupestris_PA4_RUN1_FDA ...
[22:27:29] 		 /work/data/output/Agrostis.rupestris/proj_current/individual_projections/proj_current_Agrostis.rupestris_PA4_RUN1_FDA.tif
[22:28:16] 	> Projecting Agrostis.rupestris_PA4_RUN1_MAXNET ...
[22:28:16] 		Writing projection on hard drive...
[22:28:20] 	> Projecting Agrostis.rupestris_PA4_RUN2_GLM ...
[22:28:20] 		 /work/data/output/Agrostis.rupestris/proj_current/individual_projections/proj_current_Agrostis.rupestris_PA4_RUN2_GLM.tif
[22:28:25] 	> Projecting Agrostis.rupestris_PA4_RUN2_GBM ...
[22:28:25] 		 /work/data/output/Agrostis.rupestris/proj_current/individual_projections/proj_current_Agrostis.rupestris_PA4_RUN2_GBM.tif
[22:28:29] 	> Projecting Agrostis.rupestris_PA4_RUN2_ANN ...
[22:28:29] 		 /work/data/output/Agrostis.rupestris/proj_current/individual_projections/proj_current_Agrostis.rupestris_PA4_RUN2_ANN.tif
[22:28:34] 	> Projecting Agrostis.rupestris_PA4_RUN2_FDA ...
[22:28:34] 		 /work/data/output/Agrostis.rupestris/proj_current/individual_projections/proj_current_Agrostis.rupestris_PA4_RUN2_FDA.tif
[22:29:13] 	> Projecting Agrostis.rupestris_PA4_RUN2_MAXNET ...
[22:29:13] 		Writing projection on hard drive...
[22:29:18] 	> Projecting Agrostis.rupestris_PA4_RUN3_GLM ...
[22:29:18] 		 /work/data/output/Agrostis.rupestris/proj_current/individual_projections/proj_current_Agrostis.rupestris_PA4_RUN3_GLM.tif
[22:29:22] 	> Projecting Agrostis.rupestris_PA4_RUN3_GBM ...
[22:29:22] 		 /work/data/output/Agrostis.rupestris/proj_current/individual_projections/proj_current_Agrostis.rupestris_PA4_RUN3_GBM.tif
[22:29:27] 	> Projecting Agrostis.rupestris_PA4_RUN3_ANN ...
[22:29:27] 		 /work/data/output/Agrostis.rupestris/proj_current/individual_projections/proj_current_Agrostis.rupestris_PA4_RUN3_ANN.tif
[22:29:31] 	> Projecting Agrostis.rupestris_PA4_RUN3_FDA ...
[22:29:31] 		 /work/data/output/Agrostis.rupestris/proj_current/individual_projections/proj_current_Agrostis.rupestris_PA4_RUN3_FDA.tif
[22:30:15] 	> Projecting Agrostis.rupestris_PA4_RUN3_MAXNET ...
[22:30:15] 		Writing projection on hard drive...
[22:30:20] 	> Projecting Agrostis.rupestris_PA4_RUN4_GLM ...
[22:30:20] 		 /work/data/output/Agrostis.rupestris/proj_current/individual_projections/proj_current_Agrostis.rupestris_PA4_RUN4_GLM.tif
[22:30:24] 	> Projecting Agrostis.rupestris_PA4_RUN4_GBM ...
[22:30:24] 		 /work/data/output/Agrostis.rupestris/proj_current/individual_projections/proj_current_Agrostis.rupestris_PA4_RUN4_GBM.tif
[22:30:29] 	> Projecting Agrostis.rupestris_PA4_RUN4_ANN ...
[22:30:29] 		 /work/data/output/Agrostis.rupestris/proj_current/individual_projections/proj_current_Agrostis.rupestris_PA4_RUN4_ANN.tif
[22:30:33] 	> Projecting Agrostis.rupestris_PA4_RUN4_FDA ...
[22:30:33] 		 /work/data/output/Agrostis.rupestris/proj_current/individual_projections/proj_current_Agrostis.rupestris_PA4_RUN4_FDA.tif
[22:31:14] 	> Projecting Agrostis.rupestris_PA4_RUN4_MAXNET ...
[22:31:14] 		Writing projection on hard drive...
[22:31:19] 	> Projecting Agrostis.rupestris_PA4_RUN5_GLM ...
[22:31:19] 		 /work/data/output/Agrostis.rupestris/proj_current/individual_projections/proj_current_Agrostis.rupestris_PA4_RUN5_GLM.tif
[22:31:23] 	> Projecting Agrostis.rupestris_PA4_RUN5_GBM ...
[22:31:23] 		 /work/data/output/Agrostis.rupestris/proj_current/individual_projections/proj_current_Agrostis.rupestris_PA4_RUN5_GBM.tif
[22:31:28] 	> Projecting Agrostis.rupestris_PA4_RUN5_ANN ...
[22:31:28] 		 /work/data/output/Agrostis.rupestris/proj_current/individual_projections/proj_current_Agrostis.rupestris_PA4_RUN5_ANN.tif
[22:31:32] 	> Projecting Agrostis.rupestris_PA4_RUN5_FDA ...
[22:31:32] 		 /work/data/output/Agrostis.rupestris/proj_current/individual_projections/proj_current_Agrostis.rupestris_PA4_RUN5_FDA.tif
[22:32:14] 	> Projecting Agrostis.rupestris_PA4_RUN5_MAXNET ...
[22:32:14] 		Writing projection on hard drive...
[22:32:18] 	> Projecting Agrostis.rupestris_PA5_RUN1_GLM ...
[22:32:18] 		 /work/data/output/Agrostis.rupestris/proj_current/individual_projections/proj_current_Agrostis.rupestris_PA5_RUN1_GLM.tif
[22:32:23] 	> Projecting Agrostis.rupestris_PA5_RUN1_GBM ...
[22:32:23] 		 /work/data/output/Agrostis.rupestris/proj_current/individual_projections/proj_current_Agrostis.rupestris_PA5_RUN1_GBM.tif
[22:32:28] 	> Projecting Agrostis.rupestris_PA5_RUN1_ANN ...
[22:32:28] 		 /work/data/output/Agrostis.rupestris/proj_current/individual_projections/proj_current_Agrostis.rupestris_PA5_RUN1_ANN.tif
[22:32:32] 	> Projecting Agrostis.rupestris_PA5_RUN1_FDA ...
[22:32:32] 		 /work/data/output/Agrostis.rupestris/proj_current/individual_projections/proj_current_Agrostis.rupestris_PA5_RUN1_FDA.tif
[22:33:11] 	> Projecting Agrostis.rupestris_PA5_RUN1_MAXNET ...
[22:33:11] 		Writing projection on hard drive...
[22:33:16] 	> Projecting Agrostis.rupestris_PA5_RUN2_GLM ...
[22:33:16] 		 /work/data/output/Agrostis.rupestris/proj_current/individual_projections/proj_current_Agrostis.rupestris_PA5_RUN2_GLM.tif
[22:33:20] 	> Projecting Agrostis.rupestris_PA5_RUN2_GBM ...
[22:33:20] 		 /work/data/output/Agrostis.rupestris/proj_current/individual_projections/proj_current_Agrostis.rupestris_PA5_RUN2_GBM.tif
[22:33:25] 	> Projecting Agrostis.rupestris_PA5_RUN2_ANN ...
[22:33:25] 		 /work/data/output/Agrostis.rupestris/proj_current/individual_projections/proj_current_Agrostis.rupestris_PA5_RUN2_ANN.tif
[22:33:30] 	> Projecting Agrostis.rupestris_PA5_RUN2_FDA ...
[22:33:30] 		 /work/data/output/Agrostis.rupestris/proj_current/individual_projections/proj_current_Agrostis.rupestris_PA5_RUN2_FDA.tif
[22:34:08] 	> Projecting Agrostis.rupestris_PA5_RUN2_MAXNET ...
[22:34:08] 		Writing projection on hard drive...
[22:34:13] 	> Projecting Agrostis.rupestris_PA5_RUN3_GLM ...
[22:34:13] 		 /work/data/output/Agrostis.rupestris/proj_current/individual_projections/proj_current_Agrostis.rupestris_PA5_RUN3_GLM.tif
[22:34:17] 	> Projecting Agrostis.rupestris_PA5_RUN3_GBM ...
[22:34:17] 		 /work/data/output/Agrostis.rupestris/proj_current/individual_projections/proj_current_Agrostis.rupestris_PA5_RUN3_GBM.tif
[22:34:22] 	> Projecting Agrostis.rupestris_PA5_RUN3_ANN ...
[22:34:22] 		 /work/data/output/Agrostis.rupestris/proj_current/individual_projections/proj_current_Agrostis.rupestris_PA5_RUN3_ANN.tif
[22:34:26] 	> Projecting Agrostis.rupestris_PA5_RUN3_FDA ...
[22:34:26] 		 /work/data/output/Agrostis.rupestris/proj_current/individual_projections/proj_current_Agrostis.rupestris_PA5_RUN3_FDA.tif
[22:35:03] 	> Projecting Agrostis.rupestris_PA5_RUN3_MAXNET ...
[22:35:03] 		Writing projection on hard drive...
[22:35:08] 	> Projecting Agrostis.rupestris_PA5_RUN4_GLM ...
[22:35:08] 		 /work/data/output/Agrostis.rupestris/proj_current/individual_projections/proj_current_Agrostis.rupestris_PA5_RUN4_GLM.tif
[22:35:13] 	> Projecting Agrostis.rupestris_PA5_RUN4_GBM ...
[22:35:13] 		 /work/data/output/Agrostis.rupestris/proj_current/individual_projections/proj_current_Agrostis.rupestris_PA5_RUN4_GBM.tif
[22:35:17] 	> Projecting Agrostis.rupestris_PA5_RUN4_ANN ...
[22:35:17] 		 /work/data/output/Agrostis.rupestris/proj_current/individual_projections/proj_current_Agrostis.rupestris_PA5_RUN4_ANN.tif
[22:35:22] 	> Projecting Agrostis.rupestris_PA5_RUN4_FDA ...
[22:35:22] 		 /work/data/output/Agrostis.rupestris/proj_current/individual_projections/proj_current_Agrostis.rupestris_PA5_RUN4_FDA.tif
[22:36:02] 	> Projecting Agrostis.rupestris_PA5_RUN4_MAXNET ...
[22:36:02] 		Writing projection on hard drive...
[22:36:07] 	> Projecting Agrostis.rupestris_PA5_RUN5_GLM ...
[22:36:07] 		 /work/data/output/Agrostis.rupestris/proj_current/individual_projections/proj_current_Agrostis.rupestris_PA5_RUN5_GLM.tif
[22:36:11] 	> Projecting Agrostis.rupestris_PA5_RUN5_GBM ...
[22:36:11] 		 /work/data/output/Agrostis.rupestris/proj_current/individual_projections/proj_current_Agrostis.rupestris_PA5_RUN5_GBM.tif
[22:36:16] 	> Projecting Agrostis.rupestris_PA5_RUN5_ANN ...
[22:36:16] 		 /work/data/output/Agrostis.rupestris/proj_current/individual_projections/proj_current_Agrostis.rupestris_PA5_RUN5_ANN.tif
[22:36:20] 	> Projecting Agrostis.rupestris_PA5_RUN5_FDA ...
[22:36:20] 		 /work/data/output/Agrostis.rupestris/proj_current/individual_projections/proj_current_Agrostis.rupestris_PA5_RUN5_FDA.tif
[22:37:02] 	> Projecting Agrostis.rupestris_PA5_RUN5_MAXNET ...
[22:37:02] 		Writing projection on hard drive...
[22:37:06] 	> Projecting Agrostis.rupestris_PA6_RUN1_GLM ...
[22:37:06] 		 /work/data/output/Agrostis.rupestris/proj_current/individual_projections/proj_current_Agrostis.rupestris_PA6_RUN1_GLM.tif
[22:37:11] 	> Projecting Agrostis.rupestris_PA6_RUN1_GBM ...
[22:37:11] 		 /work/data/output/Agrostis.rupestris/proj_current/individual_projections/proj_current_Agrostis.rupestris_PA6_RUN1_GBM.tif
[22:37:15] 	> Projecting Agrostis.rupestris_PA6_RUN1_ANN ...
[22:37:15] 		 /work/data/output/Agrostis.rupestris/proj_current/individual_projections/proj_current_Agrostis.rupestris_PA6_RUN1_ANN.tif
[22:37:20] 	> Projecting Agrostis.rupestris_PA6_RUN1_FDA ...
[22:37:20] 		 /work/data/output/Agrostis.rupestris/proj_current/individual_projections/proj_current_Agrostis.rupestris_PA6_RUN1_FDA.tif
[22:38:02] 	> Projecting Agrostis.rupestris_PA6_RUN1_MAXNET ...
[22:38:02] 		Writing projection on hard drive...
[22:38:07] 	> Projecting Agrostis.rupestris_PA6_RUN2_GLM ...
[22:38:07] 		 /work/data/output/Agrostis.rupestris/proj_current/individual_projections/proj_current_Agrostis.rupestris_PA6_RUN2_GLM.tif
[22:38:11] 	> Projecting Agrostis.rupestris_PA6_RUN2_GBM ...
[22:38:11] 		 /work/data/output/Agrostis.rupestris/proj_current/individual_projections/proj_current_Agrostis.rupestris_PA6_RUN2_GBM.tif
[22:38:16] 	> Projecting Agrostis.rupestris_PA6_RUN2_ANN ...
[22:38:16] 		 /work/data/output/Agrostis.rupestris/proj_current/individual_projections/proj_current_Agrostis.rupestris_PA6_RUN2_ANN.tif
[22:38:20] 	> Projecting Agrostis.rupestris_PA6_RUN2_FDA ...
[22:38:20] 		 /work/data/output/Agrostis.rupestris/proj_current/individual_projections/proj_current_Agrostis.rupestris_PA6_RUN2_FDA.tif
[22:39:01] 	> Projecting Agrostis.rupestris_PA6_RUN2_MAXNET ...
[22:39:01] 		Writing projection on hard drive...
[22:39:06] 	> Projecting Agrostis.rupestris_PA6_RUN3_GLM ...
[22:39:06] 		 /work/data/output/Agrostis.rupestris/proj_current/individual_projections/proj_current_Agrostis.rupestris_PA6_RUN3_GLM.tif
[22:39:10] 	> Projecting Agrostis.rupestris_PA6_RUN3_GBM ...
[22:39:10] 		 /work/data/output/Agrostis.rupestris/proj_current/individual_projections/proj_current_Agrostis.rupestris_PA6_RUN3_GBM.tif
[22:39:15] 	> Projecting Agrostis.rupestris_PA6_RUN3_ANN ...
[22:39:15] 		 /work/data/output/Agrostis.rupestris/proj_current/individual_projections/proj_current_Agrostis.rupestris_PA6_RUN3_ANN.tif
[22:39:19] 	> Projecting Agrostis.rupestris_PA6_RUN3_FDA ...
[22:39:19] 		 /work/data/output/Agrostis.rupestris/proj_current/individual_projections/proj_current_Agrostis.rupestris_PA6_RUN3_FDA.tif
[22:39:56] 	> Projecting Agrostis.rupestris_PA6_RUN3_MAXNET ...
[22:39:56] 		Writing projection on hard drive...
[22:40:01] 	> Projecting Agrostis.rupestris_PA6_RUN4_GLM ...
[22:40:01] 		 /work/data/output/Agrostis.rupestris/proj_current/individual_projections/proj_current_Agrostis.rupestris_PA6_RUN4_GLM.tif
[22:40:05] 	> Projecting Agrostis.rupestris_PA6_RUN4_GBM ...
[22:40:05] 		 /work/data/output/Agrostis.rupestris/proj_current/individual_projections/proj_current_Agrostis.rupestris_PA6_RUN4_GBM.tif
[22:40:10] 	> Projecting Agrostis.rupestris_PA6_RUN4_ANN ...
[22:40:10] 		 /work/data/output/Agrostis.rupestris/proj_current/individual_projections/proj_current_Agrostis.rupestris_PA6_RUN4_ANN.tif
[22:40:14] 	> Projecting Agrostis.rupestris_PA6_RUN4_FDA ...
[22:40:14] 		 /work/data/output/Agrostis.rupestris/proj_current/individual_projections/proj_current_Agrostis.rupestris_PA6_RUN4_FDA.tif
[22:40:50] 	> Projecting Agrostis.rupestris_PA6_RUN4_MAXNET ...
[22:40:50] 		Writing projection on hard drive...
[22:40:55] 	> Projecting Agrostis.rupestris_PA6_RUN5_GLM ...
[22:40:55] 		 /work/data/output/Agrostis.rupestris/proj_current/individual_projections/proj_current_Agrostis.rupestris_PA6_RUN5_GLM.tif
[22:41:00] 	> Projecting Agrostis.rupestris_PA6_RUN5_GBM ...
[22:41:00] 		 /work/data/output/Agrostis.rupestris/proj_current/individual_projections/proj_current_Agrostis.rupestris_PA6_RUN5_GBM.tif
[22:41:04] 	> Projecting Agrostis.rupestris_PA6_RUN5_ANN ...
[22:41:04] 		 /work/data/output/Agrostis.rupestris/proj_current/individual_projections/proj_current_Agrostis.rupestris_PA6_RUN5_ANN.tif
[22:41:09] 	> Projecting Agrostis.rupestris_PA6_RUN5_FDA ...
[22:41:09] 		 /work/data/output/Agrostis.rupestris/proj_current/individual_projections/proj_current_Agrostis.rupestris_PA6_RUN5_FDA.tif
[22:41:49] 	> Projecting Agrostis.rupestris_PA6_RUN5_MAXNET ...
[22:41:49] 		Writing projection on hard drive...
[22:41:53] 	> Projecting Agrostis.rupestris_PA7_RUN1_GLM ...
[22:41:53] 		 /work/data/output/Agrostis.rupestris/proj_current/individual_projections/proj_current_Agrostis.rupestris_PA7_RUN1_GLM.tif
[22:41:58] 	> Projecting Agrostis.rupestris_PA7_RUN1_GBM ...
[22:41:58] 		 /work/data/output/Agrostis.rupestris/proj_current/individual_projections/proj_current_Agrostis.rupestris_PA7_RUN1_GBM.tif
[22:42:03] 	> Projecting Agrostis.rupestris_PA7_RUN1_ANN ...
[22:42:03] 		 /work/data/output/Agrostis.rupestris/proj_current/individual_projections/proj_current_Agrostis.rupestris_PA7_RUN1_ANN.tif
[22:42:07] 	> Projecting Agrostis.rupestris_PA7_RUN1_FDA ...
[22:42:07] 		 /work/data/output/Agrostis.rupestris/proj_current/individual_projections/proj_current_Agrostis.rupestris_PA7_RUN1_FDA.tif
[22:42:43] 	> Projecting Agrostis.rupestris_PA7_RUN1_MAXNET ...
[22:42:43] 		Writing projection on hard drive...
[22:42:47] 	> Projecting Agrostis.rupestris_PA7_RUN2_GLM ...
[22:42:47] 		 /work/data/output/Agrostis.rupestris/proj_current/individual_projections/proj_current_Agrostis.rupestris_PA7_RUN2_GLM.tif
[22:42:52] 	> Projecting Agrostis.rupestris_PA7_RUN2_GBM ...
[22:42:52] 		 /work/data/output/Agrostis.rupestris/proj_current/individual_projections/proj_current_Agrostis.rupestris_PA7_RUN2_GBM.tif
[22:42:56] 	> Projecting Agrostis.rupestris_PA7_RUN2_ANN ...
[22:42:56] 		 /work/data/output/Agrostis.rupestris/proj_current/individual_projections/proj_current_Agrostis.rupestris_PA7_RUN2_ANN.tif
[22:43:01] 	> Projecting Agrostis.rupestris_PA7_RUN2_FDA ...
[22:43:01] 		 /work/data/output/Agrostis.rupestris/proj_current/individual_projections/proj_current_Agrostis.rupestris_PA7_RUN2_FDA.tif
[22:43:35] 	> Projecting Agrostis.rupestris_PA7_RUN2_MAXNET ...
[22:43:35] 		Writing projection on hard drive...
[22:43:40] 	> Projecting Agrostis.rupestris_PA7_RUN3_GLM ...
[22:43:40] 		 /work/data/output/Agrostis.rupestris/proj_current/individual_projections/proj_current_Agrostis.rupestris_PA7_RUN3_GLM.tif
[22:43:44] 	> Projecting Agrostis.rupestris_PA7_RUN3_GBM ...
[22:43:44] 		 /work/data/output/Agrostis.rupestris/proj_current/individual_projections/proj_current_Agrostis.rupestris_PA7_RUN3_GBM.tif
[22:43:49] 	> Projecting Agrostis.rupestris_PA7_RUN3_ANN ...
[22:43:49] 		 /work/data/output/Agrostis.rupestris/proj_current/individual_projections/proj_current_Agrostis.rupestris_PA7_RUN3_ANN.tif
[22:43:53] 	> Projecting Agrostis.rupestris_PA7_RUN3_FDA ...
[22:43:53] 		 /work/data/output/Agrostis.rupestris/proj_current/individual_projections/proj_current_Agrostis.rupestris_PA7_RUN3_FDA.tif
[22:44:33] 	> Projecting Agrostis.rupestris_PA7_RUN3_MAXNET ...
[22:44:33] 		Writing projection on hard drive...
[22:44:37] 	> Projecting Agrostis.rupestris_PA7_RUN4_GLM ...
[22:44:37] 		 /work/data/output/Agrostis.rupestris/proj_current/individual_projections/proj_current_Agrostis.rupestris_PA7_RUN4_GLM.tif
[22:44:42] 	> Projecting Agrostis.rupestris_PA7_RUN4_GBM ...
[22:44:42] 		 /work/data/output/Agrostis.rupestris/proj_current/individual_projections/proj_current_Agrostis.rupestris_PA7_RUN4_GBM.tif
[22:44:46] 	> Projecting Agrostis.rupestris_PA7_RUN4_ANN ...
[22:44:46] 		 /work/data/output/Agrostis.rupestris/proj_current/individual_projections/proj_current_Agrostis.rupestris_PA7_RUN4_ANN.tif
[22:44:51] 	> Projecting Agrostis.rupestris_PA7_RUN4_FDA ...
[22:44:51] 		 /work/data/output/Agrostis.rupestris/proj_current/individual_projections/proj_current_Agrostis.rupestris_PA7_RUN4_FDA.tif
[22:45:30] 	> Projecting Agrostis.rupestris_PA7_RUN4_MAXNET ...
[22:45:30] 		Writing projection on hard drive...
[22:45:35] 	> Projecting Agrostis.rupestris_PA7_RUN5_GLM ...
[22:45:35] 		 /work/data/output/Agrostis.rupestris/proj_current/individual_projections/proj_current_Agrostis.rupestris_PA7_RUN5_GLM.tif
[22:45:40] 	> Projecting Agrostis.rupestris_PA7_RUN5_GBM ...
[22:45:40] 		 /work/data/output/Agrostis.rupestris/proj_current/individual_projections/proj_current_Agrostis.rupestris_PA7_RUN5_GBM.tif
[22:45:44] 	> Projecting Agrostis.rupestris_PA7_RUN5_ANN ...
[22:45:44] 		 /work/data/output/Agrostis.rupestris/proj_current/individual_projections/proj_current_Agrostis.rupestris_PA7_RUN5_ANN.tif
[22:45:49] 	> Projecting Agrostis.rupestris_PA7_RUN5_FDA ...
[22:45:49] 		 /work/data/output/Agrostis.rupestris/proj_current/individual_projections/proj_current_Agrostis.rupestris_PA7_RUN5_FDA.tif
[22:46:24] 	> Projecting Agrostis.rupestris_PA7_RUN5_MAXNET ...
[22:46:24] 		Writing projection on hard drive...
[22:46:29] 	> Projecting Agrostis.rupestris_PA8_RUN1_GLM ...
[22:46:29] 		 /work/data/output/Agrostis.rupestris/proj_current/individual_projections/proj_current_Agrostis.rupestris_PA8_RUN1_GLM.tif
[22:46:33] 	> Projecting Agrostis.rupestris_PA8_RUN1_GBM ...
[22:46:33] 		 /work/data/output/Agrostis.rupestris/proj_current/individual_projections/proj_current_Agrostis.rupestris_PA8_RUN1_GBM.tif
[22:46:38] 	> Projecting Agrostis.rupestris_PA8_RUN1_ANN ...
[22:46:38] 		 /work/data/output/Agrostis.rupestris/proj_current/individual_projections/proj_current_Agrostis.rupestris_PA8_RUN1_ANN.tif
[22:46:42] 	> Projecting Agrostis.rupestris_PA8_RUN1_FDA ...
[22:46:42] 		 /work/data/output/Agrostis.rupestris/proj_current/individual_projections/proj_current_Agrostis.rupestris_PA8_RUN1_FDA.tif
[22:47:22] 	> Projecting Agrostis.rupestris_PA8_RUN1_MAXNET ...
[22:47:22] 		Writing projection on hard drive...
[22:47:27] 	> Projecting Agrostis.rupestris_PA8_RUN2_GLM ...
[22:47:27] 		 /work/data/output/Agrostis.rupestris/proj_current/individual_projections/proj_current_Agrostis.rupestris_PA8_RUN2_GLM.tif
[22:47:32] 	> Projecting Agrostis.rupestris_PA8_RUN2_GBM ...
[22:47:32] 		 /work/data/output/Agrostis.rupestris/proj_current/individual_projections/proj_current_Agrostis.rupestris_PA8_RUN2_GBM.tif
[22:47:36] 	> Projecting Agrostis.rupestris_PA8_RUN2_ANN ...
[22:47:36] 		 /work/data/output/Agrostis.rupestris/proj_current/individual_projections/proj_current_Agrostis.rupestris_PA8_RUN2_ANN.tif
[22:47:41] 	> Projecting Agrostis.rupestris_PA8_RUN2_FDA ...
[22:47:41] 		 /work/data/output/Agrostis.rupestris/proj_current/individual_projections/proj_current_Agrostis.rupestris_PA8_RUN2_FDA.tif
[22:48:23] 	> Projecting Agrostis.rupestris_PA8_RUN2_MAXNET ...
[22:48:23] 		Writing projection on hard drive...
[22:48:28] 	> Projecting Agrostis.rupestris_PA8_RUN3_GLM ...
[22:48:28] 		 /work/data/output/Agrostis.rupestris/proj_current/individual_projections/proj_current_Agrostis.rupestris_PA8_RUN3_GLM.tif
[22:48:32] 	> Projecting Agrostis.rupestris_PA8_RUN3_GBM ...
[22:48:32] 		 /work/data/output/Agrostis.rupestris/proj_current/individual_projections/proj_current_Agrostis.rupestris_PA8_RUN3_GBM.tif
[22:48:37] 	> Projecting Agrostis.rupestris_PA8_RUN3_ANN ...
[22:48:37] 		 /work/data/output/Agrostis.rupestris/proj_current/individual_projections/proj_current_Agrostis.rupestris_PA8_RUN3_ANN.tif
[22:48:42] 	> Projecting Agrostis.rupestris_PA8_RUN3_FDA ...
[22:48:42] 		 /work/data/output/Agrostis.rupestris/proj_current/individual_projections/proj_current_Agrostis.rupestris_PA8_RUN3_FDA.tif
[22:49:21] 	> Projecting Agrostis.rupestris_PA8_RUN3_MAXNET ...
[22:49:21] 		Writing projection on hard drive...
[22:49:26] 	> Projecting Agrostis.rupestris_PA8_RUN4_GLM ...
[22:49:26] 		 /work/data/output/Agrostis.rupestris/proj_current/individual_projections/proj_current_Agrostis.rupestris_PA8_RUN4_GLM.tif
[22:49:30] 	> Projecting Agrostis.rupestris_PA8_RUN4_GBM ...
[22:49:30] 		 /work/data/output/Agrostis.rupestris/proj_current/individual_projections/proj_current_Agrostis.rupestris_PA8_RUN4_GBM.tif
[22:49:35] 	> Projecting Agrostis.rupestris_PA8_RUN4_ANN ...
[22:49:35] 		 /work/data/output/Agrostis.rupestris/proj_current/individual_projections/proj_current_Agrostis.rupestris_PA8_RUN4_ANN.tif
[22:49:40] 	> Projecting Agrostis.rupestris_PA8_RUN4_FDA ...
[22:49:40] 		 /work/data/output/Agrostis.rupestris/proj_current/individual_projections/proj_current_Agrostis.rupestris_PA8_RUN4_FDA.tif
[22:50:19] 	> Projecting Agrostis.rupestris_PA8_RUN4_MAXNET ...
[22:50:19] 		Writing projection on hard drive...
[22:50:24] 	> Projecting Agrostis.rupestris_PA8_RUN5_GLM ...
[22:50:24] 		 /work/data/output/Agrostis.rupestris/proj_current/individual_projections/proj_current_Agrostis.rupestris_PA8_RUN5_GLM.tif
[22:50:28] 	> Projecting Agrostis.rupestris_PA8_RUN5_GBM ...
[22:50:28] 		 /work/data/output/Agrostis.rupestris/proj_current/individual_projections/proj_current_Agrostis.rupestris_PA8_RUN5_GBM.tif
[22:50:33] 	> Projecting Agrostis.rupestris_PA8_RUN5_ANN ...
[22:50:33] 		 /work/data/output/Agrostis.rupestris/proj_current/individual_projections/proj_current_Agrostis.rupestris_PA8_RUN5_ANN.tif
[22:50:37] 	> Projecting Agrostis.rupestris_PA8_RUN5_FDA ...
[22:50:37] 		 /work/data/output/Agrostis.rupestris/proj_current/individual_projections/proj_current_Agrostis.rupestris_PA8_RUN5_FDA.tif
[22:51:18] 	> Projecting Agrostis.rupestris_PA8_RUN5_MAXNET ...
[22:51:18] 		Writing projection on hard drive...
[22:51:23] 	> Projecting Agrostis.rupestris_PA9_RUN1_GLM ...
[22:51:23] 		 /work/data/output/Agrostis.rupestris/proj_current/individual_projections/proj_current_Agrostis.rupestris_PA9_RUN1_GLM.tif
[22:51:27] 	> Projecting Agrostis.rupestris_PA9_RUN1_GBM ...
[22:51:27] 		 /work/data/output/Agrostis.rupestris/proj_current/individual_projections/proj_current_Agrostis.rupestris_PA9_RUN1_GBM.tif
[22:51:32] 	> Projecting Agrostis.rupestris_PA9_RUN1_ANN ...
[22:51:32] 		 /work/data/output/Agrostis.rupestris/proj_current/individual_projections/proj_current_Agrostis.rupestris_PA9_RUN1_ANN.tif
[22:51:37] 	> Projecting Agrostis.rupestris_PA9_RUN1_FDA ...
[22:51:37] 		 /work/data/output/Agrostis.rupestris/proj_current/individual_projections/proj_current_Agrostis.rupestris_PA9_RUN1_FDA.tif
[22:52:15] 	> Projecting Agrostis.rupestris_PA9_RUN1_MAXNET ...
[22:52:15] 		Writing projection on hard drive...
[22:52:20] 	> Projecting Agrostis.rupestris_PA9_RUN2_GLM ...
[22:52:20] 		 /work/data/output/Agrostis.rupestris/proj_current/individual_projections/proj_current_Agrostis.rupestris_PA9_RUN2_GLM.tif
[22:52:24] 	> Projecting Agrostis.rupestris_PA9_RUN2_GBM ...
[22:52:24] 		 /work/data/output/Agrostis.rupestris/proj_current/individual_projections/proj_current_Agrostis.rupestris_PA9_RUN2_GBM.tif
[22:52:29] 	> Projecting Agrostis.rupestris_PA9_RUN2_ANN ...
[22:52:29] 		 /work/data/output/Agrostis.rupestris/proj_current/individual_projections/proj_current_Agrostis.rupestris_PA9_RUN2_ANN.tif
[22:52:33] 	> Projecting Agrostis.rupestris_PA9_RUN2_FDA ...
[22:52:33] 		 /work/data/output/Agrostis.rupestris/proj_current/individual_projections/proj_current_Agrostis.rupestris_PA9_RUN2_FDA.tif
[22:53:10] 	> Projecting Agrostis.rupestris_PA9_RUN2_MAXNET ...
[22:53:10] 		Writing projection on hard drive...
[22:53:14] 	> Projecting Agrostis.rupestris_PA9_RUN3_GLM ...
[22:53:14] 		 /work/data/output/Agrostis.rupestris/proj_current/individual_projections/proj_current_Agrostis.rupestris_PA9_RUN3_GLM.tif
[22:53:19] 	> Projecting Agrostis.rupestris_PA9_RUN3_GBM ...
[22:53:19] 		 /work/data/output/Agrostis.rupestris/proj_current/individual_projections/proj_current_Agrostis.rupestris_PA9_RUN3_GBM.tif
[22:53:24] 	> Projecting Agrostis.rupestris_PA9_RUN3_ANN ...
[22:53:24] 		 /work/data/output/Agrostis.rupestris/proj_current/individual_projections/proj_current_Agrostis.rupestris_PA9_RUN3_ANN.tif
[22:53:28] 	> Projecting Agrostis.rupestris_PA9_RUN3_FDA ...
[22:53:28] 		 /work/data/output/Agrostis.rupestris/proj_current/individual_projections/proj_current_Agrostis.rupestris_PA9_RUN3_FDA.tif
[22:54:04] 	> Projecting Agrostis.rupestris_PA9_RUN3_MAXNET ...
[22:54:04] 		Writing projection on hard drive...
[22:54:09] 	> Projecting Agrostis.rupestris_PA9_RUN4_GLM ...
[22:54:09] 		 /work/data/output/Agrostis.rupestris/proj_current/individual_projections/proj_current_Agrostis.rupestris_PA9_RUN4_GLM.tif
[22:54:14] 	> Projecting Agrostis.rupestris_PA9_RUN4_GBM ...
[22:54:14] 		 /work/data/output/Agrostis.rupestris/proj_current/individual_projections/proj_current_Agrostis.rupestris_PA9_RUN4_GBM.tif
[22:54:18] 	> Projecting Agrostis.rupestris_PA9_RUN4_ANN ...
[22:54:18] 		 /work/data/output/Agrostis.rupestris/proj_current/individual_projections/proj_current_Agrostis.rupestris_PA9_RUN4_ANN.tif
[22:54:23] 	> Projecting Agrostis.rupestris_PA9_RUN4_FDA ...
[22:54:23] 		 /work/data/output/Agrostis.rupestris/proj_current/individual_projections/proj_current_Agrostis.rupestris_PA9_RUN4_FDA.tif
[22:55:01] 	> Projecting Agrostis.rupestris_PA9_RUN4_MAXNET ...
[22:55:01] 		Writing projection on hard drive...
[22:55:05] 	> Projecting Agrostis.rupestris_PA9_RUN5_GLM ...
[22:55:05] 		 /work/data/output/Agrostis.rupestris/proj_current/individual_projections/proj_current_Agrostis.rupestris_PA9_RUN5_GLM.tif
[22:55:10] 	> Projecting Agrostis.rupestris_PA9_RUN5_GBM ...
[22:55:10] 		 /work/data/output/Agrostis.rupestris/proj_current/individual_projections/proj_current_Agrostis.rupestris_PA9_RUN5_GBM.tif
[22:55:14] 	> Projecting Agrostis.rupestris_PA9_RUN5_ANN ...
[22:55:14] 		 /work/data/output/Agrostis.rupestris/proj_current/individual_projections/proj_current_Agrostis.rupestris_PA9_RUN5_ANN.tif
[22:55:19] 	> Projecting Agrostis.rupestris_PA9_RUN5_FDA ...
[22:55:19] 		 /work/data/output/Agrostis.rupestris/proj_current/individual_projections/proj_current_Agrostis.rupestris_PA9_RUN5_FDA.tif
[22:55:57] 	> Projecting Agrostis.rupestris_PA9_RUN5_MAXNET ...
[22:55:57] 		Writing projection on hard drive...
[22:56:02] 	> Projecting Agrostis.rupestris_PA10_RUN1_GLM ...
[22:56:02] 		 /work/data/output/Agrostis.rupestris/proj_current/individual_projections/proj_current_Agrostis.rupestris_PA10_RUN1_GLM.tif
[22:56:06] 	> Projecting Agrostis.rupestris_PA10_RUN1_GBM ...
[22:56:06] 		 /work/data/output/Agrostis.rupestris/proj_current/individual_projections/proj_current_Agrostis.rupestris_PA10_RUN1_GBM.tif
[22:56:11] 	> Projecting Agrostis.rupestris_PA10_RUN1_ANN ...
[22:56:11] 		 /work/data/output/Agrostis.rupestris/proj_current/individual_projections/proj_current_Agrostis.rupestris_PA10_RUN1_ANN.tif
[22:56:16] 	> Projecting Agrostis.rupestris_PA10_RUN1_FDA ...
[22:56:16] 		 /work/data/output/Agrostis.rupestris/proj_current/individual_projections/proj_current_Agrostis.rupestris_PA10_RUN1_FDA.tif
[22:56:57] 	> Projecting Agrostis.rupestris_PA10_RUN1_MAXNET ...
[22:56:57] 		Writing projection on hard drive...
[22:57:02] 	> Projecting Agrostis.rupestris_PA10_RUN2_GLM ...
[22:57:02] 		 /work/data/output/Agrostis.rupestris/proj_current/individual_projections/proj_current_Agrostis.rupestris_PA10_RUN2_GLM.tif
[22:57:06] 	> Projecting Agrostis.rupestris_PA10_RUN2_GBM ...
[22:57:06] 		 /work/data/output/Agrostis.rupestris/proj_current/individual_projections/proj_current_Agrostis.rupestris_PA10_RUN2_GBM.tif
[22:57:11] 	> Projecting Agrostis.rupestris_PA10_RUN2_ANN ...
[22:57:11] 		 /work/data/output/Agrostis.rupestris/proj_current/individual_projections/proj_current_Agrostis.rupestris_PA10_RUN2_ANN.tif
[22:57:15] 	> Projecting Agrostis.rupestris_PA10_RUN2_FDA ...
[22:57:15] 		 /work/data/output/Agrostis.rupestris/proj_current/individual_projections/proj_current_Agrostis.rupestris_PA10_RUN2_FDA.tif
[22:57:57] 	> Projecting Agrostis.rupestris_PA10_RUN2_MAXNET ...
[22:57:57] 		Writing projection on hard drive...
[22:58:01] 	> Projecting Agrostis.rupestris_PA10_RUN3_GLM ...
[22:58:01] 		 /work/data/output/Agrostis.rupestris/proj_current/individual_projections/proj_current_Agrostis.rupestris_PA10_RUN3_GLM.tif
[22:58:06] 	> Projecting Agrostis.rupestris_PA10_RUN3_GBM ...
[22:58:06] 		 /work/data/output/Agrostis.rupestris/proj_current/individual_projections/proj_current_Agrostis.rupestris_PA10_RUN3_GBM.tif
[22:58:11] 	> Projecting Agrostis.rupestris_PA10_RUN3_ANN ...
[22:58:11] 		 /work/data/output/Agrostis.rupestris/proj_current/individual_projections/proj_current_Agrostis.rupestris_PA10_RUN3_ANN.tif
[22:58:15] 	> Projecting Agrostis.rupestris_PA10_RUN3_FDA ...
[22:58:15] 		 /work/data/output/Agrostis.rupestris/proj_current/individual_projections/proj_current_Agrostis.rupestris_PA10_RUN3_FDA.tif
[22:58:55] 	> Projecting Agrostis.rupestris_PA10_RUN3_MAXNET ...
[22:58:55] 		Writing projection on hard drive...
[22:59:00] 	> Projecting Agrostis.rupestris_PA10_RUN4_GLM ...
[22:59:00] 		 /work/data/output/Agrostis.rupestris/proj_current/individual_projections/proj_current_Agrostis.rupestris_PA10_RUN4_GLM.tif
[22:59:05] 	> Projecting Agrostis.rupestris_PA10_RUN4_GBM ...
[22:59:05] 		 /work/data/output/Agrostis.rupestris/proj_current/individual_projections/proj_current_Agrostis.rupestris_PA10_RUN4_GBM.tif
[22:59:09] 	> Projecting Agrostis.rupestris_PA10_RUN4_ANN ...
[22:59:09] 		 /work/data/output/Agrostis.rupestris/proj_current/individual_projections/proj_current_Agrostis.rupestris_PA10_RUN4_ANN.tif
[22:59:14] 	> Projecting Agrostis.rupestris_PA10_RUN4_FDA ...
[22:59:14] 		 /work/data/output/Agrostis.rupestris/proj_current/individual_projections/proj_current_Agrostis.rupestris_PA10_RUN4_FDA.tif
[22:59:51] 	> Projecting Agrostis.rupestris_PA10_RUN4_MAXNET ...
[22:59:51] 		Writing projection on hard drive...
[22:59:56] 	> Projecting Agrostis.rupestris_PA10_RUN5_GLM ...
[22:59:56] 		 /work/data/output/Agrostis.rupestris/proj_current/individual_projections/proj_current_Agrostis.rupestris_PA10_RUN5_GLM.tif
[23:00:01] 	> Projecting Agrostis.rupestris_PA10_RUN5_GBM ...
[23:00:01] 		 /work/data/output/Agrostis.rupestris/proj_current/individual_projections/proj_current_Agrostis.rupestris_PA10_RUN5_GBM.tif
[23:00:05] 	> Projecting Agrostis.rupestris_PA10_RUN5_ANN ...
[23:00:05] 		 /work/data/output/Agrostis.rupestris/proj_current/individual_projections/proj_current_Agrostis.rupestris_PA10_RUN5_ANN.tif
[23:00:10] 	> Projecting Agrostis.rupestris_PA10_RUN5_FDA ...
[23:00:10] 		 /work/data/output/Agrostis.rupestris/proj_current/individual_projections/proj_current_Agrostis.rupestris_PA10_RUN5_FDA.tif
[23:00:48] 	> Projecting Agrostis.rupestris_PA10_RUN5_MAXNET ...
[23:00:48] 		Writing projection on hard drive...Error in { : 
[23:00:48]   task 5 failed - "[writeRaster] file exists. You can use 'overwrite=TRUE' to overwrite it"
[23:00:48] Calls: BIOMOD_Projection -> %dopar% -> <Anonymous>
[23:00:48] Execution halted
+ EXIT_CODE=1
+ T_ELAPSED=16168
+ printf 'Elapsed: %dd %dh %dm %ds\n' 0 4 29 28
Elapsed: 0d 4h 29m 28s
+ exit 1
