+ export OMP_NUM_THREADS=4
+ OMP_NUM_THREADS=4
+ RSCRIPT_PATH=/work/R/fast.test_risolto.R
+ R_DEBUG_ECHO=false
+ FORCE_CLEAN=false
+ FORCE_REBUILD_FUTURE=false
+ PROJ_KEEP_IN_MEMORY=false
+ PROJ_DO_STACK=false
+ TERRA_MEMFRAC=0.7
+ echo 'CONFIG: RSCRIPT_PATH=/work/R/fast.test_risolto.R'
CONFIG: RSCRIPT_PATH=/work/R/fast.test_risolto.R
+ echo 'CONFIG: R_DEBUG_ECHO=false FORCE_CLEAN=false FORCE_REBUILD_FUTURE=false'
CONFIG: R_DEBUG_ECHO=false FORCE_CLEAN=false FORCE_REBUILD_FUTURE=false
+ echo 'CONFIG: PROJ_KEEP_IN_MEMORY=false PROJ_DO_STACK=false TERRA_MEMFRAC=0.7'
CONFIG: PROJ_KEEP_IN_MEMORY=false PROJ_DO_STACK=false TERRA_MEMFRAC=0.7
+ mkdir -p data/output logs
+ T_START=0
+ singularity exec --pwd /work --bind /leonardo_work/IscrC_SPECC:/work /leonardo_work/IscrC_SPECC/container/geospatial.sif env R_DEBUG_ECHO=false FORCE_CLEAN=false FORCE_REBUILD_FUTURE=false PROJ_KEEP_IN_MEMORY=false PROJ_DO_STACK=false TERRA_MEMFRAC=0.7 OMP_NUM_THREADS=4 Rscript /work/R/fast.test_risolto.R
+ gawk '{ print strftime("[%H:%M:%S]"), $0; fflush() }'
[23:44:58] biomod2 4.3-4-5 loaded.
[23:44:58]  /!\ Welcome to augmented biomod2 with abundance modeling available! (*o*)
[23:44:58]  Take a look at the HOME and NEWS section on the website to see all the features!
[23:44:58] 
[23:44:58] Loading required package: nnet
[23:44:58] Loading required package: rpart
[23:44:58] Loading required package: cito
[23:44:58] Warning in library(package, lib.loc = lib.loc, character.only = TRUE, logical.return = TRUE,  :
[23:44:58]   there is no package called ‘cito’
[23:44:58] Loading required package: mda
[23:44:58] Loading required package: class
[23:44:58] Loaded mda 0.5-5
[23:44:58] 
[23:44:58] Loading required package: gam
[23:44:58] Loading required package: splines
[23:44:58] Loading required package: foreach
[23:44:58] Loaded gam 1.22-7
[23:44:58] 
[23:44:58] Loading required package: mgcv
[23:44:58] Loading required package: nlme
[23:44:58] This is mgcv 1.9-4. For overview type '?mgcv'.
[23:44:58] 
[23:44:58] Attaching package: ‘mgcv’
[23:44:58] 
[23:44:58] The following objects are masked from ‘package:gam’:
[23:44:58] 
[23:44:58]     gam, gam.control, gam.fit, s
[23:44:58] 
[23:44:58] The following object is masked from ‘package:nnet’:
[23:44:58] 
[23:44:58]     multinom
[23:44:58] 
[23:44:58] Loading required package: gbm
[23:44:58] Loaded gbm 2.2.3
[23:44:58] This version of gbm is no longer under development. Consider transitioning to gbm3, https://github.com/gbm-developers/gbm3
[23:44:58] Loading required package: earth
[23:44:58] Loading required package: Formula
[23:44:58] Loading required package: plotmo
[23:44:58] Loading required package: plotrix
[23:44:58] Loading required package: maxnet
[23:44:58] Loading required package: randomForest
[23:44:58] randomForest 4.7-1.2
[23:44:58] Type rfNews() to see new features/changes/bug fixes.
[23:44:58] Loading required package: xgboost
[23:44:58] terra 1.9.11
[23:44:58] 
[23:44:58] Attaching package: ‘terra’
[23:44:58] 
[23:44:58] The following object is masked from ‘package:plotrix’:
[23:44:58] 
[23:44:58]     rescale
[23:44:58] 
[23:44:58] DEBUG: R_DEBUG_ECHO = FALSE | TERRA_MEMFRAC = 0.7 
[23:45:07] DEBUG: species order = shortest-job-first by occurrence count
[23:45:07] DEBUG: num_sp = 167 | total rows = 2583359 
[23:45:07] DEBUG: loading calibration rasters...
[23:45:08] DEBUG: raster dim = 5873 x 10889 | ncell = 63951097 
[23:45:08] DEBUG: testing with 8 future scenarios
[23:45:08]   |                                                          |                                                  |   0%DEBUG: seed_val = 42 
[23:45:08] DEBUG: SJF rank 2 of 167 | species = Festuca.versicolor | occurrences = 88 
[23:45:08] DEBUG: loaded species rows = 88 
[23:45:08]           used  (Mb) gc trigger  (Mb) max used  (Mb)
[23:45:08] Ncells 3154638 168.5    9579658 511.7  5746370 306.9
[23:45:08] Vcells 6891087  52.6   40579068 309.6 50152349 382.7
[23:45:08] DEBUG: n_cpu = 1 (threshold 50k)
[23:45:08] DEBUG: projection_keep_in_memory = FALSE | projection_do_stack = FALSE 
[23:45:08] DEBUG: starting BIOMOD_FormatingData at 23:45:08 
[23:45:08] 
[23:45:08] -=-=-=-=-=-=-=-=-=-=-= Festuca.versicolor Data Formating -=-=-=-=-=-=-=-=-=-=-=
[23:45:08] 
[23:45:08] 
[23:45:08] Checking Pseudo-absence selection arguments...
[23:45:08] 
[23:45:08]    > random pseudo absences selection
[02:17:11]    > Pseudo absences are selected in explanatory variables
[02:17:24] 
[02:17:24] -=-=-=-=-=-=-=-=-=-=-=-=-=-=-=-=-=-= Done -=-=-=-=-=-=-=-=-=-=-=-=-=-=-=-=-=-=
[02:17:24] DEBUG: BIOMOD_FormatingData done at 02:17:24 
[02:17:24] 
[02:17:24] -=-=-=-=-=-=-=-=-=-=-=-=-=-= Build Modeling Options -=-=-=-=-=-=-=-=-=-=-=-=-=-=
[02:17:24] 
[02:17:24] 	>  GLM options ( datatype: binary , package: stats , function: glm )...
[02:17:24] 	>  GBM options ( datatype: binary , package: gbm , function: gbm )...
[02:17:24] 	>  ANN options ( datatype: binary , package: nnet , function: nnet )...
[02:17:24] 	>  FDA options ( datatype: binary , package: mda , function: fda )...
[02:17:24] 	>  MAXNET options ( datatype: binary , package: maxnet , function: maxnet )...
[02:17:24] 
[02:17:24] -=-=-=-=-=-=-=-=-=-=-=-=-=-=-=-=-=-= Done -=-=-=-=-=-=-=-=-=-=-=-=-=-=-=-=-=-=
[02:17:24] 
[02:17:24] -=-=-=-=-=-=-=-=-=-=-=-=-=-=-= Build Single Models -=-=-=-=-=-=-=-=-=-=-=-=-=-=-=
[02:17:24] 
[02:17:24] 
[02:17:24] Checking Models arguments...
[02:17:24] 
[02:17:24] 	> Automatic weights creation to rise a 0.5 prevalence
[02:17:24] Creating suitable Workdir...
[02:17:27] 
[02:17:27] 
[02:17:27] Checking Cross-Validation arguments...
[02:17:27] 
[02:17:27]    > Random cross-validation selection
[02:17:27] 
[02:17:27] -=-=-=-=-=-=-=-=-=-=-=-=-=-= Build Modeling Options -=-=-=-=-=-=-=-=-=-=-=-=-=-=
[02:17:27] 
[02:17:27] 	>  GLM options ( datatype: binary , package: stats , function: glm )...
[02:17:27] 	>  GBM options ( datatype: binary , package: gbm , function: gbm )...
[02:17:27] 	>  ANN options ( datatype: binary , package: nnet , function: nnet )...
[02:17:27] 	>  FDA options ( datatype: binary , package: mda , function: fda )...
[02:17:27] 	>  MAXNET options ( datatype: binary , package: maxnet , function: maxnet )...
[02:17:27] 
[02:17:27] -=-=-=-=-=-=-=-=-=-=-=-=-=-=-=-=-=-= Done -=-=-=-=-=-=-=-=-=-=-=-=-=-=-=-=-=-=
[02:17:27] 
[02:17:27] 
[02:17:27] 
[02:17:27] -=-=-=-=-=-=-=-=-=-=-= Festuca.versicolor Modeling Summary -=-=-=-=-=-=-=-=-=-=-=
[02:17:27] 
[02:17:27] > 5 environmental variables ( PC1_clim PC2_clim tri PC1_soil PC2_soil )
[02:17:27] 
[02:17:27] > Number of PA datasets : 10
[02:17:27] 
[02:17:27] > Number of calibration/validation splits : 5
[02:17:27] 
[02:17:27] > Algorithms selected : GLM GBM ANN FDA MAXNET
[02:17:27]  50 models for each algorithm
[02:17:27] 
[02:17:27] Total number of model runs: 250 
[02:17:27] 
[02:17:27] -=-=-=-=-=-=-=-=-=-=-=-=-=-=-=-=-=-=-=-=-=-=-=-=-=-=-=-=-=-=-=-=-=-=-=-=-=-=-=-=
[02:17:28] Warning: executing %dopar% sequentially: no parallel backend registered
[02:17:28] 
[02:17:28] 
[02:17:28] -=-=-=--=-=-=- Festuca.versicolor_PA1_RUN1_GLM 
[02:17:28] Warning: glm.fit: fitted probabilities numerically 0 or 1 occurred
[02:17:28] 
[02:17:29] 	Evaluating Model stuff...
[02:17:29] 
[02:17:29] -=-=-=--=-=-=- Festuca.versicolor_PA1_RUN1_GBM 
[02:17:29] CV: 1 
[02:17:33] CV: 2 
[02:17:36] CV: 3 
[02:17:46] 
[02:17:47] 	Evaluating Model stuff...
[02:17:47] 
[02:17:47] -=-=-=--=-=-=- Festuca.versicolor_PA1_RUN1_ANN 
[02:17:47] 
[02:17:47] 	Model scaling...
[02:17:48] 	Evaluating Model stuff...
[02:17:48] 
[02:17:48] -=-=-=--=-=-=- Festuca.versicolor_PA1_RUN1_FDA 
[02:17:48] 
[02:17:48] 	Model scaling...Warning: glm.fit: algorithm did not converge
[02:17:48] Warning: glm.fit: fitted probabilities numerically 0 or 1 occurred
[02:17:48] 
[02:17:49] 	Evaluating Model stuff...
[02:17:49] 
[02:17:49] -=-=-=--=-=-=- Festuca.versicolor_PA1_RUN1_MAXNET 
[02:17:50] 
[02:17:51] 	Evaluating Model stuff...
[02:17:51] 
[02:17:51] -=-=-=--=-=-=- Festuca.versicolor_PA1_RUN2_GLM 
[02:17:51] Warning: glm.fit: fitted probabilities numerically 0 or 1 occurred
[02:17:51] 
[02:17:52] 	Evaluating Model stuff...
[02:17:52] 
[02:17:52] -=-=-=--=-=-=- Festuca.versicolor_PA1_RUN2_GBM 
[02:17:52] CV: 1 
[02:17:56] CV: 2 
[02:17:59] CV: 3 
[02:18:09] 
[02:18:10] 	Evaluating Model stuff...
[02:18:10] 
[02:18:10] -=-=-=--=-=-=- Festuca.versicolor_PA1_RUN2_ANN 
[02:18:10] 
[02:18:10] 	Model scaling...
[02:18:11] 	Evaluating Model stuff...
[02:18:11] 
[02:18:11] -=-=-=--=-=-=- Festuca.versicolor_PA1_RUN2_FDA 
[02:18:11] 
[02:18:11] 	Model scaling...Warning: glm.fit: algorithm did not converge
[02:18:11] Warning: glm.fit: fitted probabilities numerically 0 or 1 occurred
[02:18:11] 
[02:18:12] 	Evaluating Model stuff...
[02:18:12] 
[02:18:12] -=-=-=--=-=-=- Festuca.versicolor_PA1_RUN2_MAXNET 
[02:18:13] 
[02:18:14] 	Evaluating Model stuff...
[02:18:14] 
[02:18:14] -=-=-=--=-=-=- Festuca.versicolor_PA1_RUN3_GLM 
[02:18:14] Warning: glm.fit: fitted probabilities numerically 0 or 1 occurred
[02:18:14] 
[02:18:15] 	Evaluating Model stuff...
[02:18:15] 
[02:18:15] -=-=-=--=-=-=- Festuca.versicolor_PA1_RUN3_GBM 
[02:18:15] CV: 1 
[02:18:19] CV: 2 
[02:18:22] CV: 3 
[02:18:32] 
[02:18:33] 	Evaluating Model stuff...
[02:18:33] 
[02:18:33] -=-=-=--=-=-=- Festuca.versicolor_PA1_RUN3_ANN 
[02:18:33] 
[02:18:33] 	Model scaling...
[02:18:34] 	Evaluating Model stuff...
[02:18:34] 
[02:18:34] -=-=-=--=-=-=- Festuca.versicolor_PA1_RUN3_FDA 
[02:18:34] 
[02:18:34] 	Model scaling...Warning: glm.fit: fitted probabilities numerically 0 or 1 occurred
[02:18:34] 
[02:18:35] 	Evaluating Model stuff...
[02:18:35] 
[02:18:35] -=-=-=--=-=-=- Festuca.versicolor_PA1_RUN3_MAXNET 
[02:18:37] 
[02:18:37] 	Evaluating Model stuff...
[02:18:37] 
[02:18:37] -=-=-=--=-=-=- Festuca.versicolor_PA1_RUN4_GLM 
[02:18:37] Warning: glm.fit: fitted probabilities numerically 0 or 1 occurred
[02:18:37] 
[02:18:38] 	Evaluating Model stuff...
[02:18:38] 
[02:18:38] -=-=-=--=-=-=- Festuca.versicolor_PA1_RUN4_GBM 
[02:18:38] CV: 1 
[02:18:42] CV: 2 
[02:18:45] CV: 3 
[02:18:55] 
[02:18:56] 	Evaluating Model stuff...
[02:18:56] 
[02:18:56] -=-=-=--=-=-=- Festuca.versicolor_PA1_RUN4_ANN 
[02:18:56] 
[02:18:56] 	Model scaling...
[02:18:57] 	Evaluating Model stuff...
[02:18:57] 
[02:18:57] -=-=-=--=-=-=- Festuca.versicolor_PA1_RUN4_FDA 
[02:18:57] 
[02:18:57] 	Model scaling...Warning: glm.fit: fitted probabilities numerically 0 or 1 occurred
[02:18:57] 
[02:18:58] 	Evaluating Model stuff...
[02:18:58] 
[02:18:58] -=-=-=--=-=-=- Festuca.versicolor_PA1_RUN4_MAXNET 
[02:19:00] 
[02:19:00] 	Evaluating Model stuff...
[02:19:00] 
[02:19:00] -=-=-=--=-=-=- Festuca.versicolor_PA1_RUN5_GLM 
[02:19:00] Warning: glm.fit: fitted probabilities numerically 0 or 1 occurred
[02:19:00] 
[02:19:01] 	Evaluating Model stuff...
[02:19:01] 
[02:19:01] -=-=-=--=-=-=- Festuca.versicolor_PA1_RUN5_GBM 
[02:19:01] CV: 1 
[02:19:05] CV: 2 
[02:19:09] CV: 3 
[02:19:19] 
[02:19:19] 	Evaluating Model stuff...
[02:19:19] 
[02:19:19] -=-=-=--=-=-=- Festuca.versicolor_PA1_RUN5_ANN 
[02:19:19] 
[02:19:19] 	Model scaling...
[02:19:20] 	Evaluating Model stuff...
[02:19:20] 
[02:19:20] -=-=-=--=-=-=- Festuca.versicolor_PA1_RUN5_FDA 
[02:19:20] 
[02:19:20] 	Model scaling...Warning: glm.fit: fitted probabilities numerically 0 or 1 occurred
[02:19:20] 
[02:19:21] 	Evaluating Model stuff...
[02:19:21] 
[02:19:21] -=-=-=--=-=-=- Festuca.versicolor_PA1_RUN5_MAXNET 
[02:19:23] 
[02:19:24] 	Evaluating Model stuff...
[02:19:24] 
[02:19:24] -=-=-=--=-=-=- Festuca.versicolor_PA2_RUN1_GLM 
[02:19:24] Warning: glm.fit: fitted probabilities numerically 0 or 1 occurred
[02:19:24] 
[02:19:24] 	Evaluating Model stuff...
[02:19:24] 
[02:19:24] -=-=-=--=-=-=- Festuca.versicolor_PA2_RUN1_GBM 
[02:19:24] CV: 1 
[02:19:28] CV: 2 
[02:19:32] CV: 3 
[02:19:42] 
[02:19:42] 	Evaluating Model stuff...
[02:19:42] 
[02:19:42] -=-=-=--=-=-=- Festuca.versicolor_PA2_RUN1_ANN 
[02:19:43] 
[02:19:43] 	Model scaling...
[02:19:44] 	Evaluating Model stuff...
[02:19:44] 
[02:19:44] -=-=-=--=-=-=- Festuca.versicolor_PA2_RUN1_FDA 
[02:19:44] 
[02:19:44] 	Model scaling...Warning: glm.fit: algorithm did not converge
[02:19:44] Warning: glm.fit: fitted probabilities numerically 0 or 1 occurred
[02:19:44] 
[02:19:45] 	Evaluating Model stuff...
[02:19:45] 
[02:19:45] -=-=-=--=-=-=- Festuca.versicolor_PA2_RUN1_MAXNET 
[02:19:46] 
[02:19:46] 	Evaluating Model stuff...
[02:19:46] 
[02:19:46] -=-=-=--=-=-=- Festuca.versicolor_PA2_RUN2_GLM 
[02:19:47] Warning: glm.fit: fitted probabilities numerically 0 or 1 occurred
[02:19:47] 
[02:19:47] 	Evaluating Model stuff...
[02:19:47] 
[02:19:47] -=-=-=--=-=-=- Festuca.versicolor_PA2_RUN2_GBM 
[02:19:47] CV: 1 
[02:19:51] CV: 2 
[02:19:55] CV: 3 
[02:20:04] 
[02:20:05] 	Evaluating Model stuff...
[02:20:05] 
[02:20:05] -=-=-=--=-=-=- Festuca.versicolor_PA2_RUN2_ANN 
[02:20:05] 
[02:20:05] 	Model scaling...
[02:20:06] 	Evaluating Model stuff...
[02:20:06] 
[02:20:06] -=-=-=--=-=-=- Festuca.versicolor_PA2_RUN2_FDA 
[02:20:06] 
[02:20:06] 	Model scaling...Warning: glm.fit: fitted probabilities numerically 0 or 1 occurred
[02:20:06] 
[02:20:07] 	Evaluating Model stuff...
[02:20:07] 
[02:20:07] -=-=-=--=-=-=- Festuca.versicolor_PA2_RUN2_MAXNET 
[02:20:09] 
[02:20:09] 	Evaluating Model stuff...
[02:20:09] 
[02:20:09] -=-=-=--=-=-=- Festuca.versicolor_PA2_RUN3_GLM 
[02:20:09] Warning: glm.fit: fitted probabilities numerically 0 or 1 occurred
[02:20:09] 
[02:20:10] 	Evaluating Model stuff...
[02:20:10] 
[02:20:10] -=-=-=--=-=-=- Festuca.versicolor_PA2_RUN3_GBM 
[02:20:10] CV: 1 
[02:20:14] CV: 2 
[02:20:17] CV: 3 
[02:20:27] 
[02:20:28] 	Evaluating Model stuff...
[02:20:28] 
[02:20:28] -=-=-=--=-=-=- Festuca.versicolor_PA2_RUN3_ANN 
[02:20:28] 
[02:20:28] 	Model scaling...
[02:20:29] 	Evaluating Model stuff...
[02:20:29] 
[02:20:29] -=-=-=--=-=-=- Festuca.versicolor_PA2_RUN3_FDA 
[02:20:29] 
[02:20:29] 	Model scaling...Warning: glm.fit: fitted probabilities numerically 0 or 1 occurred
[02:20:29] 
[02:20:30] 	Evaluating Model stuff...
[02:20:30] 
[02:20:30] -=-=-=--=-=-=- Festuca.versicolor_PA2_RUN3_MAXNET 
[02:20:31] 
[02:20:32] 	Evaluating Model stuff...
[02:20:32] 
[02:20:32] -=-=-=--=-=-=- Festuca.versicolor_PA2_RUN4_GLM 
[02:20:32] Warning: glm.fit: fitted probabilities numerically 0 or 1 occurred
[02:20:32] 
[02:20:33] 	Evaluating Model stuff...
[02:20:33] 
[02:20:33] -=-=-=--=-=-=- Festuca.versicolor_PA2_RUN4_GBM 
[02:20:33] CV: 1 
[02:20:36] CV: 2 
[02:20:40] CV: 3 
[02:20:50] 
[02:20:51] 	Evaluating Model stuff...
[02:20:51] 
[02:20:51] -=-=-=--=-=-=- Festuca.versicolor_PA2_RUN4_ANN 
[02:20:51] 
[02:20:51] 	Model scaling...
[02:20:52] 	Evaluating Model stuff...
[02:20:52] 
[02:20:52] -=-=-=--=-=-=- Festuca.versicolor_PA2_RUN4_FDA 
[02:20:52] 
[02:20:52] 	Model scaling...Warning: glm.fit: algorithm did not converge
[02:20:52] Warning: glm.fit: fitted probabilities numerically 0 or 1 occurred
[02:20:52] 
[02:20:53] 	Evaluating Model stuff...
[02:20:53] 
[02:20:53] -=-=-=--=-=-=- Festuca.versicolor_PA2_RUN4_MAXNET 
[02:20:54] 
[02:20:55] 	Evaluating Model stuff...
[02:20:55] 
[02:20:55] -=-=-=--=-=-=- Festuca.versicolor_PA2_RUN5_GLM 
[02:20:55] Warning: glm.fit: fitted probabilities numerically 0 or 1 occurred
[02:20:55] 
[02:20:56] 	Evaluating Model stuff...
[02:20:56] 
[02:20:56] -=-=-=--=-=-=- Festuca.versicolor_PA2_RUN5_GBM 
[02:20:56] CV: 1 
[02:20:59] CV: 2 
[02:21:03] CV: 3 
[02:21:13] 
[02:21:14] 	Evaluating Model stuff...
[02:21:14] 
[02:21:14] -=-=-=--=-=-=- Festuca.versicolor_PA2_RUN5_ANN 
[02:21:14] 
[02:21:14] 	Model scaling...
[02:21:15] 	Evaluating Model stuff...
[02:21:15] 
[02:21:15] -=-=-=--=-=-=- Festuca.versicolor_PA2_RUN5_FDA 
[02:21:15] 
[02:21:15] 	Model scaling...Warning: glm.fit: algorithm did not converge
[02:21:15] Warning: glm.fit: fitted probabilities numerically 0 or 1 occurred
[02:21:15] 
[02:21:16] 	Evaluating Model stuff...
[02:21:16] 
[02:21:16] -=-=-=--=-=-=- Festuca.versicolor_PA2_RUN5_MAXNET 
[02:21:17] 
[02:21:18] 	Evaluating Model stuff...Warning in max(calcStat, na.rm = TRUE) :
[02:21:18]   no non-missing arguments to max; returning -Inf
[02:21:18] 
[02:21:18] 
[02:21:18] -=-=-=--=-=-=- Festuca.versicolor_PA3_RUN1_GLM 
[02:21:18] Warning: glm.fit: fitted probabilities numerically 0 or 1 occurred
[02:21:18] 
[02:21:19] 	Evaluating Model stuff...
[02:21:19] 
[02:21:19] -=-=-=--=-=-=- Festuca.versicolor_PA3_RUN1_GBM 
[02:21:19] CV: 1 
[02:21:22] CV: 2 
[02:21:26] CV: 3 
[02:21:36] 
[02:21:37] 	Evaluating Model stuff...
[02:21:37] 
[02:21:37] -=-=-=--=-=-=- Festuca.versicolor_PA3_RUN1_ANN 
[02:21:37] 
[02:21:37] 	Model scaling...
[02:21:38] 	Evaluating Model stuff...
[02:21:38] 
[02:21:38] -=-=-=--=-=-=- Festuca.versicolor_PA3_RUN1_FDA 
[02:21:38] 
[02:21:38] 	Model scaling...Warning: glm.fit: fitted probabilities numerically 0 or 1 occurred
[02:21:38] 
[02:21:39] 	Evaluating Model stuff...
[02:21:39] 
[02:21:39] -=-=-=--=-=-=- Festuca.versicolor_PA3_RUN1_MAXNET 
[02:21:40] 
[02:21:41] 	Evaluating Model stuff...
[02:21:41] 
[02:21:41] -=-=-=--=-=-=- Festuca.versicolor_PA3_RUN2_GLM 
[02:21:41] Warning: glm.fit: fitted probabilities numerically 0 or 1 occurred
[02:21:41] 
[02:21:42] 	Evaluating Model stuff...
[02:21:42] 
[02:21:42] -=-=-=--=-=-=- Festuca.versicolor_PA3_RUN2_GBM 
[02:21:42] CV: 1 
[02:21:45] CV: 2 
[02:21:49] CV: 3 
[02:21:59] 
[02:22:00] 	Evaluating Model stuff...Warning in max(calcStat, na.rm = TRUE) :
[02:22:00]   no non-missing arguments to max; returning -Inf
[02:22:00] 
[02:22:00] 
[02:22:00] -=-=-=--=-=-=- Festuca.versicolor_PA3_RUN2_ANN 
[02:22:00] 
[02:22:00] 	Model scaling...
[02:22:01] 	Evaluating Model stuff...
[02:22:01] 
[02:22:01] -=-=-=--=-=-=- Festuca.versicolor_PA3_RUN2_FDA 
[02:22:01] 
[02:22:01] 	Model scaling...Warning: glm.fit: algorithm did not converge
[02:22:01] Warning: glm.fit: fitted probabilities numerically 0 or 1 occurred
[02:22:01] 
[02:22:02] 	Evaluating Model stuff...
[02:22:02] 
[02:22:02] -=-=-=--=-=-=- Festuca.versicolor_PA3_RUN2_MAXNET 
[02:22:03] 
[02:22:04] 	Evaluating Model stuff...
[02:22:04] 
[02:22:04] -=-=-=--=-=-=- Festuca.versicolor_PA3_RUN3_GLM 
[02:22:04] Warning: glm.fit: fitted probabilities numerically 0 or 1 occurred
[02:22:04] 
[02:22:05] 	Evaluating Model stuff...
[02:22:05] 
[02:22:05] -=-=-=--=-=-=- Festuca.versicolor_PA3_RUN3_GBM 
[02:22:05] CV: 1 
[02:22:09] CV: 2 
[02:22:12] CV: 3 
[02:22:22] 
[02:22:23] 	Evaluating Model stuff...
[02:22:23] 
[02:22:23] -=-=-=--=-=-=- Festuca.versicolor_PA3_RUN3_ANN 
[02:22:23] 
[02:22:23] 	Model scaling...
[02:22:24] 	Evaluating Model stuff...
[02:22:24] 
[02:22:24] -=-=-=--=-=-=- Festuca.versicolor_PA3_RUN3_FDA 
[02:22:24] 
[02:22:24] 	Model scaling...Warning: glm.fit: fitted probabilities numerically 0 or 1 occurred
[02:22:24] 
[02:22:25] 	Evaluating Model stuff...
[02:22:25] 
[02:22:25] -=-=-=--=-=-=- Festuca.versicolor_PA3_RUN3_MAXNET 
[02:22:26] 
[02:22:27] 	Evaluating Model stuff...
[02:22:27] 
[02:22:27] -=-=-=--=-=-=- Festuca.versicolor_PA3_RUN4_GLM 
[02:22:27] Warning: glm.fit: fitted probabilities numerically 0 or 1 occurred
[02:22:27] 
[02:22:28] 	Evaluating Model stuff...
[02:22:28] 
[02:22:28] -=-=-=--=-=-=- Festuca.versicolor_PA3_RUN4_GBM 
[02:22:28] CV: 1 
[02:22:31] CV: 2 
[02:22:35] CV: 3 
[02:22:45] 
[02:22:46] 	Evaluating Model stuff...
[02:22:46] 
[02:22:46] -=-=-=--=-=-=- Festuca.versicolor_PA3_RUN4_ANN 
[02:22:46] 
[02:22:46] 	Model scaling...
[02:22:47] 	Evaluating Model stuff...
[02:22:47] 
[02:22:47] -=-=-=--=-=-=- Festuca.versicolor_PA3_RUN4_FDA 
[02:22:47] 
[02:22:47] 	Model scaling...Warning: glm.fit: fitted probabilities numerically 0 or 1 occurred
[02:22:47] 
[02:22:48] 	Evaluating Model stuff...
[02:22:48] 
[02:22:48] -=-=-=--=-=-=- Festuca.versicolor_PA3_RUN4_MAXNET 
[02:22:49] 
[02:22:50] 	Evaluating Model stuff...
[02:22:50] 
[02:22:50] -=-=-=--=-=-=- Festuca.versicolor_PA3_RUN5_GLM 
[02:22:50] Warning: glm.fit: fitted probabilities numerically 0 or 1 occurred
[02:22:50] 
[02:22:51] 	Evaluating Model stuff...
[02:22:51] 
[02:22:51] -=-=-=--=-=-=- Festuca.versicolor_PA3_RUN5_GBM 
[02:22:51] CV: 1 
[02:22:54] CV: 2 
[02:22:58] CV: 3 
[02:23:08] 
[02:23:09] 	Evaluating Model stuff...
[02:23:09] 
[02:23:09] -=-=-=--=-=-=- Festuca.versicolor_PA3_RUN5_ANN 
[02:23:09] 
[02:23:09] 	Model scaling...
[02:23:10] 	Evaluating Model stuff...
[02:23:10] 
[02:23:10] -=-=-=--=-=-=- Festuca.versicolor_PA3_RUN5_FDA 
[02:23:10] 
[02:23:10] 	Model scaling...Warning: glm.fit: fitted probabilities numerically 0 or 1 occurred
[02:23:10] 
[02:23:11] 	Evaluating Model stuff...
[02:23:11] 
[02:23:11] -=-=-=--=-=-=- Festuca.versicolor_PA3_RUN5_MAXNET 
[02:23:12] 
[02:23:13] 	Evaluating Model stuff...
[02:23:13] 
[02:23:13] -=-=-=--=-=-=- Festuca.versicolor_PA4_RUN1_GLM 
[02:23:13] Warning: glm.fit: fitted probabilities numerically 0 or 1 occurred
[02:23:13] 
[02:23:14] 	Evaluating Model stuff...
[02:23:14] 
[02:23:14] -=-=-=--=-=-=- Festuca.versicolor_PA4_RUN1_GBM 
[02:23:14] CV: 1 
[02:23:18] CV: 2 
[02:23:21] CV: 3 
[02:23:31] 
[02:23:32] 	Evaluating Model stuff...Warning in max(calcStat, na.rm = TRUE) :
[02:23:32]   no non-missing arguments to max; returning -Inf
[02:23:32] 
[02:23:32] 
[02:23:32] -=-=-=--=-=-=- Festuca.versicolor_PA4_RUN1_ANN 
[02:23:32] 
[02:23:32] 	Model scaling...
[02:23:33] 	Evaluating Model stuff...
[02:23:33] 
[02:23:33] -=-=-=--=-=-=- Festuca.versicolor_PA4_RUN1_FDA 
[02:23:33] 
[02:23:33] 	Model scaling...Warning: glm.fit: fitted probabilities numerically 0 or 1 occurred
[02:23:33] 
[02:23:34] 	Evaluating Model stuff...
[02:23:34] 
[02:23:34] -=-=-=--=-=-=- Festuca.versicolor_PA4_RUN1_MAXNET 
[02:23:35] 
[02:23:36] 	Evaluating Model stuff...
[02:23:36] 
[02:23:36] -=-=-=--=-=-=- Festuca.versicolor_PA4_RUN2_GLM 
[02:23:36] Warning: glm.fit: fitted probabilities numerically 0 or 1 occurred
[02:23:36] 
[02:23:37] 	Evaluating Model stuff...
[02:23:37] 
[02:23:37] -=-=-=--=-=-=- Festuca.versicolor_PA4_RUN2_GBM 
[02:23:37] CV: 1 
[02:23:41] CV: 2 
[02:23:44] CV: 3 
[02:23:54] 
[02:23:54] 	Evaluating Model stuff...
[02:23:54] 
[02:23:54] -=-=-=--=-=-=- Festuca.versicolor_PA4_RUN2_ANN 
[02:23:55] 
[02:23:55] 	Model scaling...
[02:23:56] 	Evaluating Model stuff...
[02:23:56] 
[02:23:56] -=-=-=--=-=-=- Festuca.versicolor_PA4_RUN2_FDA 
[02:23:56] 
[02:23:56] 	Model scaling...Warning: glm.fit: fitted probabilities numerically 0 or 1 occurred
[02:23:56] 
[02:23:57] 	Evaluating Model stuff...
[02:23:57] 
[02:23:57] -=-=-=--=-=-=- Festuca.versicolor_PA4_RUN2_MAXNET 
[02:23:58] 
[02:23:59] 	Evaluating Model stuff...
[02:23:59] 
[02:23:59] -=-=-=--=-=-=- Festuca.versicolor_PA4_RUN3_GLM 
[02:23:59] Warning: glm.fit: fitted probabilities numerically 0 or 1 occurred
[02:23:59] 
[02:23:59] 	Evaluating Model stuff...
[02:23:59] 
[02:23:59] -=-=-=--=-=-=- Festuca.versicolor_PA4_RUN3_GBM 
[02:23:59] CV: 1 
[02:24:03] CV: 2 
[02:24:07] CV: 3 
[02:24:17] 
[02:24:18] 	Evaluating Model stuff...
[02:24:18] 
[02:24:18] -=-=-=--=-=-=- Festuca.versicolor_PA4_RUN3_ANN 
[02:24:18] 
[02:24:18] 	Model scaling...
[02:24:19] 	Evaluating Model stuff...
[02:24:19] 
[02:24:19] -=-=-=--=-=-=- Festuca.versicolor_PA4_RUN3_FDA 
[02:24:19] 
[02:24:19] 	Model scaling...Warning: glm.fit: fitted probabilities numerically 0 or 1 occurred
[02:24:19] 
[02:24:20] 	Evaluating Model stuff...
[02:24:20] 
[02:24:20] -=-=-=--=-=-=- Festuca.versicolor_PA4_RUN3_MAXNET 
[02:24:21] 
[02:24:22] 	Evaluating Model stuff...Warning in max(calcStat, na.rm = TRUE) :
[02:24:22]   no non-missing arguments to max; returning -Inf
[02:24:22] 
[02:24:22] 
[02:24:22] -=-=-=--=-=-=- Festuca.versicolor_PA4_RUN4_GLM 
[02:24:22] Warning: glm.fit: fitted probabilities numerically 0 or 1 occurred
[02:24:22] 
[02:24:23] 	Evaluating Model stuff...
[02:24:23] 
[02:24:23] -=-=-=--=-=-=- Festuca.versicolor_PA4_RUN4_GBM 
[02:24:23] CV: 1 
[02:24:26] CV: 2 
[02:24:30] CV: 3 
[02:24:40] 
[02:24:40] 	Evaluating Model stuff...
[02:24:40] 
[02:24:40] -=-=-=--=-=-=- Festuca.versicolor_PA4_RUN4_ANN 
[02:24:41] 
[02:24:41] 	Model scaling...
[02:24:42] 	Evaluating Model stuff...
[02:24:42] 
[02:24:42] -=-=-=--=-=-=- Festuca.versicolor_PA4_RUN4_FDA 
[02:24:42] 
[02:24:42] 	Model scaling...Warning: glm.fit: fitted probabilities numerically 0 or 1 occurred
[02:24:42] 
[02:24:43] 	Evaluating Model stuff...
[02:24:43] 
[02:24:43] -=-=-=--=-=-=- Festuca.versicolor_PA4_RUN4_MAXNET 
[02:24:44] 
[02:24:45] 	Evaluating Model stuff...
[02:24:45] 
[02:24:45] -=-=-=--=-=-=- Festuca.versicolor_PA4_RUN5_GLM 
[02:24:45] Warning: glm.fit: fitted probabilities numerically 0 or 1 occurred
[02:24:45] 
[02:24:45] 	Evaluating Model stuff...
[02:24:45] 
[02:24:45] -=-=-=--=-=-=- Festuca.versicolor_PA4_RUN5_GBM 
[02:24:45] CV: 1 
[02:24:49] CV: 2 
[02:24:53] CV: 3 
[02:25:02] 
[02:25:03] 	Evaluating Model stuff...Warning in max(calcStat, na.rm = TRUE) :
[02:25:03]   no non-missing arguments to max; returning -Inf
[02:25:03] 
[02:25:03] 
[02:25:03] -=-=-=--=-=-=- Festuca.versicolor_PA4_RUN5_ANN 
[02:25:03] 
[02:25:03] 	Model scaling...
[02:25:04] 	Evaluating Model stuff...
[02:25:04] 
[02:25:04] -=-=-=--=-=-=- Festuca.versicolor_PA4_RUN5_FDA 
[02:25:04] 
[02:25:04] 	Model scaling...Warning: glm.fit: fitted probabilities numerically 0 or 1 occurred
[02:25:04] 
[02:25:05] 	Evaluating Model stuff...
[02:25:05] 
[02:25:05] -=-=-=--=-=-=- Festuca.versicolor_PA4_RUN5_MAXNET 
[02:25:06] 
[02:25:07] 	Evaluating Model stuff...Warning in max(calcStat, na.rm = TRUE) :
[02:25:07]   no non-missing arguments to max; returning -Inf
[02:25:07] 
[02:25:07] 
[02:25:07] -=-=-=--=-=-=- Festuca.versicolor_PA5_RUN1_GLM 
[02:25:07] Warning: glm.fit: fitted probabilities numerically 0 or 1 occurred
[02:25:07] 
[02:25:08] 	Evaluating Model stuff...
[02:25:08] 
[02:25:08] -=-=-=--=-=-=- Festuca.versicolor_PA5_RUN1_GBM 
[02:25:08] CV: 1 
[02:25:11] CV: 2 
[02:25:15] CV: 3 
[02:25:25] 
[02:25:25] 	Evaluating Model stuff...
[02:25:25] 
[02:25:25] -=-=-=--=-=-=- Festuca.versicolor_PA5_RUN1_ANN 
[02:25:26] 
[02:25:26] 	Model scaling...
[02:25:27] 	Evaluating Model stuff...
[02:25:27] 
[02:25:27] -=-=-=--=-=-=- Festuca.versicolor_PA5_RUN1_FDA 
[02:25:27] 
[02:25:27] 	Model scaling...Warning: glm.fit: fitted probabilities numerically 0 or 1 occurred
[02:25:27] 
[02:25:28] 	Evaluating Model stuff...
[02:25:28] 
[02:25:28] -=-=-=--=-=-=- Festuca.versicolor_PA5_RUN1_MAXNET 
[02:25:29] 
[02:25:30] 	Evaluating Model stuff...
[02:25:30] 
[02:25:30] -=-=-=--=-=-=- Festuca.versicolor_PA5_RUN2_GLM 
[02:25:30] Warning: glm.fit: fitted probabilities numerically 0 or 1 occurred
[02:25:30] 
[02:25:30] 	Evaluating Model stuff...
[02:25:30] 
[02:25:30] -=-=-=--=-=-=- Festuca.versicolor_PA5_RUN2_GBM 
[02:25:30] CV: 1 
[02:25:34] CV: 2 
[02:25:38] CV: 3 
[02:25:47] 
[02:25:48] 	Evaluating Model stuff...
[02:25:48] 
[02:25:48] -=-=-=--=-=-=- Festuca.versicolor_PA5_RUN2_ANN 
[02:25:48] 
[02:25:48] 	Model scaling...
[02:25:49] 	Evaluating Model stuff...
[02:25:49] 
[02:25:49] -=-=-=--=-=-=- Festuca.versicolor_PA5_RUN2_FDA 
[02:25:49] 
[02:25:49] 	Model scaling...Warning: glm.fit: fitted probabilities numerically 0 or 1 occurred
[02:25:49] 
[02:25:50] 	Evaluating Model stuff...
[02:25:50] 
[02:25:50] -=-=-=--=-=-=- Festuca.versicolor_PA5_RUN2_MAXNET 
[02:25:51] 
[02:25:52] 	Evaluating Model stuff...
[02:25:52] 
[02:25:52] -=-=-=--=-=-=- Festuca.versicolor_PA5_RUN3_GLM 
[02:25:52] Warning: glm.fit: fitted probabilities numerically 0 or 1 occurred
[02:25:52] 
[02:25:53] 	Evaluating Model stuff...
[02:25:53] 
[02:25:53] -=-=-=--=-=-=- Festuca.versicolor_PA5_RUN3_GBM 
[02:25:53] CV: 1 
[02:25:56] CV: 2 
[02:26:00] CV: 3 
[02:26:10] 
[02:26:11] 	Evaluating Model stuff...
[02:26:11] 
[02:26:11] -=-=-=--=-=-=- Festuca.versicolor_PA5_RUN3_ANN 
[02:26:11] 
[02:26:11] 	Model scaling...
[02:26:12] 	Evaluating Model stuff...
[02:26:12] 
[02:26:12] -=-=-=--=-=-=- Festuca.versicolor_PA5_RUN3_FDA 
[02:26:12] 
[02:26:12] 	Model scaling...Warning: glm.fit: fitted probabilities numerically 0 or 1 occurred
[02:26:12] 
[02:26:13] 	Evaluating Model stuff...
[02:26:13] 
[02:26:13] -=-=-=--=-=-=- Festuca.versicolor_PA5_RUN3_MAXNET 
[02:26:14] 
[02:26:15] 	Evaluating Model stuff...
[02:26:15] 
[02:26:15] -=-=-=--=-=-=- Festuca.versicolor_PA5_RUN4_GLM 
[02:26:15] Warning: glm.fit: fitted probabilities numerically 0 or 1 occurred
[02:26:15] 
[02:26:16] 	Evaluating Model stuff...
[02:26:16] 
[02:26:16] -=-=-=--=-=-=- Festuca.versicolor_PA5_RUN4_GBM 
[02:26:16] CV: 1 
[02:26:19] CV: 2 
[02:26:23] CV: 3 
[02:26:32] 
[02:26:33] 	Evaluating Model stuff...Warning in max(calcStat, na.rm = TRUE) :
[02:26:33]   no non-missing arguments to max; returning -Inf
[02:26:33] 
[02:26:33] 
[02:26:33] -=-=-=--=-=-=- Festuca.versicolor_PA5_RUN4_ANN 
[02:26:33] 
[02:26:33] 	Model scaling...
[02:26:34] 	Evaluating Model stuff...
[02:26:34] 
[02:26:34] -=-=-=--=-=-=- Festuca.versicolor_PA5_RUN4_FDA 
[02:26:34] 
[02:26:34] 	Model scaling...Warning: glm.fit: fitted probabilities numerically 0 or 1 occurred
[02:26:34] 
[02:26:35] 	Evaluating Model stuff...
[02:26:35] 
[02:26:35] -=-=-=--=-=-=- Festuca.versicolor_PA5_RUN4_MAXNET 
[02:26:37] 
[02:26:37] 	Evaluating Model stuff...
[02:26:37] 
[02:26:37] -=-=-=--=-=-=- Festuca.versicolor_PA5_RUN5_GLM 
[02:26:37] Warning: glm.fit: fitted probabilities numerically 0 or 1 occurred
[02:26:37] 
[02:26:38] 	Evaluating Model stuff...
[02:26:38] 
[02:26:38] -=-=-=--=-=-=- Festuca.versicolor_PA5_RUN5_GBM 
[02:26:38] CV: 1 
[02:26:42] CV: 2 
[02:26:45] CV: 3 
[02:26:55] 
[02:26:56] 	Evaluating Model stuff...
[02:26:56] 
[02:26:56] -=-=-=--=-=-=- Festuca.versicolor_PA5_RUN5_ANN 
[02:26:56] 
[02:26:56] 	Model scaling...
[02:26:57] 	Evaluating Model stuff...
[02:26:57] 
[02:26:57] -=-=-=--=-=-=- Festuca.versicolor_PA5_RUN5_FDA 
[02:26:57] 
[02:26:57] 	Model scaling...Warning: glm.fit: fitted probabilities numerically 0 or 1 occurred
[02:26:57] 
[02:26:58] 	Evaluating Model stuff...
[02:26:58] 
[02:26:58] -=-=-=--=-=-=- Festuca.versicolor_PA5_RUN5_MAXNET 
[02:27:00] 
[02:27:00] 	Evaluating Model stuff...
[02:27:00] 
[02:27:00] -=-=-=--=-=-=- Festuca.versicolor_PA6_RUN1_GLM 
[02:27:00] Warning: glm.fit: fitted probabilities numerically 0 or 1 occurred
[02:27:00] 
[02:27:01] 	Evaluating Model stuff...
[02:27:01] 
[02:27:01] -=-=-=--=-=-=- Festuca.versicolor_PA6_RUN1_GBM 
[02:27:01] CV: 1 
[02:27:05] CV: 2 
[02:27:09] CV: 3 
[02:27:19] 
[02:27:19] 	Evaluating Model stuff...
[02:27:19] 
[02:27:19] -=-=-=--=-=-=- Festuca.versicolor_PA6_RUN1_ANN 
[02:27:20] 
[02:27:20] 	Model scaling...
[02:27:21] 	Evaluating Model stuff...
[02:27:21] 
[02:27:21] -=-=-=--=-=-=- Festuca.versicolor_PA6_RUN1_FDA 
[02:27:21] 
[02:27:21] 	Model scaling...Warning: glm.fit: algorithm did not converge
[02:27:21] Warning: glm.fit: fitted probabilities numerically 0 or 1 occurred
[02:27:21] 
[02:27:21] 	Evaluating Model stuff...
[02:27:21] 
[02:27:21] -=-=-=--=-=-=- Festuca.versicolor_PA6_RUN1_MAXNET 
[02:27:23] 
[02:27:24] 	Evaluating Model stuff...
[02:27:24] 
[02:27:24] -=-=-=--=-=-=- Festuca.versicolor_PA6_RUN2_GLM 
[02:27:24] Warning: glm.fit: fitted probabilities numerically 0 or 1 occurred
[02:27:24] 
[02:27:24] 	Evaluating Model stuff...
[02:27:24] 
[02:27:24] -=-=-=--=-=-=- Festuca.versicolor_PA6_RUN2_GBM 
[02:27:24] CV: 1 
[02:27:28] CV: 2 
[02:27:32] CV: 3 
[02:27:42] 
[02:27:42] 	Evaluating Model stuff...
[02:27:42] 
[02:27:42] -=-=-=--=-=-=- Festuca.versicolor_PA6_RUN2_ANN 
[02:27:43] 
[02:27:43] 	Model scaling...
[02:27:44] 	Evaluating Model stuff...
[02:27:44] 
[02:27:44] -=-=-=--=-=-=- Festuca.versicolor_PA6_RUN2_FDA 
[02:27:44] 
[02:27:44] 	Model scaling...Warning: glm.fit: algorithm did not converge
[02:27:44] Warning: glm.fit: fitted probabilities numerically 0 or 1 occurred
[02:27:44] 
[02:27:44] 	Evaluating Model stuff...
[02:27:44] 
[02:27:44] -=-=-=--=-=-=- Festuca.versicolor_PA6_RUN2_MAXNET 
[02:27:46] 
[02:27:47] 	Evaluating Model stuff...
[02:27:47] 
[02:27:47] -=-=-=--=-=-=- Festuca.versicolor_PA6_RUN3_GLM 
[02:27:47] Warning: glm.fit: fitted probabilities numerically 0 or 1 occurred
[02:27:47] 
[02:27:48] 	Evaluating Model stuff...
[02:27:48] 
[02:27:48] -=-=-=--=-=-=- Festuca.versicolor_PA6_RUN3_GBM 
[02:27:48] CV: 1 
[02:27:51] CV: 2 
[02:27:55] CV: 3 
[02:28:05] 
[02:28:06] 	Evaluating Model stuff...
[02:28:06] 
[02:28:06] -=-=-=--=-=-=- Festuca.versicolor_PA6_RUN3_ANN 
[02:28:06] 
[02:28:06] 	Model scaling...
[02:28:07] 	Evaluating Model stuff...
[02:28:07] 
[02:28:07] -=-=-=--=-=-=- Festuca.versicolor_PA6_RUN3_FDA 
[02:28:07] 
[02:28:07] 	Model scaling...Warning: glm.fit: fitted probabilities numerically 0 or 1 occurred
[02:28:07] 
[02:28:08] 	Evaluating Model stuff...
[02:28:08] 
[02:28:08] -=-=-=--=-=-=- Festuca.versicolor_PA6_RUN3_MAXNET 
[02:28:09] 
[02:28:10] 	Evaluating Model stuff...
[02:28:10] 
[02:28:10] -=-=-=--=-=-=- Festuca.versicolor_PA6_RUN4_GLM 
[02:28:10] Warning: glm.fit: fitted probabilities numerically 0 or 1 occurred
[02:28:10] 
[02:28:11] 	Evaluating Model stuff...
[02:28:11] 
[02:28:11] -=-=-=--=-=-=- Festuca.versicolor_PA6_RUN4_GBM 
[02:28:11] CV: 1 
[02:28:14] CV: 2 
[02:28:18] CV: 3 
[02:28:28] 
[02:28:29] 	Evaluating Model stuff...Warning in max(calcStat, na.rm = TRUE) :
[02:28:29]   no non-missing arguments to max; returning -Inf
[02:28:29] 
[02:28:29] 
[02:28:29] -=-=-=--=-=-=- Festuca.versicolor_PA6_RUN4_ANN 
[02:28:29] 
[02:28:29] 	Model scaling...
[02:28:30] 	Evaluating Model stuff...
[02:28:30] 
[02:28:30] -=-=-=--=-=-=- Festuca.versicolor_PA6_RUN4_FDA 
[02:28:30] 
[02:28:30] 	Model scaling...Warning: glm.fit: algorithm did not converge
[02:28:30] Warning: glm.fit: fitted probabilities numerically 0 or 1 occurred
[02:28:30] 
[02:28:31] 	Evaluating Model stuff...
[02:28:31] 
[02:28:31] -=-=-=--=-=-=- Festuca.versicolor_PA6_RUN4_MAXNET 
[02:28:32] 
[02:28:33] 	Evaluating Model stuff...
[02:28:33] 
[02:28:33] -=-=-=--=-=-=- Festuca.versicolor_PA6_RUN5_GLM 
[02:28:33] Warning: glm.fit: fitted probabilities numerically 0 or 1 occurred
[02:28:33] 
[02:28:34] 	Evaluating Model stuff...
[02:28:34] 
[02:28:34] -=-=-=--=-=-=- Festuca.versicolor_PA6_RUN5_GBM 
[02:28:34] CV: 1 
[02:28:37] CV: 2 
[02:28:41] CV: 3 
[02:28:51] 
[02:28:52] 	Evaluating Model stuff...
[02:28:52] 
[02:28:52] -=-=-=--=-=-=- Festuca.versicolor_PA6_RUN5_ANN 
[02:28:52] 
[02:28:52] 	Model scaling...
[02:28:53] 	Evaluating Model stuff...
[02:28:53] 
[02:28:53] -=-=-=--=-=-=- Festuca.versicolor_PA6_RUN5_FDA 
[02:28:53] 
[02:28:53] 	Model scaling...Warning: glm.fit: fitted probabilities numerically 0 or 1 occurred
[02:28:53] 
[02:28:54] 	Evaluating Model stuff...
[02:28:54] 
[02:28:54] -=-=-=--=-=-=- Festuca.versicolor_PA6_RUN5_MAXNET 
[02:28:55] 
[02:28:56] 	Evaluating Model stuff...
[02:28:56] 
[02:28:56] -=-=-=--=-=-=- Festuca.versicolor_PA7_RUN1_GLM 
[02:28:56] Warning: glm.fit: fitted probabilities numerically 0 or 1 occurred
[02:28:56] 
[02:28:57] 	Evaluating Model stuff...
[02:28:57] 
[02:28:57] -=-=-=--=-=-=- Festuca.versicolor_PA7_RUN1_GBM 
[02:28:57] CV: 1 
[02:29:01] CV: 2 
[02:29:04] CV: 3 
[02:29:14] 
[02:29:15] 	Evaluating Model stuff...
[02:29:15] 
[02:29:15] -=-=-=--=-=-=- Festuca.versicolor_PA7_RUN1_ANN 
[02:29:15] 
[02:29:15] 	Model scaling...
[02:29:16] 	Evaluating Model stuff...
[02:29:16] 
[02:29:16] -=-=-=--=-=-=- Festuca.versicolor_PA7_RUN1_FDA 
[02:29:16] 
[02:29:16] 	Model scaling...Warning: glm.fit: fitted probabilities numerically 0 or 1 occurred
[02:29:16] 
[02:29:17] 	Evaluating Model stuff...
[02:29:17] 
[02:29:17] -=-=-=--=-=-=- Festuca.versicolor_PA7_RUN1_MAXNET 
[02:29:18] 
[02:29:19] 	Evaluating Model stuff...
[02:29:19] 
[02:29:19] -=-=-=--=-=-=- Festuca.versicolor_PA7_RUN2_GLM 
[02:29:19] Warning: glm.fit: fitted probabilities numerically 0 or 1 occurred
[02:29:19] 
[02:29:20] 	Evaluating Model stuff...
[02:29:20] 
[02:29:20] -=-=-=--=-=-=- Festuca.versicolor_PA7_RUN2_GBM 
[02:29:20] CV: 1 
[02:29:23] CV: 2 
[02:29:27] CV: 3 
[02:29:37] 
[02:29:38] 	Evaluating Model stuff...
[02:29:38] 
[02:29:38] -=-=-=--=-=-=- Festuca.versicolor_PA7_RUN2_ANN 
[02:29:38] 
[02:29:38] 	Model scaling...
[02:29:39] 	Evaluating Model stuff...
[02:29:39] 
[02:29:39] -=-=-=--=-=-=- Festuca.versicolor_PA7_RUN2_FDA 
[02:29:39] 
[02:29:39] 	Model scaling...Warning: glm.fit: fitted probabilities numerically 0 or 1 occurred
[02:29:39] 
[02:29:40] 	Evaluating Model stuff...
[02:29:40] 
[02:29:40] -=-=-=--=-=-=- Festuca.versicolor_PA7_RUN2_MAXNET 
[02:29:41] 
[02:29:42] 	Evaluating Model stuff...
[02:29:42] 
[02:29:42] -=-=-=--=-=-=- Festuca.versicolor_PA7_RUN3_GLM 
[02:29:42] Warning: glm.fit: fitted probabilities numerically 0 or 1 occurred
[02:29:42] 
[02:29:43] 	Evaluating Model stuff...
[02:29:43] 
[02:29:43] -=-=-=--=-=-=- Festuca.versicolor_PA7_RUN3_GBM 
[02:29:43] CV: 1 
[02:29:46] CV: 2 
[02:29:50] CV: 3 
[02:30:00] 
[02:30:01] 	Evaluating Model stuff...
[02:30:01] 
[02:30:01] -=-=-=--=-=-=- Festuca.versicolor_PA7_RUN3_ANN 
[02:30:01] 
[02:30:01] 	Model scaling...
[02:30:02] 	Evaluating Model stuff...
[02:30:02] 
[02:30:02] -=-=-=--=-=-=- Festuca.versicolor_PA7_RUN3_FDA 
[02:30:02] 
[02:30:02] 	Model scaling...Warning: glm.fit: algorithm did not converge
[02:30:02] Warning: glm.fit: fitted probabilities numerically 0 or 1 occurred
[02:30:02] 
[02:30:03] 	Evaluating Model stuff...
[02:30:03] 
[02:30:03] -=-=-=--=-=-=- Festuca.versicolor_PA7_RUN3_MAXNET 
[02:30:04] 
[02:30:05] 	Evaluating Model stuff...
[02:30:05] 
[02:30:05] -=-=-=--=-=-=- Festuca.versicolor_PA7_RUN4_GLM 
[02:30:05] Warning: glm.fit: fitted probabilities numerically 0 or 1 occurred
[02:30:05] 
[02:30:06] 	Evaluating Model stuff...
[02:30:06] 
[02:30:06] -=-=-=--=-=-=- Festuca.versicolor_PA7_RUN4_GBM 
[02:30:06] CV: 1 
[02:30:09] CV: 2 
[02:30:13] CV: 3 
[02:30:23] 
[02:30:24] 	Evaluating Model stuff...
[02:30:24] 
[02:30:24] -=-=-=--=-=-=- Festuca.versicolor_PA7_RUN4_ANN 
[02:30:24] 
[02:30:24] 	Model scaling...
[02:30:25] 	Evaluating Model stuff...
[02:30:25] 
[02:30:25] -=-=-=--=-=-=- Festuca.versicolor_PA7_RUN4_FDA 
[02:30:25] 
[02:30:25] 	Model scaling...Warning: glm.fit: algorithm did not converge
[02:30:25] Warning: glm.fit: fitted probabilities numerically 0 or 1 occurred
[02:30:25] 
[02:30:26] 	Evaluating Model stuff...
[02:30:26] 
[02:30:26] -=-=-=--=-=-=- Festuca.versicolor_PA7_RUN4_MAXNET 
[02:30:27] 
[02:30:28] 	Evaluating Model stuff...
[02:30:28] 
[02:30:28] -=-=-=--=-=-=- Festuca.versicolor_PA7_RUN5_GLM 
[02:30:28] Warning: glm.fit: fitted probabilities numerically 0 or 1 occurred
[02:30:28] 
[02:30:29] 	Evaluating Model stuff...
[02:30:29] 
[02:30:29] -=-=-=--=-=-=- Festuca.versicolor_PA7_RUN5_GBM 
[02:30:29] CV: 1 
[02:30:32] CV: 2 
[02:30:36] CV: 3 
[02:30:46] 
[02:30:47] 	Evaluating Model stuff...
[02:30:47] 
[02:30:47] -=-=-=--=-=-=- Festuca.versicolor_PA7_RUN5_ANN 
[02:30:47] 
[02:30:47] 	Model scaling...
[02:30:48] 	Evaluating Model stuff...
[02:30:48] 
[02:30:48] -=-=-=--=-=-=- Festuca.versicolor_PA7_RUN5_FDA 
[02:30:48] 
[02:30:48] 	Model scaling...Warning: glm.fit: algorithm did not converge
[02:30:48] Warning: glm.fit: fitted probabilities numerically 0 or 1 occurred
[02:30:48] 
[02:30:49] 	Evaluating Model stuff...
[02:30:49] 
[02:30:49] -=-=-=--=-=-=- Festuca.versicolor_PA7_RUN5_MAXNET 
[02:30:50] 
[02:30:51] 	Evaluating Model stuff...
[02:30:51] 
[02:30:51] -=-=-=--=-=-=- Festuca.versicolor_PA8_RUN1_GLM 
[02:30:51] Warning: glm.fit: fitted probabilities numerically 0 or 1 occurred
[02:30:51] 
[02:30:51] 	Evaluating Model stuff...
[02:30:51] 
[02:30:51] -=-=-=--=-=-=- Festuca.versicolor_PA8_RUN1_GBM 
[02:30:51] CV: 1 
[02:30:55] CV: 2 
[02:30:59] CV: 3 
[02:31:09] 
[02:31:09] 	Evaluating Model stuff...
[02:31:09] 
[02:31:09] -=-=-=--=-=-=- Festuca.versicolor_PA8_RUN1_ANN 
[02:31:10] 
[02:31:10] 	Model scaling...
[02:31:11] 	Evaluating Model stuff...
[02:31:11] 
[02:31:11] -=-=-=--=-=-=- Festuca.versicolor_PA8_RUN1_FDA 
[02:31:11] 
[02:31:11] 	Model scaling...Warning: glm.fit: fitted probabilities numerically 0 or 1 occurred
[02:31:11] 
[02:31:12] 	Evaluating Model stuff...
[02:31:12] 
[02:31:12] -=-=-=--=-=-=- Festuca.versicolor_PA8_RUN1_MAXNET 
[02:31:13] 
[02:31:14] 	Evaluating Model stuff...
[02:31:14] 
[02:31:14] -=-=-=--=-=-=- Festuca.versicolor_PA8_RUN2_GLM 
[02:31:14] Warning: glm.fit: fitted probabilities numerically 0 or 1 occurred
[02:31:14] 
[02:31:14] 	Evaluating Model stuff...
[02:31:14] 
[02:31:14] -=-=-=--=-=-=- Festuca.versicolor_PA8_RUN2_GBM 
[02:31:14] CV: 1 
[02:31:18] CV: 2 
[02:31:22] CV: 3 
[02:31:31] 
[02:31:32] 	Evaluating Model stuff...
[02:31:32] 
[02:31:32] -=-=-=--=-=-=- Festuca.versicolor_PA8_RUN2_ANN 
[02:31:32] 
[02:31:32] 	Model scaling...
[02:31:33] 	Evaluating Model stuff...
[02:31:33] 
[02:31:33] -=-=-=--=-=-=- Festuca.versicolor_PA8_RUN2_FDA 
[02:31:33] 
[02:31:33] 	Model scaling...Warning: glm.fit: fitted probabilities numerically 0 or 1 occurred
[02:31:33] 
[02:31:34] 	Evaluating Model stuff...
[02:31:34] 
[02:31:34] -=-=-=--=-=-=- Festuca.versicolor_PA8_RUN2_MAXNET 
[02:31:36] 
[02:31:36] 	Evaluating Model stuff...Warning in max(calcStat, na.rm = TRUE) :
[02:31:36]   no non-missing arguments to max; returning -Inf
[02:31:36] 
[02:31:36] 
[02:31:36] -=-=-=--=-=-=- Festuca.versicolor_PA8_RUN3_GLM 
[02:31:36] Warning: glm.fit: fitted probabilities numerically 0 or 1 occurred
[02:31:36] 
[02:31:37] 	Evaluating Model stuff...
[02:31:37] 
[02:31:37] -=-=-=--=-=-=- Festuca.versicolor_PA8_RUN3_GBM 
[02:31:37] CV: 1 
[02:31:41] CV: 2 
[02:31:44] CV: 3 
[02:31:54] 
[02:31:55] 	Evaluating Model stuff...
[02:31:55] 
[02:31:55] -=-=-=--=-=-=- Festuca.versicolor_PA8_RUN3_ANN 
[02:31:55] 
[02:31:55] 	Model scaling...
[02:31:56] 	Evaluating Model stuff...
[02:31:56] 
[02:31:56] -=-=-=--=-=-=- Festuca.versicolor_PA8_RUN3_FDA 
[02:31:56] 
[02:31:56] 	Model scaling...Warning: glm.fit: algorithm did not converge
[02:31:56] Warning: glm.fit: fitted probabilities numerically 0 or 1 occurred
[02:31:56] 
[02:31:57] 	Evaluating Model stuff...
[02:31:57] 
[02:31:57] -=-=-=--=-=-=- Festuca.versicolor_PA8_RUN3_MAXNET 
[02:31:58] 
[02:31:59] 	Evaluating Model stuff...
[02:31:59] 
[02:31:59] -=-=-=--=-=-=- Festuca.versicolor_PA8_RUN4_GLM 
[02:31:59] Warning: glm.fit: fitted probabilities numerically 0 or 1 occurred
[02:31:59] 
[02:32:00] 	Evaluating Model stuff...
[02:32:00] 
[02:32:00] -=-=-=--=-=-=- Festuca.versicolor_PA8_RUN4_GBM 
[02:32:00] CV: 1 
[02:32:03] CV: 2 
[02:32:07] CV: 3 
[02:32:17] 
[02:32:18] 	Evaluating Model stuff...
[02:32:18] 
[02:32:18] -=-=-=--=-=-=- Festuca.versicolor_PA8_RUN4_ANN 
[02:32:18] 
[02:32:18] 	Model scaling...
[02:32:19] 	Evaluating Model stuff...
[02:32:19] 
[02:32:19] -=-=-=--=-=-=- Festuca.versicolor_PA8_RUN4_FDA 
[02:32:19] 
[02:32:19] 	Model scaling...Warning: glm.fit: algorithm did not converge
[02:32:19] Warning: glm.fit: fitted probabilities numerically 0 or 1 occurred
[02:32:19] 
[02:32:20] 	Evaluating Model stuff...
[02:32:20] 
[02:32:20] -=-=-=--=-=-=- Festuca.versicolor_PA8_RUN4_MAXNET 
[02:32:21] 
[02:32:22] 	Evaluating Model stuff...
[02:32:22] 
[02:32:22] -=-=-=--=-=-=- Festuca.versicolor_PA8_RUN5_GLM 
[02:32:22] Warning: glm.fit: fitted probabilities numerically 0 or 1 occurred
[02:32:22] 
[02:32:23] 	Evaluating Model stuff...
[02:32:23] 
[02:32:23] -=-=-=--=-=-=- Festuca.versicolor_PA8_RUN5_GBM 
[02:32:23] CV: 1 
[02:32:26] CV: 2 
[02:32:30] CV: 3 
[02:32:40] 
[02:32:41] 	Evaluating Model stuff...
[02:32:41] 
[02:32:41] -=-=-=--=-=-=- Festuca.versicolor_PA8_RUN5_ANN 
[02:32:41] 
[02:32:41] 	Model scaling...
[02:32:42] 	Evaluating Model stuff...
[02:32:42] 
[02:32:42] -=-=-=--=-=-=- Festuca.versicolor_PA8_RUN5_FDA 
[02:32:42] 
[02:32:42] 	Model scaling...Warning: glm.fit: fitted probabilities numerically 0 or 1 occurred
[02:32:42] 
[02:32:43] 	Evaluating Model stuff...
[02:32:43] 
[02:32:43] -=-=-=--=-=-=- Festuca.versicolor_PA8_RUN5_MAXNET 
[02:32:44] 
[02:32:45] 	Evaluating Model stuff...
[02:32:45] 
[02:32:45] -=-=-=--=-=-=- Festuca.versicolor_PA9_RUN1_GLM 
[02:32:45] Warning: glm.fit: fitted probabilities numerically 0 or 1 occurred
[02:32:45] 
[02:32:46] 	Evaluating Model stuff...
[02:32:46] 
[02:32:46] -=-=-=--=-=-=- Festuca.versicolor_PA9_RUN1_GBM 
[02:32:46] CV: 1 
[02:32:49] CV: 2 
[02:32:53] CV: 3 
[02:33:02] 
[02:33:03] 	Evaluating Model stuff...
[02:33:03] 
[02:33:03] -=-=-=--=-=-=- Festuca.versicolor_PA9_RUN1_ANN 
[02:33:03] 
[02:33:03] 	Model scaling...
[02:33:04] 	Evaluating Model stuff...
[02:33:04] 
[02:33:04] -=-=-=--=-=-=- Festuca.versicolor_PA9_RUN1_FDA 
[02:33:04] 
[02:33:04] 	Model scaling...Warning: glm.fit: algorithm did not converge
[02:33:04] Warning: glm.fit: fitted probabilities numerically 0 or 1 occurred
[02:33:04] 
[02:33:05] 	Evaluating Model stuff...
[02:33:05] 
[02:33:05] -=-=-=--=-=-=- Festuca.versicolor_PA9_RUN1_MAXNET 
[02:33:07] 
[02:33:07] 	Evaluating Model stuff...
[02:33:07] 
[02:33:07] -=-=-=--=-=-=- Festuca.versicolor_PA9_RUN2_GLM 
[02:33:07] Warning: glm.fit: fitted probabilities numerically 0 or 1 occurred
[02:33:07] 
[02:33:08] 	Evaluating Model stuff...
[02:33:08] 
[02:33:08] -=-=-=--=-=-=- Festuca.versicolor_PA9_RUN2_GBM 
[02:33:08] CV: 1 
[02:33:12] CV: 2 
[02:33:16] CV: 3 
[02:33:25] 
[02:33:26] 	Evaluating Model stuff...Warning in max(calcStat, na.rm = TRUE) :
[02:33:26]   no non-missing arguments to max; returning -Inf
[02:33:26] 
[02:33:26] 
[02:33:26] -=-=-=--=-=-=- Festuca.versicolor_PA9_RUN2_ANN 
[02:33:26] 
[02:33:26] 	Model scaling...
[02:33:27] 	Evaluating Model stuff...
[02:33:27] 
[02:33:27] -=-=-=--=-=-=- Festuca.versicolor_PA9_RUN2_FDA 
[02:33:27] 
[02:33:27] 	Model scaling...Warning: glm.fit: algorithm did not converge
[02:33:27] Warning: glm.fit: fitted probabilities numerically 0 or 1 occurred
[02:33:27] 
[02:33:28] 	Evaluating Model stuff...
[02:33:28] 
[02:33:28] -=-=-=--=-=-=- Festuca.versicolor_PA9_RUN2_MAXNET 
[02:33:30] 
[02:33:30] 	Evaluating Model stuff...
[02:33:30] 
[02:33:30] -=-=-=--=-=-=- Festuca.versicolor_PA9_RUN3_GLM 
[02:33:30] Warning: glm.fit: fitted probabilities numerically 0 or 1 occurred
[02:33:30] 
[02:33:31] 	Evaluating Model stuff...
[02:33:31] 
[02:33:31] -=-=-=--=-=-=- Festuca.versicolor_PA9_RUN3_GBM 
[02:33:31] CV: 1 
[02:33:35] CV: 2 
[02:33:38] CV: 3 
[02:33:48] 
[02:33:49] 	Evaluating Model stuff...Warning in max(calcStat, na.rm = TRUE) :
[02:33:49]   no non-missing arguments to max; returning -Inf
[02:33:49] 
[02:33:49] 
[02:33:49] -=-=-=--=-=-=- Festuca.versicolor_PA9_RUN3_ANN 
[02:33:49] 
[02:33:49] 	Model scaling...
[02:33:50] 	Evaluating Model stuff...
[02:33:50] 
[02:33:50] -=-=-=--=-=-=- Festuca.versicolor_PA9_RUN3_FDA 
[02:33:50] 
[02:33:50] 	Model scaling...Warning: glm.fit: fitted probabilities numerically 0 or 1 occurred
[02:33:50] 
[02:33:51] 	Evaluating Model stuff...
[02:33:51] 
[02:33:51] -=-=-=--=-=-=- Festuca.versicolor_PA9_RUN3_MAXNET 
[02:33:53] 
[02:33:53] 	Evaluating Model stuff...
[02:33:53] 
[02:33:53] -=-=-=--=-=-=- Festuca.versicolor_PA9_RUN4_GLM 
[02:33:53] Warning: glm.fit: fitted probabilities numerically 0 or 1 occurred
[02:33:53] 
[02:33:54] 	Evaluating Model stuff...
[02:33:54] 
[02:33:54] -=-=-=--=-=-=- Festuca.versicolor_PA9_RUN4_GBM 
[02:33:54] CV: 1 
[02:33:58] CV: 2 
[02:34:02] CV: 3 
[02:34:11] 
[02:34:12] 	Evaluating Model stuff...
[02:34:12] 
[02:34:12] -=-=-=--=-=-=- Festuca.versicolor_PA9_RUN4_ANN 
[02:34:12] 
[02:34:12] 	Model scaling...
[02:34:13] 	Evaluating Model stuff...
[02:34:13] 
[02:34:13] -=-=-=--=-=-=- Festuca.versicolor_PA9_RUN4_FDA 
[02:34:13] 
[02:34:13] 	Model scaling...Warning: glm.fit: fitted probabilities numerically 0 or 1 occurred
[02:34:13] 
[02:34:14] 	Evaluating Model stuff...
[02:34:14] 
[02:34:14] -=-=-=--=-=-=- Festuca.versicolor_PA9_RUN4_MAXNET 
[02:34:16] 
[02:34:16] 	Evaluating Model stuff...
[02:34:16] 
[02:34:16] -=-=-=--=-=-=- Festuca.versicolor_PA9_RUN5_GLM 
[02:34:16] Warning: glm.fit: fitted probabilities numerically 0 or 1 occurred
[02:34:16] 
[02:34:17] 	Evaluating Model stuff...
[02:34:17] 
[02:34:17] -=-=-=--=-=-=- Festuca.versicolor_PA9_RUN5_GBM 
[02:34:17] CV: 1 
[02:34:21] CV: 2 
[02:34:25] CV: 3 
[02:34:34] 
[02:34:35] 	Evaluating Model stuff...
[02:34:35] 
[02:34:35] -=-=-=--=-=-=- Festuca.versicolor_PA9_RUN5_ANN 
[02:34:35] 
[02:34:35] 	Model scaling...
[02:34:36] 	Evaluating Model stuff...
[02:34:36] 
[02:34:36] -=-=-=--=-=-=- Festuca.versicolor_PA9_RUN5_FDA 
[02:34:36] 
[02:34:36] 	Model scaling...Warning: glm.fit: fitted probabilities numerically 0 or 1 occurred
[02:34:36] 
[02:34:37] 	Evaluating Model stuff...
[02:34:37] 
[02:34:37] -=-=-=--=-=-=- Festuca.versicolor_PA9_RUN5_MAXNET 
[02:34:39] 
[02:34:39] 	Evaluating Model stuff...
[02:34:39] 
[02:34:39] -=-=-=--=-=-=- Festuca.versicolor_PA10_RUN1_GLM 
[02:34:39] Warning: glm.fit: fitted probabilities numerically 0 or 1 occurred
[02:34:39] 
[02:34:40] 	Evaluating Model stuff...
[02:34:40] 
[02:34:40] -=-=-=--=-=-=- Festuca.versicolor_PA10_RUN1_GBM 
[02:34:40] CV: 1 
[02:34:44] CV: 2 
[02:34:47] CV: 3 
[02:34:57] 
[02:34:58] 	Evaluating Model stuff...Warning in max(calcStat, na.rm = TRUE) :
[02:34:58]   no non-missing arguments to max; returning -Inf
[02:34:58] 
[02:34:58] 
[02:34:58] -=-=-=--=-=-=- Festuca.versicolor_PA10_RUN1_ANN 
[02:34:58] 
[02:34:58] 	Model scaling...
[02:34:59] 	Evaluating Model stuff...
[02:34:59] 
[02:34:59] -=-=-=--=-=-=- Festuca.versicolor_PA10_RUN1_FDA 
[02:34:59] 
[02:34:59] 	Model scaling...Warning: glm.fit: fitted probabilities numerically 0 or 1 occurred
[02:34:59] 
[02:35:00] 	Evaluating Model stuff...
[02:35:00] 
[02:35:00] -=-=-=--=-=-=- Festuca.versicolor_PA10_RUN1_MAXNET 
[02:35:01] 
[02:35:02] 	Evaluating Model stuff...
[02:35:02] 
[02:35:02] -=-=-=--=-=-=- Festuca.versicolor_PA10_RUN2_GLM 
[02:35:02] Warning: glm.fit: fitted probabilities numerically 0 or 1 occurred
[02:35:02] 
[02:35:03] 	Evaluating Model stuff...
[02:35:03] 
[02:35:03] -=-=-=--=-=-=- Festuca.versicolor_PA10_RUN2_GBM 
[02:35:03] CV: 1 
[02:35:07] CV: 2 
[02:35:10] CV: 3 
[02:35:20] 
[02:35:21] 	Evaluating Model stuff...
[02:35:21] 
[02:35:21] -=-=-=--=-=-=- Festuca.versicolor_PA10_RUN2_ANN 
[02:35:21] 
[02:35:21] 	Model scaling...
[02:35:22] 	Evaluating Model stuff...
[02:35:22] 
[02:35:22] -=-=-=--=-=-=- Festuca.versicolor_PA10_RUN2_FDA 
[02:35:22] 
[02:35:22] 	Model scaling...Warning: glm.fit: fitted probabilities numerically 0 or 1 occurred
[02:35:22] 
[02:35:23] 	Evaluating Model stuff...
[02:35:23] 
[02:35:23] -=-=-=--=-=-=- Festuca.versicolor_PA10_RUN2_MAXNET 
[02:35:25] 
[02:35:25] 	Evaluating Model stuff...
[02:35:25] 
[02:35:25] -=-=-=--=-=-=- Festuca.versicolor_PA10_RUN3_GLM 
[02:35:25] Warning: glm.fit: fitted probabilities numerically 0 or 1 occurred
[02:35:25] 
[02:35:26] 	Evaluating Model stuff...
[02:35:26] 
[02:35:26] -=-=-=--=-=-=- Festuca.versicolor_PA10_RUN3_GBM 
[02:35:26] CV: 1 
[02:35:30] CV: 2 
[02:35:33] CV: 3 
[02:35:43] 
[02:35:44] 	Evaluating Model stuff...
[02:35:44] 
[02:35:44] -=-=-=--=-=-=- Festuca.versicolor_PA10_RUN3_ANN 
[02:35:44] 
[02:35:44] 	Model scaling...
[02:35:45] 	Evaluating Model stuff...
[02:35:45] 
[02:35:45] -=-=-=--=-=-=- Festuca.versicolor_PA10_RUN3_FDA 
[02:35:45] 
[02:35:45] 	Model scaling...Warning: glm.fit: fitted probabilities numerically 0 or 1 occurred
[02:35:45] 
[02:35:46] 	Evaluating Model stuff...
[02:35:46] 
[02:35:46] -=-=-=--=-=-=- Festuca.versicolor_PA10_RUN3_MAXNET 
[02:35:48] 
[02:35:48] 	Evaluating Model stuff...
[02:35:48] 
[02:35:48] -=-=-=--=-=-=- Festuca.versicolor_PA10_RUN4_GLM 
[02:35:48] Warning: glm.fit: fitted probabilities numerically 0 or 1 occurred
[02:35:48] 
[02:35:49] 	Evaluating Model stuff...
[02:35:49] 
[02:35:49] -=-=-=--=-=-=- Festuca.versicolor_PA10_RUN4_GBM 
[02:35:49] CV: 1 
[02:35:53] CV: 2 
[02:35:56] CV: 3 
[02:36:06] 
[02:36:07] 	Evaluating Model stuff...Warning in max(calcStat, na.rm = TRUE) :
[02:36:07]   no non-missing arguments to max; returning -Inf
[02:36:07] 
[02:36:07] 
[02:36:07] -=-=-=--=-=-=- Festuca.versicolor_PA10_RUN4_ANN 
[02:36:07] 
[02:36:07] 	Model scaling...
[02:36:08] 	Evaluating Model stuff...
[02:36:08] 
[02:36:08] -=-=-=--=-=-=- Festuca.versicolor_PA10_RUN4_FDA 
[02:36:08] 
[02:36:08] 	Model scaling...Warning: glm.fit: algorithm did not converge
[02:36:08] Warning: glm.fit: fitted probabilities numerically 0 or 1 occurred
[02:36:08] 
[02:36:09] 	Evaluating Model stuff...
[02:36:09] 
[02:36:09] -=-=-=--=-=-=- Festuca.versicolor_PA10_RUN4_MAXNET 
[02:36:11] 
[02:36:11] 	Evaluating Model stuff...
[02:36:11] 
[02:36:11] -=-=-=--=-=-=- Festuca.versicolor_PA10_RUN5_GLM 
[02:36:11] Warning: glm.fit: fitted probabilities numerically 0 or 1 occurred
[02:36:11] 
[02:36:12] 	Evaluating Model stuff...
[02:36:12] 
[02:36:12] -=-=-=--=-=-=- Festuca.versicolor_PA10_RUN5_GBM 
[02:36:12] CV: 1 
[02:36:16] CV: 2 
[02:36:19] CV: 3 
[02:36:29] 
[02:36:30] 	Evaluating Model stuff...
[02:36:30] 
[02:36:30] -=-=-=--=-=-=- Festuca.versicolor_PA10_RUN5_ANN 
[02:36:30] 
[02:36:30] 	Model scaling...
[02:36:31] 	Evaluating Model stuff...
[02:36:31] 
[02:36:31] -=-=-=--=-=-=- Festuca.versicolor_PA10_RUN5_FDA 
[02:36:31] 
[02:36:31] 	Model scaling...Warning: glm.fit: algorithm did not converge
[02:36:31] Warning: glm.fit: fitted probabilities numerically 0 or 1 occurred
[02:36:31] 
[02:36:32] 	Evaluating Model stuff...
[02:36:32] 
[02:36:32] -=-=-=--=-=-=- Festuca.versicolor_PA10_RUN5_MAXNET 
[02:36:34] 
[02:36:39] 	Evaluating Model stuff...
[02:36:39] -=-=-=-=-=-=-=-=-=-=-=-=-=-=-=-=-=-= Done -=-=-=-=-=-=-=-=-=-=-=-=-=-=-=-=-=-=
[02:36:39] 
[02:36:39] -=-=-=-=-=-=-=-=-=-=-=-=-=-= Build Ensemble Models -=-=-=-=-=-=-=-=-=-=-=-=-=-=
[02:36:39] 
[02:36:39]    ! all models available will be included in ensemble.modeling
[02:36:39]   ! Ensemble Models will be filtered and/or weighted using validation dataset (if possible). Please use `metric.select.dataset` for alternative options.
[02:36:39]    > Evaluation & Weighting methods summary :
[02:36:39]       AUCroc over 0.6
[02:36:41] 
[02:36:41] 
[02:36:47]   > mergedData_mergedRun_mergedAlgo ensemble modeling
[02:36:50]    ! Additional projection required for ensemble models merging several pseudo-absence dataset...
[02:36:50] -=-=-=-=-=-=-=-=-=-=-=-=-= Do Single Models Projection -=-=-=-=-=-=-=-=-=-=-=-=-=
[02:36:50] 
[02:36:51] 	> Projecting Festuca.versicolor_PA1_RUN1_GLM ...
[02:36:53] 	> Projecting Festuca.versicolor_PA1_RUN1_GBM ...
[02:36:53] 	> Projecting Festuca.versicolor_PA1_RUN1_ANN ...
[02:36:54] 	> Projecting Festuca.versicolor_PA1_RUN1_FDA ...
[02:36:54] 	> Projecting Festuca.versicolor_PA1_RUN1_MAXNET ...
[02:36:54] 	> Projecting Festuca.versicolor_PA1_RUN2_GLM ...
[02:36:58] 	> Projecting Festuca.versicolor_PA1_RUN2_GBM ...
[02:36:58] 	> Projecting Festuca.versicolor_PA1_RUN2_ANN ...
[02:36:58] 	> Projecting Festuca.versicolor_PA1_RUN2_FDA ...
[02:36:58] 	> Projecting Festuca.versicolor_PA1_RUN2_MAXNET ...
[02:36:58] 	> Projecting Festuca.versicolor_PA1_RUN3_GLM ...
[02:37:02] 	> Projecting Festuca.versicolor_PA1_RUN3_GBM ...
[02:37:02] 	> Projecting Festuca.versicolor_PA1_RUN3_ANN ...
[02:37:02] 	> Projecting Festuca.versicolor_PA1_RUN3_FDA ...
[02:37:02] 	> Projecting Festuca.versicolor_PA1_RUN3_MAXNET ...
[02:37:03] 	> Projecting Festuca.versicolor_PA1_RUN4_GLM ...
[02:37:06] 	> Projecting Festuca.versicolor_PA1_RUN4_GBM ...
[02:37:06] 	> Projecting Festuca.versicolor_PA1_RUN4_ANN ...
[02:37:07] 	> Projecting Festuca.versicolor_PA1_RUN4_FDA ...
[02:37:07] 	> Projecting Festuca.versicolor_PA1_RUN4_MAXNET ...
[02:37:07] 	> Projecting Festuca.versicolor_PA1_RUN5_GLM ...
[02:37:11] 	> Projecting Festuca.versicolor_PA1_RUN5_GBM ...
[02:37:11] 	> Projecting Festuca.versicolor_PA1_RUN5_ANN ...
[02:37:11] 	> Projecting Festuca.versicolor_PA1_RUN5_FDA ...
[02:37:27] 	> Projecting Festuca.versicolor_PA1_RUN5_MAXNET ...
[02:37:27] -=-=-=-=-=-=-=-=-=-=-=-=-=-=-=-=-=-= Done -=-=-=-=-=-=-=-=-=-=-=-=-=-=-=-=-=-=
[02:37:33] 
[02:37:33] -=-=-=-=-=-=-=-=-=-=-=-=-= Do Single Models Projection -=-=-=-=-=-=-=-=-=-=-=-=-=
[02:37:33] 
[02:37:33] 	> Projecting Festuca.versicolor_PA2_RUN1_GLM ...
[02:37:36] 	> Projecting Festuca.versicolor_PA2_RUN1_GBM ...
[02:37:37] 	> Projecting Festuca.versicolor_PA2_RUN1_ANN ...
[02:37:37] 	> Projecting Festuca.versicolor_PA2_RUN1_FDA ...
[02:37:37] 	> Projecting Festuca.versicolor_PA2_RUN1_MAXNET ...
[02:37:37] 	> Projecting Festuca.versicolor_PA2_RUN2_GLM ...
[02:37:40] 	> Projecting Festuca.versicolor_PA2_RUN2_GBM ...
[02:37:40] 	> Projecting Festuca.versicolor_PA2_RUN2_ANN ...
[02:37:41] 	> Projecting Festuca.versicolor_PA2_RUN2_FDA ...
[02:37:41] 	> Projecting Festuca.versicolor_PA2_RUN2_MAXNET ...
[02:37:41] 	> Projecting Festuca.versicolor_PA2_RUN3_GLM ...
[02:37:44] 	> Projecting Festuca.versicolor_PA2_RUN3_GBM ...
[02:37:44] 	> Projecting Festuca.versicolor_PA2_RUN3_ANN ...
[02:37:44] 	> Projecting Festuca.versicolor_PA2_RUN3_FDA ...
[02:37:44] 	> Projecting Festuca.versicolor_PA2_RUN3_MAXNET ...
[02:37:45] 	> Projecting Festuca.versicolor_PA2_RUN4_GLM ...
[02:37:48] 	> Projecting Festuca.versicolor_PA2_RUN4_GBM ...
[02:37:48] 	> Projecting Festuca.versicolor_PA2_RUN4_ANN ...
[02:37:49] 	> Projecting Festuca.versicolor_PA2_RUN4_FDA ...
[02:37:49] 	> Projecting Festuca.versicolor_PA2_RUN4_MAXNET ...
[02:37:49] 	> Projecting Festuca.versicolor_PA2_RUN5_GLM ...
[02:37:52] 	> Projecting Festuca.versicolor_PA2_RUN5_GBM ...
[02:37:53] 	> Projecting Festuca.versicolor_PA2_RUN5_ANN ...
[02:37:53] 	> Projecting Festuca.versicolor_PA2_RUN5_FDA ...
[02:38:09] 	> Projecting Festuca.versicolor_PA2_RUN5_MAXNET ...
[02:38:09] -=-=-=-=-=-=-=-=-=-=-=-=-=-=-=-=-=-= Done -=-=-=-=-=-=-=-=-=-=-=-=-=-=-=-=-=-=
[02:38:15] 
[02:38:15] -=-=-=-=-=-=-=-=-=-=-=-=-= Do Single Models Projection -=-=-=-=-=-=-=-=-=-=-=-=-=
[02:38:15] 
[02:38:16] 	> Projecting Festuca.versicolor_PA3_RUN1_GLM ...
[02:38:20] 	> Projecting Festuca.versicolor_PA3_RUN1_GBM ...
[02:38:20] 	> Projecting Festuca.versicolor_PA3_RUN1_ANN ...
[02:38:20] 	> Projecting Festuca.versicolor_PA3_RUN1_FDA ...
[02:38:21] 	> Projecting Festuca.versicolor_PA3_RUN1_MAXNET ...
[02:38:21] 	> Projecting Festuca.versicolor_PA3_RUN2_GLM ...
[02:38:24] 	> Projecting Festuca.versicolor_PA3_RUN2_GBM ...
[02:38:25] 	> Projecting Festuca.versicolor_PA3_RUN2_ANN ...
[02:38:25] 	> Projecting Festuca.versicolor_PA3_RUN2_FDA ...
[02:38:25] 	> Projecting Festuca.versicolor_PA3_RUN2_MAXNET ...
[02:38:25] 	> Projecting Festuca.versicolor_PA3_RUN3_GLM ...
[02:38:28] 	> Projecting Festuca.versicolor_PA3_RUN3_GBM ...
[02:38:28] 	> Projecting Festuca.versicolor_PA3_RUN3_ANN ...
[02:38:28] 	> Projecting Festuca.versicolor_PA3_RUN3_FDA ...
[02:38:29] 	> Projecting Festuca.versicolor_PA3_RUN3_MAXNET ...
[02:38:29] 	> Projecting Festuca.versicolor_PA3_RUN4_GLM ...
[02:38:32] 	> Projecting Festuca.versicolor_PA3_RUN4_GBM ...
[02:38:32] 	> Projecting Festuca.versicolor_PA3_RUN4_ANN ...
[02:38:33] 	> Projecting Festuca.versicolor_PA3_RUN4_FDA ...
[02:38:33] 	> Projecting Festuca.versicolor_PA3_RUN4_MAXNET ...
[02:38:33] 	> Projecting Festuca.versicolor_PA3_RUN5_GLM ...
[02:38:37] 	> Projecting Festuca.versicolor_PA3_RUN5_GBM ...
[02:38:37] 	> Projecting Festuca.versicolor_PA3_RUN5_ANN ...
[02:38:37] 	> Projecting Festuca.versicolor_PA3_RUN5_FDA ...
[02:38:53] 	> Projecting Festuca.versicolor_PA3_RUN5_MAXNET ...
[02:38:53] -=-=-=-=-=-=-=-=-=-=-=-=-=-=-=-=-=-= Done -=-=-=-=-=-=-=-=-=-=-=-=-=-=-=-=-=-=
[02:39:00] 
[02:39:00] -=-=-=-=-=-=-=-=-=-=-=-=-= Do Single Models Projection -=-=-=-=-=-=-=-=-=-=-=-=-=
[02:39:00] 
[02:39:00] 	> Projecting Festuca.versicolor_PA4_RUN1_GLM ...
[02:39:04] 	> Projecting Festuca.versicolor_PA4_RUN1_GBM ...
[02:39:04] 	> Projecting Festuca.versicolor_PA4_RUN1_ANN ...
[02:39:04] 	> Projecting Festuca.versicolor_PA4_RUN1_FDA ...
[02:39:05] 	> Projecting Festuca.versicolor_PA4_RUN1_MAXNET ...
[02:39:05] 	> Projecting Festuca.versicolor_PA4_RUN2_GLM ...
[02:39:08] 	> Projecting Festuca.versicolor_PA4_RUN2_GBM ...
[02:39:08] 	> Projecting Festuca.versicolor_PA4_RUN2_ANN ...
[02:39:08] 	> Projecting Festuca.versicolor_PA4_RUN2_FDA ...
[02:39:08] 	> Projecting Festuca.versicolor_PA4_RUN2_MAXNET ...
[02:39:09] 	> Projecting Festuca.versicolor_PA4_RUN3_GLM ...
[02:39:12] 	> Projecting Festuca.versicolor_PA4_RUN3_GBM ...
[02:39:12] 	> Projecting Festuca.versicolor_PA4_RUN3_ANN ...
[02:39:12] 	> Projecting Festuca.versicolor_PA4_RUN3_FDA ...
[02:39:13] 	> Projecting Festuca.versicolor_PA4_RUN3_MAXNET ...
[02:39:13] 	> Projecting Festuca.versicolor_PA4_RUN4_GLM ...
[02:39:17] 	> Projecting Festuca.versicolor_PA4_RUN4_GBM ...
[02:39:17] 	> Projecting Festuca.versicolor_PA4_RUN4_ANN ...
[02:39:17] 	> Projecting Festuca.versicolor_PA4_RUN4_FDA ...
[02:39:17] 	> Projecting Festuca.versicolor_PA4_RUN4_MAXNET ...
[02:39:18] 	> Projecting Festuca.versicolor_PA4_RUN5_GLM ...
[02:39:20] 	> Projecting Festuca.versicolor_PA4_RUN5_GBM ...
[02:39:21] 	> Projecting Festuca.versicolor_PA4_RUN5_ANN ...
[02:39:21] 	> Projecting Festuca.versicolor_PA4_RUN5_FDA ...
[02:39:37] 	> Projecting Festuca.versicolor_PA4_RUN5_MAXNET ...
[02:39:37] -=-=-=-=-=-=-=-=-=-=-=-=-=-=-=-=-=-= Done -=-=-=-=-=-=-=-=-=-=-=-=-=-=-=-=-=-=
[02:39:44] 
[02:39:44] -=-=-=-=-=-=-=-=-=-=-=-=-= Do Single Models Projection -=-=-=-=-=-=-=-=-=-=-=-=-=
[02:39:44] 
[02:39:44] 	> Projecting Festuca.versicolor_PA5_RUN1_GLM ...
[02:39:47] 	> Projecting Festuca.versicolor_PA5_RUN1_GBM ...
[02:39:47] 	> Projecting Festuca.versicolor_PA5_RUN1_ANN ...
[02:39:47] 	> Projecting Festuca.versicolor_PA5_RUN1_FDA ...
[02:39:48] 	> Projecting Festuca.versicolor_PA5_RUN1_MAXNET ...
[02:39:48] 	> Projecting Festuca.versicolor_PA5_RUN2_GLM ...
[02:39:50] 	> Projecting Festuca.versicolor_PA5_RUN2_GBM ...
[02:39:51] 	> Projecting Festuca.versicolor_PA5_RUN2_ANN ...
[02:39:51] 	> Projecting Festuca.versicolor_PA5_RUN2_FDA ...
[02:39:51] 	> Projecting Festuca.versicolor_PA5_RUN2_MAXNET ...
[02:39:51] 	> Projecting Festuca.versicolor_PA5_RUN3_GLM ...
[02:39:55] 	> Projecting Festuca.versicolor_PA5_RUN3_GBM ...
[02:39:55] 	> Projecting Festuca.versicolor_PA5_RUN3_ANN ...
[02:39:55] 	> Projecting Festuca.versicolor_PA5_RUN3_FDA ...
[02:39:55] 	> Projecting Festuca.versicolor_PA5_RUN3_MAXNET ...
[02:39:55] 	> Projecting Festuca.versicolor_PA5_RUN4_GLM ...
[02:39:58] 	> Projecting Festuca.versicolor_PA5_RUN4_GBM ...
[02:39:59] 	> Projecting Festuca.versicolor_PA5_RUN4_ANN ...
[02:39:59] 	> Projecting Festuca.versicolor_PA5_RUN4_FDA ...
[02:39:59] 	> Projecting Festuca.versicolor_PA5_RUN4_MAXNET ...
[02:39:59] 	> Projecting Festuca.versicolor_PA5_RUN5_GLM ...
[02:40:03] 	> Projecting Festuca.versicolor_PA5_RUN5_GBM ...
[02:40:03] 	> Projecting Festuca.versicolor_PA5_RUN5_ANN ...
[02:40:03] 	> Projecting Festuca.versicolor_PA5_RUN5_FDA ...
[02:40:20] 	> Projecting Festuca.versicolor_PA5_RUN5_MAXNET ...
[02:40:20] -=-=-=-=-=-=-=-=-=-=-=-=-=-=-=-=-=-= Done -=-=-=-=-=-=-=-=-=-=-=-=-=-=-=-=-=-=
[02:40:27] 
[02:40:27] -=-=-=-=-=-=-=-=-=-=-=-=-= Do Single Models Projection -=-=-=-=-=-=-=-=-=-=-=-=-=
[02:40:27] 
[02:40:27] 	> Projecting Festuca.versicolor_PA6_RUN1_GLM ...
[02:40:31] 	> Projecting Festuca.versicolor_PA6_RUN1_GBM ...
[02:40:31] 	> Projecting Festuca.versicolor_PA6_RUN1_ANN ...
[02:40:31] 	> Projecting Festuca.versicolor_PA6_RUN1_FDA ...
[02:40:32] 	> Projecting Festuca.versicolor_PA6_RUN1_MAXNET ...
[02:40:32] 	> Projecting Festuca.versicolor_PA6_RUN2_GLM ...
[02:40:35] 	> Projecting Festuca.versicolor_PA6_RUN2_GBM ...
[02:40:36] 	> Projecting Festuca.versicolor_PA6_RUN2_ANN ...
[02:40:36] 	> Projecting Festuca.versicolor_PA6_RUN2_FDA ...
[02:40:36] 	> Projecting Festuca.versicolor_PA6_RUN2_MAXNET ...
[02:40:36] 	> Projecting Festuca.versicolor_PA6_RUN3_GLM ...
[02:40:40] 	> Projecting Festuca.versicolor_PA6_RUN3_GBM ...
[02:40:40] 	> Projecting Festuca.versicolor_PA6_RUN3_ANN ...
[02:40:40] 	> Projecting Festuca.versicolor_PA6_RUN3_FDA ...
[02:40:41] 	> Projecting Festuca.versicolor_PA6_RUN3_MAXNET ...
[02:40:41] 	> Projecting Festuca.versicolor_PA6_RUN4_GLM ...
[02:40:44] 	> Projecting Festuca.versicolor_PA6_RUN4_GBM ...
[02:40:45] 	> Projecting Festuca.versicolor_PA6_RUN4_ANN ...
[02:40:45] 	> Projecting Festuca.versicolor_PA6_RUN4_FDA ...
[02:40:45] 	> Projecting Festuca.versicolor_PA6_RUN4_MAXNET ...
[02:40:45] 	> Projecting Festuca.versicolor_PA6_RUN5_GLM ...
[02:40:49] 	> Projecting Festuca.versicolor_PA6_RUN5_GBM ...
[02:40:49] 	> Projecting Festuca.versicolor_PA6_RUN5_ANN ...
[02:40:49] 	> Projecting Festuca.versicolor_PA6_RUN5_FDA ...
[02:41:09] 	> Projecting Festuca.versicolor_PA6_RUN5_MAXNET ...
[02:41:09] -=-=-=-=-=-=-=-=-=-=-=-=-=-=-=-=-=-= Done -=-=-=-=-=-=-=-=-=-=-=-=-=-=-=-=-=-=
[02:41:16] 
[02:41:16] -=-=-=-=-=-=-=-=-=-=-=-=-= Do Single Models Projection -=-=-=-=-=-=-=-=-=-=-=-=-=
[02:41:16] 
[02:41:16] 	> Projecting Festuca.versicolor_PA7_RUN1_GLM ...
[02:41:20] 	> Projecting Festuca.versicolor_PA7_RUN1_GBM ...
[02:41:20] 	> Projecting Festuca.versicolor_PA7_RUN1_ANN ...
[02:41:20] 	> Projecting Festuca.versicolor_PA7_RUN1_FDA ...
[02:41:20] 	> Projecting Festuca.versicolor_PA7_RUN1_MAXNET ...
[02:41:20] 	> Projecting Festuca.versicolor_PA7_RUN2_GLM ...
[02:41:24] 	> Projecting Festuca.versicolor_PA7_RUN2_GBM ...
[02:41:24] 	> Projecting Festuca.versicolor_PA7_RUN2_ANN ...
[02:41:24] 	> Projecting Festuca.versicolor_PA7_RUN2_FDA ...
[02:41:24] 	> Projecting Festuca.versicolor_PA7_RUN2_MAXNET ...
[02:41:25] 	> Projecting Festuca.versicolor_PA7_RUN3_GLM ...
[02:41:28] 	> Projecting Festuca.versicolor_PA7_RUN3_GBM ...
[02:41:28] 	> Projecting Festuca.versicolor_PA7_RUN3_ANN ...
[02:41:29] 	> Projecting Festuca.versicolor_PA7_RUN3_FDA ...
[02:41:29] 	> Projecting Festuca.versicolor_PA7_RUN3_MAXNET ...
[02:41:29] 	> Projecting Festuca.versicolor_PA7_RUN4_GLM ...
[02:41:33] 	> Projecting Festuca.versicolor_PA7_RUN4_GBM ...
[02:41:33] 	> Projecting Festuca.versicolor_PA7_RUN4_ANN ...
[02:41:33] 	> Projecting Festuca.versicolor_PA7_RUN4_FDA ...
[02:41:34] 	> Projecting Festuca.versicolor_PA7_RUN4_MAXNET ...
[02:41:34] 	> Projecting Festuca.versicolor_PA7_RUN5_GLM ...
[02:41:37] 	> Projecting Festuca.versicolor_PA7_RUN5_GBM ...
[02:41:37] 	> Projecting Festuca.versicolor_PA7_RUN5_ANN ...
[02:41:37] 	> Projecting Festuca.versicolor_PA7_RUN5_FDA ...
[02:41:55] 	> Projecting Festuca.versicolor_PA7_RUN5_MAXNET ...
[02:41:55] -=-=-=-=-=-=-=-=-=-=-=-=-=-=-=-=-=-= Done -=-=-=-=-=-=-=-=-=-=-=-=-=-=-=-=-=-=
[02:42:01] 
[02:42:01] -=-=-=-=-=-=-=-=-=-=-=-=-= Do Single Models Projection -=-=-=-=-=-=-=-=-=-=-=-=-=
[02:42:01] 
[02:42:02] 	> Projecting Festuca.versicolor_PA8_RUN1_GLM ...
[02:42:06] 	> Projecting Festuca.versicolor_PA8_RUN1_GBM ...
[02:42:06] 	> Projecting Festuca.versicolor_PA8_RUN1_ANN ...
[02:42:06] 	> Projecting Festuca.versicolor_PA8_RUN1_FDA ...
[02:42:07] 	> Projecting Festuca.versicolor_PA8_RUN1_MAXNET ...
[02:42:07] 	> Projecting Festuca.versicolor_PA8_RUN2_GLM ...
[02:42:10] 	> Projecting Festuca.versicolor_PA8_RUN2_GBM ...
[02:42:10] 	> Projecting Festuca.versicolor_PA8_RUN2_ANN ...
[02:42:10] 	> Projecting Festuca.versicolor_PA8_RUN2_FDA ...
[02:42:10] 	> Projecting Festuca.versicolor_PA8_RUN2_MAXNET ...
[02:42:11] 	> Projecting Festuca.versicolor_PA8_RUN3_GLM ...
[02:42:14] 	> Projecting Festuca.versicolor_PA8_RUN3_GBM ...
[02:42:14] 	> Projecting Festuca.versicolor_PA8_RUN3_ANN ...
[02:42:14] 	> Projecting Festuca.versicolor_PA8_RUN3_FDA ...
[02:42:14] 	> Projecting Festuca.versicolor_PA8_RUN3_MAXNET ...
[02:42:14] 	> Projecting Festuca.versicolor_PA8_RUN4_GLM ...
[02:42:18] 	> Projecting Festuca.versicolor_PA8_RUN4_GBM ...
[02:42:18] 	> Projecting Festuca.versicolor_PA8_RUN4_ANN ...
[02:42:19] 	> Projecting Festuca.versicolor_PA8_RUN4_FDA ...
[02:42:19] 	> Projecting Festuca.versicolor_PA8_RUN4_MAXNET ...
[02:42:19] 	> Projecting Festuca.versicolor_PA8_RUN5_GLM ...
[02:42:22] 	> Projecting Festuca.versicolor_PA8_RUN5_GBM ...
[02:42:23] 	> Projecting Festuca.versicolor_PA8_RUN5_ANN ...
[02:42:23] 	> Projecting Festuca.versicolor_PA8_RUN5_FDA ...
[02:42:41] 	> Projecting Festuca.versicolor_PA8_RUN5_MAXNET ...
[02:42:41] -=-=-=-=-=-=-=-=-=-=-=-=-=-=-=-=-=-= Done -=-=-=-=-=-=-=-=-=-=-=-=-=-=-=-=-=-=
[02:42:47] 
[02:42:47] -=-=-=-=-=-=-=-=-=-=-=-=-= Do Single Models Projection -=-=-=-=-=-=-=-=-=-=-=-=-=
[02:42:47] 
[02:42:47] 	> Projecting Festuca.versicolor_PA9_RUN1_GLM ...
[02:42:50] 	> Projecting Festuca.versicolor_PA9_RUN1_GBM ...
[02:42:51] 	> Projecting Festuca.versicolor_PA9_RUN1_ANN ...
[02:42:51] 	> Projecting Festuca.versicolor_PA9_RUN1_FDA ...
[02:42:51] 	> Projecting Festuca.versicolor_PA9_RUN1_MAXNET ...
[02:42:52] 	> Projecting Festuca.versicolor_PA9_RUN2_GLM ...
[02:42:55] 	> Projecting Festuca.versicolor_PA9_RUN2_GBM ...
[02:42:57] 	> Projecting Festuca.versicolor_PA9_RUN2_ANN ...
[02:42:57] 	> Projecting Festuca.versicolor_PA9_RUN2_FDA ...
[02:42:57] 	> Projecting Festuca.versicolor_PA9_RUN2_MAXNET ...
[02:42:57] 	> Projecting Festuca.versicolor_PA9_RUN3_GLM ...
[02:43:01] 	> Projecting Festuca.versicolor_PA9_RUN3_GBM ...
[02:43:01] 	> Projecting Festuca.versicolor_PA9_RUN3_ANN ...
[02:43:01] 	> Projecting Festuca.versicolor_PA9_RUN3_FDA ...
[02:43:01] 	> Projecting Festuca.versicolor_PA9_RUN3_MAXNET ...
[02:43:01] 	> Projecting Festuca.versicolor_PA9_RUN4_GLM ...
[02:43:05] 	> Projecting Festuca.versicolor_PA9_RUN4_GBM ...
[02:43:05] 	> Projecting Festuca.versicolor_PA9_RUN4_ANN ...
[02:43:06] 	> Projecting Festuca.versicolor_PA9_RUN4_FDA ...
[02:43:06] 	> Projecting Festuca.versicolor_PA9_RUN4_MAXNET ...
[02:43:06] 	> Projecting Festuca.versicolor_PA9_RUN5_GLM ...
[02:43:09] 	> Projecting Festuca.versicolor_PA9_RUN5_GBM ...
[02:43:10] 	> Projecting Festuca.versicolor_PA9_RUN5_ANN ...
[02:43:10] 	> Projecting Festuca.versicolor_PA9_RUN5_FDA ...
[02:43:27] 	> Projecting Festuca.versicolor_PA9_RUN5_MAXNET ...
[02:43:27] -=-=-=-=-=-=-=-=-=-=-=-=-=-=-=-=-=-= Done -=-=-=-=-=-=-=-=-=-=-=-=-=-=-=-=-=-=
[02:43:33] 
[02:43:33] -=-=-=-=-=-=-=-=-=-=-=-=-= Do Single Models Projection -=-=-=-=-=-=-=-=-=-=-=-=-=
[02:43:33] 
[02:43:34] 	> Projecting Festuca.versicolor_PA10_RUN1_GLM ...
[02:43:37] 	> Projecting Festuca.versicolor_PA10_RUN1_GBM ...
[02:43:38] 	> Projecting Festuca.versicolor_PA10_RUN1_ANN ...
[02:43:39] 	> Projecting Festuca.versicolor_PA10_RUN1_FDA ...
[02:43:39] 	> Projecting Festuca.versicolor_PA10_RUN1_MAXNET ...
[02:43:39] 	> Projecting Festuca.versicolor_PA10_RUN2_GLM ...
[02:43:43] 	> Projecting Festuca.versicolor_PA10_RUN2_GBM ...
[02:43:43] 	> Projecting Festuca.versicolor_PA10_RUN2_ANN ...
[02:43:43] 	> Projecting Festuca.versicolor_PA10_RUN2_FDA ...
[02:43:43] 	> Projecting Festuca.versicolor_PA10_RUN2_MAXNET ...
[02:43:43] 	> Projecting Festuca.versicolor_PA10_RUN3_GLM ...
[02:43:47] 	> Projecting Festuca.versicolor_PA10_RUN3_GBM ...
[02:43:47] 	> Projecting Festuca.versicolor_PA10_RUN3_ANN ...
[02:43:48] 	> Projecting Festuca.versicolor_PA10_RUN3_FDA ...
[02:43:48] 	> Projecting Festuca.versicolor_PA10_RUN3_MAXNET ...
[02:43:48] 	> Projecting Festuca.versicolor_PA10_RUN4_GLM ...
[02:43:52] 	> Projecting Festuca.versicolor_PA10_RUN4_GBM ...
[02:43:52] 	> Projecting Festuca.versicolor_PA10_RUN4_ANN ...
[02:43:52] 	> Projecting Festuca.versicolor_PA10_RUN4_FDA ...
[02:43:52] 	> Projecting Festuca.versicolor_PA10_RUN4_MAXNET ...
[02:43:52] 	> Projecting Festuca.versicolor_PA10_RUN5_GLM ...
[02:43:56] 	> Projecting Festuca.versicolor_PA10_RUN5_GBM ...
[02:43:56] 	> Projecting Festuca.versicolor_PA10_RUN5_ANN ...
[02:43:56] 	> Projecting Festuca.versicolor_PA10_RUN5_FDA ...
[02:44:13] 	> Projecting Festuca.versicolor_PA10_RUN5_MAXNET ...
[02:44:13] -=-=-=-=-=-=-=-=-=-=-=-=-=-=-=-=-=-= Done -=-=-=-=-=-=-=-=-=-=-=-=-=-=-=-=-=-=
[02:44:44] 
[02:44:45] 
[02:44:45] 
[02:46:50]    > Mean of probabilities by AUCroc ...
[02:46:56] 			Evaluating Model stuff...Warning in forecast_0 * observed_0 : NAs produced by integer overflow
[02:46:56] Warning in forecast_0 * observed_0 : NAs produced by integer overflow
[02:46:56] Warning in forecast_0 * observed_0 : NAs produced by integer overflow
[02:46:56] Warning in forecast_0 * observed_0 : NAs produced by integer overflow
[02:46:56] Warning in forecast_0 * observed_0 : NAs produced by integer overflow
[02:46:56] Warning in forecast_0 * observed_0 : NAs produced by integer overflow
[02:46:56] Warning in forecast_0 * observed_0 : NAs produced by integer overflow
[02:46:56] Warning in forecast_0 * observed_0 : NAs produced by integer overflow
[02:46:56] Warning in forecast_0 * observed_0 : NAs produced by integer overflow
[02:46:56] Warning in forecast_0 * observed_0 : NAs produced by integer overflow
[02:46:56] Warning in forecast_0 * observed_0 : NAs produced by integer overflow
[02:46:56] Warning in forecast_0 * observed_0 : NAs produced by integer overflow
[02:46:56] Warning in forecast_0 * observed_0 : NAs produced by integer overflow
[02:46:56] Warning in forecast_0 * observed_0 : NAs produced by integer overflow
[02:46:56] Warning in forecast_0 * observed_0 : NAs produced by integer overflow
[02:46:56] Warning in forecast_0 * observed_0 : NAs produced by integer overflow
[02:46:56] Warning in forecast_0 * observed_0 : NAs produced by integer overflow
[02:46:56] Warning in forecast_0 * observed_0 : NAs produced by integer overflow
[02:46:56] Warning in forecast_0 * observed_0 : NAs produced by integer overflow
[02:46:56] Warning in forecast_0 * observed_0 : NAs produced by integer overflow
[02:46:56] Warning in forecast_0 * observed_0 : NAs produced by integer overflow
[02:46:56] Warning in forecast_0 * observed_0 : NAs produced by integer overflow
[02:46:56] Warning in forecast_0 * observed_0 : NAs produced by integer overflow
[02:46:56] Warning in forecast_0 * observed_0 : NAs produced by integer overflow
[02:46:56] Warning in forecast_0 * observed_0 : NAs produced by integer overflow
[02:46:56] Warning in forecast_0 * observed_0 : NAs produced by integer overflow
[02:46:56] Warning in forecast_0 * observed_0 : NAs produced by integer overflow
[02:46:56] Warning in forecast_0 * observed_0 : NAs produced by integer overflow
[02:46:56] Warning in forecast_0 * observed_0 : NAs produced by integer overflow
[02:46:56] Warning in forecast_0 * observed_0 : NAs produced by integer overflow
[02:46:56] Warning in forecast_0 * observed_0 : NAs produced by integer overflow
[02:46:56] Warning in forecast_0 * observed_0 : NAs produced by integer overflow
[02:46:56] Warning in forecast_0 * observed_0 : NAs produced by integer overflow
[02:46:56] Warning in forecast_0 * observed_0 : NAs produced by integer overflow
[02:46:56] Warning in forecast_0 * observed_0 : NAs produced by integer overflow
[02:46:56] Warning in forecast_0 * observed_0 : NAs produced by integer overflow
[02:46:56] Warning in forecast_0 * observed_0 : NAs produced by integer overflow
[02:46:56] Warning in forecast_0 * observed_0 : NAs produced by integer overflow
[02:46:56] Warning in forecast_0 * observed_0 : NAs produced by integer overflow
[02:46:56] Warning in forecast_0 * observed_0 : NAs produced by integer overflow
[02:46:56] Warning in forecast_0 * observed_0 : NAs produced by integer overflow
[02:46:56] Warning in forecast_0 * observed_0 : NAs produced by integer overflow
[02:46:56] Warning in forecast_0 * observed_0 : NAs produced by integer overflow
[02:46:56] Warning in forecast_0 * observed_0 : NAs produced by integer overflow
[02:46:56] Warning in forecast_0 * observed_0 : NAs produced by integer overflow
[02:46:56] Warning in forecast_0 * observed_0 : NAs produced by integer overflow
[02:46:56] Warning in forecast_0 * observed_0 : NAs produced by integer overflow
[02:46:56] Warning in forecast_0 * observed_0 : NAs produced by integer overflow
[02:46:56] Warning in forecast_0 * observed_0 : NAs produced by integer overflow
[02:46:56] Warning in forecast_0 * observed_0 : NAs produced by integer overflow
[02:46:56] Warning in forecast_0 * observed_0 : NAs produced by integer overflow
[02:46:56] Warning in forecast_0 * observed_0 : NAs produced by integer overflow
[02:46:56] Warning in forecast_0 * observed_0 : NAs produced by integer overflow
[02:46:56] Warning in forecast_0 * observed_0 : NAs produced by integer overflow
[02:46:56] Warning in forecast_0 * observed_0 : NAs produced by integer overflow
[02:46:56] Warning in forecast_0 * observed_0 : NAs produced by integer overflow
[02:46:56] Warning in forecast_0 * observed_0 : NAs produced by integer overflow
[02:46:56] Warning in forecast_0 * observed_0 : NAs produced by integer overflow
[02:46:56] Warning in forecast_0 * observed_0 : NAs produced by integer overflow
[02:46:56] Warning in forecast_0 * observed_0 : NAs produced by integer overflow
[02:46:56] Warning in forecast_0 * observed_0 : NAs produced by integer overflow
[02:46:56] Warning in forecast_0 * observed_0 : NAs produced by integer overflow
[02:46:56] Warning in forecast_0 * observed_0 : NAs produced by integer overflow
[02:46:56] Warning in forecast_0 * observed_0 : NAs produced by integer overflow
[02:46:56] Warning in forecast_0 * observed_0 : NAs produced by integer overflow
[02:46:56] Warning in forecast_0 * observed_0 : NAs produced by integer overflow
[02:46:56] Warning in forecast_0 * observed_0 : NAs produced by integer overflow
[02:46:56] Warning in forecast_0 * observed_0 : NAs produced by integer overflow
[02:46:56] Warning in forecast_0 * observed_0 : NAs produced by integer overflow
[02:46:56] Warning in forecast_0 * observed_0 : NAs produced by integer overflow
[02:46:56] Warning in forecast_0 * observed_0 : NAs produced by integer overflow
[02:46:56] Warning in forecast_0 * observed_0 : NAs produced by integer overflow
[02:46:56] Warning in forecast_0 * observed_0 : NAs produced by integer overflow
[02:46:56] Warning in forecast_0 * observed_0 : NAs produced by integer overflow
[02:46:56] Warning in forecast_0 * observed_0 : NAs produced by integer overflow
[02:46:56] Warning in forecast_0 * observed_0 : NAs produced by integer overflow
[02:46:56] Warning in forecast_0 * observed_0 : NAs produced by integer overflow
[02:46:56] Warning in forecast_0 * observed_0 : NAs produced by integer overflow
[02:46:56] Warning in forecast_0 * observed_0 : NAs produced by integer overflow
[02:46:56] Warning in forecast_0 * observed_0 : NAs produced by integer overflow
[02:46:56] Warning in forecast_0 * observed_0 : NAs produced by integer overflow
[02:46:56] Warning in forecast_0 * observed_0 : NAs produced by integer overflow
[02:46:56] Warning in forecast_0 * observed_0 : NAs produced by integer overflow
[02:46:56] Warning in forecast_0 * observed_0 : NAs produced by integer overflow
[02:46:56] Warning in forecast_0 * observed_0 : NAs produced by integer overflow
[02:46:56] Warning in forecast_0 * observed_0 : NAs produced by integer overflow
[02:46:56] Warning in forecast_0 * observed_0 : NAs produced by integer overflow
[02:46:56] Warning in forecast_0 * observed_0 : NAs produced by integer overflow
[02:46:56] Warning in forecast_0 * observed_0 : NAs produced by integer overflow
[02:46:56] Warning in forecast_0 * observed_0 : NAs produced by integer overflow
[02:46:56] Warning in forecast_0 * observed_0 : NAs produced by integer overflow
[02:46:56] Warning in forecast_0 * observed_0 : NAs produced by integer overflow
[02:46:56] Warning in forecast_0 * observed_0 : NAs produced by integer overflow
[02:46:56] Warning in forecast_0 * observed_0 : NAs produced by integer overflow
[02:46:56] Warning in forecast_0 * observed_0 : NAs produced by integer overflow
[02:46:56] Warning in forecast_0 * observed_0 : NAs produced by integer overflow
[02:46:56] Warning in forecast_0 * observed_0 : NAs produced by integer overflow
[02:46:56] Warning in forecast_0 * observed_0 : NAs produced by integer overflow
[02:46:56] 
[02:46:56] 
[02:48:42]    > Coef of variation of probabilities by AUCroc ...
[02:48:42] -=-=-=-=-=-=-=-=-=-=-=-=-=-=-=-=-=-= Done -=-=-=-=-=-=-=-=-=-=-=-=-=-=-=-=-=-=
[02:48:42] 
[02:48:42] -=-=-=-=-=-=-=-=-=-=-=-=-= Do Single Models Projection -=-=-=-=-=-=-=-=-=-=-=-=-=
[02:49:04] 
[02:49:04] 	> Building clamping mask
[02:50:13] 
[02:50:46] 	> Projecting Festuca.versicolor_PA1_RUN1_GLM ...
[02:50:47] 		Writing projection on hard drive...
[02:50:47] 		 /work/data/output/Festuca.versicolor/proj_current/individual_projections/proj_current_Festuca.versicolor_PA1_RUN1_GLM.tif
[03:00:18] 	> Projecting Festuca.versicolor_PA1_RUN1_GBM ...
[03:00:19] 		Writing projection on hard drive...
[03:00:19] 		 /work/data/output/Festuca.versicolor/proj_current/individual_projections/proj_current_Festuca.versicolor_PA1_RUN1_GBM.tif
[03:01:14] 	> Projecting Festuca.versicolor_PA1_RUN1_ANN ...
[03:01:15] 		Writing projection on hard drive...
[03:01:15] 		 /work/data/output/Festuca.versicolor/proj_current/individual_projections/proj_current_Festuca.versicolor_PA1_RUN1_ANN.tif
[03:02:02] 	> Projecting Festuca.versicolor_PA1_RUN1_FDA ...
[03:02:03] 		Writing projection on hard drive...
[03:02:03] 		 /work/data/output/Festuca.versicolor/proj_current/individual_projections/proj_current_Festuca.versicolor_PA1_RUN1_FDA.tif
[03:02:32] 	> Projecting Festuca.versicolor_PA1_RUN1_MAXNET ...
[03:02:33] 		Writing projection on hard drive...
[03:02:33] 		 /work/data/output/Festuca.versicolor/proj_current/individual_projections/proj_current_Festuca.versicolor_PA1_RUN1_MAXNET.tif
[03:03:10] 	> Projecting Festuca.versicolor_PA1_RUN2_GLM ...
[03:03:11] 		Writing projection on hard drive...
[03:03:11] 		 /work/data/output/Festuca.versicolor/proj_current/individual_projections/proj_current_Festuca.versicolor_PA1_RUN2_GLM.tif
[03:16:09] 	> Projecting Festuca.versicolor_PA1_RUN2_GBM ...
[03:16:10] 		Writing projection on hard drive...
[03:16:10] 		 /work/data/output/Festuca.versicolor/proj_current/individual_projections/proj_current_Festuca.versicolor_PA1_RUN2_GBM.tif
[03:17:03] 	> Projecting Festuca.versicolor_PA1_RUN2_ANN ...
[03:17:03] 		Writing projection on hard drive...
[03:17:03] 		 /work/data/output/Festuca.versicolor/proj_current/individual_projections/proj_current_Festuca.versicolor_PA1_RUN2_ANN.tif
[03:17:47] 	> Projecting Festuca.versicolor_PA1_RUN2_FDA ...
[03:17:48] 		Writing projection on hard drive...
[03:17:48] 		 /work/data/output/Festuca.versicolor/proj_current/individual_projections/proj_current_Festuca.versicolor_PA1_RUN2_FDA.tif
[03:18:14] 	> Projecting Festuca.versicolor_PA1_RUN2_MAXNET ...
[03:18:14] 		Writing projection on hard drive...
[03:18:14] 		 /work/data/output/Festuca.versicolor/proj_current/individual_projections/proj_current_Festuca.versicolor_PA1_RUN2_MAXNET.tif
[03:18:47] 	> Projecting Festuca.versicolor_PA1_RUN3_GLM ...
[03:18:48] 		Writing projection on hard drive...
[03:18:48] 		 /work/data/output/Festuca.versicolor/proj_current/individual_projections/proj_current_Festuca.versicolor_PA1_RUN3_GLM.tif
[03:31:33] 	> Projecting Festuca.versicolor_PA1_RUN3_GBM ...
[03:31:34] 		Writing projection on hard drive...
[03:31:34] 		 /work/data/output/Festuca.versicolor/proj_current/individual_projections/proj_current_Festuca.versicolor_PA1_RUN3_GBM.tif
[03:32:20] 	> Projecting Festuca.versicolor_PA1_RUN3_ANN ...
[03:32:21] 		Writing projection on hard drive...
[03:32:21] 		 /work/data/output/Festuca.versicolor/proj_current/individual_projections/proj_current_Festuca.versicolor_PA1_RUN3_ANN.tif
[03:32:58] 	> Projecting Festuca.versicolor_PA1_RUN3_FDA ...
[03:33:00] 		Writing projection on hard drive...
[03:33:00] 		 /work/data/output/Festuca.versicolor/proj_current/individual_projections/proj_current_Festuca.versicolor_PA1_RUN3_FDA.tif
[03:33:32] 	> Projecting Festuca.versicolor_PA1_RUN3_MAXNET ...
[03:33:32] 		Writing projection on hard drive...
[03:33:32] 		 /work/data/output/Festuca.versicolor/proj_current/individual_projections/proj_current_Festuca.versicolor_PA1_RUN3_MAXNET.tif
[03:34:02] 	> Projecting Festuca.versicolor_PA1_RUN4_GLM ...
[03:34:03] 		Writing projection on hard drive...
[03:34:03] 		 /work/data/output/Festuca.versicolor/proj_current/individual_projections/proj_current_Festuca.versicolor_PA1_RUN4_GLM.tif
[03:47:02] 	> Projecting Festuca.versicolor_PA1_RUN4_GBM ...
[03:47:02] 		Writing projection on hard drive...
[03:47:02] 		 /work/data/output/Festuca.versicolor/proj_current/individual_projections/proj_current_Festuca.versicolor_PA1_RUN4_GBM.tif
[03:47:55] 	> Projecting Festuca.versicolor_PA1_RUN4_ANN ...
[03:47:56] 		Writing projection on hard drive...
[03:47:56] 		 /work/data/output/Festuca.versicolor/proj_current/individual_projections/proj_current_Festuca.versicolor_PA1_RUN4_ANN.tif
[03:48:38] 	> Projecting Festuca.versicolor_PA1_RUN4_FDA ...
[03:48:39] 		Writing projection on hard drive...
[03:48:39] 		 /work/data/output/Festuca.versicolor/proj_current/individual_projections/proj_current_Festuca.versicolor_PA1_RUN4_FDA.tif
[03:49:02] 	> Projecting Festuca.versicolor_PA1_RUN4_MAXNET ...
[03:49:03] 		Writing projection on hard drive...
[03:49:03] 		 /work/data/output/Festuca.versicolor/proj_current/individual_projections/proj_current_Festuca.versicolor_PA1_RUN4_MAXNET.tif
[03:49:35] 	> Projecting Festuca.versicolor_PA1_RUN5_GLM ...
[03:49:35] 		Writing projection on hard drive...
[03:49:35] 		 /work/data/output/Festuca.versicolor/proj_current/individual_projections/proj_current_Festuca.versicolor_PA1_RUN5_GLM.tif
[04:02:50] 	> Projecting Festuca.versicolor_PA1_RUN5_GBM ...
[04:02:50] 		Writing projection on hard drive...
[04:02:50] 		 /work/data/output/Festuca.versicolor/proj_current/individual_projections/proj_current_Festuca.versicolor_PA1_RUN5_GBM.tif
[04:03:43] 	> Projecting Festuca.versicolor_PA1_RUN5_ANN ...
[04:03:44] 		Writing projection on hard drive...
[04:03:44] 		 /work/data/output/Festuca.versicolor/proj_current/individual_projections/proj_current_Festuca.versicolor_PA1_RUN5_ANN.tif
[04:04:27] 	> Projecting Festuca.versicolor_PA1_RUN5_FDA ...
[04:04:28] 		Writing projection on hard drive...
[04:04:28] 		 /work/data/output/Festuca.versicolor/proj_current/individual_projections/proj_current_Festuca.versicolor_PA1_RUN5_FDA.tif
[04:04:51] 	> Projecting Festuca.versicolor_PA1_RUN5_MAXNET ...
[04:04:52] 		Writing projection on hard drive...
[04:04:52] 		 /work/data/output/Festuca.versicolor/proj_current/individual_projections/proj_current_Festuca.versicolor_PA1_RUN5_MAXNET.tif
[04:05:27] 	> Projecting Festuca.versicolor_PA2_RUN1_GLM ...
[04:05:27] 		Writing projection on hard drive...
[04:05:27] 		 /work/data/output/Festuca.versicolor/proj_current/individual_projections/proj_current_Festuca.versicolor_PA2_RUN1_GLM.tif
[04:18:39] 	> Projecting Festuca.versicolor_PA2_RUN1_GBM ...
[04:18:40] 		Writing projection on hard drive...
[04:18:40] 		 /work/data/output/Festuca.versicolor/proj_current/individual_projections/proj_current_Festuca.versicolor_PA2_RUN1_GBM.tif
[04:19:33] 	> Projecting Festuca.versicolor_PA2_RUN1_ANN ...
[04:19:34] 		Writing projection on hard drive...
[04:19:34] 		 /work/data/output/Festuca.versicolor/proj_current/individual_projections/proj_current_Festuca.versicolor_PA2_RUN1_ANN.tif
[04:20:06] 	> Projecting Festuca.versicolor_PA2_RUN1_FDA ...
[04:20:07] 		Writing projection on hard drive...
[04:20:07] 		 /work/data/output/Festuca.versicolor/proj_current/individual_projections/proj_current_Festuca.versicolor_PA2_RUN1_FDA.tif
[04:20:38] 	> Projecting Festuca.versicolor_PA2_RUN1_MAXNET ...
[04:20:39] 		Writing projection on hard drive...
[04:20:39] 		 /work/data/output/Festuca.versicolor/proj_current/individual_projections/proj_current_Festuca.versicolor_PA2_RUN1_MAXNET.tif
[04:21:10] 	> Projecting Festuca.versicolor_PA2_RUN2_GLM ...
[04:21:10] 		Writing projection on hard drive...
[04:21:10] 		 /work/data/output/Festuca.versicolor/proj_current/individual_projections/proj_current_Festuca.versicolor_PA2_RUN2_GLM.tif
[04:31:38] 	> Projecting Festuca.versicolor_PA2_RUN2_GBM ...
[04:31:39] 		Writing projection on hard drive...
[04:31:39] 		 /work/data/output/Festuca.versicolor/proj_current/individual_projections/proj_current_Festuca.versicolor_PA2_RUN2_GBM.tif
[04:32:30] 	> Projecting Festuca.versicolor_PA2_RUN2_ANN ...
[04:32:31] 		Writing projection on hard drive...
[04:32:31] 		 /work/data/output/Festuca.versicolor/proj_current/individual_projections/proj_current_Festuca.versicolor_PA2_RUN2_ANN.tif
[04:33:14] 	> Projecting Festuca.versicolor_PA2_RUN2_FDA ...
[04:33:15] 		Writing projection on hard drive...
[04:33:15] 		 /work/data/output/Festuca.versicolor/proj_current/individual_projections/proj_current_Festuca.versicolor_PA2_RUN2_FDA.tif
[04:33:37] 	> Projecting Festuca.versicolor_PA2_RUN2_MAXNET ...
[04:33:38] 		Writing projection on hard drive...
[04:33:38] 		 /work/data/output/Festuca.versicolor/proj_current/individual_projections/proj_current_Festuca.versicolor_PA2_RUN2_MAXNET.tif
[04:34:14] 	> Projecting Festuca.versicolor_PA2_RUN3_GLM ...
[04:34:15] 		Writing projection on hard drive...
[04:34:15] 		 /work/data/output/Festuca.versicolor/proj_current/individual_projections/proj_current_Festuca.versicolor_PA2_RUN3_GLM.tif
[04:43:43] 	> Projecting Festuca.versicolor_PA2_RUN3_GBM ...
[04:43:44] 		Writing projection on hard drive...
[04:43:44] 		 /work/data/output/Festuca.versicolor/proj_current/individual_projections/proj_current_Festuca.versicolor_PA2_RUN3_GBM.tif
[04:44:37] 	> Projecting Festuca.versicolor_PA2_RUN3_ANN ...
[04:44:38] 		Writing projection on hard drive...
[04:44:38] 		 /work/data/output/Festuca.versicolor/proj_current/individual_projections/proj_current_Festuca.versicolor_PA2_RUN3_ANN.tif
[04:45:23] 	> Projecting Festuca.versicolor_PA2_RUN3_FDA ...
[04:45:24] 		Writing projection on hard drive...
[04:45:24] 		 /work/data/output/Festuca.versicolor/proj_current/individual_projections/proj_current_Festuca.versicolor_PA2_RUN3_FDA.tif
[04:45:48] 	> Projecting Festuca.versicolor_PA2_RUN3_MAXNET ...
[04:45:49] 		Writing projection on hard drive...
[04:45:49] 		 /work/data/output/Festuca.versicolor/proj_current/individual_projections/proj_current_Festuca.versicolor_PA2_RUN3_MAXNET.tif
[04:46:25] 	> Projecting Festuca.versicolor_PA2_RUN4_GLM ...
[04:46:26] 		Writing projection on hard drive...
[04:46:26] 		 /work/data/output/Festuca.versicolor/proj_current/individual_projections/proj_current_Festuca.versicolor_PA2_RUN4_GLM.tif
[04:59:39] 	> Projecting Festuca.versicolor_PA2_RUN4_GBM ...
[04:59:39] 		Writing projection on hard drive...
[04:59:39] 		 /work/data/output/Festuca.versicolor/proj_current/individual_projections/proj_current_Festuca.versicolor_PA2_RUN4_GBM.tif
[05:00:29] 	> Projecting Festuca.versicolor_PA2_RUN4_ANN ...
[05:00:30] 		Writing projection on hard drive...
[05:00:30] 		 /work/data/output/Festuca.versicolor/proj_current/individual_projections/proj_current_Festuca.versicolor_PA2_RUN4_ANN.tif
[05:01:15] 	> Projecting Festuca.versicolor_PA2_RUN4_FDA ...
[05:01:16] 		Writing projection on hard drive...
[05:01:16] 		 /work/data/output/Festuca.versicolor/proj_current/individual_projections/proj_current_Festuca.versicolor_PA2_RUN4_FDA.tif
[05:01:40] 	> Projecting Festuca.versicolor_PA2_RUN4_MAXNET ...
[05:01:41] 		Writing projection on hard drive...
[05:01:41] 		 /work/data/output/Festuca.versicolor/proj_current/individual_projections/proj_current_Festuca.versicolor_PA2_RUN4_MAXNET.tif
[05:02:16] 	> Projecting Festuca.versicolor_PA2_RUN5_GLM ...
[05:02:17] 		Writing projection on hard drive...
[05:02:17] 		 /work/data/output/Festuca.versicolor/proj_current/individual_projections/proj_current_Festuca.versicolor_PA2_RUN5_GLM.tif
[05:14:30] 	> Projecting Festuca.versicolor_PA2_RUN5_GBM ...
[05:14:32] 		Writing projection on hard drive...
[05:14:32] 		 /work/data/output/Festuca.versicolor/proj_current/individual_projections/proj_current_Festuca.versicolor_PA2_RUN5_GBM.tif
[05:15:25] 	> Projecting Festuca.versicolor_PA2_RUN5_ANN ...
[05:15:26] 		Writing projection on hard drive...
[05:15:26] 		 /work/data/output/Festuca.versicolor/proj_current/individual_projections/proj_current_Festuca.versicolor_PA2_RUN5_ANN.tif
[05:16:09] 	> Projecting Festuca.versicolor_PA2_RUN5_FDA ...
[05:16:09] 		Writing projection on hard drive...
[05:16:09] 		 /work/data/output/Festuca.versicolor/proj_current/individual_projections/proj_current_Festuca.versicolor_PA2_RUN5_FDA.tif
[05:16:31] 	> Projecting Festuca.versicolor_PA2_RUN5_MAXNET ...
[05:16:32] 		Writing projection on hard drive...
[05:16:32] 		 /work/data/output/Festuca.versicolor/proj_current/individual_projections/proj_current_Festuca.versicolor_PA2_RUN5_MAXNET.tif
[05:17:04] 	> Projecting Festuca.versicolor_PA3_RUN1_GLM ...
[05:17:05] 		Writing projection on hard drive...
[05:17:05] 		 /work/data/output/Festuca.versicolor/proj_current/individual_projections/proj_current_Festuca.versicolor_PA3_RUN1_GLM.tif
[05:29:57] 	> Projecting Festuca.versicolor_PA3_RUN1_GBM ...
[05:29:58] 		Writing projection on hard drive...
[05:29:58] 		 /work/data/output/Festuca.versicolor/proj_current/individual_projections/proj_current_Festuca.versicolor_PA3_RUN1_GBM.tif
[05:31:03] 	> Projecting Festuca.versicolor_PA3_RUN1_ANN ...
[05:31:04] 		Writing projection on hard drive...
[05:31:04] 		 /work/data/output/Festuca.versicolor/proj_current/individual_projections/proj_current_Festuca.versicolor_PA3_RUN1_ANN.tif
[05:31:41] 	> Projecting Festuca.versicolor_PA3_RUN1_FDA ...
[05:31:42] 		Writing projection on hard drive...
[05:31:42] 		 /work/data/output/Festuca.versicolor/proj_current/individual_projections/proj_current_Festuca.versicolor_PA3_RUN1_FDA.tif
[05:32:10] 	> Projecting Festuca.versicolor_PA3_RUN1_MAXNET ...
[05:32:11] 		Writing projection on hard drive...
[05:32:11] 		 /work/data/output/Festuca.versicolor/proj_current/individual_projections/proj_current_Festuca.versicolor_PA3_RUN1_MAXNET.tif
[05:32:42] 	> Projecting Festuca.versicolor_PA3_RUN2_GLM ...
[05:32:43] 		Writing projection on hard drive...
[05:32:43] 		 /work/data/output/Festuca.versicolor/proj_current/individual_projections/proj_current_Festuca.versicolor_PA3_RUN2_GLM.tif
[05:45:51] 	> Projecting Festuca.versicolor_PA3_RUN2_GBM ...
[05:45:51] 		Writing projection on hard drive...
[05:45:51] 		 /work/data/output/Festuca.versicolor/proj_current/individual_projections/proj_current_Festuca.versicolor_PA3_RUN2_GBM.tif
[05:46:42] 	> Projecting Festuca.versicolor_PA3_RUN2_ANN ...
[05:46:43] 		Writing projection on hard drive...
[05:46:43] 		 /work/data/output/Festuca.versicolor/proj_current/individual_projections/proj_current_Festuca.versicolor_PA3_RUN2_ANN.tif
[05:47:27] 	> Projecting Festuca.versicolor_PA3_RUN2_FDA ...
[05:47:28] 		Writing projection on hard drive...
[05:47:28] 		 /work/data/output/Festuca.versicolor/proj_current/individual_projections/proj_current_Festuca.versicolor_PA3_RUN2_FDA.tif
[05:47:52] 	> Projecting Festuca.versicolor_PA3_RUN2_MAXNET ...
[05:47:52] 		Writing projection on hard drive...
[05:47:52] 		 /work/data/output/Festuca.versicolor/proj_current/individual_projections/proj_current_Festuca.versicolor_PA3_RUN2_MAXNET.tif
[05:48:26] 	> Projecting Festuca.versicolor_PA3_RUN3_GLM ...
[05:48:27] 		Writing projection on hard drive...
[05:48:27] 		 /work/data/output/Festuca.versicolor/proj_current/individual_projections/proj_current_Festuca.versicolor_PA3_RUN3_GLM.tif
[05:58:27] 	> Projecting Festuca.versicolor_PA3_RUN3_GBM ...
[05:58:28] 		Writing projection on hard drive...
[05:58:28] 		 /work/data/output/Festuca.versicolor/proj_current/individual_projections/proj_current_Festuca.versicolor_PA3_RUN3_GBM.tif
[05:59:19] 	> Projecting Festuca.versicolor_PA3_RUN3_ANN ...
[05:59:20] 		Writing projection on hard drive...
[05:59:20] 		 /work/data/output/Festuca.versicolor/proj_current/individual_projections/proj_current_Festuca.versicolor_PA3_RUN3_ANN.tif
[06:00:01] 	> Projecting Festuca.versicolor_PA3_RUN3_FDA ...
[06:00:02] 		Writing projection on hard drive...
[06:00:02] 		 /work/data/output/Festuca.versicolor/proj_current/individual_projections/proj_current_Festuca.versicolor_PA3_RUN3_FDA.tif
[06:00:28] 	> Projecting Festuca.versicolor_PA3_RUN3_MAXNET ...
[06:00:29] 		Writing projection on hard drive...
[06:00:29] 		 /work/data/output/Festuca.versicolor/proj_current/individual_projections/proj_current_Festuca.versicolor_PA3_RUN3_MAXNET.tif
[06:01:06] 	> Projecting Festuca.versicolor_PA3_RUN4_GLM ...
[06:01:07] 		Writing projection on hard drive...
[06:01:07] 		 /work/data/output/Festuca.versicolor/proj_current/individual_projections/proj_current_Festuca.versicolor_PA3_RUN4_GLM.tif
[06:13:15] 	> Projecting Festuca.versicolor_PA3_RUN4_GBM ...
[06:13:16] 		Writing projection on hard drive...
[06:13:16] 		 /work/data/output/Festuca.versicolor/proj_current/individual_projections/proj_current_Festuca.versicolor_PA3_RUN4_GBM.tif
[06:14:10] 	> Projecting Festuca.versicolor_PA3_RUN4_ANN ...
[06:14:11] 		Writing projection on hard drive...
[06:14:11] 		 /work/data/output/Festuca.versicolor/proj_current/individual_projections/proj_current_Festuca.versicolor_PA3_RUN4_ANN.tif
[06:14:53] 	> Projecting Festuca.versicolor_PA3_RUN4_FDA ...
[06:14:54] 		Writing projection on hard drive...
[06:14:54] 		 /work/data/output/Festuca.versicolor/proj_current/individual_projections/proj_current_Festuca.versicolor_PA3_RUN4_FDA.tif
[06:15:18] 	> Projecting Festuca.versicolor_PA3_RUN4_MAXNET ...
[06:15:19] 		Writing projection on hard drive...
[06:15:19] 		 /work/data/output/Festuca.versicolor/proj_current/individual_projections/proj_current_Festuca.versicolor_PA3_RUN4_MAXNET.tif
[06:15:56] 	> Projecting Festuca.versicolor_PA3_RUN5_GLM ...
[06:15:57] 		Writing projection on hard drive...
[06:15:57] 		 /work/data/output/Festuca.versicolor/proj_current/individual_projections/proj_current_Festuca.versicolor_PA3_RUN5_GLM.tif
[06:28:51] 	> Projecting Festuca.versicolor_PA3_RUN5_GBM ...
[06:28:51] 		Writing projection on hard drive...
[06:28:51] 		 /work/data/output/Festuca.versicolor/proj_current/individual_projections/proj_current_Festuca.versicolor_PA3_RUN5_GBM.tif
[06:29:36] 	> Projecting Festuca.versicolor_PA3_RUN5_ANN ...
[06:29:37] 		Writing projection on hard drive...
[06:29:37] 		 /work/data/output/Festuca.versicolor/proj_current/individual_projections/proj_current_Festuca.versicolor_PA3_RUN5_ANN.tif
[06:30:13] 	> Projecting Festuca.versicolor_PA3_RUN5_FDA ...
[06:30:14] 		Writing projection on hard drive...
[06:30:14] 		 /work/data/output/Festuca.versicolor/proj_current/individual_projections/proj_current_Festuca.versicolor_PA3_RUN5_FDA.tif
[06:30:45] 	> Projecting Festuca.versicolor_PA3_RUN5_MAXNET ...
[06:30:45] 		Writing projection on hard drive...
[06:30:45] 		 /work/data/output/Festuca.versicolor/proj_current/individual_projections/proj_current_Festuca.versicolor_PA3_RUN5_MAXNET.tif
[06:31:19] 	> Projecting Festuca.versicolor_PA4_RUN1_GLM ...
[06:31:19] 		Writing projection on hard drive...
[06:31:19] 		 /work/data/output/Festuca.versicolor/proj_current/individual_projections/proj_current_Festuca.versicolor_PA4_RUN1_GLM.tif
[06:44:04] 	> Projecting Festuca.versicolor_PA4_RUN1_GBM ...
[06:44:04] 		Writing projection on hard drive...
[06:44:04] 		 /work/data/output/Festuca.versicolor/proj_current/individual_projections/proj_current_Festuca.versicolor_PA4_RUN1_GBM.tif
[06:44:53] 	> Projecting Festuca.versicolor_PA4_RUN1_ANN ...
[06:44:53] 		Writing projection on hard drive...
[06:44:53] 		 /work/data/output/Festuca.versicolor/proj_current/individual_projections/proj_current_Festuca.versicolor_PA4_RUN1_ANN.tif
[06:45:27] 	> Projecting Festuca.versicolor_PA4_RUN1_FDA ...
[06:45:28] 		Writing projection on hard drive...
[06:45:28] 		 /work/data/output/Festuca.versicolor/proj_current/individual_projections/proj_current_Festuca.versicolor_PA4_RUN1_FDA.tif
[06:46:00] 	> Projecting Festuca.versicolor_PA4_RUN1_MAXNET ...
[06:46:00] 		Writing projection on hard drive...
[06:46:00] 		 /work/data/output/Festuca.versicolor/proj_current/individual_projections/proj_current_Festuca.versicolor_PA4_RUN1_MAXNET.tif
[06:46:36] 	> Projecting Festuca.versicolor_PA4_RUN2_GLM ...
[06:46:36] 		Writing projection on hard drive...
[06:46:36] 		 /work/data/output/Festuca.versicolor/proj_current/individual_projections/proj_current_Festuca.versicolor_PA4_RUN2_GLM.tif
[06:56:38] 	> Projecting Festuca.versicolor_PA4_RUN2_GBM ...
[06:56:39] 		Writing projection on hard drive...
[06:56:39] 		 /work/data/output/Festuca.versicolor/proj_current/individual_projections/proj_current_Festuca.versicolor_PA4_RUN2_GBM.tif
[06:57:34] 	> Projecting Festuca.versicolor_PA4_RUN2_ANN ...
[06:57:35] 		Writing projection on hard drive...
[06:57:35] 		 /work/data/output/Festuca.versicolor/proj_current/individual_projections/proj_current_Festuca.versicolor_PA4_RUN2_ANN.tif
[06:58:03] 	> Projecting Festuca.versicolor_PA4_RUN2_FDA ...
[06:58:04] 		Writing projection on hard drive...
[06:58:04] 		 /work/data/output/Festuca.versicolor/proj_current/individual_projections/proj_current_Festuca.versicolor_PA4_RUN2_FDA.tif
[06:58:34] 	> Projecting Festuca.versicolor_PA4_RUN2_MAXNET ...
[06:58:35] 		Writing projection on hard drive...
[06:58:35] 		 /work/data/output/Festuca.versicolor/proj_current/individual_projections/proj_current_Festuca.versicolor_PA4_RUN2_MAXNET.tif
[06:59:05] 	> Projecting Festuca.versicolor_PA4_RUN3_GLM ...
[06:59:05] 		Writing projection on hard drive...
[06:59:05] 		 /work/data/output/Festuca.versicolor/proj_current/individual_projections/proj_current_Festuca.versicolor_PA4_RUN3_GLM.tif
[07:11:56] 	> Projecting Festuca.versicolor_PA4_RUN3_GBM ...
[07:11:57] 		Writing projection on hard drive...
[07:11:57] 		 /work/data/output/Festuca.versicolor/proj_current/individual_projections/proj_current_Festuca.versicolor_PA4_RUN3_GBM.tif
[07:12:46] 	> Projecting Festuca.versicolor_PA4_RUN3_ANN ...
[07:12:47] 		Writing projection on hard drive...
[07:12:47] 		 /work/data/output/Festuca.versicolor/proj_current/individual_projections/proj_current_Festuca.versicolor_PA4_RUN3_ANN.tif
[07:13:24] 	> Projecting Festuca.versicolor_PA4_RUN3_FDA ...
[07:13:25] 		Writing projection on hard drive...
[07:13:25] 		 /work/data/output/Festuca.versicolor/proj_current/individual_projections/proj_current_Festuca.versicolor_PA4_RUN3_FDA.tif
[07:13:48] 	> Projecting Festuca.versicolor_PA4_RUN3_MAXNET ...
[07:13:49] 		Writing projection on hard drive...
[07:13:49] 		 /work/data/output/Festuca.versicolor/proj_current/individual_projections/proj_current_Festuca.versicolor_PA4_RUN3_MAXNET.tif
[07:14:25] 	> Projecting Festuca.versicolor_PA4_RUN4_GLM ...
[07:14:26] 		Writing projection on hard drive...
[07:14:26] 		 /work/data/output/Festuca.versicolor/proj_current/individual_projections/proj_current_Festuca.versicolor_PA4_RUN4_GLM.tif
[07:26:42] 	> Projecting Festuca.versicolor_PA4_RUN4_GBM ...
[07:26:43] 		Writing projection on hard drive...
[07:26:43] 		 /work/data/output/Festuca.versicolor/proj_current/individual_projections/proj_current_Festuca.versicolor_PA4_RUN4_GBM.tif
[07:27:34] 	> Projecting Festuca.versicolor_PA4_RUN4_ANN ...
[07:27:35] 		Writing projection on hard drive...
[07:27:35] 		 /work/data/output/Festuca.versicolor/proj_current/individual_projections/proj_current_Festuca.versicolor_PA4_RUN4_ANN.tif
[07:28:15] 	> Projecting Festuca.versicolor_PA4_RUN4_FDA ...
[07:28:16] 		Writing projection on hard drive...
[07:28:16] 		 /work/data/output/Festuca.versicolor/proj_current/individual_projections/proj_current_Festuca.versicolor_PA4_RUN4_FDA.tif
[07:28:36] 	> Projecting Festuca.versicolor_PA4_RUN4_MAXNET ...
[07:28:37] 		Writing projection on hard drive...
[07:28:37] 		 /work/data/output/Festuca.versicolor/proj_current/individual_projections/proj_current_Festuca.versicolor_PA4_RUN4_MAXNET.tif
[07:29:14] 	> Projecting Festuca.versicolor_PA4_RUN5_GLM ...
[07:29:14] 		Writing projection on hard drive...
[07:29:14] 		 /work/data/output/Festuca.versicolor/proj_current/individual_projections/proj_current_Festuca.versicolor_PA4_RUN5_GLM.tif
[07:38:42] 	> Projecting Festuca.versicolor_PA4_RUN5_GBM ...
[07:38:43] 		Writing projection on hard drive...
[07:38:43] 		 /work/data/output/Festuca.versicolor/proj_current/individual_projections/proj_current_Festuca.versicolor_PA4_RUN5_GBM.tif
[07:39:31] 	> Projecting Festuca.versicolor_PA4_RUN5_ANN ...
[07:39:32] 		Writing projection on hard drive...
[07:39:32] 		 /work/data/output/Festuca.versicolor/proj_current/individual_projections/proj_current_Festuca.versicolor_PA4_RUN5_ANN.tif
[07:40:17] 	> Projecting Festuca.versicolor_PA4_RUN5_FDA ...
[07:40:18] 		Writing projection on hard drive...
[07:40:18] 		 /work/data/output/Festuca.versicolor/proj_current/individual_projections/proj_current_Festuca.versicolor_PA4_RUN5_FDA.tif
[07:40:40] 	> Projecting Festuca.versicolor_PA4_RUN5_MAXNET ...
[07:40:41] 		Writing projection on hard drive...
[07:40:41] 		 /work/data/output/Festuca.versicolor/proj_current/individual_projections/proj_current_Festuca.versicolor_PA4_RUN5_MAXNET.tif
[07:41:13] 	> Projecting Festuca.versicolor_PA5_RUN1_GLM ...
[07:41:14] 		Writing projection on hard drive...
[07:41:14] 		 /work/data/output/Festuca.versicolor/proj_current/individual_projections/proj_current_Festuca.versicolor_PA5_RUN1_GLM.tif
[07:51:13] 	> Projecting Festuca.versicolor_PA5_RUN1_GBM ...
[07:51:13] 		Writing projection on hard drive...
[07:51:13] 		 /work/data/output/Festuca.versicolor/proj_current/individual_projections/proj_current_Festuca.versicolor_PA5_RUN1_GBM.tif
[07:52:03] 	> Projecting Festuca.versicolor_PA5_RUN1_ANN ...
[07:52:04] 		Writing projection on hard drive...
[07:52:04] 		 /work/data/output/Festuca.versicolor/proj_current/individual_projections/proj_current_Festuca.versicolor_PA5_RUN1_ANN.tif
[07:52:50] 	> Projecting Festuca.versicolor_PA5_RUN1_FDA ...
[07:52:51] 		Writing projection on hard drive...
[07:52:51] 		 /work/data/output/Festuca.versicolor/proj_current/individual_projections/proj_current_Festuca.versicolor_PA5_RUN1_FDA.tif
[07:53:11] 	> Projecting Festuca.versicolor_PA5_RUN1_MAXNET ...
[07:53:12] 		Writing projection on hard drive...
[07:53:12] 		 /work/data/output/Festuca.versicolor/proj_current/individual_projections/proj_current_Festuca.versicolor_PA5_RUN1_MAXNET.tif
[07:53:48] 	> Projecting Festuca.versicolor_PA5_RUN2_GLM ...
[07:53:49] 		Writing projection on hard drive...
[07:53:49] 		 /work/data/output/Festuca.versicolor/proj_current/individual_projections/proj_current_Festuca.versicolor_PA5_RUN2_GLM.tif
[08:03:13] 	> Projecting Festuca.versicolor_PA5_RUN2_GBM ...
[08:03:13] 		Writing projection on hard drive...
[08:03:13] 		 /work/data/output/Festuca.versicolor/proj_current/individual_projections/proj_current_Festuca.versicolor_PA5_RUN2_GBM.tif
[08:04:03] 	> Projecting Festuca.versicolor_PA5_RUN2_ANN ...
[08:04:04] 		Writing projection on hard drive...
[08:04:04] 		 /work/data/output/Festuca.versicolor/proj_current/individual_projections/proj_current_Festuca.versicolor_PA5_RUN2_ANN.tif
[08:04:43] 	> Projecting Festuca.versicolor_PA5_RUN2_FDA ...
[08:04:44] 		Writing projection on hard drive...
[08:04:44] 		 /work/data/output/Festuca.versicolor/proj_current/individual_projections/proj_current_Festuca.versicolor_PA5_RUN2_FDA.tif
[08:05:07] 	> Projecting Festuca.versicolor_PA5_RUN2_MAXNET ...
[08:05:08] 		Writing projection on hard drive...
[08:05:08] 		 /work/data/output/Festuca.versicolor/proj_current/individual_projections/proj_current_Festuca.versicolor_PA5_RUN2_MAXNET.tif
[08:05:42] 	> Projecting Festuca.versicolor_PA5_RUN3_GLM ...
[08:05:43] 		Writing projection on hard drive...
[08:05:43] 		 /work/data/output/Festuca.versicolor/proj_current/individual_projections/proj_current_Festuca.versicolor_PA5_RUN3_GLM.tif
[08:17:54] 	> Projecting Festuca.versicolor_PA5_RUN3_GBM ...
[08:17:54] 		Writing projection on hard drive...
[08:17:54] 		 /work/data/output/Festuca.versicolor/proj_current/individual_projections/proj_current_Festuca.versicolor_PA5_RUN3_GBM.tif
[08:18:46] 	> Projecting Festuca.versicolor_PA5_RUN3_ANN ...
[08:18:47] 		Writing projection on hard drive...
[08:18:47] 		 /work/data/output/Festuca.versicolor/proj_current/individual_projections/proj_current_Festuca.versicolor_PA5_RUN3_ANN.tif
[08:19:26] 	> Projecting Festuca.versicolor_PA5_RUN3_FDA ...
[08:19:27] 		Writing projection on hard drive...
[08:19:27] 		 /work/data/output/Festuca.versicolor/proj_current/individual_projections/proj_current_Festuca.versicolor_PA5_RUN3_FDA.tif
[08:19:50] 	> Projecting Festuca.versicolor_PA5_RUN3_MAXNET ...
[08:19:51] 		Writing projection on hard drive...
[08:19:51] 		 /work/data/output/Festuca.versicolor/proj_current/individual_projections/proj_current_Festuca.versicolor_PA5_RUN3_MAXNET.tif
[08:20:26] 	> Projecting Festuca.versicolor_PA5_RUN4_GLM ...
[08:20:27] 		Writing projection on hard drive...
[08:20:27] 		 /work/data/output/Festuca.versicolor/proj_current/individual_projections/proj_current_Festuca.versicolor_PA5_RUN4_GLM.tif
[08:30:41] 	> Projecting Festuca.versicolor_PA5_RUN4_GBM ...
[08:30:42] 		Writing projection on hard drive...
[08:30:42] 		 /work/data/output/Festuca.versicolor/proj_current/individual_projections/proj_current_Festuca.versicolor_PA5_RUN4_GBM.tif
[08:31:34] 	> Projecting Festuca.versicolor_PA5_RUN4_ANN ...
[08:31:35] 		Writing projection on hard drive...
[08:31:35] 		 /work/data/output/Festuca.versicolor/proj_current/individual_projections/proj_current_Festuca.versicolor_PA5_RUN4_ANN.tif
[08:32:14] 	> Projecting Festuca.versicolor_PA5_RUN4_FDA ...
[08:32:15] 		Writing projection on hard drive...
[08:32:15] 		 /work/data/output/Festuca.versicolor/proj_current/individual_projections/proj_current_Festuca.versicolor_PA5_RUN4_FDA.tif
[08:32:36] 	> Projecting Festuca.versicolor_PA5_RUN4_MAXNET ...
[08:32:36] 		Writing projection on hard drive...
[08:32:36] 		 /work/data/output/Festuca.versicolor/proj_current/individual_projections/proj_current_Festuca.versicolor_PA5_RUN4_MAXNET.tif
[08:33:12] 	> Projecting Festuca.versicolor_PA5_RUN5_GLM ...
[08:33:12] 		Writing projection on hard drive...
[08:33:12] 		 /work/data/output/Festuca.versicolor/proj_current/individual_projections/proj_current_Festuca.versicolor_PA5_RUN5_GLM.tif
[08:45:20] 	> Projecting Festuca.versicolor_PA5_RUN5_GBM ...
[08:45:20] 		Writing projection on hard drive...
[08:45:20] 		 /work/data/output/Festuca.versicolor/proj_current/individual_projections/proj_current_Festuca.versicolor_PA5_RUN5_GBM.tif
[08:46:12] 	> Projecting Festuca.versicolor_PA5_RUN5_ANN ...
[08:46:13] 		Writing projection on hard drive...
[08:46:13] 		 /work/data/output/Festuca.versicolor/proj_current/individual_projections/proj_current_Festuca.versicolor_PA5_RUN5_ANN.tif
[08:46:55] 	> Projecting Festuca.versicolor_PA5_RUN5_FDA ...
[08:46:55] 		Writing projection on hard drive...
[08:46:55] 		 /work/data/output/Festuca.versicolor/proj_current/individual_projections/proj_current_Festuca.versicolor_PA5_RUN5_FDA.tif
[08:47:19] 	> Projecting Festuca.versicolor_PA5_RUN5_MAXNET ...
[08:47:19] 		Writing projection on hard drive...
[08:47:19] 		 /work/data/output/Festuca.versicolor/proj_current/individual_projections/proj_current_Festuca.versicolor_PA5_RUN5_MAXNET.tif
[08:47:52] 	> Projecting Festuca.versicolor_PA6_RUN1_GLM ...
[08:47:52] 		Writing projection on hard drive...
[08:47:52] 		 /work/data/output/Festuca.versicolor/proj_current/individual_projections/proj_current_Festuca.versicolor_PA6_RUN1_GLM.tif
[09:00:48] 	> Projecting Festuca.versicolor_PA6_RUN1_GBM ...
[09:00:49] 		Writing projection on hard drive...
[09:00:49] 		 /work/data/output/Festuca.versicolor/proj_current/individual_projections/proj_current_Festuca.versicolor_PA6_RUN1_GBM.tif
[09:01:38] 	> Projecting Festuca.versicolor_PA6_RUN1_ANN ...
[09:01:38] 		Writing projection on hard drive...
[09:01:38] 		 /work/data/output/Festuca.versicolor/proj_current/individual_projections/proj_current_Festuca.versicolor_PA6_RUN1_ANN.tif
[09:02:17] 	> Projecting Festuca.versicolor_PA6_RUN1_FDA ...
[09:02:18] 		Writing projection on hard drive...
[09:02:18] 		 /work/data/output/Festuca.versicolor/proj_current/individual_projections/proj_current_Festuca.versicolor_PA6_RUN1_FDA.tif
[09:02:42] 	> Projecting Festuca.versicolor_PA6_RUN1_MAXNET ...
[09:02:42] 		Writing projection on hard drive...
[09:02:42] 		 /work/data/output/Festuca.versicolor/proj_current/individual_projections/proj_current_Festuca.versicolor_PA6_RUN1_MAXNET.tif
[09:03:14] 	> Projecting Festuca.versicolor_PA6_RUN2_GLM ...
[09:03:15] 		Writing projection on hard drive...
[09:03:15] 		 /work/data/output/Festuca.versicolor/proj_current/individual_projections/proj_current_Festuca.versicolor_PA6_RUN2_GLM.tif
[09:16:01] 	> Projecting Festuca.versicolor_PA6_RUN2_GBM ...
[09:16:02] 		Writing projection on hard drive...
[09:16:02] 		 /work/data/output/Festuca.versicolor/proj_current/individual_projections/proj_current_Festuca.versicolor_PA6_RUN2_GBM.tif
[09:16:58] 	> Projecting Festuca.versicolor_PA6_RUN2_ANN ...
[09:16:58] 		Writing projection on hard drive...
[09:16:58] 		 /work/data/output/Festuca.versicolor/proj_current/individual_projections/proj_current_Festuca.versicolor_PA6_RUN2_ANN.tif
[09:17:36] 	> Projecting Festuca.versicolor_PA6_RUN2_FDA ...
[09:17:37] 		Writing projection on hard drive...
[09:17:37] 		 /work/data/output/Festuca.versicolor/proj_current/individual_projections/proj_current_Festuca.versicolor_PA6_RUN2_FDA.tif
[09:18:01] 	> Projecting Festuca.versicolor_PA6_RUN2_MAXNET ...
[09:18:02] 		Writing projection on hard drive...
[09:18:02] 		 /work/data/output/Festuca.versicolor/proj_current/individual_projections/proj_current_Festuca.versicolor_PA6_RUN2_MAXNET.tif
[09:18:37] 	> Projecting Festuca.versicolor_PA6_RUN3_GLM ...
[09:18:38] 		Writing projection on hard drive...
[09:18:38] 		 /work/data/output/Festuca.versicolor/proj_current/individual_projections/proj_current_Festuca.versicolor_PA6_RUN3_GLM.tif
[09:31:36] 	> Projecting Festuca.versicolor_PA6_RUN3_GBM ...
[09:31:37] 		Writing projection on hard drive...
[09:31:37] 		 /work/data/output/Festuca.versicolor/proj_current/individual_projections/proj_current_Festuca.versicolor_PA6_RUN3_GBM.tif
[09:32:21] 	> Projecting Festuca.versicolor_PA6_RUN3_ANN ...
[09:32:22] 		Writing projection on hard drive...
[09:32:22] 		 /work/data/output/Festuca.versicolor/proj_current/individual_projections/proj_current_Festuca.versicolor_PA6_RUN3_ANN.tif
[09:33:07] 	> Projecting Festuca.versicolor_PA6_RUN3_FDA ...
[09:33:08] 		Writing projection on hard drive...
[09:33:08] 		 /work/data/output/Festuca.versicolor/proj_current/individual_projections/proj_current_Festuca.versicolor_PA6_RUN3_FDA.tif
[09:33:30] 	> Projecting Festuca.versicolor_PA6_RUN3_MAXNET ...
[09:33:31] 		Writing projection on hard drive...
[09:33:31] 		 /work/data/output/Festuca.versicolor/proj_current/individual_projections/proj_current_Festuca.versicolor_PA6_RUN3_MAXNET.tif
[09:34:04] 	> Projecting Festuca.versicolor_PA6_RUN4_GLM ...
[09:34:04] 		Writing projection on hard drive...
[09:34:04] 		 /work/data/output/Festuca.versicolor/proj_current/individual_projections/proj_current_Festuca.versicolor_PA6_RUN4_GLM.tif
[09:46:23] 	> Projecting Festuca.versicolor_PA6_RUN4_GBM ...
[09:46:24] 		Writing projection on hard drive...
[09:46:24] 		 /work/data/output/Festuca.versicolor/proj_current/individual_projections/proj_current_Festuca.versicolor_PA6_RUN4_GBM.tif
[09:47:41] 	> Projecting Festuca.versicolor_PA6_RUN4_ANN ...
[09:47:42] 		Writing projection on hard drive...
[09:47:42] 		 /work/data/output/Festuca.versicolor/proj_current/individual_projections/proj_current_Festuca.versicolor_PA6_RUN4_ANN.tif
[09:48:26] 	> Projecting Festuca.versicolor_PA6_RUN4_FDA ...
[09:48:27] 		Writing projection on hard drive...
[09:48:27] 		 /work/data/output/Festuca.versicolor/proj_current/individual_projections/proj_current_Festuca.versicolor_PA6_RUN4_FDA.tif
[09:48:53] 	> Projecting Festuca.versicolor_PA6_RUN4_MAXNET ...
[09:48:54] 		Writing projection on hard drive...
[09:48:54] 		 /work/data/output/Festuca.versicolor/proj_current/individual_projections/proj_current_Festuca.versicolor_PA6_RUN4_MAXNET.tif
[09:49:29] 	> Projecting Festuca.versicolor_PA6_RUN5_GLM ...
[09:49:30] 		Writing projection on hard drive...
[09:49:30] 		 /work/data/output/Festuca.versicolor/proj_current/individual_projections/proj_current_Festuca.versicolor_PA6_RUN5_GLM.tif
[10:02:36] 	> Projecting Festuca.versicolor_PA6_RUN5_GBM ...
[10:02:37] 		Writing projection on hard drive...
[10:02:37] 		 /work/data/output/Festuca.versicolor/proj_current/individual_projections/proj_current_Festuca.versicolor_PA6_RUN5_GBM.tif
[10:03:48] 	> Projecting Festuca.versicolor_PA6_RUN5_ANN ...
[10:03:48] 		Writing projection on hard drive...
[10:03:48] 		 /work/data/output/Festuca.versicolor/proj_current/individual_projections/proj_current_Festuca.versicolor_PA6_RUN5_ANN.tif
[10:04:49] 	> Projecting Festuca.versicolor_PA6_RUN5_FDA ...
[10:04:50] 		Writing projection on hard drive...
[10:04:50] 		 /work/data/output/Festuca.versicolor/proj_current/individual_projections/proj_current_Festuca.versicolor_PA6_RUN5_FDA.tif
[10:05:18] 	> Projecting Festuca.versicolor_PA6_RUN5_MAXNET ...
[10:05:19] 		Writing projection on hard drive...
[10:05:19] 		 /work/data/output/Festuca.versicolor/proj_current/individual_projections/proj_current_Festuca.versicolor_PA6_RUN5_MAXNET.tif
[10:06:02] 	> Projecting Festuca.versicolor_PA7_RUN1_GLM ...
[10:06:03] 		Writing projection on hard drive...
[10:06:03] 		 /work/data/output/Festuca.versicolor/proj_current/individual_projections/proj_current_Festuca.versicolor_PA7_RUN1_GLM.tif
[10:19:24] 	> Projecting Festuca.versicolor_PA7_RUN1_GBM ...
[10:19:25] 		Writing projection on hard drive...
[10:19:25] 		 /work/data/output/Festuca.versicolor/proj_current/individual_projections/proj_current_Festuca.versicolor_PA7_RUN1_GBM.tif
[10:20:30] 	> Projecting Festuca.versicolor_PA7_RUN1_ANN ...
[10:20:31] 		Writing projection on hard drive...
[10:20:31] 		 /work/data/output/Festuca.versicolor/proj_current/individual_projections/proj_current_Festuca.versicolor_PA7_RUN1_ANN.tif
[10:21:28] 	> Projecting Festuca.versicolor_PA7_RUN1_FDA ...
[10:21:29] 		Writing projection on hard drive...
[10:21:29] 		 /work/data/output/Festuca.versicolor/proj_current/individual_projections/proj_current_Festuca.versicolor_PA7_RUN1_FDA.tif
[10:21:59] 	> Projecting Festuca.versicolor_PA7_RUN1_MAXNET ...
[10:22:00] 		Writing projection on hard drive...
[10:22:00] 		 /work/data/output/Festuca.versicolor/proj_current/individual_projections/proj_current_Festuca.versicolor_PA7_RUN1_MAXNET.tif
[10:22:45] 	> Projecting Festuca.versicolor_PA7_RUN2_GLM ...
[10:22:46] 		Writing projection on hard drive...
[10:22:46] 		 /work/data/output/Festuca.versicolor/proj_current/individual_projections/proj_current_Festuca.versicolor_PA7_RUN2_GLM.tif
[10:35:50] 	> Projecting Festuca.versicolor_PA7_RUN2_GBM ...
[10:35:51] 		Writing projection on hard drive...
[10:35:51] 		 /work/data/output/Festuca.versicolor/proj_current/individual_projections/proj_current_Festuca.versicolor_PA7_RUN2_GBM.tif
[10:36:50] 	> Projecting Festuca.versicolor_PA7_RUN2_ANN ...
[10:36:51] 		Writing projection on hard drive...
[10:36:51] 		 /work/data/output/Festuca.versicolor/proj_current/individual_projections/proj_current_Festuca.versicolor_PA7_RUN2_ANN.tif
[10:37:51] 	> Projecting Festuca.versicolor_PA7_RUN2_FDA ...
[10:37:52] 		Writing projection on hard drive...
[10:37:52] 		 /work/data/output/Festuca.versicolor/proj_current/individual_projections/proj_current_Festuca.versicolor_PA7_RUN2_FDA.tif
[10:38:22] 	> Projecting Festuca.versicolor_PA7_RUN2_MAXNET ...
[10:38:23] 		Writing projection on hard drive...
[10:38:23] 		 /work/data/output/Festuca.versicolor/proj_current/individual_projections/proj_current_Festuca.versicolor_PA7_RUN2_MAXNET.tif
[10:39:05] 	> Projecting Festuca.versicolor_PA7_RUN3_GLM ...
[10:39:06] 		Writing projection on hard drive...
[10:39:06] 		 /work/data/output/Festuca.versicolor/proj_current/individual_projections/proj_current_Festuca.versicolor_PA7_RUN3_GLM.tif
[10:52:32] 	> Projecting Festuca.versicolor_PA7_RUN3_GBM ...
[10:52:33] 		Writing projection on hard drive...
[10:52:33] 		 /work/data/output/Festuca.versicolor/proj_current/individual_projections/proj_current_Festuca.versicolor_PA7_RUN3_GBM.tif
[10:53:46] 	> Projecting Festuca.versicolor_PA7_RUN3_ANN ...
[10:53:47] 		Writing projection on hard drive...
[10:53:47] 		 /work/data/output/Festuca.versicolor/proj_current/individual_projections/proj_current_Festuca.versicolor_PA7_RUN3_ANN.tif
[10:54:41] 	> Projecting Festuca.versicolor_PA7_RUN3_FDA ...
[10:54:42] 		Writing projection on hard drive...
[10:54:42] 		 /work/data/output/Festuca.versicolor/proj_current/individual_projections/proj_current_Festuca.versicolor_PA7_RUN3_FDA.tif
[10:55:11] 	> Projecting Festuca.versicolor_PA7_RUN3_MAXNET ...
[10:55:11] 		Writing projection on hard drive...
[10:55:11] 		 /work/data/output/Festuca.versicolor/proj_current/individual_projections/proj_current_Festuca.versicolor_PA7_RUN3_MAXNET.tif
[10:55:55] 	> Projecting Festuca.versicolor_PA7_RUN4_GLM ...
[10:55:56] 		Writing projection on hard drive...
[10:55:56] 		 /work/data/output/Festuca.versicolor/proj_current/individual_projections/proj_current_Festuca.versicolor_PA7_RUN4_GLM.tif
[11:09:19] 	> Projecting Festuca.versicolor_PA7_RUN4_GBM ...
[11:09:20] 		Writing projection on hard drive...
[11:09:20] 		 /work/data/output/Festuca.versicolor/proj_current/individual_projections/proj_current_Festuca.versicolor_PA7_RUN4_GBM.tif
[11:10:38] 	> Projecting Festuca.versicolor_PA7_RUN4_ANN ...
[11:10:38] 		Writing projection on hard drive...
[11:10:38] 		 /work/data/output/Festuca.versicolor/proj_current/individual_projections/proj_current_Festuca.versicolor_PA7_RUN4_ANN.tif
[11:11:28] 	> Projecting Festuca.versicolor_PA7_RUN4_FDA ...
[11:11:29] 		Writing projection on hard drive...
[11:11:29] 		 /work/data/output/Festuca.versicolor/proj_current/individual_projections/proj_current_Festuca.versicolor_PA7_RUN4_FDA.tif
[11:12:02] 	> Projecting Festuca.versicolor_PA7_RUN4_MAXNET ...
[11:12:02] 		Writing projection on hard drive...
[11:12:02] 		 /work/data/output/Festuca.versicolor/proj_current/individual_projections/proj_current_Festuca.versicolor_PA7_RUN4_MAXNET.tif
[11:12:42] 	> Projecting Festuca.versicolor_PA7_RUN5_GLM ...
[11:12:43] 		Writing projection on hard drive...
[11:12:43] 		 /work/data/output/Festuca.versicolor/proj_current/individual_projections/proj_current_Festuca.versicolor_PA7_RUN5_GLM.tif
[11:23:19] 	> Projecting Festuca.versicolor_PA7_RUN5_GBM ...
[11:23:20] 		Writing projection on hard drive...
[11:23:20] 		 /work/data/output/Festuca.versicolor/proj_current/individual_projections/proj_current_Festuca.versicolor_PA7_RUN5_GBM.tif
[11:24:23] 	> Projecting Festuca.versicolor_PA7_RUN5_ANN ...
[11:24:23] 		Writing projection on hard drive...
[11:24:23] 		 /work/data/output/Festuca.versicolor/proj_current/individual_projections/proj_current_Festuca.versicolor_PA7_RUN5_ANN.tif
[11:25:14] 	> Projecting Festuca.versicolor_PA7_RUN5_FDA ...
[11:25:15] 		Writing projection on hard drive...
[11:25:15] 		 /work/data/output/Festuca.versicolor/proj_current/individual_projections/proj_current_Festuca.versicolor_PA7_RUN5_FDA.tif
[11:25:42] 	> Projecting Festuca.versicolor_PA7_RUN5_MAXNET ...
[11:25:42] 		Writing projection on hard drive...
[11:25:42] 		 /work/data/output/Festuca.versicolor/proj_current/individual_projections/proj_current_Festuca.versicolor_PA7_RUN5_MAXNET.tif
[11:26:23] 	> Projecting Festuca.versicolor_PA8_RUN1_GLM ...
[11:26:24] 		Writing projection on hard drive...
[11:26:24] 		 /work/data/output/Festuca.versicolor/proj_current/individual_projections/proj_current_Festuca.versicolor_PA8_RUN1_GLM.tif
[11:38:53] 	> Projecting Festuca.versicolor_PA8_RUN1_GBM ...
[11:38:54] 		Writing projection on hard drive...
[11:38:54] 		 /work/data/output/Festuca.versicolor/proj_current/individual_projections/proj_current_Festuca.versicolor_PA8_RUN1_GBM.tif
[11:40:06] 	> Projecting Festuca.versicolor_PA8_RUN1_ANN ...
[11:40:07] 		Writing projection on hard drive...
[11:40:07] 		 /work/data/output/Festuca.versicolor/proj_current/individual_projections/proj_current_Festuca.versicolor_PA8_RUN1_ANN.tif
[11:41:03] 	> Projecting Festuca.versicolor_PA8_RUN1_FDA ...
[11:41:04] 		Writing projection on hard drive...
[11:41:04] 		 /work/data/output/Festuca.versicolor/proj_current/individual_projections/proj_current_Festuca.versicolor_PA8_RUN1_FDA.tif
[11:41:33] 	> Projecting Festuca.versicolor_PA8_RUN1_MAXNET ...
[11:41:34] 		Writing projection on hard drive...
[11:41:34] 		 /work/data/output/Festuca.versicolor/proj_current/individual_projections/proj_current_Festuca.versicolor_PA8_RUN1_MAXNET.tif
[11:42:17] 	> Projecting Festuca.versicolor_PA8_RUN2_GLM ...
[11:42:17] 		Writing projection on hard drive...
[11:42:17] 		 /work/data/output/Festuca.versicolor/proj_current/individual_projections/proj_current_Festuca.versicolor_PA8_RUN2_GLM.tif
[11:52:38] 	> Projecting Festuca.versicolor_PA8_RUN2_GBM ...
[11:52:39] 		Writing projection on hard drive...
[11:52:39] 		 /work/data/output/Festuca.versicolor/proj_current/individual_projections/proj_current_Festuca.versicolor_PA8_RUN2_GBM.tif
[11:53:42] 	> Projecting Festuca.versicolor_PA8_RUN2_ANN ...
[11:53:42] 		Writing projection on hard drive...
[11:53:42] 		 /work/data/output/Festuca.versicolor/proj_current/individual_projections/proj_current_Festuca.versicolor_PA8_RUN2_ANN.tif
[11:54:38] 	> Projecting Festuca.versicolor_PA8_RUN2_FDA ...
[11:54:39] 		Writing projection on hard drive...
[11:54:39] 		 /work/data/output/Festuca.versicolor/proj_current/individual_projections/proj_current_Festuca.versicolor_PA8_RUN2_FDA.tif
[11:55:05] 	> Projecting Festuca.versicolor_PA8_RUN2_MAXNET ...
[11:55:05] 		Writing projection on hard drive...
[11:55:05] 		 /work/data/output/Festuca.versicolor/proj_current/individual_projections/proj_current_Festuca.versicolor_PA8_RUN2_MAXNET.tif
[11:55:49] 	> Projecting Festuca.versicolor_PA8_RUN3_GLM ...
[11:55:50] 		Writing projection on hard drive...
[11:55:50] 		 /work/data/output/Festuca.versicolor/proj_current/individual_projections/proj_current_Festuca.versicolor_PA8_RUN3_GLM.tif
[12:06:21] 	> Projecting Festuca.versicolor_PA8_RUN3_GBM ...
[12:06:22] 		Writing projection on hard drive...
[12:06:22] 		 /work/data/output/Festuca.versicolor/proj_current/individual_projections/proj_current_Festuca.versicolor_PA8_RUN3_GBM.tif
[12:07:33] 	> Projecting Festuca.versicolor_PA8_RUN3_ANN ...
[12:07:34] 		Writing projection on hard drive...
[12:07:34] 		 /work/data/output/Festuca.versicolor/proj_current/individual_projections/proj_current_Festuca.versicolor_PA8_RUN3_ANN.tif
[12:08:29] 	> Projecting Festuca.versicolor_PA8_RUN3_FDA ...
[12:08:30] 		Writing projection on hard drive...
[12:08:30] 		 /work/data/output/Festuca.versicolor/proj_current/individual_projections/proj_current_Festuca.versicolor_PA8_RUN3_FDA.tif
[12:08:57] 	> Projecting Festuca.versicolor_PA8_RUN3_MAXNET ...
[12:08:58] 		Writing projection on hard drive...
[12:08:58] 		 /work/data/output/Festuca.versicolor/proj_current/individual_projections/proj_current_Festuca.versicolor_PA8_RUN3_MAXNET.tif
[12:09:41] 	> Projecting Festuca.versicolor_PA8_RUN4_GLM ...
[12:09:42] 		Writing projection on hard drive...
[12:09:42] 		 /work/data/output/Festuca.versicolor/proj_current/individual_projections/proj_current_Festuca.versicolor_PA8_RUN4_GLM.tif
[12:22:47] 	> Projecting Festuca.versicolor_PA8_RUN4_GBM ...
[12:22:48] 		Writing projection on hard drive...
[12:22:48] 		 /work/data/output/Festuca.versicolor/proj_current/individual_projections/proj_current_Festuca.versicolor_PA8_RUN4_GBM.tif
[12:24:05] 	> Projecting Festuca.versicolor_PA8_RUN4_ANN ...
[12:24:06] 		Writing projection on hard drive...
[12:24:06] 		 /work/data/output/Festuca.versicolor/proj_current/individual_projections/proj_current_Festuca.versicolor_PA8_RUN4_ANN.tif
[12:24:56] 	> Projecting Festuca.versicolor_PA8_RUN4_FDA ...
[12:24:57] 		Writing projection on hard drive...
[12:24:57] 		 /work/data/output/Festuca.versicolor/proj_current/individual_projections/proj_current_Festuca.versicolor_PA8_RUN4_FDA.tif
[12:25:25] 	> Projecting Festuca.versicolor_PA8_RUN4_MAXNET ...
[12:25:26] 		Writing projection on hard drive...
[12:25:26] 		 /work/data/output/Festuca.versicolor/proj_current/individual_projections/proj_current_Festuca.versicolor_PA8_RUN4_MAXNET.tif
[12:26:11] 	> Projecting Festuca.versicolor_PA8_RUN5_GLM ...
[12:26:11] 		Writing projection on hard drive...
[12:26:11] 		 /work/data/output/Festuca.versicolor/proj_current/individual_projections/proj_current_Festuca.versicolor_PA8_RUN5_GLM.tif
[12:38:39] 	> Projecting Festuca.versicolor_PA8_RUN5_GBM ...
[12:38:40] 		Writing projection on hard drive...
[12:38:40] 		 /work/data/output/Festuca.versicolor/proj_current/individual_projections/proj_current_Festuca.versicolor_PA8_RUN5_GBM.tif
[12:39:39] 	> Projecting Festuca.versicolor_PA8_RUN5_ANN ...
[12:39:40] 		Writing projection on hard drive...
[12:39:40] 		 /work/data/output/Festuca.versicolor/proj_current/individual_projections/proj_current_Festuca.versicolor_PA8_RUN5_ANN.tif
[12:40:41] 	> Projecting Festuca.versicolor_PA8_RUN5_FDA ...
[12:40:42] 		Writing projection on hard drive...
[12:40:42] 		 /work/data/output/Festuca.versicolor/proj_current/individual_projections/proj_current_Festuca.versicolor_PA8_RUN5_FDA.tif
[12:41:10] 	> Projecting Festuca.versicolor_PA8_RUN5_MAXNET ...
[12:41:11] 		Writing projection on hard drive...
[12:41:11] 		 /work/data/output/Festuca.versicolor/proj_current/individual_projections/proj_current_Festuca.versicolor_PA8_RUN5_MAXNET.tif
[12:41:52] 	> Projecting Festuca.versicolor_PA9_RUN1_GLM ...
[12:41:53] 		Writing projection on hard drive...
[12:41:53] 		 /work/data/output/Festuca.versicolor/proj_current/individual_projections/proj_current_Festuca.versicolor_PA9_RUN1_GLM.tif
[12:52:23] 	> Projecting Festuca.versicolor_PA9_RUN1_GBM ...
[12:52:24] 		Writing projection on hard drive...
[12:52:24] 		 /work/data/output/Festuca.versicolor/proj_current/individual_projections/proj_current_Festuca.versicolor_PA9_RUN1_GBM.tif
[12:53:39] 	> Projecting Festuca.versicolor_PA9_RUN1_ANN ...
[12:53:39] 		Writing projection on hard drive...
[12:53:39] 		 /work/data/output/Festuca.versicolor/proj_current/individual_projections/proj_current_Festuca.versicolor_PA9_RUN1_ANN.tif
[12:54:39] 	> Projecting Festuca.versicolor_PA9_RUN1_FDA ...
[12:54:40] 		Writing projection on hard drive...
[12:54:40] 		 /work/data/output/Festuca.versicolor/proj_current/individual_projections/proj_current_Festuca.versicolor_PA9_RUN1_FDA.tif
[12:55:06] 	> Projecting Festuca.versicolor_PA9_RUN1_MAXNET ...
[12:55:06] 		Writing projection on hard drive...
[12:55:06] 		 /work/data/output/Festuca.versicolor/proj_current/individual_projections/proj_current_Festuca.versicolor_PA9_RUN1_MAXNET.tif
[12:55:50] 	> Projecting Festuca.versicolor_PA9_RUN2_GLM ...
[12:55:51] 		Writing projection on hard drive...
[12:55:51] 		 /work/data/output/Festuca.versicolor/proj_current/individual_projections/proj_current_Festuca.versicolor_PA9_RUN2_GLM.tif
[13:09:15] 	> Projecting Festuca.versicolor_PA9_RUN2_GBM ...
[13:09:16] 		Writing projection on hard drive...
[13:09:16] 		 /work/data/output/Festuca.versicolor/proj_current/individual_projections/proj_current_Festuca.versicolor_PA9_RUN2_GBM.tif
[13:10:18] 	> Projecting Festuca.versicolor_PA9_RUN2_ANN ...
[13:10:19] 		Writing projection on hard drive...
[13:10:19] 		 /work/data/output/Festuca.versicolor/proj_current/individual_projections/proj_current_Festuca.versicolor_PA9_RUN2_ANN.tif
[13:11:10] 	> Projecting Festuca.versicolor_PA9_RUN2_FDA ...
[13:11:11] 		Writing projection on hard drive...
[13:11:11] 		 /work/data/output/Festuca.versicolor/proj_current/individual_projections/proj_current_Festuca.versicolor_PA9_RUN2_FDA.tif
[13:11:41] 	> Projecting Festuca.versicolor_PA9_RUN2_MAXNET ...
[13:11:42] 		Writing projection on hard drive...
[13:11:42] 		 /work/data/output/Festuca.versicolor/proj_current/individual_projections/proj_current_Festuca.versicolor_PA9_RUN2_MAXNET.tif
[13:12:24] 	> Projecting Festuca.versicolor_PA9_RUN3_GLM ...
[13:12:25] 		Writing projection on hard drive...
[13:12:25] 		 /work/data/output/Festuca.versicolor/proj_current/individual_projections/proj_current_Festuca.versicolor_PA9_RUN3_GLM.tif
[13:24:53] 	> Projecting Festuca.versicolor_PA9_RUN3_GBM ...
[13:24:54] 		Writing projection on hard drive...
[13:24:54] 		 /work/data/output/Festuca.versicolor/proj_current/individual_projections/proj_current_Festuca.versicolor_PA9_RUN3_GBM.tif
[13:26:09] 	> Projecting Festuca.versicolor_PA9_RUN3_ANN ...
[13:26:09] 		Writing projection on hard drive...
[13:26:09] 		 /work/data/output/Festuca.versicolor/proj_current/individual_projections/proj_current_Festuca.versicolor_PA9_RUN3_ANN.tif
[13:27:04] 	> Projecting Festuca.versicolor_PA9_RUN3_FDA ...
[13:27:05] 		Writing projection on hard drive...
[13:27:05] 		 /work/data/output/Festuca.versicolor/proj_current/individual_projections/proj_current_Festuca.versicolor_PA9_RUN3_FDA.tif
[13:27:39] 	> Projecting Festuca.versicolor_PA9_RUN3_MAXNET ...
[13:27:40] 		Writing projection on hard drive...
[13:27:40] 		 /work/data/output/Festuca.versicolor/proj_current/individual_projections/proj_current_Festuca.versicolor_PA9_RUN3_MAXNET.tif
[13:28:24] 	> Projecting Festuca.versicolor_PA9_RUN4_GLM ...
[13:28:25] 		Writing projection on hard drive...
[13:28:25] 		 /work/data/output/Festuca.versicolor/proj_current/individual_projections/proj_current_Festuca.versicolor_PA9_RUN4_GLM.tif
[13:41:38] 	> Projecting Festuca.versicolor_PA9_RUN4_GBM ...
[13:41:38] 		Writing projection on hard drive...
[13:41:38] 		 /work/data/output/Festuca.versicolor/proj_current/individual_projections/proj_current_Festuca.versicolor_PA9_RUN4_GBM.tif
[13:43:13] 	> Projecting Festuca.versicolor_PA9_RUN4_ANN ...
[13:43:13] 		Writing projection on hard drive...
[13:43:13] 		 /work/data/output/Festuca.versicolor/proj_current/individual_projections/proj_current_Festuca.versicolor_PA9_RUN4_ANN.tif
[13:44:06] 	> Projecting Festuca.versicolor_PA9_RUN4_FDA ...
[13:44:07] 		Writing projection on hard drive...
[13:44:07] 		 /work/data/output/Festuca.versicolor/proj_current/individual_projections/proj_current_Festuca.versicolor_PA9_RUN4_FDA.tif
[13:44:36] 	> Projecting Festuca.versicolor_PA9_RUN4_MAXNET ...
[13:44:37] 		Writing projection on hard drive...
[13:44:37] 		 /work/data/output/Festuca.versicolor/proj_current/individual_projections/proj_current_Festuca.versicolor_PA9_RUN4_MAXNET.tif
[13:45:19] 	> Projecting Festuca.versicolor_PA9_RUN5_GLM ...
[13:45:20] 		Writing projection on hard drive...
[13:45:20] 		 /work/data/output/Festuca.versicolor/proj_current/individual_projections/proj_current_Festuca.versicolor_PA9_RUN5_GLM.tif
[13:57:43] 	> Projecting Festuca.versicolor_PA9_RUN5_GBM ...
[13:57:44] 		Writing projection on hard drive...
[13:57:44] 		 /work/data/output/Festuca.versicolor/proj_current/individual_projections/proj_current_Festuca.versicolor_PA9_RUN5_GBM.tif
[13:58:47] 	> Projecting Festuca.versicolor_PA9_RUN5_ANN ...
[13:58:48] 		Writing projection on hard drive...
[13:58:48] 		 /work/data/output/Festuca.versicolor/proj_current/individual_projections/proj_current_Festuca.versicolor_PA9_RUN5_ANN.tif
[13:59:38] 	> Projecting Festuca.versicolor_PA9_RUN5_FDA ...
[13:59:39] 		Writing projection on hard drive...
[13:59:39] 		 /work/data/output/Festuca.versicolor/proj_current/individual_projections/proj_current_Festuca.versicolor_PA9_RUN5_FDA.tif
[14:00:09] 	> Projecting Festuca.versicolor_PA9_RUN5_MAXNET ...
[14:00:10] 		Writing projection on hard drive...
[14:00:10] 		 /work/data/output/Festuca.versicolor/proj_current/individual_projections/proj_current_Festuca.versicolor_PA9_RUN5_MAXNET.tif
[14:00:54] 	> Projecting Festuca.versicolor_PA10_RUN1_GLM ...
[14:00:54] 		Writing projection on hard drive...
[14:00:54] 		 /work/data/output/Festuca.versicolor/proj_current/individual_projections/proj_current_Festuca.versicolor_PA10_RUN1_GLM.tif
[14:13:19] 	> Projecting Festuca.versicolor_PA10_RUN1_GBM ...
[14:13:19] 		Writing projection on hard drive...
[14:13:19] 		 /work/data/output/Festuca.versicolor/proj_current/individual_projections/proj_current_Festuca.versicolor_PA10_RUN1_GBM.tif
[14:14:33] 	> Projecting Festuca.versicolor_PA10_RUN1_ANN ...
[14:14:34] 		Writing projection on hard drive...
[14:14:34] 		 /work/data/output/Festuca.versicolor/proj_current/individual_projections/proj_current_Festuca.versicolor_PA10_RUN1_ANN.tif
[14:15:25] 	> Projecting Festuca.versicolor_PA10_RUN1_FDA ...
[14:15:29] 		Writing projection on hard drive...
[14:15:29] 		 /work/data/output/Festuca.versicolor/proj_current/individual_projections/proj_current_Festuca.versicolor_PA10_RUN1_FDA.tif
[14:15:59] 	> Projecting Festuca.versicolor_PA10_RUN1_MAXNET ...
[14:16:00] 		Writing projection on hard drive...
[14:16:00] 		 /work/data/output/Festuca.versicolor/proj_current/individual_projections/proj_current_Festuca.versicolor_PA10_RUN1_MAXNET.tif
[14:16:44] 	> Projecting Festuca.versicolor_PA10_RUN2_GLM ...
[14:16:45] 		Writing projection on hard drive...
[14:16:45] 		 /work/data/output/Festuca.versicolor/proj_current/individual_projections/proj_current_Festuca.versicolor_PA10_RUN2_GLM.tif
[14:29:42] 	> Projecting Festuca.versicolor_PA10_RUN2_GBM ...
[14:29:43] 		Writing projection on hard drive...
[14:29:43] 		 /work/data/output/Festuca.versicolor/proj_current/individual_projections/proj_current_Festuca.versicolor_PA10_RUN2_GBM.tif
[14:30:48] 	> Projecting Festuca.versicolor_PA10_RUN2_ANN ...
[14:30:49] 		Writing projection on hard drive...
[14:30:49] 		 /work/data/output/Festuca.versicolor/proj_current/individual_projections/proj_current_Festuca.versicolor_PA10_RUN2_ANN.tif
[14:31:45] 	> Projecting Festuca.versicolor_PA10_RUN2_FDA ...
[14:31:46] 		Writing projection on hard drive...
[14:31:46] 		 /work/data/output/Festuca.versicolor/proj_current/individual_projections/proj_current_Festuca.versicolor_PA10_RUN2_FDA.tif
[14:32:14] 	> Projecting Festuca.versicolor_PA10_RUN2_MAXNET ...
[14:32:15] 		Writing projection on hard drive...
[14:32:15] 		 /work/data/output/Festuca.versicolor/proj_current/individual_projections/proj_current_Festuca.versicolor_PA10_RUN2_MAXNET.tif
[14:32:57] 	> Projecting Festuca.versicolor_PA10_RUN3_GLM ...
[14:32:58] 		Writing projection on hard drive...
[14:32:58] 		 /work/data/output/Festuca.versicolor/proj_current/individual_projections/proj_current_Festuca.versicolor_PA10_RUN3_GLM.tif
[14:46:29] 	> Projecting Festuca.versicolor_PA10_RUN3_GBM ...
[14:46:30] 		Writing projection on hard drive...
[14:46:30] 		 /work/data/output/Festuca.versicolor/proj_current/individual_projections/proj_current_Festuca.versicolor_PA10_RUN3_GBM.tif
[14:47:43] 	> Projecting Festuca.versicolor_PA10_RUN3_ANN ...
[14:47:44] 		Writing projection on hard drive...
[14:47:44] 		 /work/data/output/Festuca.versicolor/proj_current/individual_projections/proj_current_Festuca.versicolor_PA10_RUN3_ANN.tif
[14:48:44] 	> Projecting Festuca.versicolor_PA10_RUN3_FDA ...
[14:48:45] 		Writing projection on hard drive...
[14:48:45] 		 /work/data/output/Festuca.versicolor/proj_current/individual_projections/proj_current_Festuca.versicolor_PA10_RUN3_FDA.tif
[14:49:12] 	> Projecting Festuca.versicolor_PA10_RUN3_MAXNET ...
[14:49:13] 		Writing projection on hard drive...
[14:49:13] 		 /work/data/output/Festuca.versicolor/proj_current/individual_projections/proj_current_Festuca.versicolor_PA10_RUN3_MAXNET.tif
[14:49:55] 	> Projecting Festuca.versicolor_PA10_RUN4_GLM ...
[14:49:56] 		Writing projection on hard drive...
[14:49:56] 		 /work/data/output/Festuca.versicolor/proj_current/individual_projections/proj_current_Festuca.versicolor_PA10_RUN4_GLM.tif
[15:03:05] 	> Projecting Festuca.versicolor_PA10_RUN4_GBM ...
[15:03:06] 		Writing projection on hard drive...
[15:03:06] 		 /work/data/output/Festuca.versicolor/proj_current/individual_projections/proj_current_Festuca.versicolor_PA10_RUN4_GBM.tif
[15:04:19] 	> Projecting Festuca.versicolor_PA10_RUN4_ANN ...
[15:04:20] 		Writing projection on hard drive...
[15:04:20] 		 /work/data/output/Festuca.versicolor/proj_current/individual_projections/proj_current_Festuca.versicolor_PA10_RUN4_ANN.tif
[15:05:16] 	> Projecting Festuca.versicolor_PA10_RUN4_FDA ...
[15:05:17] 		Writing projection on hard drive...
[15:05:17] 		 /work/data/output/Festuca.versicolor/proj_current/individual_projections/proj_current_Festuca.versicolor_PA10_RUN4_FDA.tif
[15:05:51] 	> Projecting Festuca.versicolor_PA10_RUN4_MAXNET ...
[15:05:52] 		Writing projection on hard drive...
[15:05:52] 		 /work/data/output/Festuca.versicolor/proj_current/individual_projections/proj_current_Festuca.versicolor_PA10_RUN4_MAXNET.tif
[15:06:33] 	> Projecting Festuca.versicolor_PA10_RUN5_GLM ...
[15:06:34] 		Writing projection on hard drive...
[15:06:34] 		 /work/data/output/Festuca.versicolor/proj_current/individual_projections/proj_current_Festuca.versicolor_PA10_RUN5_GLM.tif
[15:19:52] 	> Projecting Festuca.versicolor_PA10_RUN5_GBM ...
[15:19:53] 		Writing projection on hard drive...
[15:19:53] 		 /work/data/output/Festuca.versicolor/proj_current/individual_projections/proj_current_Festuca.versicolor_PA10_RUN5_GBM.tif
[15:21:03] 	> Projecting Festuca.versicolor_PA10_RUN5_ANN ...
[15:21:04] 		Writing projection on hard drive...
[15:21:04] 		 /work/data/output/Festuca.versicolor/proj_current/individual_projections/proj_current_Festuca.versicolor_PA10_RUN5_ANN.tif
[15:22:02] 	> Projecting Festuca.versicolor_PA10_RUN5_FDA ...
[15:22:03] 		Writing projection on hard drive...
[15:22:03] 		 /work/data/output/Festuca.versicolor/proj_current/individual_projections/proj_current_Festuca.versicolor_PA10_RUN5_FDA.tif
[15:22:31] 	> Projecting Festuca.versicolor_PA10_RUN5_MAXNET ...
[15:22:31] 		Writing projection on hard drive...
[15:22:31] 		 /work/data/output/Festuca.versicolor/proj_current/individual_projections/proj_current_Festuca.versicolor_PA10_RUN5_MAXNET.tif
[15:22:31] -=-=-=-=-=-=-=-=-=-=-=-=-=-=-=-=-=-= Done -=-=-=-=-=-=-=-=-=-=-=-=-=-=-=-=-=-=
[15:22:31] 
[15:22:31] -=-=-=-=-=-=-=-=-=-=-=-= Do Ensemble Models Projection -=-=-=-=-=-=-=-=-=-=-=-=
[15:22:31] 
[15:22:31] Creating suitable Workdir...
[15:22:44] 
[15:49:59] 	> Projecting Festuca.versicolor_EMmeanByAUCroc_mergedData_mergedRun_mergedAlgo ...|---------|---------|---------|---------|=========================================                                          
[15:50:01] 		Writing projection on hard drive...
[16:30:20] 	> Projecting Festuca.versicolor_EMcvByAUCroc_mergedData_mergedRun_mergedAlgo ...|---------|---------|---------|---------|=========================================                                          
[16:30:22] 		Writing projection on hard drive...
[16:30:22] 
[16:30:22] ! Binary/Filtered transformation automatically desactivated for ensemble models with coefficient of variation or confidence intervals
[16:30:26] 	> Building TSS binaries / filtered
[16:30:29] 	> Building AUCroc binaries / filtered
[16:30:32] 	> Building KAPPA binaries / filtered
[16:30:33] 
[16:30:33] -=-=-=-=-=-=-=-=-=-=-=-=-=-=-=-=-=-= Done -=-=-=-=-=-=-=-=-=-=-=-=-=-=-=-=-=-=
[16:30:33] 
[16:30:33] 
[16:30:33] DEBUG: Processing future scenario 1 of 8 : /work/data/input/climate_vars/future/gfdl.esm4/ssp370 
[16:30:33] DEBUG: Raster loaded, ncell = 63951097 , hasValues = TRUE 
[16:30:33] 
[16:30:33] -=-=-=-=-=-=-=-=-=-=-=-=-= Do Single Models Projection -=-=-=-=-=-=-=-=-=-=-=-=-=
[16:30:51] 
[16:30:51] 	> Building clamping mask
[16:31:50] 
[16:32:29] 	> Projecting Festuca.versicolor_PA1_RUN1_GLM ...
[16:32:30] 		Writing projection on hard drive...
[16:32:30] 		 /work/data/output/Festuca.versicolor/proj_gfdl.esm4_ssp370/individual_projections/proj_gfdl.esm4_ssp370_Festuca.versicolor_PA1_RUN1_GLM.tif
[16:41:44] 	> Projecting Festuca.versicolor_PA1_RUN1_GBM ...
[16:41:45] 		Writing projection on hard drive...
[16:41:45] 		 /work/data/output/Festuca.versicolor/proj_gfdl.esm4_ssp370/individual_projections/proj_gfdl.esm4_ssp370_Festuca.versicolor_PA1_RUN1_GBM.tif
[16:42:47] 	> Projecting Festuca.versicolor_PA1_RUN1_ANN ...
[16:42:48] 		Writing projection on hard drive...
[16:42:48] 		 /work/data/output/Festuca.versicolor/proj_gfdl.esm4_ssp370/individual_projections/proj_gfdl.esm4_ssp370_Festuca.versicolor_PA1_RUN1_ANN.tif
[16:43:44] 	> Projecting Festuca.versicolor_PA1_RUN1_FDA ...
[16:43:45] 		Writing projection on hard drive...
[16:43:45] 		 /work/data/output/Festuca.versicolor/proj_gfdl.esm4_ssp370/individual_projections/proj_gfdl.esm4_ssp370_Festuca.versicolor_PA1_RUN1_FDA.tif
[16:44:16] 	> Projecting Festuca.versicolor_PA1_RUN1_MAXNET ...
[16:44:17] 		Writing projection on hard drive...
[16:44:17] 		 /work/data/output/Festuca.versicolor/proj_gfdl.esm4_ssp370/individual_projections/proj_gfdl.esm4_ssp370_Festuca.versicolor_PA1_RUN1_MAXNET.tif
[16:45:01] 	> Projecting Festuca.versicolor_PA1_RUN2_GLM ...
[16:45:02] 		Writing projection on hard drive...
[16:45:02] 		 /work/data/output/Festuca.versicolor/proj_gfdl.esm4_ssp370/individual_projections/proj_gfdl.esm4_ssp370_Festuca.versicolor_PA1_RUN2_GLM.tif
[16:57:49] 	> Projecting Festuca.versicolor_PA1_RUN2_GBM ...
[16:57:49] 		Writing projection on hard drive...
[16:57:49] 		 /work/data/output/Festuca.versicolor/proj_gfdl.esm4_ssp370/individual_projections/proj_gfdl.esm4_ssp370_Festuca.versicolor_PA1_RUN2_GBM.tif
[16:59:04] 	> Projecting Festuca.versicolor_PA1_RUN2_ANN ...
[16:59:05] 		Writing projection on hard drive...
[16:59:05] 		 /work/data/output/Festuca.versicolor/proj_gfdl.esm4_ssp370/individual_projections/proj_gfdl.esm4_ssp370_Festuca.versicolor_PA1_RUN2_ANN.tif
[17:00:09] 	> Projecting Festuca.versicolor_PA1_RUN2_FDA ...
[17:00:10] 		Writing projection on hard drive...
[17:00:10] 		 /work/data/output/Festuca.versicolor/proj_gfdl.esm4_ssp370/individual_projections/proj_gfdl.esm4_ssp370_Festuca.versicolor_PA1_RUN2_FDA.tif
[17:00:43] 	> Projecting Festuca.versicolor_PA1_RUN2_MAXNET ...
[17:00:44] 		Writing projection on hard drive...
[17:00:44] 		 /work/data/output/Festuca.versicolor/proj_gfdl.esm4_ssp370/individual_projections/proj_gfdl.esm4_ssp370_Festuca.versicolor_PA1_RUN2_MAXNET.tif
[17:01:35] 	> Projecting Festuca.versicolor_PA1_RUN3_GLM ...
[17:01:35] 		Writing projection on hard drive...
[17:01:35] 		 /work/data/output/Festuca.versicolor/proj_gfdl.esm4_ssp370/individual_projections/proj_gfdl.esm4_ssp370_Festuca.versicolor_PA1_RUN3_GLM.tif
[17:14:06] 	> Projecting Festuca.versicolor_PA1_RUN3_GBM ...
[17:14:07] 		Writing projection on hard drive...
[17:14:07] 		 /work/data/output/Festuca.versicolor/proj_gfdl.esm4_ssp370/individual_projections/proj_gfdl.esm4_ssp370_Festuca.versicolor_PA1_RUN3_GBM.tif
[17:15:28] 	> Projecting Festuca.versicolor_PA1_RUN3_ANN ...
[17:15:29] 		Writing projection on hard drive...
[17:15:29] 		 /work/data/output/Festuca.versicolor/proj_gfdl.esm4_ssp370/individual_projections/proj_gfdl.esm4_ssp370_Festuca.versicolor_PA1_RUN3_ANN.tif
[17:16:12] 	> Projecting Festuca.versicolor_PA1_RUN3_FDA ...
[17:16:13] 		Writing projection on hard drive...
[17:16:13] 		 /work/data/output/Festuca.versicolor/proj_gfdl.esm4_ssp370/individual_projections/proj_gfdl.esm4_ssp370_Festuca.versicolor_PA1_RUN3_FDA.tif
[17:16:50] 	> Projecting Festuca.versicolor_PA1_RUN3_MAXNET ...
[17:16:51] 		Writing projection on hard drive...
[17:16:51] 		 /work/data/output/Festuca.versicolor/proj_gfdl.esm4_ssp370/individual_projections/proj_gfdl.esm4_ssp370_Festuca.versicolor_PA1_RUN3_MAXNET.tif
[17:17:17] 	> Projecting Festuca.versicolor_PA1_RUN4_GLM ...
[17:17:18] 		Writing projection on hard drive...
[17:17:18] 		 /work/data/output/Festuca.versicolor/proj_gfdl.esm4_ssp370/individual_projections/proj_gfdl.esm4_ssp370_Festuca.versicolor_PA1_RUN4_GLM.tif
[17:30:08] 	> Projecting Festuca.versicolor_PA1_RUN4_GBM ...
[17:30:09] 		Writing projection on hard drive...
[17:30:09] 		 /work/data/output/Festuca.versicolor/proj_gfdl.esm4_ssp370/individual_projections/proj_gfdl.esm4_ssp370_Festuca.versicolor_PA1_RUN4_GBM.tif
[17:31:20] 	> Projecting Festuca.versicolor_PA1_RUN4_ANN ...
[17:31:21] 		Writing projection on hard drive...
[17:31:21] 		 /work/data/output/Festuca.versicolor/proj_gfdl.esm4_ssp370/individual_projections/proj_gfdl.esm4_ssp370_Festuca.versicolor_PA1_RUN4_ANN.tif
[17:32:07] 	> Projecting Festuca.versicolor_PA1_RUN4_FDA ...
[17:32:08] 		Writing projection on hard drive...
[17:32:08] 		 /work/data/output/Festuca.versicolor/proj_gfdl.esm4_ssp370/individual_projections/proj_gfdl.esm4_ssp370_Festuca.versicolor_PA1_RUN4_FDA.tif
[17:32:42] 	> Projecting Festuca.versicolor_PA1_RUN4_MAXNET ...
[17:32:42] 		Writing projection on hard drive...
[17:32:42] 		 /work/data/output/Festuca.versicolor/proj_gfdl.esm4_ssp370/individual_projections/proj_gfdl.esm4_ssp370_Festuca.versicolor_PA1_RUN4_MAXNET.tif
[17:33:10] 	> Projecting Festuca.versicolor_PA1_RUN5_GLM ...
[17:33:11] 		Writing projection on hard drive...
[17:33:11] 		 /work/data/output/Festuca.versicolor/proj_gfdl.esm4_ssp370/individual_projections/proj_gfdl.esm4_ssp370_Festuca.versicolor_PA1_RUN5_GLM.tif
[17:46:12] 	> Projecting Festuca.versicolor_PA1_RUN5_GBM ...
[17:46:13] 		Writing projection on hard drive...
[17:46:13] 		 /work/data/output/Festuca.versicolor/proj_gfdl.esm4_ssp370/individual_projections/proj_gfdl.esm4_ssp370_Festuca.versicolor_PA1_RUN5_GBM.tif
[17:47:28] 	> Projecting Festuca.versicolor_PA1_RUN5_ANN ...
[17:47:29] 		Writing projection on hard drive...
[17:47:29] 		 /work/data/output/Festuca.versicolor/proj_gfdl.esm4_ssp370/individual_projections/proj_gfdl.esm4_ssp370_Festuca.versicolor_PA1_RUN5_ANN.tif
[17:48:25] 	> Projecting Festuca.versicolor_PA1_RUN5_FDA ...
[17:48:26] 		Writing projection on hard drive...
[17:48:26] 		 /work/data/output/Festuca.versicolor/proj_gfdl.esm4_ssp370/individual_projections/proj_gfdl.esm4_ssp370_Festuca.versicolor_PA1_RUN5_FDA.tif
[17:48:48] 	> Projecting Festuca.versicolor_PA1_RUN5_MAXNET ...
[17:48:49] 		Writing projection on hard drive...
[17:48:49] 		 /work/data/output/Festuca.versicolor/proj_gfdl.esm4_ssp370/individual_projections/proj_gfdl.esm4_ssp370_Festuca.versicolor_PA1_RUN5_MAXNET.tif
[17:49:26] 	> Projecting Festuca.versicolor_PA2_RUN1_GLM ...
[17:49:27] 		Writing projection on hard drive...
[17:49:27] 		 /work/data/output/Festuca.versicolor/proj_gfdl.esm4_ssp370/individual_projections/proj_gfdl.esm4_ssp370_Festuca.versicolor_PA2_RUN1_GLM.tif
[18:02:31] 	> Projecting Festuca.versicolor_PA2_RUN1_GBM ...
[18:02:32] 		Writing projection on hard drive...
[18:02:32] 		 /work/data/output/Festuca.versicolor/proj_gfdl.esm4_ssp370/individual_projections/proj_gfdl.esm4_ssp370_Festuca.versicolor_PA2_RUN1_GBM.tif
[18:03:54] 	> Projecting Festuca.versicolor_PA2_RUN1_ANN ...
[18:03:55] 		Writing projection on hard drive...
[18:03:55] 		 /work/data/output/Festuca.versicolor/proj_gfdl.esm4_ssp370/individual_projections/proj_gfdl.esm4_ssp370_Festuca.versicolor_PA2_RUN1_ANN.tif
[18:04:58] 	> Projecting Festuca.versicolor_PA2_RUN1_FDA ...
[18:04:59] 		Writing projection on hard drive...
[18:04:59] 		 /work/data/output/Festuca.versicolor/proj_gfdl.esm4_ssp370/individual_projections/proj_gfdl.esm4_ssp370_Festuca.versicolor_PA2_RUN1_FDA.tif
[18:05:22] 	> Projecting Festuca.versicolor_PA2_RUN1_MAXNET ...
[18:05:23] 		Writing projection on hard drive...
[18:05:23] 		 /work/data/output/Festuca.versicolor/proj_gfdl.esm4_ssp370/individual_projections/proj_gfdl.esm4_ssp370_Festuca.versicolor_PA2_RUN1_MAXNET.tif
[18:06:03] 	> Projecting Festuca.versicolor_PA2_RUN2_GLM ...
[18:06:04] 		Writing projection on hard drive...
[18:06:04] 		 /work/data/output/Festuca.versicolor/proj_gfdl.esm4_ssp370/individual_projections/proj_gfdl.esm4_ssp370_Festuca.versicolor_PA2_RUN2_GLM.tif
[18:16:26] 	> Projecting Festuca.versicolor_PA2_RUN2_GBM ...
[18:16:27] 		Writing projection on hard drive...
[18:16:27] 		 /work/data/output/Festuca.versicolor/proj_gfdl.esm4_ssp370/individual_projections/proj_gfdl.esm4_ssp370_Festuca.versicolor_PA2_RUN2_GBM.tif
[18:17:40] 	> Projecting Festuca.versicolor_PA2_RUN2_ANN ...
[18:17:46] 		Writing projection on hard drive...
[18:17:46] 		 /work/data/output/Festuca.versicolor/proj_gfdl.esm4_ssp370/individual_projections/proj_gfdl.esm4_ssp370_Festuca.versicolor_PA2_RUN2_ANN.tif
[18:18:27] 	> Projecting Festuca.versicolor_PA2_RUN2_FDA ...
[18:18:28] 		Writing projection on hard drive...
[18:18:28] 		 /work/data/output/Festuca.versicolor/proj_gfdl.esm4_ssp370/individual_projections/proj_gfdl.esm4_ssp370_Festuca.versicolor_PA2_RUN2_FDA.tif
[18:18:50] 	> Projecting Festuca.versicolor_PA2_RUN2_MAXNET ...
[18:18:50] 		Writing projection on hard drive...
[18:18:50] 		 /work/data/output/Festuca.versicolor/proj_gfdl.esm4_ssp370/individual_projections/proj_gfdl.esm4_ssp370_Festuca.versicolor_PA2_RUN2_MAXNET.tif
[18:19:17] 	> Projecting Festuca.versicolor_PA2_RUN3_GLM ...
[18:19:18] 		Writing projection on hard drive...
[18:19:18] 		 /work/data/output/Festuca.versicolor/proj_gfdl.esm4_ssp370/individual_projections/proj_gfdl.esm4_ssp370_Festuca.versicolor_PA2_RUN3_GLM.tif
[18:28:30] 	> Projecting Festuca.versicolor_PA2_RUN3_GBM ...
[18:28:31] 		Writing projection on hard drive...
[18:28:31] 		 /work/data/output/Festuca.versicolor/proj_gfdl.esm4_ssp370/individual_projections/proj_gfdl.esm4_ssp370_Festuca.versicolor_PA2_RUN3_GBM.tif
[18:29:27] 	> Projecting Festuca.versicolor_PA2_RUN3_ANN ...
[18:29:27] 		Writing projection on hard drive...
[18:29:27] 		 /work/data/output/Festuca.versicolor/proj_gfdl.esm4_ssp370/individual_projections/proj_gfdl.esm4_ssp370_Festuca.versicolor_PA2_RUN3_ANN.tif
[18:30:22] 	> Projecting Festuca.versicolor_PA2_RUN3_FDA ...
[18:30:23] 		Writing projection on hard drive...
[18:30:23] 		 /work/data/output/Festuca.versicolor/proj_gfdl.esm4_ssp370/individual_projections/proj_gfdl.esm4_ssp370_Festuca.versicolor_PA2_RUN3_FDA.tif
[18:30:49] 	> Projecting Festuca.versicolor_PA2_RUN3_MAXNET ...
[18:30:50] 		Writing projection on hard drive...
[18:30:50] 		 /work/data/output/Festuca.versicolor/proj_gfdl.esm4_ssp370/individual_projections/proj_gfdl.esm4_ssp370_Festuca.versicolor_PA2_RUN3_MAXNET.tif
[18:31:36] 	> Projecting Festuca.versicolor_PA2_RUN4_GLM ...
[18:31:37] 		Writing projection on hard drive...
[18:31:37] 		 /work/data/output/Festuca.versicolor/proj_gfdl.esm4_ssp370/individual_projections/proj_gfdl.esm4_ssp370_Festuca.versicolor_PA2_RUN4_GLM.tif
[18:44:39] 	> Projecting Festuca.versicolor_PA2_RUN4_GBM ...
[18:44:40] 		Writing projection on hard drive...
[18:44:40] 		 /work/data/output/Festuca.versicolor/proj_gfdl.esm4_ssp370/individual_projections/proj_gfdl.esm4_ssp370_Festuca.versicolor_PA2_RUN4_GBM.tif
[18:46:14] 	> Projecting Festuca.versicolor_PA2_RUN4_ANN ...
[18:46:15] 		Writing projection on hard drive...
[18:46:15] 		 /work/data/output/Festuca.versicolor/proj_gfdl.esm4_ssp370/individual_projections/proj_gfdl.esm4_ssp370_Festuca.versicolor_PA2_RUN4_ANN.tif
[18:47:16] 	> Projecting Festuca.versicolor_PA2_RUN4_FDA ...
[18:47:17] 		Writing projection on hard drive...
[18:47:17] 		 /work/data/output/Festuca.versicolor/proj_gfdl.esm4_ssp370/individual_projections/proj_gfdl.esm4_ssp370_Festuca.versicolor_PA2_RUN4_FDA.tif
[18:47:46] 	> Projecting Festuca.versicolor_PA2_RUN4_MAXNET ...
[18:47:47] 		Writing projection on hard drive...
[18:47:47] 		 /work/data/output/Festuca.versicolor/proj_gfdl.esm4_ssp370/individual_projections/proj_gfdl.esm4_ssp370_Festuca.versicolor_PA2_RUN4_MAXNET.tif
[18:48:34] 	> Projecting Festuca.versicolor_PA2_RUN5_GLM ...
[18:48:34] 		Writing projection on hard drive...
[18:48:34] 		 /work/data/output/Festuca.versicolor/proj_gfdl.esm4_ssp370/individual_projections/proj_gfdl.esm4_ssp370_Festuca.versicolor_PA2_RUN5_GLM.tif
[19:00:51] 	> Projecting Festuca.versicolor_PA2_RUN5_GBM ...
[19:00:51] 		Writing projection on hard drive...
[19:00:51] 		 /work/data/output/Festuca.versicolor/proj_gfdl.esm4_ssp370/individual_projections/proj_gfdl.esm4_ssp370_Festuca.versicolor_PA2_RUN5_GBM.tif
[19:01:50] 	> Projecting Festuca.versicolor_PA2_RUN5_ANN ...
[19:01:50] 		Writing projection on hard drive...
[19:01:50] 		 /work/data/output/Festuca.versicolor/proj_gfdl.esm4_ssp370/individual_projections/proj_gfdl.esm4_ssp370_Festuca.versicolor_PA2_RUN5_ANN.tif
[19:02:35] 	> Projecting Festuca.versicolor_PA2_RUN5_FDA ...
[19:02:36] 		Writing projection on hard drive...
[19:02:36] 		 /work/data/output/Festuca.versicolor/proj_gfdl.esm4_ssp370/individual_projections/proj_gfdl.esm4_ssp370_Festuca.versicolor_PA2_RUN5_FDA.tif
[19:02:59] 	> Projecting Festuca.versicolor_PA2_RUN5_MAXNET ...
[19:02:59] 		Writing projection on hard drive...
[19:02:59] 		 /work/data/output/Festuca.versicolor/proj_gfdl.esm4_ssp370/individual_projections/proj_gfdl.esm4_ssp370_Festuca.versicolor_PA2_RUN5_MAXNET.tif
[19:03:45] 	> Projecting Festuca.versicolor_PA3_RUN1_GLM ...
[19:03:46] 		Writing projection on hard drive...
[19:03:46] 		 /work/data/output/Festuca.versicolor/proj_gfdl.esm4_ssp370/individual_projections/proj_gfdl.esm4_ssp370_Festuca.versicolor_PA3_RUN1_GLM.tif
[19:16:34] 	> Projecting Festuca.versicolor_PA3_RUN1_GBM ...
[19:16:35] 		Writing projection on hard drive...
[19:16:35] 		 /work/data/output/Festuca.versicolor/proj_gfdl.esm4_ssp370/individual_projections/proj_gfdl.esm4_ssp370_Festuca.versicolor_PA3_RUN1_GBM.tif
[19:18:04] 	> Projecting Festuca.versicolor_PA3_RUN1_ANN ...
[19:18:04] 		Writing projection on hard drive...
[19:18:04] 		 /work/data/output/Festuca.versicolor/proj_gfdl.esm4_ssp370/individual_projections/proj_gfdl.esm4_ssp370_Festuca.versicolor_PA3_RUN1_ANN.tif
[19:18:55] 	> Projecting Festuca.versicolor_PA3_RUN1_FDA ...
[19:18:56] 		Writing projection on hard drive...
[19:18:56] 		 /work/data/output/Festuca.versicolor/proj_gfdl.esm4_ssp370/individual_projections/proj_gfdl.esm4_ssp370_Festuca.versicolor_PA3_RUN1_FDA.tif
[19:19:24] 	> Projecting Festuca.versicolor_PA3_RUN1_MAXNET ...
[19:19:24] 		Writing projection on hard drive...
[19:19:24] 		 /work/data/output/Festuca.versicolor/proj_gfdl.esm4_ssp370/individual_projections/proj_gfdl.esm4_ssp370_Festuca.versicolor_PA3_RUN1_MAXNET.tif
[19:19:58] 	> Projecting Festuca.versicolor_PA3_RUN2_GLM ...
[19:19:59] 		Writing projection on hard drive...
[19:19:59] 		 /work/data/output/Festuca.versicolor/proj_gfdl.esm4_ssp370/individual_projections/proj_gfdl.esm4_ssp370_Festuca.versicolor_PA3_RUN2_GLM.tif
[19:33:04] 	> Projecting Festuca.versicolor_PA3_RUN2_GBM ...
[19:33:05] 		Writing projection on hard drive...
[19:33:05] 		 /work/data/output/Festuca.versicolor/proj_gfdl.esm4_ssp370/individual_projections/proj_gfdl.esm4_ssp370_Festuca.versicolor_PA3_RUN2_GBM.tif
[19:34:16] 	> Projecting Festuca.versicolor_PA3_RUN2_ANN ...
[19:34:16] 		Writing projection on hard drive...
[19:34:16] 		 /work/data/output/Festuca.versicolor/proj_gfdl.esm4_ssp370/individual_projections/proj_gfdl.esm4_ssp370_Festuca.versicolor_PA3_RUN2_ANN.tif
[19:35:04] 	> Projecting Festuca.versicolor_PA3_RUN2_FDA ...
[19:35:05] 		Writing projection on hard drive...
[19:35:05] 		 /work/data/output/Festuca.versicolor/proj_gfdl.esm4_ssp370/individual_projections/proj_gfdl.esm4_ssp370_Festuca.versicolor_PA3_RUN2_FDA.tif
[19:35:31] 	> Projecting Festuca.versicolor_PA3_RUN2_MAXNET ...
[19:35:32] 		Writing projection on hard drive...
[19:35:32] 		 /work/data/output/Festuca.versicolor/proj_gfdl.esm4_ssp370/individual_projections/proj_gfdl.esm4_ssp370_Festuca.versicolor_PA3_RUN2_MAXNET.tif
[19:36:07] 	> Projecting Festuca.versicolor_PA3_RUN3_GLM ...
[19:36:08] 		Writing projection on hard drive...
[19:36:08] 		 /work/data/output/Festuca.versicolor/proj_gfdl.esm4_ssp370/individual_projections/proj_gfdl.esm4_ssp370_Festuca.versicolor_PA3_RUN3_GLM.tif
[19:46:03] 	> Projecting Festuca.versicolor_PA3_RUN3_GBM ...
[19:46:04] 		Writing projection on hard drive...
[19:46:04] 		 /work/data/output/Festuca.versicolor/proj_gfdl.esm4_ssp370/individual_projections/proj_gfdl.esm4_ssp370_Festuca.versicolor_PA3_RUN3_GBM.tif
[19:47:16] 	> Projecting Festuca.versicolor_PA3_RUN3_ANN ...
[19:47:17] 		Writing projection on hard drive...
[19:47:17] 		 /work/data/output/Festuca.versicolor/proj_gfdl.esm4_ssp370/individual_projections/proj_gfdl.esm4_ssp370_Festuca.versicolor_PA3_RUN3_ANN.tif
[19:48:05] 	> Projecting Festuca.versicolor_PA3_RUN3_FDA ...
[19:48:06] 		Writing projection on hard drive...
[19:48:06] 		 /work/data/output/Festuca.versicolor/proj_gfdl.esm4_ssp370/individual_projections/proj_gfdl.esm4_ssp370_Festuca.versicolor_PA3_RUN3_FDA.tif
[19:48:33] 	> Projecting Festuca.versicolor_PA3_RUN3_MAXNET ...
[19:48:34] 		Writing projection on hard drive...
[19:48:34] 		 /work/data/output/Festuca.versicolor/proj_gfdl.esm4_ssp370/individual_projections/proj_gfdl.esm4_ssp370_Festuca.versicolor_PA3_RUN3_MAXNET.tif
[19:49:11] 	> Projecting Festuca.versicolor_PA3_RUN4_GLM ...
[19:49:12] 		Writing projection on hard drive...
[19:49:12] 		 /work/data/output/Festuca.versicolor/proj_gfdl.esm4_ssp370/individual_projections/proj_gfdl.esm4_ssp370_Festuca.versicolor_PA3_RUN4_GLM.tif
[20:01:19] 	> Projecting Festuca.versicolor_PA3_RUN4_GBM ...
[20:01:19] 		Writing projection on hard drive...
[20:01:19] 		 /work/data/output/Festuca.versicolor/proj_gfdl.esm4_ssp370/individual_projections/proj_gfdl.esm4_ssp370_Festuca.versicolor_PA3_RUN4_GBM.tif
[20:02:19] 	> Projecting Festuca.versicolor_PA3_RUN4_ANN ...
[20:02:20] 		Writing projection on hard drive...
[20:02:20] 		 /work/data/output/Festuca.versicolor/proj_gfdl.esm4_ssp370/individual_projections/proj_gfdl.esm4_ssp370_Festuca.versicolor_PA3_RUN4_ANN.tif
[20:03:04] 	> Projecting Festuca.versicolor_PA3_RUN4_FDA ...
[20:03:05] 		Writing projection on hard drive...
[20:03:05] 		 /work/data/output/Festuca.versicolor/proj_gfdl.esm4_ssp370/individual_projections/proj_gfdl.esm4_ssp370_Festuca.versicolor_PA3_RUN4_FDA.tif
[20:03:30] 	> Projecting Festuca.versicolor_PA3_RUN4_MAXNET ...
[20:03:31] 		Writing projection on hard drive...
[20:03:31] 		 /work/data/output/Festuca.versicolor/proj_gfdl.esm4_ssp370/individual_projections/proj_gfdl.esm4_ssp370_Festuca.versicolor_PA3_RUN4_MAXNET.tif
[20:04:11] 	> Projecting Festuca.versicolor_PA3_RUN5_GLM ...
[20:04:12] 		Writing projection on hard drive...
[20:04:12] 		 /work/data/output/Festuca.versicolor/proj_gfdl.esm4_ssp370/individual_projections/proj_gfdl.esm4_ssp370_Festuca.versicolor_PA3_RUN5_GLM.tif
[20:17:02] 	> Projecting Festuca.versicolor_PA3_RUN5_GBM ...
[20:17:03] 		Writing projection on hard drive...
[20:17:03] 		 /work/data/output/Festuca.versicolor/proj_gfdl.esm4_ssp370/individual_projections/proj_gfdl.esm4_ssp370_Festuca.versicolor_PA3_RUN5_GBM.tif
[20:18:14] 	> Projecting Festuca.versicolor_PA3_RUN5_ANN ...
[20:18:15] 		Writing projection on hard drive...
[20:18:15] 		 /work/data/output/Festuca.versicolor/proj_gfdl.esm4_ssp370/individual_projections/proj_gfdl.esm4_ssp370_Festuca.versicolor_PA3_RUN5_ANN.tif
[20:19:09] 	> Projecting Festuca.versicolor_PA3_RUN5_FDA ...
[20:19:10] 		Writing projection on hard drive...
[20:19:10] 		 /work/data/output/Festuca.versicolor/proj_gfdl.esm4_ssp370/individual_projections/proj_gfdl.esm4_ssp370_Festuca.versicolor_PA3_RUN5_FDA.tif
[20:19:37] 	> Projecting Festuca.versicolor_PA3_RUN5_MAXNET ...
[20:19:37] 		Writing projection on hard drive...
[20:19:37] 		 /work/data/output/Festuca.versicolor/proj_gfdl.esm4_ssp370/individual_projections/proj_gfdl.esm4_ssp370_Festuca.versicolor_PA3_RUN5_MAXNET.tif
[20:20:16] 	> Projecting Festuca.versicolor_PA4_RUN1_GLM ...
[20:20:17] 		Writing projection on hard drive...
[20:20:17] 		 /work/data/output/Festuca.versicolor/proj_gfdl.esm4_ssp370/individual_projections/proj_gfdl.esm4_ssp370_Festuca.versicolor_PA4_RUN1_GLM.tif
[20:33:01] 	> Projecting Festuca.versicolor_PA4_RUN1_GBM ...
[20:33:02] 		Writing projection on hard drive...
[20:33:02] 		 /work/data/output/Festuca.versicolor/proj_gfdl.esm4_ssp370/individual_projections/proj_gfdl.esm4_ssp370_Festuca.versicolor_PA4_RUN1_GBM.tif
[20:34:02] 	> Projecting Festuca.versicolor_PA4_RUN1_ANN ...
[20:34:03] 		Writing projection on hard drive...
[20:34:03] 		 /work/data/output/Festuca.versicolor/proj_gfdl.esm4_ssp370/individual_projections/proj_gfdl.esm4_ssp370_Festuca.versicolor_PA4_RUN1_ANN.tif
[20:34:48] 	> Projecting Festuca.versicolor_PA4_RUN1_FDA ...
[20:34:49] 		Writing projection on hard drive...
[20:34:49] 		 /work/data/output/Festuca.versicolor/proj_gfdl.esm4_ssp370/individual_projections/proj_gfdl.esm4_ssp370_Festuca.versicolor_PA4_RUN1_FDA.tif
[20:35:17] 	> Projecting Festuca.versicolor_PA4_RUN1_MAXNET ...
[20:35:18] 		Writing projection on hard drive...
[20:35:18] 		 /work/data/output/Festuca.versicolor/proj_gfdl.esm4_ssp370/individual_projections/proj_gfdl.esm4_ssp370_Festuca.versicolor_PA4_RUN1_MAXNET.tif
[20:35:57] 	> Projecting Festuca.versicolor_PA4_RUN2_GLM ...
[20:35:57] 		Writing projection on hard drive...
[20:35:57] 		 /work/data/output/Festuca.versicolor/proj_gfdl.esm4_ssp370/individual_projections/proj_gfdl.esm4_ssp370_Festuca.versicolor_PA4_RUN2_GLM.tif
[20:45:58] 	> Projecting Festuca.versicolor_PA4_RUN2_GBM ...
[20:45:59] 		Writing projection on hard drive...
[20:45:59] 		 /work/data/output/Festuca.versicolor/proj_gfdl.esm4_ssp370/individual_projections/proj_gfdl.esm4_ssp370_Festuca.versicolor_PA4_RUN2_GBM.tif
[20:47:05] 	> Projecting Festuca.versicolor_PA4_RUN2_ANN ...
[20:47:05] 		Writing projection on hard drive...
[20:47:05] 		 /work/data/output/Festuca.versicolor/proj_gfdl.esm4_ssp370/individual_projections/proj_gfdl.esm4_ssp370_Festuca.versicolor_PA4_RUN2_ANN.tif
[20:47:56] 	> Projecting Festuca.versicolor_PA4_RUN2_FDA ...
[20:47:57] 		Writing projection on hard drive...
[20:47:57] 		 /work/data/output/Festuca.versicolor/proj_gfdl.esm4_ssp370/individual_projections/proj_gfdl.esm4_ssp370_Festuca.versicolor_PA4_RUN2_FDA.tif
[20:48:21] 	> Projecting Festuca.versicolor_PA4_RUN2_MAXNET ...
[20:48:22] 		Writing projection on hard drive...
[20:48:22] 		 /work/data/output/Festuca.versicolor/proj_gfdl.esm4_ssp370/individual_projections/proj_gfdl.esm4_ssp370_Festuca.versicolor_PA4_RUN2_MAXNET.tif
[20:49:00] 	> Projecting Festuca.versicolor_PA4_RUN3_GLM ...
[20:49:01] 		Writing projection on hard drive...
[20:49:01] 		 /work/data/output/Festuca.versicolor/proj_gfdl.esm4_ssp370/individual_projections/proj_gfdl.esm4_ssp370_Festuca.versicolor_PA4_RUN3_GLM.tif
[21:01:53] 	> Projecting Festuca.versicolor_PA4_RUN3_GBM ...
[21:01:53] 		Writing projection on hard drive...
[21:01:53] 		 /work/data/output/Festuca.versicolor/proj_gfdl.esm4_ssp370/individual_projections/proj_gfdl.esm4_ssp370_Festuca.versicolor_PA4_RUN3_GBM.tif
[21:03:03] 	> Projecting Festuca.versicolor_PA4_RUN3_ANN ...
[21:03:03] 		Writing projection on hard drive...
[21:03:03] 		 /work/data/output/Festuca.versicolor/proj_gfdl.esm4_ssp370/individual_projections/proj_gfdl.esm4_ssp370_Festuca.versicolor_PA4_RUN3_ANN.tif
[21:03:53] 	> Projecting Festuca.versicolor_PA4_RUN3_FDA ...
[21:03:54] 		Writing projection on hard drive...
[21:03:54] 		 /work/data/output/Festuca.versicolor/proj_gfdl.esm4_ssp370/individual_projections/proj_gfdl.esm4_ssp370_Festuca.versicolor_PA4_RUN3_FDA.tif
[21:04:19] 	> Projecting Festuca.versicolor_PA4_RUN3_MAXNET ...
[21:04:20] 		Writing projection on hard drive...
[21:04:20] 		 /work/data/output/Festuca.versicolor/proj_gfdl.esm4_ssp370/individual_projections/proj_gfdl.esm4_ssp370_Festuca.versicolor_PA4_RUN3_MAXNET.tif
[21:04:57] 	> Projecting Festuca.versicolor_PA4_RUN4_GLM ...
[21:04:58] 		Writing projection on hard drive...
[21:04:58] 		 /work/data/output/Festuca.versicolor/proj_gfdl.esm4_ssp370/individual_projections/proj_gfdl.esm4_ssp370_Festuca.versicolor_PA4_RUN4_GLM.tif
[21:17:14] 	> Projecting Festuca.versicolor_PA4_RUN4_GBM ...
[21:17:15] 		Writing projection on hard drive...
[21:17:15] 		 /work/data/output/Festuca.versicolor/proj_gfdl.esm4_ssp370/individual_projections/proj_gfdl.esm4_ssp370_Festuca.versicolor_PA4_RUN4_GBM.tif
[21:18:25] 	> Projecting Festuca.versicolor_PA4_RUN4_ANN ...
[21:18:26] 		Writing projection on hard drive...
[21:18:26] 		 /work/data/output/Festuca.versicolor/proj_gfdl.esm4_ssp370/individual_projections/proj_gfdl.esm4_ssp370_Festuca.versicolor_PA4_RUN4_ANN.tif
[21:19:18] 	> Projecting Festuca.versicolor_PA4_RUN4_FDA ...
[21:19:19] 		Writing projection on hard drive...
[21:19:19] 		 /work/data/output/Festuca.versicolor/proj_gfdl.esm4_ssp370/individual_projections/proj_gfdl.esm4_ssp370_Festuca.versicolor_PA4_RUN4_FDA.tif
[21:19:41] 	> Projecting Festuca.versicolor_PA4_RUN4_MAXNET ...
[21:19:42] 		Writing projection on hard drive...
[21:19:42] 		 /work/data/output/Festuca.versicolor/proj_gfdl.esm4_ssp370/individual_projections/proj_gfdl.esm4_ssp370_Festuca.versicolor_PA4_RUN4_MAXNET.tif
[21:20:16] 	> Projecting Festuca.versicolor_PA4_RUN5_GLM ...
[21:20:17] 		Writing projection on hard drive...
[21:20:17] 		 /work/data/output/Festuca.versicolor/proj_gfdl.esm4_ssp370/individual_projections/proj_gfdl.esm4_ssp370_Festuca.versicolor_PA4_RUN5_GLM.tif
[21:29:45] 	> Projecting Festuca.versicolor_PA4_RUN5_GBM ...
[21:29:45] 		Writing projection on hard drive...
[21:29:45] 		 /work/data/output/Festuca.versicolor/proj_gfdl.esm4_ssp370/individual_projections/proj_gfdl.esm4_ssp370_Festuca.versicolor_PA4_RUN5_GBM.tif
[21:30:45] 	> Projecting Festuca.versicolor_PA4_RUN5_ANN ...
[21:30:46] 		Writing projection on hard drive...
[21:30:46] 		 /work/data/output/Festuca.versicolor/proj_gfdl.esm4_ssp370/individual_projections/proj_gfdl.esm4_ssp370_Festuca.versicolor_PA4_RUN5_ANN.tif
[21:31:34] 	> Projecting Festuca.versicolor_PA4_RUN5_FDA ...
[21:31:35] 		Writing projection on hard drive...
[21:31:35] 		 /work/data/output/Festuca.versicolor/proj_gfdl.esm4_ssp370/individual_projections/proj_gfdl.esm4_ssp370_Festuca.versicolor_PA4_RUN5_FDA.tif
[21:31:59] 	> Projecting Festuca.versicolor_PA4_RUN5_MAXNET ...
[21:32:00] 		Writing projection on hard drive...
[21:32:00] 		 /work/data/output/Festuca.versicolor/proj_gfdl.esm4_ssp370/individual_projections/proj_gfdl.esm4_ssp370_Festuca.versicolor_PA4_RUN5_MAXNET.tif
[21:32:38] 	> Projecting Festuca.versicolor_PA5_RUN1_GLM ...
[21:32:39] 		Writing projection on hard drive...
[21:32:39] 		 /work/data/output/Festuca.versicolor/proj_gfdl.esm4_ssp370/individual_projections/proj_gfdl.esm4_ssp370_Festuca.versicolor_PA5_RUN1_GLM.tif
[21:42:34] 	> Projecting Festuca.versicolor_PA5_RUN1_GBM ...
[21:42:35] 		Writing projection on hard drive...
[21:42:35] 		 /work/data/output/Festuca.versicolor/proj_gfdl.esm4_ssp370/individual_projections/proj_gfdl.esm4_ssp370_Festuca.versicolor_PA5_RUN1_GBM.tif
[21:43:43] 	> Projecting Festuca.versicolor_PA5_RUN1_ANN ...
[21:43:44] 		Writing projection on hard drive...
[21:43:44] 		 /work/data/output/Festuca.versicolor/proj_gfdl.esm4_ssp370/individual_projections/proj_gfdl.esm4_ssp370_Festuca.versicolor_PA5_RUN1_ANN.tif
[21:44:33] 	> Projecting Festuca.versicolor_PA5_RUN1_FDA ...
[21:44:34] 		Writing projection on hard drive...
[21:44:34] 		 /work/data/output/Festuca.versicolor/proj_gfdl.esm4_ssp370/individual_projections/proj_gfdl.esm4_ssp370_Festuca.versicolor_PA5_RUN1_FDA.tif
[21:44:57] 	> Projecting Festuca.versicolor_PA5_RUN1_MAXNET ...
[21:44:57] 		Writing projection on hard drive...
[21:44:57] 		 /work/data/output/Festuca.versicolor/proj_gfdl.esm4_ssp370/individual_projections/proj_gfdl.esm4_ssp370_Festuca.versicolor_PA5_RUN1_MAXNET.tif
[21:45:37] 	> Projecting Festuca.versicolor_PA5_RUN2_GLM ...
[21:45:38] 		Writing projection on hard drive...
[21:45:38] 		 /work/data/output/Festuca.versicolor/proj_gfdl.esm4_ssp370/individual_projections/proj_gfdl.esm4_ssp370_Festuca.versicolor_PA5_RUN2_GLM.tif
[21:54:49] 	> Projecting Festuca.versicolor_PA5_RUN2_GBM ...
[21:54:50] 		Writing projection on hard drive...
[21:54:50] 		 /work/data/output/Festuca.versicolor/proj_gfdl.esm4_ssp370/individual_projections/proj_gfdl.esm4_ssp370_Festuca.versicolor_PA5_RUN2_GBM.tif
[21:56:01] 	> Projecting Festuca.versicolor_PA5_RUN2_ANN ...
[21:56:01] 		Writing projection on hard drive...
[21:56:01] 		 /work/data/output/Festuca.versicolor/proj_gfdl.esm4_ssp370/individual_projections/proj_gfdl.esm4_ssp370_Festuca.versicolor_PA5_RUN2_ANN.tif
[21:56:51] 	> Projecting Festuca.versicolor_PA5_RUN2_FDA ...
[21:56:52] 		Writing projection on hard drive...
[21:56:52] 		 /work/data/output/Festuca.versicolor/proj_gfdl.esm4_ssp370/individual_projections/proj_gfdl.esm4_ssp370_Festuca.versicolor_PA5_RUN2_FDA.tif
[21:57:16] 	> Projecting Festuca.versicolor_PA5_RUN2_MAXNET ...
[21:57:17] 		Writing projection on hard drive...
[21:57:17] 		 /work/data/output/Festuca.versicolor/proj_gfdl.esm4_ssp370/individual_projections/proj_gfdl.esm4_ssp370_Festuca.versicolor_PA5_RUN2_MAXNET.tif
[21:57:54] 	> Projecting Festuca.versicolor_PA5_RUN3_GLM ...
[21:57:55] 		Writing projection on hard drive...
[21:57:55] 		 /work/data/output/Festuca.versicolor/proj_gfdl.esm4_ssp370/individual_projections/proj_gfdl.esm4_ssp370_Festuca.versicolor_PA5_RUN3_GLM.tif
[22:10:08] 	> Projecting Festuca.versicolor_PA5_RUN3_GBM ...
[22:10:09] 		Writing projection on hard drive...
[22:10:09] 		 /work/data/output/Festuca.versicolor/proj_gfdl.esm4_ssp370/individual_projections/proj_gfdl.esm4_ssp370_Festuca.versicolor_PA5_RUN3_GBM.tif
[22:11:15] 	> Projecting Festuca.versicolor_PA5_RUN3_ANN ...
[22:11:16] 		Writing projection on hard drive...
[22:11:16] 		 /work/data/output/Festuca.versicolor/proj_gfdl.esm4_ssp370/individual_projections/proj_gfdl.esm4_ssp370_Festuca.versicolor_PA5_RUN3_ANN.tif
[22:12:06] 	> Projecting Festuca.versicolor_PA5_RUN3_FDA ...
[22:12:07] 		Writing projection on hard drive...
[22:12:07] 		 /work/data/output/Festuca.versicolor/proj_gfdl.esm4_ssp370/individual_projections/proj_gfdl.esm4_ssp370_Festuca.versicolor_PA5_RUN3_FDA.tif
[22:12:32] 	> Projecting Festuca.versicolor_PA5_RUN3_MAXNET ...
[22:12:33] 		Writing projection on hard drive...
[22:12:33] 		 /work/data/output/Festuca.versicolor/proj_gfdl.esm4_ssp370/individual_projections/proj_gfdl.esm4_ssp370_Festuca.versicolor_PA5_RUN3_MAXNET.tif
[22:13:11] 	> Projecting Festuca.versicolor_PA5_RUN4_GLM ...
[22:13:11] 		Writing projection on hard drive...
[22:13:11] 		 /work/data/output/Festuca.versicolor/proj_gfdl.esm4_ssp370/individual_projections/proj_gfdl.esm4_ssp370_Festuca.versicolor_PA5_RUN4_GLM.tif
[22:23:25] 	> Projecting Festuca.versicolor_PA5_RUN4_GBM ...
[22:23:26] 		Writing projection on hard drive...
[22:23:26] 		 /work/data/output/Festuca.versicolor/proj_gfdl.esm4_ssp370/individual_projections/proj_gfdl.esm4_ssp370_Festuca.versicolor_PA5_RUN4_GBM.tif
[22:24:23] 	> Projecting Festuca.versicolor_PA5_RUN4_ANN ...
[22:24:24] 		Writing projection on hard drive...
[22:24:24] 		 /work/data/output/Festuca.versicolor/proj_gfdl.esm4_ssp370/individual_projections/proj_gfdl.esm4_ssp370_Festuca.versicolor_PA5_RUN4_ANN.tif
[22:25:14] 	> Projecting Festuca.versicolor_PA5_RUN4_FDA ...
[22:25:15] 		Writing projection on hard drive...
[22:25:15] 		 /work/data/output/Festuca.versicolor/proj_gfdl.esm4_ssp370/individual_projections/proj_gfdl.esm4_ssp370_Festuca.versicolor_PA5_RUN4_FDA.tif
[22:25:37] 	> Projecting Festuca.versicolor_PA5_RUN4_MAXNET ...
[22:25:38] 		Writing projection on hard drive...
[22:25:38] 		 /work/data/output/Festuca.versicolor/proj_gfdl.esm4_ssp370/individual_projections/proj_gfdl.esm4_ssp370_Festuca.versicolor_PA5_RUN4_MAXNET.tif
[22:26:16] 	> Projecting Festuca.versicolor_PA5_RUN5_GLM ...
[22:26:17] 		Writing projection on hard drive...
[22:26:17] 		 /work/data/output/Festuca.versicolor/proj_gfdl.esm4_ssp370/individual_projections/proj_gfdl.esm4_ssp370_Festuca.versicolor_PA5_RUN5_GLM.tif
[22:38:22] 	> Projecting Festuca.versicolor_PA5_RUN5_GBM ...
[22:38:24] 		Writing projection on hard drive...
[22:38:24] 		 /work/data/output/Festuca.versicolor/proj_gfdl.esm4_ssp370/individual_projections/proj_gfdl.esm4_ssp370_Festuca.versicolor_PA5_RUN5_GBM.tif
[22:39:24] 	> Projecting Festuca.versicolor_PA5_RUN5_ANN ...
[22:39:24] 		Writing projection on hard drive...
[22:39:24] 		 /work/data/output/Festuca.versicolor/proj_gfdl.esm4_ssp370/individual_projections/proj_gfdl.esm4_ssp370_Festuca.versicolor_PA5_RUN5_ANN.tif
[22:40:13] 	> Projecting Festuca.versicolor_PA5_RUN5_FDA ...
[22:40:14] 		Writing projection on hard drive...
[22:40:14] 		 /work/data/output/Festuca.versicolor/proj_gfdl.esm4_ssp370/individual_projections/proj_gfdl.esm4_ssp370_Festuca.versicolor_PA5_RUN5_FDA.tif
[22:40:39] 	> Projecting Festuca.versicolor_PA5_RUN5_MAXNET ...
[22:40:40] 		Writing projection on hard drive...
[22:40:40] 		 /work/data/output/Festuca.versicolor/proj_gfdl.esm4_ssp370/individual_projections/proj_gfdl.esm4_ssp370_Festuca.versicolor_PA5_RUN5_MAXNET.tif
[22:41:17] 	> Projecting Festuca.versicolor_PA6_RUN1_GLM ...
[22:41:18] 		Writing projection on hard drive...
[22:41:18] 		 /work/data/output/Festuca.versicolor/proj_gfdl.esm4_ssp370/individual_projections/proj_gfdl.esm4_ssp370_Festuca.versicolor_PA6_RUN1_GLM.tif
[22:54:10] 	> Projecting Festuca.versicolor_PA6_RUN1_GBM ...
[22:54:10] 		Writing projection on hard drive...
[22:54:10] 		 /work/data/output/Festuca.versicolor/proj_gfdl.esm4_ssp370/individual_projections/proj_gfdl.esm4_ssp370_Festuca.versicolor_PA6_RUN1_GBM.tif
[22:55:11] 	> Projecting Festuca.versicolor_PA6_RUN1_ANN ...
[22:55:11] 		Writing projection on hard drive...
[22:55:11] 		 /work/data/output/Festuca.versicolor/proj_gfdl.esm4_ssp370/individual_projections/proj_gfdl.esm4_ssp370_Festuca.versicolor_PA6_RUN1_ANN.tif
[22:56:00] 	> Projecting Festuca.versicolor_PA6_RUN1_FDA ...
[22:56:01] 		Writing projection on hard drive...
[22:56:01] 		 /work/data/output/Festuca.versicolor/proj_gfdl.esm4_ssp370/individual_projections/proj_gfdl.esm4_ssp370_Festuca.versicolor_PA6_RUN1_FDA.tif
[22:56:26] 	> Projecting Festuca.versicolor_PA6_RUN1_MAXNET ...
[22:56:27] 		Writing projection on hard drive...
[22:56:27] 		 /work/data/output/Festuca.versicolor/proj_gfdl.esm4_ssp370/individual_projections/proj_gfdl.esm4_ssp370_Festuca.versicolor_PA6_RUN1_MAXNET.tif
[22:57:06] 	> Projecting Festuca.versicolor_PA6_RUN2_GLM ...
[22:57:07] 		Writing projection on hard drive...
[22:57:07] 		 /work/data/output/Festuca.versicolor/proj_gfdl.esm4_ssp370/individual_projections/proj_gfdl.esm4_ssp370_Festuca.versicolor_PA6_RUN2_GLM.tif
[23:09:50] 	> Projecting Festuca.versicolor_PA6_RUN2_GBM ...
[23:09:51] 		Writing projection on hard drive...
[23:09:51] 		 /work/data/output/Festuca.versicolor/proj_gfdl.esm4_ssp370/individual_projections/proj_gfdl.esm4_ssp370_Festuca.versicolor_PA6_RUN2_GBM.tif
[23:11:02] 	> Projecting Festuca.versicolor_PA6_RUN2_ANN ...
[23:11:03] 		Writing projection on hard drive...
[23:11:03] 		 /work/data/output/Festuca.versicolor/proj_gfdl.esm4_ssp370/individual_projections/proj_gfdl.esm4_ssp370_Festuca.versicolor_PA6_RUN2_ANN.tif
[23:11:52] 	> Projecting Festuca.versicolor_PA6_RUN2_FDA ...
[23:11:53] 		Writing projection on hard drive...
[23:11:53] 		 /work/data/output/Festuca.versicolor/proj_gfdl.esm4_ssp370/individual_projections/proj_gfdl.esm4_ssp370_Festuca.versicolor_PA6_RUN2_FDA.tif
[23:12:16] 	> Projecting Festuca.versicolor_PA6_RUN2_MAXNET ...
[23:12:16] 		Writing projection on hard drive...
[23:12:16] 		 /work/data/output/Festuca.versicolor/proj_gfdl.esm4_ssp370/individual_projections/proj_gfdl.esm4_ssp370_Festuca.versicolor_PA6_RUN2_MAXNET.tif
[23:12:57] 	> Projecting Festuca.versicolor_PA6_RUN3_GLM ...
[23:12:58] 		Writing projection on hard drive...
[23:12:58] 		 /work/data/output/Festuca.versicolor/proj_gfdl.esm4_ssp370/individual_projections/proj_gfdl.esm4_ssp370_Festuca.versicolor_PA6_RUN3_GLM.tif
[23:25:54] 	> Projecting Festuca.versicolor_PA6_RUN3_GBM ...
[23:25:55] 		Writing projection on hard drive...
[23:25:55] 		 /work/data/output/Festuca.versicolor/proj_gfdl.esm4_ssp370/individual_projections/proj_gfdl.esm4_ssp370_Festuca.versicolor_PA6_RUN3_GBM.tif
[23:27:06] 	> Projecting Festuca.versicolor_PA6_RUN3_ANN ...
[23:27:06] 		Writing projection on hard drive...
[23:27:06] 		 /work/data/output/Festuca.versicolor/proj_gfdl.esm4_ssp370/individual_projections/proj_gfdl.esm4_ssp370_Festuca.versicolor_PA6_RUN3_ANN.tif
[23:28:01] 	> Projecting Festuca.versicolor_PA6_RUN3_FDA ...
[23:28:02] 		Writing projection on hard drive...
[23:28:02] 		 /work/data/output/Festuca.versicolor/proj_gfdl.esm4_ssp370/individual_projections/proj_gfdl.esm4_ssp370_Festuca.versicolor_PA6_RUN3_FDA.tif
[23:28:26] 	> Projecting Festuca.versicolor_PA6_RUN3_MAXNET ...
[23:28:27] 		Writing projection on hard drive...
[23:28:27] 		 /work/data/output/Festuca.versicolor/proj_gfdl.esm4_ssp370/individual_projections/proj_gfdl.esm4_ssp370_Festuca.versicolor_PA6_RUN3_MAXNET.tif
[23:29:07] 	> Projecting Festuca.versicolor_PA6_RUN4_GLM ...
[23:29:07] 		Writing projection on hard drive...
[23:29:07] 		 /work/data/output/Festuca.versicolor/proj_gfdl.esm4_ssp370/individual_projections/proj_gfdl.esm4_ssp370_Festuca.versicolor_PA6_RUN4_GLM.tif
[23:41:15] 	> Projecting Festuca.versicolor_PA6_RUN4_GBM ...
[23:41:16] 		Writing projection on hard drive...
[23:41:16] 		 /work/data/output/Festuca.versicolor/proj_gfdl.esm4_ssp370/individual_projections/proj_gfdl.esm4_ssp370_Festuca.versicolor_PA6_RUN4_GBM.tif
[23:42:27] 	> Projecting Festuca.versicolor_PA6_RUN4_ANN ...
[23:42:27] 		Writing projection on hard drive...
[23:42:27] 		 /work/data/output/Festuca.versicolor/proj_gfdl.esm4_ssp370/individual_projections/proj_gfdl.esm4_ssp370_Festuca.versicolor_PA6_RUN4_ANN.tif
[23:43:17] 	> Projecting Festuca.versicolor_PA6_RUN4_FDA ...
[23:43:18] 		Writing projection on hard drive...
[23:43:18] 		 /work/data/output/Festuca.versicolor/proj_gfdl.esm4_ssp370/individual_projections/proj_gfdl.esm4_ssp370_Festuca.versicolor_PA6_RUN4_FDA.tif
[23:43:46] 	> Projecting Festuca.versicolor_PA6_RUN4_MAXNET ...
[23:43:46] 		Writing projection on hard drive...
[23:43:46] 		 /work/data/output/Festuca.versicolor/proj_gfdl.esm4_ssp370/individual_projections/proj_gfdl.esm4_ssp370_Festuca.versicolor_PA6_RUN4_MAXNET.tif
[23:44:22] 	> Projecting Festuca.versicolor_PA6_RUN5_GLM ...
[23:44:23] 		Writing projection on hard drive...
[23:44:23] 		 /work/data/output/Festuca.versicolor/proj_gfdl.esm4_ssp370/individual_projections/proj_gfdl.esm4_ssp370_Festuca.versicolor_PA6_RUN5_GLM.tif
[23:57:18] 	> Projecting Festuca.versicolor_PA6_RUN5_GBM ...
[23:57:18] 		Writing projection on hard drive...
[23:57:18] 		 /work/data/output/Festuca.versicolor/proj_gfdl.esm4_ssp370/individual_projections/proj_gfdl.esm4_ssp370_Festuca.versicolor_PA6_RUN5_GBM.tif
[23:58:29] 	> Projecting Festuca.versicolor_PA6_RUN5_ANN ...
[23:58:30] 		Writing projection on hard drive...
[23:58:30] 		 /work/data/output/Festuca.versicolor/proj_gfdl.esm4_ssp370/individual_projections/proj_gfdl.esm4_ssp370_Festuca.versicolor_PA6_RUN5_ANN.tif
[23:59:20] 	> Projecting Festuca.versicolor_PA6_RUN5_FDA ...
[23:59:21] 		Writing projection on hard drive...
[23:59:21] 		 /work/data/output/Festuca.versicolor/proj_gfdl.esm4_ssp370/individual_projections/proj_gfdl.esm4_ssp370_Festuca.versicolor_PA6_RUN5_FDA.tif
[23:59:45] 	> Projecting Festuca.versicolor_PA6_RUN5_MAXNET ...
[23:59:46] 		Writing projection on hard drive...
[23:59:46] 		 /work/data/output/Festuca.versicolor/proj_gfdl.esm4_ssp370/individual_projections/proj_gfdl.esm4_ssp370_Festuca.versicolor_PA6_RUN5_MAXNET.tif
[00:00:23] 	> Projecting Festuca.versicolor_PA7_RUN1_GLM ...
[00:00:24] 		Writing projection on hard drive...
[00:00:24] 		 /work/data/output/Festuca.versicolor/proj_gfdl.esm4_ssp370/individual_projections/proj_gfdl.esm4_ssp370_Festuca.versicolor_PA7_RUN1_GLM.tif
[00:13:28] 	> Projecting Festuca.versicolor_PA7_RUN1_GBM ...
[00:13:29] 		Writing projection on hard drive...
[00:13:29] 		 /work/data/output/Festuca.versicolor/proj_gfdl.esm4_ssp370/individual_projections/proj_gfdl.esm4_ssp370_Festuca.versicolor_PA7_RUN1_GBM.tif
[00:14:29] 	> Projecting Festuca.versicolor_PA7_RUN1_ANN ...
[00:14:30] 		Writing projection on hard drive...
[00:14:30] 		 /work/data/output/Festuca.versicolor/proj_gfdl.esm4_ssp370/individual_projections/proj_gfdl.esm4_ssp370_Festuca.versicolor_PA7_RUN1_ANN.tif
[00:15:15] 	> Projecting Festuca.versicolor_PA7_RUN1_FDA ...
[00:15:16] 		Writing projection on hard drive...
[00:15:16] 		 /work/data/output/Festuca.versicolor/proj_gfdl.esm4_ssp370/individual_projections/proj_gfdl.esm4_ssp370_Festuca.versicolor_PA7_RUN1_FDA.tif
[00:15:43] 	> Projecting Festuca.versicolor_PA7_RUN1_MAXNET ...
[00:15:43] 		Writing projection on hard drive...
[00:15:43] 		 /work/data/output/Festuca.versicolor/proj_gfdl.esm4_ssp370/individual_projections/proj_gfdl.esm4_ssp370_Festuca.versicolor_PA7_RUN1_MAXNET.tif
[00:16:20] 	> Projecting Festuca.versicolor_PA7_RUN2_GLM ...
[00:16:20] 		Writing projection on hard drive...
[00:16:20] 		 /work/data/output/Festuca.versicolor/proj_gfdl.esm4_ssp370/individual_projections/proj_gfdl.esm4_ssp370_Festuca.versicolor_PA7_RUN2_GLM.tif
[00:28:18] 	> Projecting Festuca.versicolor_PA7_RUN2_GBM ...
[00:28:18] 		Writing projection on hard drive...
[00:28:18] 		 /work/data/output/Festuca.versicolor/proj_gfdl.esm4_ssp370/individual_projections/proj_gfdl.esm4_ssp370_Festuca.versicolor_PA7_RUN2_GBM.tif
[00:29:19] 	> Projecting Festuca.versicolor_PA7_RUN2_ANN ...
[00:29:20] 		Writing projection on hard drive...
[00:29:20] 		 /work/data/output/Festuca.versicolor/proj_gfdl.esm4_ssp370/individual_projections/proj_gfdl.esm4_ssp370_Festuca.versicolor_PA7_RUN2_ANN.tif
[00:30:10] 	> Projecting Festuca.versicolor_PA7_RUN2_FDA ...
[00:30:11] 		Writing projection on hard drive...
[00:30:11] 		 /work/data/output/Festuca.versicolor/proj_gfdl.esm4_ssp370/individual_projections/proj_gfdl.esm4_ssp370_Festuca.versicolor_PA7_RUN2_FDA.tif
[00:30:37] 	> Projecting Festuca.versicolor_PA7_RUN2_MAXNET ...
[00:30:38] 		Writing projection on hard drive...
[00:30:38] 		 /work/data/output/Festuca.versicolor/proj_gfdl.esm4_ssp370/individual_projections/proj_gfdl.esm4_ssp370_Festuca.versicolor_PA7_RUN2_MAXNET.tif
[00:31:15] 	> Projecting Festuca.versicolor_PA7_RUN3_GLM ...
[00:31:16] 		Writing projection on hard drive...
[00:31:16] 		 /work/data/output/Festuca.versicolor/proj_gfdl.esm4_ssp370/individual_projections/proj_gfdl.esm4_ssp370_Festuca.versicolor_PA7_RUN3_GLM.tif
[00:44:21] 	> Projecting Festuca.versicolor_PA7_RUN3_GBM ...
[00:44:22] 		Writing projection on hard drive...
[00:44:22] 		 /work/data/output/Festuca.versicolor/proj_gfdl.esm4_ssp370/individual_projections/proj_gfdl.esm4_ssp370_Festuca.versicolor_PA7_RUN3_GBM.tif
[00:45:33] 	> Projecting Festuca.versicolor_PA7_RUN3_ANN ...
[00:45:33] 		Writing projection on hard drive...
[00:45:33] 		 /work/data/output/Festuca.versicolor/proj_gfdl.esm4_ssp370/individual_projections/proj_gfdl.esm4_ssp370_Festuca.versicolor_PA7_RUN3_ANN.tif
[00:46:24] 	> Projecting Festuca.versicolor_PA7_RUN3_FDA ...
[00:46:25] 		Writing projection on hard drive...
[00:46:25] 		 /work/data/output/Festuca.versicolor/proj_gfdl.esm4_ssp370/individual_projections/proj_gfdl.esm4_ssp370_Festuca.versicolor_PA7_RUN3_FDA.tif
[00:46:50] 	> Projecting Festuca.versicolor_PA7_RUN3_MAXNET ...
[00:46:51] 		Writing projection on hard drive...
[00:46:51] 		 /work/data/output/Festuca.versicolor/proj_gfdl.esm4_ssp370/individual_projections/proj_gfdl.esm4_ssp370_Festuca.versicolor_PA7_RUN3_MAXNET.tif
[00:47:33] 	> Projecting Festuca.versicolor_PA7_RUN4_GLM ...
[00:47:34] 		Writing projection on hard drive...
[00:47:34] 		 /work/data/output/Festuca.versicolor/proj_gfdl.esm4_ssp370/individual_projections/proj_gfdl.esm4_ssp370_Festuca.versicolor_PA7_RUN4_GLM.tif
[01:00:36] 	> Projecting Festuca.versicolor_PA7_RUN4_GBM ...
[01:00:37] 		Writing projection on hard drive...
[01:00:37] 		 /work/data/output/Festuca.versicolor/proj_gfdl.esm4_ssp370/individual_projections/proj_gfdl.esm4_ssp370_Festuca.versicolor_PA7_RUN4_GBM.tif
[01:01:36] 	> Projecting Festuca.versicolor_PA7_RUN4_ANN ...
[01:01:37] 		Writing projection on hard drive...
[01:01:37] 		 /work/data/output/Festuca.versicolor/proj_gfdl.esm4_ssp370/individual_projections/proj_gfdl.esm4_ssp370_Festuca.versicolor_PA7_RUN4_ANN.tif
[01:02:27] 	> Projecting Festuca.versicolor_PA7_RUN4_FDA ...
[01:02:27] 		Writing projection on hard drive...
[01:02:27] 		 /work/data/output/Festuca.versicolor/proj_gfdl.esm4_ssp370/individual_projections/proj_gfdl.esm4_ssp370_Festuca.versicolor_PA7_RUN4_FDA.tif
[01:02:50] 	> Projecting Festuca.versicolor_PA7_RUN4_MAXNET ...
[01:02:51] 		Writing projection on hard drive...
[01:02:51] 		 /work/data/output/Festuca.versicolor/proj_gfdl.esm4_ssp370/individual_projections/proj_gfdl.esm4_ssp370_Festuca.versicolor_PA7_RUN4_MAXNET.tif
[01:03:31] 	> Projecting Festuca.versicolor_PA7_RUN5_GLM ...
[01:03:32] 		Writing projection on hard drive...
[01:03:32] 		 /work/data/output/Festuca.versicolor/proj_gfdl.esm4_ssp370/individual_projections/proj_gfdl.esm4_ssp370_Festuca.versicolor_PA7_RUN5_GLM.tif
[01:13:57] 	> Projecting Festuca.versicolor_PA7_RUN5_GBM ...
[01:13:58] 		Writing projection on hard drive...
[01:13:58] 		 /work/data/output/Festuca.versicolor/proj_gfdl.esm4_ssp370/individual_projections/proj_gfdl.esm4_ssp370_Festuca.versicolor_PA7_RUN5_GBM.tif
[01:15:08] 	> Projecting Festuca.versicolor_PA7_RUN5_ANN ...
[01:15:09] 		Writing projection on hard drive...
[01:15:09] 		 /work/data/output/Festuca.versicolor/proj_gfdl.esm4_ssp370/individual_projections/proj_gfdl.esm4_ssp370_Festuca.versicolor_PA7_RUN5_ANN.tif
[01:16:00] 	> Projecting Festuca.versicolor_PA7_RUN5_FDA ...
[01:16:01] 		Writing projection on hard drive...
[01:16:01] 		 /work/data/output/Festuca.versicolor/proj_gfdl.esm4_ssp370/individual_projections/proj_gfdl.esm4_ssp370_Festuca.versicolor_PA7_RUN5_FDA.tif
[01:16:25] 	> Projecting Festuca.versicolor_PA7_RUN5_MAXNET ...
[01:16:26] 		Writing projection on hard drive...
[01:16:26] 		 /work/data/output/Festuca.versicolor/proj_gfdl.esm4_ssp370/individual_projections/proj_gfdl.esm4_ssp370_Festuca.versicolor_PA7_RUN5_MAXNET.tif
[01:17:04] 	> Projecting Festuca.versicolor_PA8_RUN1_GLM ...
[01:17:05] 		Writing projection on hard drive...
[01:17:05] 		 /work/data/output/Festuca.versicolor/proj_gfdl.esm4_ssp370/individual_projections/proj_gfdl.esm4_ssp370_Festuca.versicolor_PA8_RUN1_GLM.tif
[01:29:17] 	> Projecting Festuca.versicolor_PA8_RUN1_GBM ...
[01:29:17] 		Writing projection on hard drive...
[01:29:17] 		 /work/data/output/Festuca.versicolor/proj_gfdl.esm4_ssp370/individual_projections/proj_gfdl.esm4_ssp370_Festuca.versicolor_PA8_RUN1_GBM.tif
[01:30:17] 	> Projecting Festuca.versicolor_PA8_RUN1_ANN ...
[01:30:17] 		Writing projection on hard drive...
[01:30:17] 		 /work/data/output/Festuca.versicolor/proj_gfdl.esm4_ssp370/individual_projections/proj_gfdl.esm4_ssp370_Festuca.versicolor_PA8_RUN1_ANN.tif
[01:31:07] 	> Projecting Festuca.versicolor_PA8_RUN1_FDA ...
[01:31:08] 		Writing projection on hard drive...
[01:31:08] 		 /work/data/output/Festuca.versicolor/proj_gfdl.esm4_ssp370/individual_projections/proj_gfdl.esm4_ssp370_Festuca.versicolor_PA8_RUN1_FDA.tif
[01:31:32] 	> Projecting Festuca.versicolor_PA8_RUN1_MAXNET ...
[01:31:33] 		Writing projection on hard drive...
[01:31:33] 		 /work/data/output/Festuca.versicolor/proj_gfdl.esm4_ssp370/individual_projections/proj_gfdl.esm4_ssp370_Festuca.versicolor_PA8_RUN1_MAXNET.tif
[01:32:12] 	> Projecting Festuca.versicolor_PA8_RUN2_GLM ...
[01:32:13] 		Writing projection on hard drive...
[01:32:13] 		 /work/data/output/Festuca.versicolor/proj_gfdl.esm4_ssp370/individual_projections/proj_gfdl.esm4_ssp370_Festuca.versicolor_PA8_RUN2_GLM.tif
[01:42:18] 	> Projecting Festuca.versicolor_PA8_RUN2_GBM ...
[01:42:19] 		Writing projection on hard drive...
[01:42:19] 		 /work/data/output/Festuca.versicolor/proj_gfdl.esm4_ssp370/individual_projections/proj_gfdl.esm4_ssp370_Festuca.versicolor_PA8_RUN2_GBM.tif
[01:43:34] 	> Projecting Festuca.versicolor_PA8_RUN2_ANN ...
[01:43:35] 		Writing projection on hard drive...
[01:43:35] 		 /work/data/output/Festuca.versicolor/proj_gfdl.esm4_ssp370/individual_projections/proj_gfdl.esm4_ssp370_Festuca.versicolor_PA8_RUN2_ANN.tif
[01:44:18] 	> Projecting Festuca.versicolor_PA8_RUN2_FDA ...
[01:44:19] 		Writing projection on hard drive...
[01:44:19] 		 /work/data/output/Festuca.versicolor/proj_gfdl.esm4_ssp370/individual_projections/proj_gfdl.esm4_ssp370_Festuca.versicolor_PA8_RUN2_FDA.tif
[01:44:52] 	> Projecting Festuca.versicolor_PA8_RUN2_MAXNET ...
[01:44:53] 		Writing projection on hard drive...
[01:44:53] 		 /work/data/output/Festuca.versicolor/proj_gfdl.esm4_ssp370/individual_projections/proj_gfdl.esm4_ssp370_Festuca.versicolor_PA8_RUN2_MAXNET.tif
[01:45:29] 	> Projecting Festuca.versicolor_PA8_RUN3_GLM ...
[01:45:30] 		Writing projection on hard drive...
[01:45:30] 		 /work/data/output/Festuca.versicolor/proj_gfdl.esm4_ssp370/individual_projections/proj_gfdl.esm4_ssp370_Festuca.versicolor_PA8_RUN3_GLM.tif
[01:55:43] 	> Projecting Festuca.versicolor_PA8_RUN3_GBM ...
[01:55:44] 		Writing projection on hard drive...
[01:55:44] 		 /work/data/output/Festuca.versicolor/proj_gfdl.esm4_ssp370/individual_projections/proj_gfdl.esm4_ssp370_Festuca.versicolor_PA8_RUN3_GBM.tif
[01:56:54] 	> Projecting Festuca.versicolor_PA8_RUN3_ANN ...
[01:56:54] 		Writing projection on hard drive...
[01:56:54] 		 /work/data/output/Festuca.versicolor/proj_gfdl.esm4_ssp370/individual_projections/proj_gfdl.esm4_ssp370_Festuca.versicolor_PA8_RUN3_ANN.tif
[01:57:45] 	> Projecting Festuca.versicolor_PA8_RUN3_FDA ...
[01:57:46] 		Writing projection on hard drive...
[01:57:46] 		 /work/data/output/Festuca.versicolor/proj_gfdl.esm4_ssp370/individual_projections/proj_gfdl.esm4_ssp370_Festuca.versicolor_PA8_RUN3_FDA.tif
[01:58:09] 	> Projecting Festuca.versicolor_PA8_RUN3_MAXNET ...
[01:58:10] 		Writing projection on hard drive...
[01:58:10] 		 /work/data/output/Festuca.versicolor/proj_gfdl.esm4_ssp370/individual_projections/proj_gfdl.esm4_ssp370_Festuca.versicolor_PA8_RUN3_MAXNET.tif
[01:58:50] 	> Projecting Festuca.versicolor_PA8_RUN4_GLM ...
[01:58:51] 		Writing projection on hard drive...
[01:58:51] 		 /work/data/output/Festuca.versicolor/proj_gfdl.esm4_ssp370/individual_projections/proj_gfdl.esm4_ssp370_Festuca.versicolor_PA8_RUN4_GLM.tif
[02:11:37] 	> Projecting Festuca.versicolor_PA8_RUN4_GBM ...
[02:11:38] 		Writing projection on hard drive...
[02:11:38] 		 /work/data/output/Festuca.versicolor/proj_gfdl.esm4_ssp370/individual_projections/proj_gfdl.esm4_ssp370_Festuca.versicolor_PA8_RUN4_GBM.tif
[02:12:44] 	> Projecting Festuca.versicolor_PA8_RUN4_ANN ...
[02:12:45] 		Writing projection on hard drive...
[02:12:45] 		 /work/data/output/Festuca.versicolor/proj_gfdl.esm4_ssp370/individual_projections/proj_gfdl.esm4_ssp370_Festuca.versicolor_PA8_RUN4_ANN.tif
[02:13:34] 	> Projecting Festuca.versicolor_PA8_RUN4_FDA ...
[02:13:35] 		Writing projection on hard drive...
[02:13:35] 		 /work/data/output/Festuca.versicolor/proj_gfdl.esm4_ssp370/individual_projections/proj_gfdl.esm4_ssp370_Festuca.versicolor_PA8_RUN4_FDA.tif
[02:13:57] 	> Projecting Festuca.versicolor_PA8_RUN4_MAXNET ...
[02:13:58] 		Writing projection on hard drive...
[02:13:58] 		 /work/data/output/Festuca.versicolor/proj_gfdl.esm4_ssp370/individual_projections/proj_gfdl.esm4_ssp370_Festuca.versicolor_PA8_RUN4_MAXNET.tif
[02:14:38] 	> Projecting Festuca.versicolor_PA8_RUN5_GLM ...
[02:14:39] 		Writing projection on hard drive...
[02:14:39] 		 /work/data/output/Festuca.versicolor/proj_gfdl.esm4_ssp370/individual_projections/proj_gfdl.esm4_ssp370_Festuca.versicolor_PA8_RUN5_GLM.tif
[02:26:42] 	> Projecting Festuca.versicolor_PA8_RUN5_GBM ...
[02:26:42] 		Writing projection on hard drive...
[02:26:42] 		 /work/data/output/Festuca.versicolor/proj_gfdl.esm4_ssp370/individual_projections/proj_gfdl.esm4_ssp370_Festuca.versicolor_PA8_RUN5_GBM.tif
[02:27:53] 	> Projecting Festuca.versicolor_PA8_RUN5_ANN ...
[02:27:53] 		Writing projection on hard drive...
[02:27:53] 		 /work/data/output/Festuca.versicolor/proj_gfdl.esm4_ssp370/individual_projections/proj_gfdl.esm4_ssp370_Festuca.versicolor_PA8_RUN5_ANN.tif
[02:28:49] 	> Projecting Festuca.versicolor_PA8_RUN5_FDA ...
[02:28:50] 		Writing projection on hard drive...
[02:28:50] 		 /work/data/output/Festuca.versicolor/proj_gfdl.esm4_ssp370/individual_projections/proj_gfdl.esm4_ssp370_Festuca.versicolor_PA8_RUN5_FDA.tif
[02:29:15] 	> Projecting Festuca.versicolor_PA8_RUN5_MAXNET ...
[02:29:16] 		Writing projection on hard drive...
[02:29:16] 		 /work/data/output/Festuca.versicolor/proj_gfdl.esm4_ssp370/individual_projections/proj_gfdl.esm4_ssp370_Festuca.versicolor_PA8_RUN5_MAXNET.tif
[02:29:55] 	> Projecting Festuca.versicolor_PA9_RUN1_GLM ...
[02:29:56] 		Writing projection on hard drive...
[02:29:56] 		 /work/data/output/Festuca.versicolor/proj_gfdl.esm4_ssp370/individual_projections/proj_gfdl.esm4_ssp370_Festuca.versicolor_PA9_RUN1_GLM.tif
[02:40:12] 	> Projecting Festuca.versicolor_PA9_RUN1_GBM ...
[02:40:13] 		Writing projection on hard drive...
[02:40:13] 		 /work/data/output/Festuca.versicolor/proj_gfdl.esm4_ssp370/individual_projections/proj_gfdl.esm4_ssp370_Festuca.versicolor_PA9_RUN1_GBM.tif
[02:41:28] 	> Projecting Festuca.versicolor_PA9_RUN1_ANN ...
[02:41:29] 		Writing projection on hard drive...
[02:41:29] 		 /work/data/output/Festuca.versicolor/proj_gfdl.esm4_ssp370/individual_projections/proj_gfdl.esm4_ssp370_Festuca.versicolor_PA9_RUN1_ANN.tif
[02:42:09] 	> Projecting Festuca.versicolor_PA9_RUN1_FDA ...
[02:42:10] 		Writing projection on hard drive...
[02:42:10] 		 /work/data/output/Festuca.versicolor/proj_gfdl.esm4_ssp370/individual_projections/proj_gfdl.esm4_ssp370_Festuca.versicolor_PA9_RUN1_FDA.tif
[02:42:41] 	> Projecting Festuca.versicolor_PA9_RUN1_MAXNET ...
[02:42:42] 		Writing projection on hard drive...
[02:42:42] 		 /work/data/output/Festuca.versicolor/proj_gfdl.esm4_ssp370/individual_projections/proj_gfdl.esm4_ssp370_Festuca.versicolor_PA9_RUN1_MAXNET.tif
[02:43:19] 	> Projecting Festuca.versicolor_PA9_RUN2_GLM ...
[02:43:20] 		Writing projection on hard drive...
[02:43:20] 		 /work/data/output/Festuca.versicolor/proj_gfdl.esm4_ssp370/individual_projections/proj_gfdl.esm4_ssp370_Festuca.versicolor_PA9_RUN2_GLM.tif
[02:56:34] 	> Projecting Festuca.versicolor_PA9_RUN2_GBM ...
[02:56:35] 		Writing projection on hard drive...
[02:56:35] 		 /work/data/output/Festuca.versicolor/proj_gfdl.esm4_ssp370/individual_projections/proj_gfdl.esm4_ssp370_Festuca.versicolor_PA9_RUN2_GBM.tif
[02:57:45] 	> Projecting Festuca.versicolor_PA9_RUN2_ANN ...
[02:57:46] 		Writing projection on hard drive...
[02:57:46] 		 /work/data/output/Festuca.versicolor/proj_gfdl.esm4_ssp370/individual_projections/proj_gfdl.esm4_ssp370_Festuca.versicolor_PA9_RUN2_ANN.tif
[02:58:36] 	> Projecting Festuca.versicolor_PA9_RUN2_FDA ...
[02:58:37] 		Writing projection on hard drive...
[02:58:37] 		 /work/data/output/Festuca.versicolor/proj_gfdl.esm4_ssp370/individual_projections/proj_gfdl.esm4_ssp370_Festuca.versicolor_PA9_RUN2_FDA.tif
[02:59:04] 	> Projecting Festuca.versicolor_PA9_RUN2_MAXNET ...
[02:59:05] 		Writing projection on hard drive...
[02:59:05] 		 /work/data/output/Festuca.versicolor/proj_gfdl.esm4_ssp370/individual_projections/proj_gfdl.esm4_ssp370_Festuca.versicolor_PA9_RUN2_MAXNET.tif
[02:59:42] 	> Projecting Festuca.versicolor_PA9_RUN3_GLM ...
[02:59:43] 		Writing projection on hard drive...
[02:59:43] 		 /work/data/output/Festuca.versicolor/proj_gfdl.esm4_ssp370/individual_projections/proj_gfdl.esm4_ssp370_Festuca.versicolor_PA9_RUN3_GLM.tif
[03:12:01] 	> Projecting Festuca.versicolor_PA9_RUN3_GBM ...
[03:12:02] 		Writing projection on hard drive...
[03:12:02] 		 /work/data/output/Festuca.versicolor/proj_gfdl.esm4_ssp370/individual_projections/proj_gfdl.esm4_ssp370_Festuca.versicolor_PA9_RUN3_GBM.tif
[03:13:08] 	> Projecting Festuca.versicolor_PA9_RUN3_ANN ...
[03:13:08] 		Writing projection on hard drive...
[03:13:08] 		 /work/data/output/Festuca.versicolor/proj_gfdl.esm4_ssp370/individual_projections/proj_gfdl.esm4_ssp370_Festuca.versicolor_PA9_RUN3_ANN.tif
[03:14:03] 	> Projecting Festuca.versicolor_PA9_RUN3_FDA ...
[03:14:04] 		Writing projection on hard drive...
[03:14:04] 		 /work/data/output/Festuca.versicolor/proj_gfdl.esm4_ssp370/individual_projections/proj_gfdl.esm4_ssp370_Festuca.versicolor_PA9_RUN3_FDA.tif
[03:14:31] 	> Projecting Festuca.versicolor_PA9_RUN3_MAXNET ...
[03:14:32] 		Writing projection on hard drive...
[03:14:32] 		 /work/data/output/Festuca.versicolor/proj_gfdl.esm4_ssp370/individual_projections/proj_gfdl.esm4_ssp370_Festuca.versicolor_PA9_RUN3_MAXNET.tif
[03:15:11] 	> Projecting Festuca.versicolor_PA9_RUN4_GLM ...
[03:15:12] 		Writing projection on hard drive...
[03:15:12] 		 /work/data/output/Festuca.versicolor/proj_gfdl.esm4_ssp370/individual_projections/proj_gfdl.esm4_ssp370_Festuca.versicolor_PA9_RUN4_GLM.tif
[03:28:02] 	> Projecting Festuca.versicolor_PA9_RUN4_GBM ...
[03:28:03] 		Writing projection on hard drive...
[03:28:03] 		 /work/data/output/Festuca.versicolor/proj_gfdl.esm4_ssp370/individual_projections/proj_gfdl.esm4_ssp370_Festuca.versicolor_PA9_RUN4_GBM.tif
[03:29:14] 	> Projecting Festuca.versicolor_PA9_RUN4_ANN ...
[03:29:14] 		Writing projection on hard drive...
[03:29:14] 		 /work/data/output/Festuca.versicolor/proj_gfdl.esm4_ssp370/individual_projections/proj_gfdl.esm4_ssp370_Festuca.versicolor_PA9_RUN4_ANN.tif
[03:30:05] 	> Projecting Festuca.versicolor_PA9_RUN4_FDA ...
[03:30:06] 		Writing projection on hard drive...
[03:30:06] 		 /work/data/output/Festuca.versicolor/proj_gfdl.esm4_ssp370/individual_projections/proj_gfdl.esm4_ssp370_Festuca.versicolor_PA9_RUN4_FDA.tif
[03:30:30] 	> Projecting Festuca.versicolor_PA9_RUN4_MAXNET ...
[03:30:31] 		Writing projection on hard drive...
[03:30:31] 		 /work/data/output/Festuca.versicolor/proj_gfdl.esm4_ssp370/individual_projections/proj_gfdl.esm4_ssp370_Festuca.versicolor_PA9_RUN4_MAXNET.tif
[03:31:12] 	> Projecting Festuca.versicolor_PA9_RUN5_GLM ...
[03:31:13] 		Writing projection on hard drive...
[03:31:13] 		 /work/data/output/Festuca.versicolor/proj_gfdl.esm4_ssp370/individual_projections/proj_gfdl.esm4_ssp370_Festuca.versicolor_PA9_RUN5_GLM.tif
[03:43:26] 	> Projecting Festuca.versicolor_PA9_RUN5_GBM ...
[03:43:26] 		Writing projection on hard drive...
[03:43:26] 		 /work/data/output/Festuca.versicolor/proj_gfdl.esm4_ssp370/individual_projections/proj_gfdl.esm4_ssp370_Festuca.versicolor_PA9_RUN5_GBM.tif
[03:44:37] 	> Projecting Festuca.versicolor_PA9_RUN5_ANN ...
[03:44:37] 		Writing projection on hard drive...
[03:44:37] 		 /work/data/output/Festuca.versicolor/proj_gfdl.esm4_ssp370/individual_projections/proj_gfdl.esm4_ssp370_Festuca.versicolor_PA9_RUN5_ANN.tif
[03:45:27] 	> Projecting Festuca.versicolor_PA9_RUN5_FDA ...
[03:45:28] 		Writing projection on hard drive...
[03:45:28] 		 /work/data/output/Festuca.versicolor/proj_gfdl.esm4_ssp370/individual_projections/proj_gfdl.esm4_ssp370_Festuca.versicolor_PA9_RUN5_FDA.tif
[03:45:54] 	> Projecting Festuca.versicolor_PA9_RUN5_MAXNET ...
[03:45:55] 		Writing projection on hard drive...
[03:45:55] 		 /work/data/output/Festuca.versicolor/proj_gfdl.esm4_ssp370/individual_projections/proj_gfdl.esm4_ssp370_Festuca.versicolor_PA9_RUN5_MAXNET.tif
[03:46:38] 	> Projecting Festuca.versicolor_PA10_RUN1_GLM ...
[03:46:39] 		Writing projection on hard drive...
[03:46:39] 		 /work/data/output/Festuca.versicolor/proj_gfdl.esm4_ssp370/individual_projections/proj_gfdl.esm4_ssp370_Festuca.versicolor_PA10_RUN1_GLM.tif
[03:58:54] 	> Projecting Festuca.versicolor_PA10_RUN1_GBM ...
[03:58:54] 		Writing projection on hard drive...
[03:58:54] 		 /work/data/output/Festuca.versicolor/proj_gfdl.esm4_ssp370/individual_projections/proj_gfdl.esm4_ssp370_Festuca.versicolor_PA10_RUN1_GBM.tif
[03:59:48] 	> Projecting Festuca.versicolor_PA10_RUN1_ANN ...
[03:59:49] 		Writing projection on hard drive...
[03:59:49] 		 /work/data/output/Festuca.versicolor/proj_gfdl.esm4_ssp370/individual_projections/proj_gfdl.esm4_ssp370_Festuca.versicolor_PA10_RUN1_ANN.tif
[04:00:45] 	> Projecting Festuca.versicolor_PA10_RUN1_FDA ...
[04:00:46] 		Writing projection on hard drive...
[04:00:46] 		 /work/data/output/Festuca.versicolor/proj_gfdl.esm4_ssp370/individual_projections/proj_gfdl.esm4_ssp370_Festuca.versicolor_PA10_RUN1_FDA.tif
[04:01:14] 	> Projecting Festuca.versicolor_PA10_RUN1_MAXNET ...
[04:01:14] 		Writing projection on hard drive...
[04:01:14] 		 /work/data/output/Festuca.versicolor/proj_gfdl.esm4_ssp370/individual_projections/proj_gfdl.esm4_ssp370_Festuca.versicolor_PA10_RUN1_MAXNET.tif
[04:01:51] 	> Projecting Festuca.versicolor_PA10_RUN2_GLM ...
[04:01:52] 		Writing projection on hard drive...
[04:01:52] 		 /work/data/output/Festuca.versicolor/proj_gfdl.esm4_ssp370/individual_projections/proj_gfdl.esm4_ssp370_Festuca.versicolor_PA10_RUN2_GLM.tif
[04:14:36] 	> Projecting Festuca.versicolor_PA10_RUN2_GBM ...
[04:14:37] 		Writing projection on hard drive...
[04:14:37] 		 /work/data/output/Festuca.versicolor/proj_gfdl.esm4_ssp370/individual_projections/proj_gfdl.esm4_ssp370_Festuca.versicolor_PA10_RUN2_GBM.tif
[04:15:49] 	> Projecting Festuca.versicolor_PA10_RUN2_ANN ...
[04:15:50] 		Writing projection on hard drive...
[04:15:50] 		 /work/data/output/Festuca.versicolor/proj_gfdl.esm4_ssp370/individual_projections/proj_gfdl.esm4_ssp370_Festuca.versicolor_PA10_RUN2_ANN.tif
[04:16:41] 	> Projecting Festuca.versicolor_PA10_RUN2_FDA ...
[04:16:42] 		Writing projection on hard drive...
[04:16:42] 		 /work/data/output/Festuca.versicolor/proj_gfdl.esm4_ssp370/individual_projections/proj_gfdl.esm4_ssp370_Festuca.versicolor_PA10_RUN2_FDA.tif
[04:17:07] 	> Projecting Festuca.versicolor_PA10_RUN2_MAXNET ...
[04:17:08] 		Writing projection on hard drive...
[04:17:08] 		 /work/data/output/Festuca.versicolor/proj_gfdl.esm4_ssp370/individual_projections/proj_gfdl.esm4_ssp370_Festuca.versicolor_PA10_RUN2_MAXNET.tif
[04:17:48] 	> Projecting Festuca.versicolor_PA10_RUN3_GLM ...
[04:17:49] 		Writing projection on hard drive...
[04:17:49] 		 /work/data/output/Festuca.versicolor/proj_gfdl.esm4_ssp370/individual_projections/proj_gfdl.esm4_ssp370_Festuca.versicolor_PA10_RUN3_GLM.tif
[04:31:11] 	> Projecting Festuca.versicolor_PA10_RUN3_GBM ...
[04:31:11] 		Writing projection on hard drive...
[04:31:11] 		 /work/data/output/Festuca.versicolor/proj_gfdl.esm4_ssp370/individual_projections/proj_gfdl.esm4_ssp370_Festuca.versicolor_PA10_RUN3_GBM.tif
[04:32:04] 	> Projecting Festuca.versicolor_PA10_RUN3_ANN ...
[04:32:05] 		Writing projection on hard drive...
[04:32:05] 		 /work/data/output/Festuca.versicolor/proj_gfdl.esm4_ssp370/individual_projections/proj_gfdl.esm4_ssp370_Festuca.versicolor_PA10_RUN3_ANN.tif
[04:32:56] 	> Projecting Festuca.versicolor_PA10_RUN3_FDA ...
[04:32:57] 		Writing projection on hard drive...
[04:32:57] 		 /work/data/output/Festuca.versicolor/proj_gfdl.esm4_ssp370/individual_projections/proj_gfdl.esm4_ssp370_Festuca.versicolor_PA10_RUN3_FDA.tif
[04:33:22] 	> Projecting Festuca.versicolor_PA10_RUN3_MAXNET ...
[04:33:23] 		Writing projection on hard drive...
[04:33:23] 		 /work/data/output/Festuca.versicolor/proj_gfdl.esm4_ssp370/individual_projections/proj_gfdl.esm4_ssp370_Festuca.versicolor_PA10_RUN3_MAXNET.tif
[04:34:02] 	> Projecting Festuca.versicolor_PA10_RUN4_GLM ...
[04:34:03] 		Writing projection on hard drive...
[04:34:03] 		 /work/data/output/Festuca.versicolor/proj_gfdl.esm4_ssp370/individual_projections/proj_gfdl.esm4_ssp370_Festuca.versicolor_PA10_RUN4_GLM.tif
[04:46:56] 	> Projecting Festuca.versicolor_PA10_RUN4_GBM ...
[04:46:57] 		Writing projection on hard drive...
[04:46:57] 		 /work/data/output/Festuca.versicolor/proj_gfdl.esm4_ssp370/individual_projections/proj_gfdl.esm4_ssp370_Festuca.versicolor_PA10_RUN4_GBM.tif
[04:48:05] 	> Projecting Festuca.versicolor_PA10_RUN4_ANN ...
[04:48:06] 		Writing projection on hard drive...
[04:48:06] 		 /work/data/output/Festuca.versicolor/proj_gfdl.esm4_ssp370/individual_projections/proj_gfdl.esm4_ssp370_Festuca.versicolor_PA10_RUN4_ANN.tif
[04:48:56] 	> Projecting Festuca.versicolor_PA10_RUN4_FDA ...
[04:48:57] 		Writing projection on hard drive...
[04:48:57] 		 /work/data/output/Festuca.versicolor/proj_gfdl.esm4_ssp370/individual_projections/proj_gfdl.esm4_ssp370_Festuca.versicolor_PA10_RUN4_FDA.tif
[04:49:23] 	> Projecting Festuca.versicolor_PA10_RUN4_MAXNET ...
[04:49:24] 		Writing projection on hard drive...
[04:49:24] 		 /work/data/output/Festuca.versicolor/proj_gfdl.esm4_ssp370/individual_projections/proj_gfdl.esm4_ssp370_Festuca.versicolor_PA10_RUN4_MAXNET.tif
[04:50:07] 	> Projecting Festuca.versicolor_PA10_RUN5_GLM ...
[04:50:07] 		Writing projection on hard drive...
[04:50:07] 		 /work/data/output/Festuca.versicolor/proj_gfdl.esm4_ssp370/individual_projections/proj_gfdl.esm4_ssp370_Festuca.versicolor_PA10_RUN5_GLM.tif
[05:03:06] 	> Projecting Festuca.versicolor_PA10_RUN5_GBM ...
[05:03:07] 		Writing projection on hard drive...
[05:03:07] 		 /work/data/output/Festuca.versicolor/proj_gfdl.esm4_ssp370/individual_projections/proj_gfdl.esm4_ssp370_Festuca.versicolor_PA10_RUN5_GBM.tif
[05:04:19] 	> Projecting Festuca.versicolor_PA10_RUN5_ANN ...
[05:04:19] 		Writing projection on hard drive...
[05:04:19] 		 /work/data/output/Festuca.versicolor/proj_gfdl.esm4_ssp370/individual_projections/proj_gfdl.esm4_ssp370_Festuca.versicolor_PA10_RUN5_ANN.tif
[05:05:13] 	> Projecting Festuca.versicolor_PA10_RUN5_FDA ...
[05:05:14] 		Writing projection on hard drive...
[05:05:14] 		 /work/data/output/Festuca.versicolor/proj_gfdl.esm4_ssp370/individual_projections/proj_gfdl.esm4_ssp370_Festuca.versicolor_PA10_RUN5_FDA.tif
[05:05:39] 	> Projecting Festuca.versicolor_PA10_RUN5_MAXNET ...
[05:05:40] 		Writing projection on hard drive...
[05:05:40] 		 /work/data/output/Festuca.versicolor/proj_gfdl.esm4_ssp370/individual_projections/proj_gfdl.esm4_ssp370_Festuca.versicolor_PA10_RUN5_MAXNET.tif
[05:05:40] -=-=-=-=-=-=-=-=-=-=-=-=-=-=-=-=-=-= Done -=-=-=-=-=-=-=-=-=-=-=-=-=-=-=-=-=-=
[05:05:40] 
[05:05:40] -=-=-=-=-=-=-=-=-=-=-=-= Do Ensemble Models Projection -=-=-=-=-=-=-=-=-=-=-=-=
[05:05:40] 
[05:05:40] Creating suitable Workdir...
[05:05:52] 
[05:33:01] 	> Projecting Festuca.versicolor_EMmeanByAUCroc_mergedData_mergedRun_mergedAlgo ...|---------|---------|---------|---------|=========================================                                          
[05:33:03] 		Writing projection on hard drive...
[06:13:05] 	> Projecting Festuca.versicolor_EMcvByAUCroc_mergedData_mergedRun_mergedAlgo ...|---------|---------|---------|---------|=========================================                                          
[06:13:07] 		Writing projection on hard drive...
[06:13:07] 
[06:13:07] ! Binary/Filtered transformation automatically desactivated for ensemble models with coefficient of variation or confidence intervals
[06:13:10] 	> Building TSS binaries / filtered
[06:13:14] 	> Building AUCroc binaries / filtered
[06:13:17] 	> Building KAPPA binaries / filtered
[06:13:17] 
[06:13:17] -=-=-=-=-=-=-=-=-=-=-=-=-=-=-=-=-=-= Done -=-=-=-=-=-=-=-=-=-=-=-=-=-=-=-=-=-=
[06:13:24] 
[06:13:24] 
[06:13:24] DEBUG: Processing future scenario 2 of 8 : /work/data/input/climate_vars/future/gfdl.esm4/ssp585 
[06:13:24] DEBUG: Raster loaded, ncell = 63951097 , hasValues = TRUE 
[06:13:24] 
[06:13:24] -=-=-=-=-=-=-=-=-=-=-=-=-= Do Single Models Projection -=-=-=-=-=-=-=-=-=-=-=-=-=
[06:13:42] 
[06:13:42] 	> Building clamping mask
[06:14:40] 
[06:15:18] 	> Projecting Festuca.versicolor_PA1_RUN1_GLM ...
[06:15:19] 		Writing projection on hard drive...
[06:15:19] 		 /work/data/output/Festuca.versicolor/proj_gfdl.esm4_ssp585/individual_projections/proj_gfdl.esm4_ssp585_Festuca.versicolor_PA1_RUN1_GLM.tif
[06:24:35] 	> Projecting Festuca.versicolor_PA1_RUN1_GBM ...
[06:24:36] 		Writing projection on hard drive...
[06:24:36] 		 /work/data/output/Festuca.versicolor/proj_gfdl.esm4_ssp585/individual_projections/proj_gfdl.esm4_ssp585_Festuca.versicolor_PA1_RUN1_GBM.tif
[06:25:38] 	> Projecting Festuca.versicolor_PA1_RUN1_ANN ...
[06:25:39] 		Writing projection on hard drive...
[06:25:39] 		 /work/data/output/Festuca.versicolor/proj_gfdl.esm4_ssp585/individual_projections/proj_gfdl.esm4_ssp585_Festuca.versicolor_PA1_RUN1_ANN.tif
[06:26:36] 	> Projecting Festuca.versicolor_PA1_RUN1_FDA ...
[06:26:37] 		Writing projection on hard drive...
[06:26:37] 		 /work/data/output/Festuca.versicolor/proj_gfdl.esm4_ssp585/individual_projections/proj_gfdl.esm4_ssp585_Festuca.versicolor_PA1_RUN1_FDA.tif
[06:27:07] 	> Projecting Festuca.versicolor_PA1_RUN1_MAXNET ...
[06:27:08] 		Writing projection on hard drive...
[06:27:08] 		 /work/data/output/Festuca.versicolor/proj_gfdl.esm4_ssp585/individual_projections/proj_gfdl.esm4_ssp585_Festuca.versicolor_PA1_RUN1_MAXNET.tif
[06:27:43] 	> Projecting Festuca.versicolor_PA1_RUN2_GLM ...
[06:27:44] 		Writing projection on hard drive...
[06:27:44] 		 /work/data/output/Festuca.versicolor/proj_gfdl.esm4_ssp585/individual_projections/proj_gfdl.esm4_ssp585_Festuca.versicolor_PA1_RUN2_GLM.tif
[06:40:39] 	> Projecting Festuca.versicolor_PA1_RUN2_GBM ...
[06:40:40] 		Writing projection on hard drive...
[06:40:40] 		 /work/data/output/Festuca.versicolor/proj_gfdl.esm4_ssp585/individual_projections/proj_gfdl.esm4_ssp585_Festuca.versicolor_PA1_RUN2_GBM.tif
[06:41:53] 	> Projecting Festuca.versicolor_PA1_RUN2_ANN ...
[06:41:54] 		Writing projection on hard drive...
[06:41:54] 		 /work/data/output/Festuca.versicolor/proj_gfdl.esm4_ssp585/individual_projections/proj_gfdl.esm4_ssp585_Festuca.versicolor_PA1_RUN2_ANN.tif
[06:42:54] 	> Projecting Festuca.versicolor_PA1_RUN2_FDA ...
[06:42:55] 		Writing projection on hard drive...
[06:42:55] 		 /work/data/output/Festuca.versicolor/proj_gfdl.esm4_ssp585/individual_projections/proj_gfdl.esm4_ssp585_Festuca.versicolor_PA1_RUN2_FDA.tif
[06:43:27] 	> Projecting Festuca.versicolor_PA1_RUN2_MAXNET ...
[06:43:28] 		Writing projection on hard drive...
[06:43:28] 		 /work/data/output/Festuca.versicolor/proj_gfdl.esm4_ssp585/individual_projections/proj_gfdl.esm4_ssp585_Festuca.versicolor_PA1_RUN2_MAXNET.tif
[06:44:19] 	> Projecting Festuca.versicolor_PA1_RUN3_GLM ...
[06:44:20] 		Writing projection on hard drive...
[06:44:20] 		 /work/data/output/Festuca.versicolor/proj_gfdl.esm4_ssp585/individual_projections/proj_gfdl.esm4_ssp585_Festuca.versicolor_PA1_RUN3_GLM.tif
[06:56:53] 	> Projecting Festuca.versicolor_PA1_RUN3_GBM ...
[06:56:54] 		Writing projection on hard drive...
[06:56:54] 		 /work/data/output/Festuca.versicolor/proj_gfdl.esm4_ssp585/individual_projections/proj_gfdl.esm4_ssp585_Festuca.versicolor_PA1_RUN3_GBM.tif
[06:58:23] 	> Projecting Festuca.versicolor_PA1_RUN3_ANN ...
[06:58:24] 		Writing projection on hard drive...
[06:58:24] 		 /work/data/output/Festuca.versicolor/proj_gfdl.esm4_ssp585/individual_projections/proj_gfdl.esm4_ssp585_Festuca.versicolor_PA1_RUN3_ANN.tif
[06:59:23] 	> Projecting Festuca.versicolor_PA1_RUN3_FDA ...
[06:59:25] 		Writing projection on hard drive...
[06:59:25] 		 /work/data/output/Festuca.versicolor/proj_gfdl.esm4_ssp585/individual_projections/proj_gfdl.esm4_ssp585_Festuca.versicolor_PA1_RUN3_FDA.tif
[06:59:58] 	> Projecting Festuca.versicolor_PA1_RUN3_MAXNET ...
[06:59:59] 		Writing projection on hard drive...
[06:59:59] 		 /work/data/output/Festuca.versicolor/proj_gfdl.esm4_ssp585/individual_projections/proj_gfdl.esm4_ssp585_Festuca.versicolor_PA1_RUN3_MAXNET.tif
[07:00:50] 	> Projecting Festuca.versicolor_PA1_RUN4_GLM ...
[07:00:51] 		Writing projection on hard drive...
[07:00:51] 		 /work/data/output/Festuca.versicolor/proj_gfdl.esm4_ssp585/individual_projections/proj_gfdl.esm4_ssp585_Festuca.versicolor_PA1_RUN4_GLM.tif
[07:13:38] 	> Projecting Festuca.versicolor_PA1_RUN4_GBM ...
[07:13:39] 		Writing projection on hard drive...
[07:13:39] 		 /work/data/output/Festuca.versicolor/proj_gfdl.esm4_ssp585/individual_projections/proj_gfdl.esm4_ssp585_Festuca.versicolor_PA1_RUN4_GBM.tif
[07:15:13] 	> Projecting Festuca.versicolor_PA1_RUN4_ANN ...
[07:15:14] 		Writing projection on hard drive...
[07:15:14] 		 /work/data/output/Festuca.versicolor/proj_gfdl.esm4_ssp585/individual_projections/proj_gfdl.esm4_ssp585_Festuca.versicolor_PA1_RUN4_ANN.tif
[07:16:05] 	> Projecting Festuca.versicolor_PA1_RUN4_FDA ...
[07:16:06] 		Writing projection on hard drive...
[07:16:06] 		 /work/data/output/Festuca.versicolor/proj_gfdl.esm4_ssp585/individual_projections/proj_gfdl.esm4_ssp585_Festuca.versicolor_PA1_RUN4_FDA.tif
[07:16:39] 	> Projecting Festuca.versicolor_PA1_RUN4_MAXNET ...
[07:16:40] 		Writing projection on hard drive...
[07:16:40] 		 /work/data/output/Festuca.versicolor/proj_gfdl.esm4_ssp585/individual_projections/proj_gfdl.esm4_ssp585_Festuca.versicolor_PA1_RUN4_MAXNET.tif
[07:17:31] 	> Projecting Festuca.versicolor_PA1_RUN5_GLM ...
[07:17:31] 		Writing projection on hard drive...
[07:17:31] 		 /work/data/output/Festuca.versicolor/proj_gfdl.esm4_ssp585/individual_projections/proj_gfdl.esm4_ssp585_Festuca.versicolor_PA1_RUN5_GLM.tif
[07:30:25] 	> Projecting Festuca.versicolor_PA1_RUN5_GBM ...
[07:30:26] 		Writing projection on hard drive...
[07:30:26] 		 /work/data/output/Festuca.versicolor/proj_gfdl.esm4_ssp585/individual_projections/proj_gfdl.esm4_ssp585_Festuca.versicolor_PA1_RUN5_GBM.tif
[07:31:36] 	> Projecting Festuca.versicolor_PA1_RUN5_ANN ...
[07:31:37] 		Writing projection on hard drive...
[07:31:37] 		 /work/data/output/Festuca.versicolor/proj_gfdl.esm4_ssp585/individual_projections/proj_gfdl.esm4_ssp585_Festuca.versicolor_PA1_RUN5_ANN.tif
[07:32:29] 	> Projecting Festuca.versicolor_PA1_RUN5_FDA ...
[07:32:30] 		Writing projection on hard drive...
[07:32:30] 		 /work/data/output/Festuca.versicolor/proj_gfdl.esm4_ssp585/individual_projections/proj_gfdl.esm4_ssp585_Festuca.versicolor_PA1_RUN5_FDA.tif
[07:32:52] 	> Projecting Festuca.versicolor_PA1_RUN5_MAXNET ...
[07:32:53] 		Writing projection on hard drive...
[07:32:53] 		 /work/data/output/Festuca.versicolor/proj_gfdl.esm4_ssp585/individual_projections/proj_gfdl.esm4_ssp585_Festuca.versicolor_PA1_RUN5_MAXNET.tif
[07:33:29] 	> Projecting Festuca.versicolor_PA2_RUN1_GLM ...
[07:33:30] 		Writing projection on hard drive...
[07:33:30] 		 /work/data/output/Festuca.versicolor/proj_gfdl.esm4_ssp585/individual_projections/proj_gfdl.esm4_ssp585_Festuca.versicolor_PA2_RUN1_GLM.tif
[07:46:34] 	> Projecting Festuca.versicolor_PA2_RUN1_GBM ...
[07:46:40] 		Writing projection on hard drive...
[07:46:40] 		 /work/data/output/Festuca.versicolor/proj_gfdl.esm4_ssp585/individual_projections/proj_gfdl.esm4_ssp585_Festuca.versicolor_PA2_RUN1_GBM.tif
[07:47:53] 	> Projecting Festuca.versicolor_PA2_RUN1_ANN ...
[07:47:53] 		Writing projection on hard drive...
[07:47:53] 		 /work/data/output/Festuca.versicolor/proj_gfdl.esm4_ssp585/individual_projections/proj_gfdl.esm4_ssp585_Festuca.versicolor_PA2_RUN1_ANN.tif
[07:48:46] 	> Projecting Festuca.versicolor_PA2_RUN1_FDA ...
[07:48:47] 		Writing projection on hard drive...
[07:48:47] 		 /work/data/output/Festuca.versicolor/proj_gfdl.esm4_ssp585/individual_projections/proj_gfdl.esm4_ssp585_Festuca.versicolor_PA2_RUN1_FDA.tif
[07:49:11] 	> Projecting Festuca.versicolor_PA2_RUN1_MAXNET ...
[07:49:12] 		Writing projection on hard drive...
[07:49:12] 		 /work/data/output/Festuca.versicolor/proj_gfdl.esm4_ssp585/individual_projections/proj_gfdl.esm4_ssp585_Festuca.versicolor_PA2_RUN1_MAXNET.tif
[07:49:46] 	> Projecting Festuca.versicolor_PA2_RUN2_GLM ...
[07:49:47] 		Writing projection on hard drive...
[07:49:47] 		 /work/data/output/Festuca.versicolor/proj_gfdl.esm4_ssp585/individual_projections/proj_gfdl.esm4_ssp585_Festuca.versicolor_PA2_RUN2_GLM.tif
[08:00:04] 	> Projecting Festuca.versicolor_PA2_RUN2_GBM ...
[08:00:05] 		Writing projection on hard drive...
[08:00:05] 		 /work/data/output/Festuca.versicolor/proj_gfdl.esm4_ssp585/individual_projections/proj_gfdl.esm4_ssp585_Festuca.versicolor_PA2_RUN2_GBM.tif
[08:01:14] 	> Projecting Festuca.versicolor_PA2_RUN2_ANN ...
[08:01:15] 		Writing projection on hard drive...
[08:01:15] 		 /work/data/output/Festuca.versicolor/proj_gfdl.esm4_ssp585/individual_projections/proj_gfdl.esm4_ssp585_Festuca.versicolor_PA2_RUN2_ANN.tif
[08:02:02] 	> Projecting Festuca.versicolor_PA2_RUN2_FDA ...
[08:02:03] 		Writing projection on hard drive...
[08:02:03] 		 /work/data/output/Festuca.versicolor/proj_gfdl.esm4_ssp585/individual_projections/proj_gfdl.esm4_ssp585_Festuca.versicolor_PA2_RUN2_FDA.tif
[08:02:37] 	> Projecting Festuca.versicolor_PA2_RUN2_MAXNET ...
[08:02:38] 		Writing projection on hard drive...
[08:02:38] 		 /work/data/output/Festuca.versicolor/proj_gfdl.esm4_ssp585/individual_projections/proj_gfdl.esm4_ssp585_Festuca.versicolor_PA2_RUN2_MAXNET.tif
[08:03:13] 	> Projecting Festuca.versicolor_PA2_RUN3_GLM ...
[08:03:14] 		Writing projection on hard drive...
[08:03:14] 		 /work/data/output/Festuca.versicolor/proj_gfdl.esm4_ssp585/individual_projections/proj_gfdl.esm4_ssp585_Festuca.versicolor_PA2_RUN3_GLM.tif
[08:12:31] 	> Projecting Festuca.versicolor_PA2_RUN3_GBM ...
[08:12:31] 		Writing projection on hard drive...
[08:12:31] 		 /work/data/output/Festuca.versicolor/proj_gfdl.esm4_ssp585/individual_projections/proj_gfdl.esm4_ssp585_Festuca.versicolor_PA2_RUN3_GBM.tif
[08:14:03] 	> Projecting Festuca.versicolor_PA2_RUN3_ANN ...
[08:14:04] 		Writing projection on hard drive...
[08:14:04] 		 /work/data/output/Festuca.versicolor/proj_gfdl.esm4_ssp585/individual_projections/proj_gfdl.esm4_ssp585_Festuca.versicolor_PA2_RUN3_ANN.tif
[08:15:09] 	> Projecting Festuca.versicolor_PA2_RUN3_FDA ...
[08:15:10] 		Writing projection on hard drive...
[08:15:10] 		 /work/data/output/Festuca.versicolor/proj_gfdl.esm4_ssp585/individual_projections/proj_gfdl.esm4_ssp585_Festuca.versicolor_PA2_RUN3_FDA.tif
[08:15:32] 	> Projecting Festuca.versicolor_PA2_RUN3_MAXNET ...
[08:15:32] 		Writing projection on hard drive...
[08:15:32] 		 /work/data/output/Festuca.versicolor/proj_gfdl.esm4_ssp585/individual_projections/proj_gfdl.esm4_ssp585_Festuca.versicolor_PA2_RUN3_MAXNET.tif
[08:16:13] 	> Projecting Festuca.versicolor_PA2_RUN4_GLM ...
[08:16:14] 		Writing projection on hard drive...
[08:16:14] 		 /work/data/output/Festuca.versicolor/proj_gfdl.esm4_ssp585/individual_projections/proj_gfdl.esm4_ssp585_Festuca.versicolor_PA2_RUN4_GLM.tif
[08:29:25] 	> Projecting Festuca.versicolor_PA2_RUN4_GBM ...
[08:29:26] 		Writing projection on hard drive...
[08:29:26] 		 /work/data/output/Festuca.versicolor/proj_gfdl.esm4_ssp585/individual_projections/proj_gfdl.esm4_ssp585_Festuca.versicolor_PA2_RUN4_GBM.tif
[08:30:33] 	> Projecting Festuca.versicolor_PA2_RUN4_ANN ...
[08:30:34] 		Writing projection on hard drive...
[08:30:34] 		 /work/data/output/Festuca.versicolor/proj_gfdl.esm4_ssp585/individual_projections/proj_gfdl.esm4_ssp585_Festuca.versicolor_PA2_RUN4_ANN.tif
[08:31:25] 	> Projecting Festuca.versicolor_PA2_RUN4_FDA ...
[08:31:26] 		Writing projection on hard drive...
[08:31:26] 		 /work/data/output/Festuca.versicolor/proj_gfdl.esm4_ssp585/individual_projections/proj_gfdl.esm4_ssp585_Festuca.versicolor_PA2_RUN4_FDA.tif
[08:31:53] 	> Projecting Festuca.versicolor_PA2_RUN4_MAXNET ...
[08:31:54] 		Writing projection on hard drive...
[08:31:54] 		 /work/data/output/Festuca.versicolor/proj_gfdl.esm4_ssp585/individual_projections/proj_gfdl.esm4_ssp585_Festuca.versicolor_PA2_RUN4_MAXNET.tif
[08:32:32] 	> Projecting Festuca.versicolor_PA2_RUN5_GLM ...
[08:32:33] 		Writing projection on hard drive...
[08:32:33] 		 /work/data/output/Festuca.versicolor/proj_gfdl.esm4_ssp585/individual_projections/proj_gfdl.esm4_ssp585_Festuca.versicolor_PA2_RUN5_GLM.tif
[08:44:43] 	> Projecting Festuca.versicolor_PA2_RUN5_GBM ...
[08:44:44] 		Writing projection on hard drive...
[08:44:44] 		 /work/data/output/Festuca.versicolor/proj_gfdl.esm4_ssp585/individual_projections/proj_gfdl.esm4_ssp585_Festuca.versicolor_PA2_RUN5_GBM.tif
[08:45:57] 	> Projecting Festuca.versicolor_PA2_RUN5_ANN ...
[08:45:58] 		Writing projection on hard drive...
[08:45:58] 		 /work/data/output/Festuca.versicolor/proj_gfdl.esm4_ssp585/individual_projections/proj_gfdl.esm4_ssp585_Festuca.versicolor_PA2_RUN5_ANN.tif
[08:46:47] 	> Projecting Festuca.versicolor_PA2_RUN5_FDA ...
[08:46:48] 		Writing projection on hard drive...
[08:46:48] 		 /work/data/output/Festuca.versicolor/proj_gfdl.esm4_ssp585/individual_projections/proj_gfdl.esm4_ssp585_Festuca.versicolor_PA2_RUN5_FDA.tif
[08:47:12] 	> Projecting Festuca.versicolor_PA2_RUN5_MAXNET ...
[08:47:13] 		Writing projection on hard drive...
[08:47:13] 		 /work/data/output/Festuca.versicolor/proj_gfdl.esm4_ssp585/individual_projections/proj_gfdl.esm4_ssp585_Festuca.versicolor_PA2_RUN5_MAXNET.tif
[08:47:51] 	> Projecting Festuca.versicolor_PA3_RUN1_GLM ...
[08:47:52] 		Writing projection on hard drive...
[08:47:52] 		 /work/data/output/Festuca.versicolor/proj_gfdl.esm4_ssp585/individual_projections/proj_gfdl.esm4_ssp585_Festuca.versicolor_PA3_RUN1_GLM.tif
[09:00:44] 	> Projecting Festuca.versicolor_PA3_RUN1_GBM ...
[09:00:45] 		Writing projection on hard drive...
[09:00:45] 		 /work/data/output/Festuca.versicolor/proj_gfdl.esm4_ssp585/individual_projections/proj_gfdl.esm4_ssp585_Festuca.versicolor_PA3_RUN1_GBM.tif
[09:01:54] 	> Projecting Festuca.versicolor_PA3_RUN1_ANN ...
[09:01:55] 		Writing projection on hard drive...
[09:01:55] 		 /work/data/output/Festuca.versicolor/proj_gfdl.esm4_ssp585/individual_projections/proj_gfdl.esm4_ssp585_Festuca.versicolor_PA3_RUN1_ANN.tif
[09:02:46] 	> Projecting Festuca.versicolor_PA3_RUN1_FDA ...
[09:02:47] 		Writing projection on hard drive...
[09:02:47] 		 /work/data/output/Festuca.versicolor/proj_gfdl.esm4_ssp585/individual_projections/proj_gfdl.esm4_ssp585_Festuca.versicolor_PA3_RUN1_FDA.tif
[09:03:13] 	> Projecting Festuca.versicolor_PA3_RUN1_MAXNET ...
[09:03:14] 		Writing projection on hard drive...
[09:03:14] 		 /work/data/output/Festuca.versicolor/proj_gfdl.esm4_ssp585/individual_projections/proj_gfdl.esm4_ssp585_Festuca.versicolor_PA3_RUN1_MAXNET.tif
[09:03:48] 	> Projecting Festuca.versicolor_PA3_RUN2_GLM ...
[09:03:49] 		Writing projection on hard drive...
[09:03:49] 		 /work/data/output/Festuca.versicolor/proj_gfdl.esm4_ssp585/individual_projections/proj_gfdl.esm4_ssp585_Festuca.versicolor_PA3_RUN2_GLM.tif
[09:17:02] 	> Projecting Festuca.versicolor_PA3_RUN2_GBM ...
[09:17:02] 		Writing projection on hard drive...
[09:17:02] 		 /work/data/output/Festuca.versicolor/proj_gfdl.esm4_ssp585/individual_projections/proj_gfdl.esm4_ssp585_Festuca.versicolor_PA3_RUN2_GBM.tif
[09:18:11] 	> Projecting Festuca.versicolor_PA3_RUN2_ANN ...
[09:18:12] 		Writing projection on hard drive...
[09:18:12] 		 /work/data/output/Festuca.versicolor/proj_gfdl.esm4_ssp585/individual_projections/proj_gfdl.esm4_ssp585_Festuca.versicolor_PA3_RUN2_ANN.tif
[09:19:01] 	> Projecting Festuca.versicolor_PA3_RUN2_FDA ...
[09:19:02] 		Writing projection on hard drive...
[09:19:02] 		 /work/data/output/Festuca.versicolor/proj_gfdl.esm4_ssp585/individual_projections/proj_gfdl.esm4_ssp585_Festuca.versicolor_PA3_RUN2_FDA.tif
[09:19:26] 	> Projecting Festuca.versicolor_PA3_RUN2_MAXNET ...
[09:19:27] 		Writing projection on hard drive...
[09:19:27] 		 /work/data/output/Festuca.versicolor/proj_gfdl.esm4_ssp585/individual_projections/proj_gfdl.esm4_ssp585_Festuca.versicolor_PA3_RUN2_MAXNET.tif
[09:20:05] 	> Projecting Festuca.versicolor_PA3_RUN3_GLM ...
[09:20:06] 		Writing projection on hard drive...
[09:20:06] 		 /work/data/output/Festuca.versicolor/proj_gfdl.esm4_ssp585/individual_projections/proj_gfdl.esm4_ssp585_Festuca.versicolor_PA3_RUN3_GLM.tif
[09:30:04] 	> Projecting Festuca.versicolor_PA3_RUN3_GBM ...
[09:30:04] 		Writing projection on hard drive...
[09:30:04] 		 /work/data/output/Festuca.versicolor/proj_gfdl.esm4_ssp585/individual_projections/proj_gfdl.esm4_ssp585_Festuca.versicolor_PA3_RUN3_GBM.tif
[09:31:13] 	> Projecting Festuca.versicolor_PA3_RUN3_ANN ...
[09:31:13] 		Writing projection on hard drive...
[09:31:13] 		 /work/data/output/Festuca.versicolor/proj_gfdl.esm4_ssp585/individual_projections/proj_gfdl.esm4_ssp585_Festuca.versicolor_PA3_RUN3_ANN.tif
[09:32:05] 	> Projecting Festuca.versicolor_PA3_RUN3_FDA ...
[09:32:06] 		Writing projection on hard drive...
[09:32:06] 		 /work/data/output/Festuca.versicolor/proj_gfdl.esm4_ssp585/individual_projections/proj_gfdl.esm4_ssp585_Festuca.versicolor_PA3_RUN3_FDA.tif
[09:32:32] 	> Projecting Festuca.versicolor_PA3_RUN3_MAXNET ...
[09:32:32] 		Writing projection on hard drive...
[09:32:32] 		 /work/data/output/Festuca.versicolor/proj_gfdl.esm4_ssp585/individual_projections/proj_gfdl.esm4_ssp585_Festuca.versicolor_PA3_RUN3_MAXNET.tif
[09:33:13] 	> Projecting Festuca.versicolor_PA3_RUN4_GLM ...
[09:33:14] 		Writing projection on hard drive...
[09:33:14] 		 /work/data/output/Festuca.versicolor/proj_gfdl.esm4_ssp585/individual_projections/proj_gfdl.esm4_ssp585_Festuca.versicolor_PA3_RUN4_GLM.tif
[09:45:28] 	> Projecting Festuca.versicolor_PA3_RUN4_GBM ...
[09:45:29] 		Writing projection on hard drive...
[09:45:29] 		 /work/data/output/Festuca.versicolor/proj_gfdl.esm4_ssp585/individual_projections/proj_gfdl.esm4_ssp585_Festuca.versicolor_PA3_RUN4_GBM.tif
[09:46:33] 	> Projecting Festuca.versicolor_PA3_RUN4_ANN ...
[09:46:34] 		Writing projection on hard drive...
[09:46:34] 		 /work/data/output/Festuca.versicolor/proj_gfdl.esm4_ssp585/individual_projections/proj_gfdl.esm4_ssp585_Festuca.versicolor_PA3_RUN4_ANN.tif
[09:47:27] 	> Projecting Festuca.versicolor_PA3_RUN4_FDA ...
[09:47:28] 		Writing projection on hard drive...
[09:47:28] 		 /work/data/output/Festuca.versicolor/proj_gfdl.esm4_ssp585/individual_projections/proj_gfdl.esm4_ssp585_Festuca.versicolor_PA3_RUN4_FDA.tif
[09:47:53] 	> Projecting Festuca.versicolor_PA3_RUN4_MAXNET ...
[09:47:54] 		Writing projection on hard drive...
[09:47:54] 		 /work/data/output/Festuca.versicolor/proj_gfdl.esm4_ssp585/individual_projections/proj_gfdl.esm4_ssp585_Festuca.versicolor_PA3_RUN4_MAXNET.tif
[09:48:35] 	> Projecting Festuca.versicolor_PA3_RUN5_GLM ...
[09:48:36] 		Writing projection on hard drive...
[09:48:36] 		 /work/data/output/Festuca.versicolor/proj_gfdl.esm4_ssp585/individual_projections/proj_gfdl.esm4_ssp585_Festuca.versicolor_PA3_RUN5_GLM.tif
[10:01:30] 	> Projecting Festuca.versicolor_PA3_RUN5_GBM ...
[10:01:31] 		Writing projection on hard drive...
[10:01:31] 		 /work/data/output/Festuca.versicolor/proj_gfdl.esm4_ssp585/individual_projections/proj_gfdl.esm4_ssp585_Festuca.versicolor_PA3_RUN5_GBM.tif
[10:02:42] 	> Projecting Festuca.versicolor_PA3_RUN5_ANN ...
[10:02:43] 		Writing projection on hard drive...
[10:02:43] 		 /work/data/output/Festuca.versicolor/proj_gfdl.esm4_ssp585/individual_projections/proj_gfdl.esm4_ssp585_Festuca.versicolor_PA3_RUN5_ANN.tif
[10:03:32] 	> Projecting Festuca.versicolor_PA3_RUN5_FDA ...
[10:03:33] 		Writing projection on hard drive...
[10:03:33] 		 /work/data/output/Festuca.versicolor/proj_gfdl.esm4_ssp585/individual_projections/proj_gfdl.esm4_ssp585_Festuca.versicolor_PA3_RUN5_FDA.tif
[10:04:01] 	> Projecting Festuca.versicolor_PA3_RUN5_MAXNET ...
[10:04:02] 		Writing projection on hard drive...
[10:04:02] 		 /work/data/output/Festuca.versicolor/proj_gfdl.esm4_ssp585/individual_projections/proj_gfdl.esm4_ssp585_Festuca.versicolor_PA3_RUN5_MAXNET.tif
[10:04:41] 	> Projecting Festuca.versicolor_PA4_RUN1_GLM ...
[10:04:41] 		Writing projection on hard drive...
[10:04:41] 		 /work/data/output/Festuca.versicolor/proj_gfdl.esm4_ssp585/individual_projections/proj_gfdl.esm4_ssp585_Festuca.versicolor_PA4_RUN1_GLM.tif
[10:17:16] 	> Projecting Festuca.versicolor_PA4_RUN1_GBM ...
[10:17:16] 		Writing projection on hard drive...
[10:17:16] 		 /work/data/output/Festuca.versicolor/proj_gfdl.esm4_ssp585/individual_projections/proj_gfdl.esm4_ssp585_Festuca.versicolor_PA4_RUN1_GBM.tif
[10:18:40] 	> Projecting Festuca.versicolor_PA4_RUN1_ANN ...
[10:18:41] 		Writing projection on hard drive...
[10:18:41] 		 /work/data/output/Festuca.versicolor/proj_gfdl.esm4_ssp585/individual_projections/proj_gfdl.esm4_ssp585_Festuca.versicolor_PA4_RUN1_ANN.tif
[10:19:29] 	> Projecting Festuca.versicolor_PA4_RUN1_FDA ...
[10:19:30] 		Writing projection on hard drive...
[10:19:30] 		 /work/data/output/Festuca.versicolor/proj_gfdl.esm4_ssp585/individual_projections/proj_gfdl.esm4_ssp585_Festuca.versicolor_PA4_RUN1_FDA.tif
[10:19:56] 	> Projecting Festuca.versicolor_PA4_RUN1_MAXNET ...
[10:19:57] 		Writing projection on hard drive...
[10:19:57] 		 /work/data/output/Festuca.versicolor/proj_gfdl.esm4_ssp585/individual_projections/proj_gfdl.esm4_ssp585_Festuca.versicolor_PA4_RUN1_MAXNET.tif
[10:20:41] 	> Projecting Festuca.versicolor_PA4_RUN2_GLM ...
[10:20:42] 		Writing projection on hard drive...
[10:20:42] 		 /work/data/output/Festuca.versicolor/proj_gfdl.esm4_ssp585/individual_projections/proj_gfdl.esm4_ssp585_Festuca.versicolor_PA4_RUN2_GLM.tif
[10:30:44] 	> Projecting Festuca.versicolor_PA4_RUN2_GBM ...
[10:30:45] 		Writing projection on hard drive...
[10:30:45] 		 /work/data/output/Festuca.versicolor/proj_gfdl.esm4_ssp585/individual_projections/proj_gfdl.esm4_ssp585_Festuca.versicolor_PA4_RUN2_GBM.tif
[10:31:50] 	> Projecting Festuca.versicolor_PA4_RUN2_ANN ...
[10:31:51] 		Writing projection on hard drive...
[10:31:51] 		 /work/data/output/Festuca.versicolor/proj_gfdl.esm4_ssp585/individual_projections/proj_gfdl.esm4_ssp585_Festuca.versicolor_PA4_RUN2_ANN.tif
[10:32:41] 	> Projecting Festuca.versicolor_PA4_RUN2_FDA ...
[10:32:42] 		Writing projection on hard drive...
[10:32:42] 		 /work/data/output/Festuca.versicolor/proj_gfdl.esm4_ssp585/individual_projections/proj_gfdl.esm4_ssp585_Festuca.versicolor_PA4_RUN2_FDA.tif
[10:33:04] 	> Projecting Festuca.versicolor_PA4_RUN2_MAXNET ...
[10:33:05] 		Writing projection on hard drive...
[10:33:05] 		 /work/data/output/Festuca.versicolor/proj_gfdl.esm4_ssp585/individual_projections/proj_gfdl.esm4_ssp585_Festuca.versicolor_PA4_RUN2_MAXNET.tif
[10:33:44] 	> Projecting Festuca.versicolor_PA4_RUN3_GLM ...
[10:33:45] 		Writing projection on hard drive...
[10:33:45] 		 /work/data/output/Festuca.versicolor/proj_gfdl.esm4_ssp585/individual_projections/proj_gfdl.esm4_ssp585_Festuca.versicolor_PA4_RUN3_GLM.tif
[10:46:42] 	> Projecting Festuca.versicolor_PA4_RUN3_GBM ...
[10:46:43] 		Writing projection on hard drive...
[10:46:43] 		 /work/data/output/Festuca.versicolor/proj_gfdl.esm4_ssp585/individual_projections/proj_gfdl.esm4_ssp585_Festuca.versicolor_PA4_RUN3_GBM.tif
[10:47:35] 	> Projecting Festuca.versicolor_PA4_RUN3_ANN ...
[10:47:36] 		Writing projection on hard drive...
[10:47:36] 		 /work/data/output/Festuca.versicolor/proj_gfdl.esm4_ssp585/individual_projections/proj_gfdl.esm4_ssp585_Festuca.versicolor_PA4_RUN3_ANN.tif
[10:48:26] 	> Projecting Festuca.versicolor_PA4_RUN3_FDA ...
[10:48:27] 		Writing projection on hard drive...
[10:48:27] 		 /work/data/output/Festuca.versicolor/proj_gfdl.esm4_ssp585/individual_projections/proj_gfdl.esm4_ssp585_Festuca.versicolor_PA4_RUN3_FDA.tif
[10:48:51] 	> Projecting Festuca.versicolor_PA4_RUN3_MAXNET ...
[10:48:52] 		Writing projection on hard drive...
[10:48:52] 		 /work/data/output/Festuca.versicolor/proj_gfdl.esm4_ssp585/individual_projections/proj_gfdl.esm4_ssp585_Festuca.versicolor_PA4_RUN3_MAXNET.tif
[10:49:32] 	> Projecting Festuca.versicolor_PA4_RUN4_GLM ...
[10:49:33] 		Writing projection on hard drive...
[10:49:33] 		 /work/data/output/Festuca.versicolor/proj_gfdl.esm4_ssp585/individual_projections/proj_gfdl.esm4_ssp585_Festuca.versicolor_PA4_RUN4_GLM.tif
[11:01:42] 	> Projecting Festuca.versicolor_PA4_RUN4_GBM ...
[11:01:43] 		Writing projection on hard drive...
[11:01:43] 		 /work/data/output/Festuca.versicolor/proj_gfdl.esm4_ssp585/individual_projections/proj_gfdl.esm4_ssp585_Festuca.versicolor_PA4_RUN4_GBM.tif
[11:02:54] 	> Projecting Festuca.versicolor_PA4_RUN4_ANN ...
[11:02:55] 		Writing projection on hard drive...
[11:02:55] 		 /work/data/output/Festuca.versicolor/proj_gfdl.esm4_ssp585/individual_projections/proj_gfdl.esm4_ssp585_Festuca.versicolor_PA4_RUN4_ANN.tif
[11:03:41] 	> Projecting Festuca.versicolor_PA4_RUN4_FDA ...
[11:03:42] 		Writing projection on hard drive...
[11:03:42] 		 /work/data/output/Festuca.versicolor/proj_gfdl.esm4_ssp585/individual_projections/proj_gfdl.esm4_ssp585_Festuca.versicolor_PA4_RUN4_FDA.tif
[11:04:05] 	> Projecting Festuca.versicolor_PA4_RUN4_MAXNET ...
[11:04:06] 		Writing projection on hard drive...
[11:04:06] 		 /work/data/output/Festuca.versicolor/proj_gfdl.esm4_ssp585/individual_projections/proj_gfdl.esm4_ssp585_Festuca.versicolor_PA4_RUN4_MAXNET.tif
[11:04:45] 	> Projecting Festuca.versicolor_PA4_RUN5_GLM ...
[11:04:46] 		Writing projection on hard drive...
[11:04:46] 		 /work/data/output/Festuca.versicolor/proj_gfdl.esm4_ssp585/individual_projections/proj_gfdl.esm4_ssp585_Festuca.versicolor_PA4_RUN5_GLM.tif
[11:14:18] 	> Projecting Festuca.versicolor_PA4_RUN5_GBM ...
[11:14:19] 		Writing projection on hard drive...
[11:14:19] 		 /work/data/output/Festuca.versicolor/proj_gfdl.esm4_ssp585/individual_projections/proj_gfdl.esm4_ssp585_Festuca.versicolor_PA4_RUN5_GBM.tif
[11:15:25] 	> Projecting Festuca.versicolor_PA4_RUN5_ANN ...
[11:15:26] 		Writing projection on hard drive...
[11:15:26] 		 /work/data/output/Festuca.versicolor/proj_gfdl.esm4_ssp585/individual_projections/proj_gfdl.esm4_ssp585_Festuca.versicolor_PA4_RUN5_ANN.tif
[11:16:19] 	> Projecting Festuca.versicolor_PA4_RUN5_FDA ...
[11:16:20] 		Writing projection on hard drive...
[11:16:20] 		 /work/data/output/Festuca.versicolor/proj_gfdl.esm4_ssp585/individual_projections/proj_gfdl.esm4_ssp585_Festuca.versicolor_PA4_RUN5_FDA.tif
[11:16:43] 	> Projecting Festuca.versicolor_PA4_RUN5_MAXNET ...
[11:16:44] 		Writing projection on hard drive...
[11:16:44] 		 /work/data/output/Festuca.versicolor/proj_gfdl.esm4_ssp585/individual_projections/proj_gfdl.esm4_ssp585_Festuca.versicolor_PA4_RUN5_MAXNET.tif
[11:17:24] 	> Projecting Festuca.versicolor_PA5_RUN1_GLM ...
[11:17:24] 		Writing projection on hard drive...
[11:17:24] 		 /work/data/output/Festuca.versicolor/proj_gfdl.esm4_ssp585/individual_projections/proj_gfdl.esm4_ssp585_Festuca.versicolor_PA5_RUN1_GLM.tif
[11:27:19] 	> Projecting Festuca.versicolor_PA5_RUN1_GBM ...
[11:27:19] 		Writing projection on hard drive...
[11:27:19] 		 /work/data/output/Festuca.versicolor/proj_gfdl.esm4_ssp585/individual_projections/proj_gfdl.esm4_ssp585_Festuca.versicolor_PA5_RUN1_GBM.tif
[11:28:24] 	> Projecting Festuca.versicolor_PA5_RUN1_ANN ...
[11:28:25] 		Writing projection on hard drive...
[11:28:25] 		 /work/data/output/Festuca.versicolor/proj_gfdl.esm4_ssp585/individual_projections/proj_gfdl.esm4_ssp585_Festuca.versicolor_PA5_RUN1_ANN.tif
[11:29:17] 	> Projecting Festuca.versicolor_PA5_RUN1_FDA ...
[11:29:18] 		Writing projection on hard drive...
[11:29:18] 		 /work/data/output/Festuca.versicolor/proj_gfdl.esm4_ssp585/individual_projections/proj_gfdl.esm4_ssp585_Festuca.versicolor_PA5_RUN1_FDA.tif
[11:29:40] 	> Projecting Festuca.versicolor_PA5_RUN1_MAXNET ...
[11:29:40] 		Writing projection on hard drive...
[11:29:40] 		 /work/data/output/Festuca.versicolor/proj_gfdl.esm4_ssp585/individual_projections/proj_gfdl.esm4_ssp585_Festuca.versicolor_PA5_RUN1_MAXNET.tif
[11:30:19] 	> Projecting Festuca.versicolor_PA5_RUN2_GLM ...
[11:30:20] 		Writing projection on hard drive...
[11:30:20] 		 /work/data/output/Festuca.versicolor/proj_gfdl.esm4_ssp585/individual_projections/proj_gfdl.esm4_ssp585_Festuca.versicolor_PA5_RUN2_GLM.tif
[11:39:43] 	> Projecting Festuca.versicolor_PA5_RUN2_GBM ...
[11:39:44] 		Writing projection on hard drive...
[11:39:44] 		 /work/data/output/Festuca.versicolor/proj_gfdl.esm4_ssp585/individual_projections/proj_gfdl.esm4_ssp585_Festuca.versicolor_PA5_RUN2_GBM.tif
[11:40:43] 	> Projecting Festuca.versicolor_PA5_RUN2_ANN ...
[11:40:43] 		Writing projection on hard drive...
[11:40:43] 		 /work/data/output/Festuca.versicolor/proj_gfdl.esm4_ssp585/individual_projections/proj_gfdl.esm4_ssp585_Festuca.versicolor_PA5_RUN2_ANN.tif
[11:41:35] 	> Projecting Festuca.versicolor_PA5_RUN2_FDA ...
[11:41:36] 		Writing projection on hard drive...
[11:41:36] 		 /work/data/output/Festuca.versicolor/proj_gfdl.esm4_ssp585/individual_projections/proj_gfdl.esm4_ssp585_Festuca.versicolor_PA5_RUN2_FDA.tif
[11:42:01] 	> Projecting Festuca.versicolor_PA5_RUN2_MAXNET ...
[11:42:02] 		Writing projection on hard drive...
[11:42:02] 		 /work/data/output/Festuca.versicolor/proj_gfdl.esm4_ssp585/individual_projections/proj_gfdl.esm4_ssp585_Festuca.versicolor_PA5_RUN2_MAXNET.tif
[11:42:41] 	> Projecting Festuca.versicolor_PA5_RUN3_GLM ...
[11:42:42] 		Writing projection on hard drive...
[11:42:42] 		 /work/data/output/Festuca.versicolor/proj_gfdl.esm4_ssp585/individual_projections/proj_gfdl.esm4_ssp585_Festuca.versicolor_PA5_RUN3_GLM.tif
[11:54:57] 	> Projecting Festuca.versicolor_PA5_RUN3_GBM ...
[11:54:57] 		Writing projection on hard drive...
[11:54:57] 		 /work/data/output/Festuca.versicolor/proj_gfdl.esm4_ssp585/individual_projections/proj_gfdl.esm4_ssp585_Festuca.versicolor_PA5_RUN3_GBM.tif
[11:56:07] 	> Projecting Festuca.versicolor_PA5_RUN3_ANN ...
[11:56:08] 		Writing projection on hard drive...
[11:56:08] 		 /work/data/output/Festuca.versicolor/proj_gfdl.esm4_ssp585/individual_projections/proj_gfdl.esm4_ssp585_Festuca.versicolor_PA5_RUN3_ANN.tif
[11:56:58] 	> Projecting Festuca.versicolor_PA5_RUN3_FDA ...
[11:56:59] 		Writing projection on hard drive...
[11:56:59] 		 /work/data/output/Festuca.versicolor/proj_gfdl.esm4_ssp585/individual_projections/proj_gfdl.esm4_ssp585_Festuca.versicolor_PA5_RUN3_FDA.tif
[11:57:25] 	> Projecting Festuca.versicolor_PA5_RUN3_MAXNET ...
[11:57:26] 		Writing projection on hard drive...
[11:57:26] 		 /work/data/output/Festuca.versicolor/proj_gfdl.esm4_ssp585/individual_projections/proj_gfdl.esm4_ssp585_Festuca.versicolor_PA5_RUN3_MAXNET.tif
[11:58:01] 	> Projecting Festuca.versicolor_PA5_RUN4_GLM ...
[11:58:02] 		Writing projection on hard drive...
[11:58:02] 		 /work/data/output/Festuca.versicolor/proj_gfdl.esm4_ssp585/individual_projections/proj_gfdl.esm4_ssp585_Festuca.versicolor_PA5_RUN4_GLM.tif
[12:08:21] 	> Projecting Festuca.versicolor_PA5_RUN4_GBM ...
[12:08:22] 		Writing projection on hard drive...
[12:08:22] 		 /work/data/output/Festuca.versicolor/proj_gfdl.esm4_ssp585/individual_projections/proj_gfdl.esm4_ssp585_Festuca.versicolor_PA5_RUN4_GBM.tif
[12:09:35] 	> Projecting Festuca.versicolor_PA5_RUN4_ANN ...
[12:09:36] 		Writing projection on hard drive...
[12:09:36] 		 /work/data/output/Festuca.versicolor/proj_gfdl.esm4_ssp585/individual_projections/proj_gfdl.esm4_ssp585_Festuca.versicolor_PA5_RUN4_ANN.tif
[12:10:17] 	> Projecting Festuca.versicolor_PA5_RUN4_FDA ...
[12:10:18] 		Writing projection on hard drive...
[12:10:18] 		 /work/data/output/Festuca.versicolor/proj_gfdl.esm4_ssp585/individual_projections/proj_gfdl.esm4_ssp585_Festuca.versicolor_PA5_RUN4_FDA.tif
[12:10:48] 	> Projecting Festuca.versicolor_PA5_RUN4_MAXNET ...
[12:10:48] 		Writing projection on hard drive...
[12:10:48] 		 /work/data/output/Festuca.versicolor/proj_gfdl.esm4_ssp585/individual_projections/proj_gfdl.esm4_ssp585_Festuca.versicolor_PA5_RUN4_MAXNET.tif
[12:11:34] 	> Projecting Festuca.versicolor_PA5_RUN5_GLM ...
[12:11:35] 		Writing projection on hard drive...
[12:11:35] 		 /work/data/output/Festuca.versicolor/proj_gfdl.esm4_ssp585/individual_projections/proj_gfdl.esm4_ssp585_Festuca.versicolor_PA5_RUN5_GLM.tif
[12:23:44] 	> Projecting Festuca.versicolor_PA5_RUN5_GBM ...
[12:23:44] 		Writing projection on hard drive...
[12:23:44] 		 /work/data/output/Festuca.versicolor/proj_gfdl.esm4_ssp585/individual_projections/proj_gfdl.esm4_ssp585_Festuca.versicolor_PA5_RUN5_GBM.tif
[12:25:00] 	> Projecting Festuca.versicolor_PA5_RUN5_ANN ...
[12:25:01] 		Writing projection on hard drive...
[12:25:01] 		 /work/data/output/Festuca.versicolor/proj_gfdl.esm4_ssp585/individual_projections/proj_gfdl.esm4_ssp585_Festuca.versicolor_PA5_RUN5_ANN.tif
[12:25:47] 	> Projecting Festuca.versicolor_PA5_RUN5_FDA ...
[12:25:48] 		Writing projection on hard drive...
[12:25:48] 		 /work/data/output/Festuca.versicolor/proj_gfdl.esm4_ssp585/individual_projections/proj_gfdl.esm4_ssp585_Festuca.versicolor_PA5_RUN5_FDA.tif
[12:26:22] 	> Projecting Festuca.versicolor_PA5_RUN5_MAXNET ...
[12:26:23] 		Writing projection on hard drive...
[12:26:23] 		 /work/data/output/Festuca.versicolor/proj_gfdl.esm4_ssp585/individual_projections/proj_gfdl.esm4_ssp585_Festuca.versicolor_PA5_RUN5_MAXNET.tif
[12:27:02] 	> Projecting Festuca.versicolor_PA6_RUN1_GLM ...
[12:27:02] 		Writing projection on hard drive...
[12:27:02] 		 /work/data/output/Festuca.versicolor/proj_gfdl.esm4_ssp585/individual_projections/proj_gfdl.esm4_ssp585_Festuca.versicolor_PA6_RUN1_GLM.tif
[12:40:02] 	> Projecting Festuca.versicolor_PA6_RUN1_GBM ...
[12:40:02] 		Writing projection on hard drive...
[12:40:02] 		 /work/data/output/Festuca.versicolor/proj_gfdl.esm4_ssp585/individual_projections/proj_gfdl.esm4_ssp585_Festuca.versicolor_PA6_RUN1_GBM.tif
[12:41:08] 	> Projecting Festuca.versicolor_PA6_RUN1_ANN ...
[12:41:08] 		Writing projection on hard drive...
[12:41:08] 		 /work/data/output/Festuca.versicolor/proj_gfdl.esm4_ssp585/individual_projections/proj_gfdl.esm4_ssp585_Festuca.versicolor_PA6_RUN1_ANN.tif
[12:41:59] 	> Projecting Festuca.versicolor_PA6_RUN1_FDA ...
[12:42:00] 		Writing projection on hard drive...
[12:42:00] 		 /work/data/output/Festuca.versicolor/proj_gfdl.esm4_ssp585/individual_projections/proj_gfdl.esm4_ssp585_Festuca.versicolor_PA6_RUN1_FDA.tif
[12:42:26] 	> Projecting Festuca.versicolor_PA6_RUN1_MAXNET ...
[12:42:26] 		Writing projection on hard drive...
[12:42:26] 		 /work/data/output/Festuca.versicolor/proj_gfdl.esm4_ssp585/individual_projections/proj_gfdl.esm4_ssp585_Festuca.versicolor_PA6_RUN1_MAXNET.tif
[12:43:05] 	> Projecting Festuca.versicolor_PA6_RUN2_GLM ...
[12:43:05] 		Writing projection on hard drive...
[12:43:05] 		 /work/data/output/Festuca.versicolor/proj_gfdl.esm4_ssp585/individual_projections/proj_gfdl.esm4_ssp585_Festuca.versicolor_PA6_RUN2_GLM.tif
[12:55:54] 	> Projecting Festuca.versicolor_PA6_RUN2_GBM ...
[12:55:54] 		Writing projection on hard drive...
[12:55:54] 		 /work/data/output/Festuca.versicolor/proj_gfdl.esm4_ssp585/individual_projections/proj_gfdl.esm4_ssp585_Festuca.versicolor_PA6_RUN2_GBM.tif
[12:57:05] 	> Projecting Festuca.versicolor_PA6_RUN2_ANN ...
[12:57:06] 		Writing projection on hard drive...
[12:57:06] 		 /work/data/output/Festuca.versicolor/proj_gfdl.esm4_ssp585/individual_projections/proj_gfdl.esm4_ssp585_Festuca.versicolor_PA6_RUN2_ANN.tif
[12:57:52] 	> Projecting Festuca.versicolor_PA6_RUN2_FDA ...
[12:57:53] 		Writing projection on hard drive...
[12:57:53] 		 /work/data/output/Festuca.versicolor/proj_gfdl.esm4_ssp585/individual_projections/proj_gfdl.esm4_ssp585_Festuca.versicolor_PA6_RUN2_FDA.tif
[12:58:16] 	> Projecting Festuca.versicolor_PA6_RUN2_MAXNET ...
[12:58:16] 		Writing projection on hard drive...
[12:58:16] 		 /work/data/output/Festuca.versicolor/proj_gfdl.esm4_ssp585/individual_projections/proj_gfdl.esm4_ssp585_Festuca.versicolor_PA6_RUN2_MAXNET.tif
[12:59:00] 	> Projecting Festuca.versicolor_PA6_RUN3_GLM ...
[12:59:00] 		Writing projection on hard drive...
[12:59:00] 		 /work/data/output/Festuca.versicolor/proj_gfdl.esm4_ssp585/individual_projections/proj_gfdl.esm4_ssp585_Festuca.versicolor_PA6_RUN3_GLM.tif
[13:12:01] 	> Projecting Festuca.versicolor_PA6_RUN3_GBM ...
[13:12:01] 		Writing projection on hard drive...
[13:12:01] 		 /work/data/output/Festuca.versicolor/proj_gfdl.esm4_ssp585/individual_projections/proj_gfdl.esm4_ssp585_Festuca.versicolor_PA6_RUN3_GBM.tif
[13:12:58] 	> Projecting Festuca.versicolor_PA6_RUN3_ANN ...
[13:12:59] 		Writing projection on hard drive...
[13:12:59] 		 /work/data/output/Festuca.versicolor/proj_gfdl.esm4_ssp585/individual_projections/proj_gfdl.esm4_ssp585_Festuca.versicolor_PA6_RUN3_ANN.tif
[13:13:47] 	> Projecting Festuca.versicolor_PA6_RUN3_FDA ...
[13:13:48] 		Writing projection on hard drive...
[13:13:48] 		 /work/data/output/Festuca.versicolor/proj_gfdl.esm4_ssp585/individual_projections/proj_gfdl.esm4_ssp585_Festuca.versicolor_PA6_RUN3_FDA.tif
[13:14:14] 	> Projecting Festuca.versicolor_PA6_RUN3_MAXNET ...
[13:14:15] 		Writing projection on hard drive...
[13:14:15] 		 /work/data/output/Festuca.versicolor/proj_gfdl.esm4_ssp585/individual_projections/proj_gfdl.esm4_ssp585_Festuca.versicolor_PA6_RUN3_MAXNET.tif
[13:14:54] 	> Projecting Festuca.versicolor_PA6_RUN4_GLM ...
[13:14:55] 		Writing projection on hard drive...
[13:14:55] 		 /work/data/output/Festuca.versicolor/proj_gfdl.esm4_ssp585/individual_projections/proj_gfdl.esm4_ssp585_Festuca.versicolor_PA6_RUN4_GLM.tif
[13:27:09] 	> Projecting Festuca.versicolor_PA6_RUN4_GBM ...
[13:27:10] 		Writing projection on hard drive...
[13:27:10] 		 /work/data/output/Festuca.versicolor/proj_gfdl.esm4_ssp585/individual_projections/proj_gfdl.esm4_ssp585_Festuca.versicolor_PA6_RUN4_GBM.tif
[13:28:17] 	> Projecting Festuca.versicolor_PA6_RUN4_ANN ...
[13:28:18] 		Writing projection on hard drive...
[13:28:18] 		 /work/data/output/Festuca.versicolor/proj_gfdl.esm4_ssp585/individual_projections/proj_gfdl.esm4_ssp585_Festuca.versicolor_PA6_RUN4_ANN.tif
[13:29:06] 	> Projecting Festuca.versicolor_PA6_RUN4_FDA ...
[13:29:07] 		Writing projection on hard drive...
[13:29:07] 		 /work/data/output/Festuca.versicolor/proj_gfdl.esm4_ssp585/individual_projections/proj_gfdl.esm4_ssp585_Festuca.versicolor_PA6_RUN4_FDA.tif
[13:29:33] 	> Projecting Festuca.versicolor_PA6_RUN4_MAXNET ...
[13:29:34] 		Writing projection on hard drive...
[13:29:34] 		 /work/data/output/Festuca.versicolor/proj_gfdl.esm4_ssp585/individual_projections/proj_gfdl.esm4_ssp585_Festuca.versicolor_PA6_RUN4_MAXNET.tif
[13:30:14] 	> Projecting Festuca.versicolor_PA6_RUN5_GLM ...
[13:30:15] 		Writing projection on hard drive...
[13:30:15] 		 /work/data/output/Festuca.versicolor/proj_gfdl.esm4_ssp585/individual_projections/proj_gfdl.esm4_ssp585_Festuca.versicolor_PA6_RUN5_GLM.tif
[13:43:15] 	> Projecting Festuca.versicolor_PA6_RUN5_GBM ...
[13:43:16] 		Writing projection on hard drive...
[13:43:16] 		 /work/data/output/Festuca.versicolor/proj_gfdl.esm4_ssp585/individual_projections/proj_gfdl.esm4_ssp585_Festuca.versicolor_PA6_RUN5_GBM.tif
[13:44:26] 	> Projecting Festuca.versicolor_PA6_RUN5_ANN ...
[13:44:27] 		Writing projection on hard drive...
[13:44:27] 		 /work/data/output/Festuca.versicolor/proj_gfdl.esm4_ssp585/individual_projections/proj_gfdl.esm4_ssp585_Festuca.versicolor_PA6_RUN5_ANN.tif
[13:45:17] 	> Projecting Festuca.versicolor_PA6_RUN5_FDA ...
[13:45:18] 		Writing projection on hard drive...
[13:45:18] 		 /work/data/output/Festuca.versicolor/proj_gfdl.esm4_ssp585/individual_projections/proj_gfdl.esm4_ssp585_Festuca.versicolor_PA6_RUN5_FDA.tif
[13:45:43] 	> Projecting Festuca.versicolor_PA6_RUN5_MAXNET ...
[13:45:44] 		Writing projection on hard drive...
[13:45:44] 		 /work/data/output/Festuca.versicolor/proj_gfdl.esm4_ssp585/individual_projections/proj_gfdl.esm4_ssp585_Festuca.versicolor_PA6_RUN5_MAXNET.tif
[13:46:24] 	> Projecting Festuca.versicolor_PA7_RUN1_GLM ...
[13:46:24] 		Writing projection on hard drive...
[13:46:24] 		 /work/data/output/Festuca.versicolor/proj_gfdl.esm4_ssp585/individual_projections/proj_gfdl.esm4_ssp585_Festuca.versicolor_PA7_RUN1_GLM.tif
[13:59:32] 	> Projecting Festuca.versicolor_PA7_RUN1_GBM ...
[13:59:33] 		Writing projection on hard drive...
[13:59:33] 		 /work/data/output/Festuca.versicolor/proj_gfdl.esm4_ssp585/individual_projections/proj_gfdl.esm4_ssp585_Festuca.versicolor_PA7_RUN1_GBM.tif
[14:00:41] 	> Projecting Festuca.versicolor_PA7_RUN1_ANN ...
[14:00:42] 		Writing projection on hard drive...
[14:00:42] 		 /work/data/output/Festuca.versicolor/proj_gfdl.esm4_ssp585/individual_projections/proj_gfdl.esm4_ssp585_Festuca.versicolor_PA7_RUN1_ANN.tif
[14:01:30] 	> Projecting Festuca.versicolor_PA7_RUN1_FDA ...
[14:01:31] 		Writing projection on hard drive...
[14:01:31] 		 /work/data/output/Festuca.versicolor/proj_gfdl.esm4_ssp585/individual_projections/proj_gfdl.esm4_ssp585_Festuca.versicolor_PA7_RUN1_FDA.tif
[14:01:55] 	> Projecting Festuca.versicolor_PA7_RUN1_MAXNET ...
[14:01:56] 		Writing projection on hard drive...
[14:01:56] 		 /work/data/output/Festuca.versicolor/proj_gfdl.esm4_ssp585/individual_projections/proj_gfdl.esm4_ssp585_Festuca.versicolor_PA7_RUN1_MAXNET.tif
[14:02:35] 	> Projecting Festuca.versicolor_PA7_RUN2_GLM ...
[14:02:36] 		Writing projection on hard drive...
[14:02:36] 		 /work/data/output/Festuca.versicolor/proj_gfdl.esm4_ssp585/individual_projections/proj_gfdl.esm4_ssp585_Festuca.versicolor_PA7_RUN2_GLM.tif
[14:14:37] 	> Projecting Festuca.versicolor_PA7_RUN2_GBM ...
[14:14:38] 		Writing projection on hard drive...
[14:14:38] 		 /work/data/output/Festuca.versicolor/proj_gfdl.esm4_ssp585/individual_projections/proj_gfdl.esm4_ssp585_Festuca.versicolor_PA7_RUN2_GBM.tif
[14:15:47] 	> Projecting Festuca.versicolor_PA7_RUN2_ANN ...
[14:15:48] 		Writing projection on hard drive...
[14:15:48] 		 /work/data/output/Festuca.versicolor/proj_gfdl.esm4_ssp585/individual_projections/proj_gfdl.esm4_ssp585_Festuca.versicolor_PA7_RUN2_ANN.tif
[14:16:38] 	> Projecting Festuca.versicolor_PA7_RUN2_FDA ...
[14:16:39] 		Writing projection on hard drive...
[14:16:39] 		 /work/data/output/Festuca.versicolor/proj_gfdl.esm4_ssp585/individual_projections/proj_gfdl.esm4_ssp585_Festuca.versicolor_PA7_RUN2_FDA.tif
[14:17:04] 	> Projecting Festuca.versicolor_PA7_RUN2_MAXNET ...
[14:17:05] 		Writing projection on hard drive...
[14:17:05] 		 /work/data/output/Festuca.versicolor/proj_gfdl.esm4_ssp585/individual_projections/proj_gfdl.esm4_ssp585_Festuca.versicolor_PA7_RUN2_MAXNET.tif
[14:17:44] 	> Projecting Festuca.versicolor_PA7_RUN3_GLM ...
[14:17:45] 		Writing projection on hard drive...
[14:17:45] 		 /work/data/output/Festuca.versicolor/proj_gfdl.esm4_ssp585/individual_projections/proj_gfdl.esm4_ssp585_Festuca.versicolor_PA7_RUN3_GLM.tif
[14:30:43] 	> Projecting Festuca.versicolor_PA7_RUN3_GBM ...
[14:30:44] 		Writing projection on hard drive...
[14:30:44] 		 /work/data/output/Festuca.versicolor/proj_gfdl.esm4_ssp585/individual_projections/proj_gfdl.esm4_ssp585_Festuca.versicolor_PA7_RUN3_GBM.tif
[14:31:54] 	> Projecting Festuca.versicolor_PA7_RUN3_ANN ...
[14:31:55] 		Writing projection on hard drive...
[14:31:55] 		 /work/data/output/Festuca.versicolor/proj_gfdl.esm4_ssp585/individual_projections/proj_gfdl.esm4_ssp585_Festuca.versicolor_PA7_RUN3_ANN.tif
[14:32:50] 	> Projecting Festuca.versicolor_PA7_RUN3_FDA ...
[14:32:51] 		Writing projection on hard drive...
[14:32:51] 		 /work/data/output/Festuca.versicolor/proj_gfdl.esm4_ssp585/individual_projections/proj_gfdl.esm4_ssp585_Festuca.versicolor_PA7_RUN3_FDA.tif
[14:33:16] 	> Projecting Festuca.versicolor_PA7_RUN3_MAXNET ...
[14:33:17] 		Writing projection on hard drive...
[14:33:17] 		 /work/data/output/Festuca.versicolor/proj_gfdl.esm4_ssp585/individual_projections/proj_gfdl.esm4_ssp585_Festuca.versicolor_PA7_RUN3_MAXNET.tif
[14:33:56] 	> Projecting Festuca.versicolor_PA7_RUN4_GLM ...
[14:33:57] 		Writing projection on hard drive...
[14:33:57] 		 /work/data/output/Festuca.versicolor/proj_gfdl.esm4_ssp585/individual_projections/proj_gfdl.esm4_ssp585_Festuca.versicolor_PA7_RUN4_GLM.tif
[14:47:03] 	> Projecting Festuca.versicolor_PA7_RUN4_GBM ...
[14:47:03] 		Writing projection on hard drive...
[14:47:03] 		 /work/data/output/Festuca.versicolor/proj_gfdl.esm4_ssp585/individual_projections/proj_gfdl.esm4_ssp585_Festuca.versicolor_PA7_RUN4_GBM.tif
[14:48:11] 	> Projecting Festuca.versicolor_PA7_RUN4_ANN ...
[14:48:12] 		Writing projection on hard drive...
[14:48:12] 		 /work/data/output/Festuca.versicolor/proj_gfdl.esm4_ssp585/individual_projections/proj_gfdl.esm4_ssp585_Festuca.versicolor_PA7_RUN4_ANN.tif
[14:49:04] 	> Projecting Festuca.versicolor_PA7_RUN4_FDA ...
[14:49:05] 		Writing projection on hard drive...
[14:49:05] 		 /work/data/output/Festuca.versicolor/proj_gfdl.esm4_ssp585/individual_projections/proj_gfdl.esm4_ssp585_Festuca.versicolor_PA7_RUN4_FDA.tif
[14:49:31] 	> Projecting Festuca.versicolor_PA7_RUN4_MAXNET ...
[14:49:32] 		Writing projection on hard drive...
[14:49:32] 		 /work/data/output/Festuca.versicolor/proj_gfdl.esm4_ssp585/individual_projections/proj_gfdl.esm4_ssp585_Festuca.versicolor_PA7_RUN4_MAXNET.tif
[14:50:16] 	> Projecting Festuca.versicolor_PA7_RUN5_GLM ...
[14:50:16] 		Writing projection on hard drive...
[14:50:16] 		 /work/data/output/Festuca.versicolor/proj_gfdl.esm4_ssp585/individual_projections/proj_gfdl.esm4_ssp585_Festuca.versicolor_PA7_RUN5_GLM.tif
[15:00:26] 	> Projecting Festuca.versicolor_PA7_RUN5_GBM ...
[15:00:27] 		Writing projection on hard drive...
[15:00:27] 		 /work/data/output/Festuca.versicolor/proj_gfdl.esm4_ssp585/individual_projections/proj_gfdl.esm4_ssp585_Festuca.versicolor_PA7_RUN5_GBM.tif
[15:01:24] 	> Projecting Festuca.versicolor_PA7_RUN5_ANN ...
[15:01:25] 		Writing projection on hard drive...
[15:01:25] 		 /work/data/output/Festuca.versicolor/proj_gfdl.esm4_ssp585/individual_projections/proj_gfdl.esm4_ssp585_Festuca.versicolor_PA7_RUN5_ANN.tif
[15:02:13] 	> Projecting Festuca.versicolor_PA7_RUN5_FDA ...
[15:02:14] 		Writing projection on hard drive...
[15:02:14] 		 /work/data/output/Festuca.versicolor/proj_gfdl.esm4_ssp585/individual_projections/proj_gfdl.esm4_ssp585_Festuca.versicolor_PA7_RUN5_FDA.tif
[15:02:40] 	> Projecting Festuca.versicolor_PA7_RUN5_MAXNET ...
[15:02:41] 		Writing projection on hard drive...
[15:02:41] 		 /work/data/output/Festuca.versicolor/proj_gfdl.esm4_ssp585/individual_projections/proj_gfdl.esm4_ssp585_Festuca.versicolor_PA7_RUN5_MAXNET.tif
[15:03:24] 	> Projecting Festuca.versicolor_PA8_RUN1_GLM ...
[15:03:25] 		Writing projection on hard drive...
[15:03:25] 		 /work/data/output/Festuca.versicolor/proj_gfdl.esm4_ssp585/individual_projections/proj_gfdl.esm4_ssp585_Festuca.versicolor_PA8_RUN1_GLM.tif
[15:15:24] 	> Projecting Festuca.versicolor_PA8_RUN1_GBM ...
[15:15:25] 		Writing projection on hard drive...
[15:15:25] 		 /work/data/output/Festuca.versicolor/proj_gfdl.esm4_ssp585/individual_projections/proj_gfdl.esm4_ssp585_Festuca.versicolor_PA8_RUN1_GBM.tif
[15:16:36] 	> Projecting Festuca.versicolor_PA8_RUN1_ANN ...
[15:16:37] 		Writing projection on hard drive...
[15:16:37] 		 /work/data/output/Festuca.versicolor/proj_gfdl.esm4_ssp585/individual_projections/proj_gfdl.esm4_ssp585_Festuca.versicolor_PA8_RUN1_ANN.tif
[15:17:32] 	> Projecting Festuca.versicolor_PA8_RUN1_FDA ...
[15:17:33] 		Writing projection on hard drive...
[15:17:33] 		 /work/data/output/Festuca.versicolor/proj_gfdl.esm4_ssp585/individual_projections/proj_gfdl.esm4_ssp585_Festuca.versicolor_PA8_RUN1_FDA.tif
[15:17:59] 	> Projecting Festuca.versicolor_PA8_RUN1_MAXNET ...
[15:18:00] 		Writing projection on hard drive...
[15:18:00] 		 /work/data/output/Festuca.versicolor/proj_gfdl.esm4_ssp585/individual_projections/proj_gfdl.esm4_ssp585_Festuca.versicolor_PA8_RUN1_MAXNET.tif
[15:18:38] 	> Projecting Festuca.versicolor_PA8_RUN2_GLM ...
[15:18:39] 		Writing projection on hard drive...
[15:18:39] 		 /work/data/output/Festuca.versicolor/proj_gfdl.esm4_ssp585/individual_projections/proj_gfdl.esm4_ssp585_Festuca.versicolor_PA8_RUN2_GLM.tif
[15:28:42] 	> Projecting Festuca.versicolor_PA8_RUN2_GBM ...
[15:28:43] 		Writing projection on hard drive...
[15:28:43] 		 /work/data/output/Festuca.versicolor/proj_gfdl.esm4_ssp585/individual_projections/proj_gfdl.esm4_ssp585_Festuca.versicolor_PA8_RUN2_GBM.tif
[15:29:42] 	> Projecting Festuca.versicolor_PA8_RUN2_ANN ...
[15:29:42] 		Writing projection on hard drive...
[15:29:42] 		 /work/data/output/Festuca.versicolor/proj_gfdl.esm4_ssp585/individual_projections/proj_gfdl.esm4_ssp585_Festuca.versicolor_PA8_RUN2_ANN.tif
[15:30:32] 	> Projecting Festuca.versicolor_PA8_RUN2_FDA ...
[15:30:33] 		Writing projection on hard drive...
[15:30:33] 		 /work/data/output/Festuca.versicolor/proj_gfdl.esm4_ssp585/individual_projections/proj_gfdl.esm4_ssp585_Festuca.versicolor_PA8_RUN2_FDA.tif
[15:30:56] 	> Projecting Festuca.versicolor_PA8_RUN2_MAXNET ...
[15:30:56] 		Writing projection on hard drive...
[15:30:56] 		 /work/data/output/Festuca.versicolor/proj_gfdl.esm4_ssp585/individual_projections/proj_gfdl.esm4_ssp585_Festuca.versicolor_PA8_RUN2_MAXNET.tif
[15:31:36] 	> Projecting Festuca.versicolor_PA8_RUN3_GLM ...
[15:31:37] 		Writing projection on hard drive...
[15:31:37] 		 /work/data/output/Festuca.versicolor/proj_gfdl.esm4_ssp585/individual_projections/proj_gfdl.esm4_ssp585_Festuca.versicolor_PA8_RUN3_GLM.tif
[15:41:35] 	> Projecting Festuca.versicolor_PA8_RUN3_GBM ...
[15:41:36] 		Writing projection on hard drive...
[15:41:36] 		 /work/data/output/Festuca.versicolor/proj_gfdl.esm4_ssp585/individual_projections/proj_gfdl.esm4_ssp585_Festuca.versicolor_PA8_RUN3_GBM.tif
[15:42:35] 	> Projecting Festuca.versicolor_PA8_RUN3_ANN ...
[15:42:35] 		Writing projection on hard drive...
[15:42:35] 		 /work/data/output/Festuca.versicolor/proj_gfdl.esm4_ssp585/individual_projections/proj_gfdl.esm4_ssp585_Festuca.versicolor_PA8_RUN3_ANN.tif
[15:43:25] 	> Projecting Festuca.versicolor_PA8_RUN3_FDA ...
[15:43:26] 		Writing projection on hard drive...
[15:43:26] 		 /work/data/output/Festuca.versicolor/proj_gfdl.esm4_ssp585/individual_projections/proj_gfdl.esm4_ssp585_Festuca.versicolor_PA8_RUN3_FDA.tif
[15:43:51] 	> Projecting Festuca.versicolor_PA8_RUN3_MAXNET ...
[15:43:52] 		Writing projection on hard drive...
[15:43:52] 		 /work/data/output/Festuca.versicolor/proj_gfdl.esm4_ssp585/individual_projections/proj_gfdl.esm4_ssp585_Festuca.versicolor_PA8_RUN3_MAXNET.tif
[15:44:30] 	> Projecting Festuca.versicolor_PA8_RUN4_GLM ...
[15:44:31] 		Writing projection on hard drive...
[15:44:31] 		 /work/data/output/Festuca.versicolor/proj_gfdl.esm4_ssp585/individual_projections/proj_gfdl.esm4_ssp585_Festuca.versicolor_PA8_RUN4_GLM.tif
[15:57:17] 	> Projecting Festuca.versicolor_PA8_RUN4_GBM ...
[15:57:18] 		Writing projection on hard drive...
[15:57:18] 		 /work/data/output/Festuca.versicolor/proj_gfdl.esm4_ssp585/individual_projections/proj_gfdl.esm4_ssp585_Festuca.versicolor_PA8_RUN4_GBM.tif
[15:58:17] 	> Projecting Festuca.versicolor_PA8_RUN4_ANN ...
[15:58:18] 		Writing projection on hard drive...
[15:58:18] 		 /work/data/output/Festuca.versicolor/proj_gfdl.esm4_ssp585/individual_projections/proj_gfdl.esm4_ssp585_Festuca.versicolor_PA8_RUN4_ANN.tif
[15:59:04] 	> Projecting Festuca.versicolor_PA8_RUN4_FDA ...
[15:59:05] 		Writing projection on hard drive...
[15:59:05] 		 /work/data/output/Festuca.versicolor/proj_gfdl.esm4_ssp585/individual_projections/proj_gfdl.esm4_ssp585_Festuca.versicolor_PA8_RUN4_FDA.tif
[15:59:27] 	> Projecting Festuca.versicolor_PA8_RUN4_MAXNET ...
[15:59:28] 		Writing projection on hard drive...
[15:59:28] 		 /work/data/output/Festuca.versicolor/proj_gfdl.esm4_ssp585/individual_projections/proj_gfdl.esm4_ssp585_Festuca.versicolor_PA8_RUN4_MAXNET.tif
[16:00:08] 	> Projecting Festuca.versicolor_PA8_RUN5_GLM ...
[16:00:09] 		Writing projection on hard drive...
[16:00:09] 		 /work/data/output/Festuca.versicolor/proj_gfdl.esm4_ssp585/individual_projections/proj_gfdl.esm4_ssp585_Festuca.versicolor_PA8_RUN5_GLM.tif
[16:12:10] 	> Projecting Festuca.versicolor_PA8_RUN5_GBM ...
[16:12:10] 		Writing projection on hard drive...
[16:12:10] 		 /work/data/output/Festuca.versicolor/proj_gfdl.esm4_ssp585/individual_projections/proj_gfdl.esm4_ssp585_Festuca.versicolor_PA8_RUN5_GBM.tif
[16:13:20] 	> Projecting Festuca.versicolor_PA8_RUN5_ANN ...
[16:13:21] 		Writing projection on hard drive...
[16:13:21] 		 /work/data/output/Festuca.versicolor/proj_gfdl.esm4_ssp585/individual_projections/proj_gfdl.esm4_ssp585_Festuca.versicolor_PA8_RUN5_ANN.tif
[16:14:12] 	> Projecting Festuca.versicolor_PA8_RUN5_FDA ...
[16:14:12] 		Writing projection on hard drive...
[16:14:12] 		 /work/data/output/Festuca.versicolor/proj_gfdl.esm4_ssp585/individual_projections/proj_gfdl.esm4_ssp585_Festuca.versicolor_PA8_RUN5_FDA.tif
[16:14:38] 	> Projecting Festuca.versicolor_PA8_RUN5_MAXNET ...
[16:14:39] 		Writing projection on hard drive...
[16:14:39] 		 /work/data/output/Festuca.versicolor/proj_gfdl.esm4_ssp585/individual_projections/proj_gfdl.esm4_ssp585_Festuca.versicolor_PA8_RUN5_MAXNET.tif
[16:15:20] 	> Projecting Festuca.versicolor_PA9_RUN1_GLM ...
[16:15:20] 		Writing projection on hard drive...
[16:15:20] 		 /work/data/output/Festuca.versicolor/proj_gfdl.esm4_ssp585/individual_projections/proj_gfdl.esm4_ssp585_Festuca.versicolor_PA9_RUN1_GLM.tif
[16:25:37] 	> Projecting Festuca.versicolor_PA9_RUN1_GBM ...
[16:25:38] 		Writing projection on hard drive...
[16:25:38] 		 /work/data/output/Festuca.versicolor/proj_gfdl.esm4_ssp585/individual_projections/proj_gfdl.esm4_ssp585_Festuca.versicolor_PA9_RUN1_GBM.tif
[16:26:47] 	> Projecting Festuca.versicolor_PA9_RUN1_ANN ...
[16:26:48] 		Writing projection on hard drive...
[16:26:48] 		 /work/data/output/Festuca.versicolor/proj_gfdl.esm4_ssp585/individual_projections/proj_gfdl.esm4_ssp585_Festuca.versicolor_PA9_RUN1_ANN.tif
[16:27:38] 	> Projecting Festuca.versicolor_PA9_RUN1_FDA ...
[16:27:39] 		Writing projection on hard drive...
[16:27:39] 		 /work/data/output/Festuca.versicolor/proj_gfdl.esm4_ssp585/individual_projections/proj_gfdl.esm4_ssp585_Festuca.versicolor_PA9_RUN1_FDA.tif
[16:28:02] 	> Projecting Festuca.versicolor_PA9_RUN1_MAXNET ...
[16:28:03] 		Writing projection on hard drive...
[16:28:03] 		 /work/data/output/Festuca.versicolor/proj_gfdl.esm4_ssp585/individual_projections/proj_gfdl.esm4_ssp585_Festuca.versicolor_PA9_RUN1_MAXNET.tif
[16:28:42] 	> Projecting Festuca.versicolor_PA9_RUN2_GLM ...
[16:28:43] 		Writing projection on hard drive...
[16:28:43] 		 /work/data/output/Festuca.versicolor/proj_gfdl.esm4_ssp585/individual_projections/proj_gfdl.esm4_ssp585_Festuca.versicolor_PA9_RUN2_GLM.tif
[16:41:43] 	> Projecting Festuca.versicolor_PA9_RUN2_GBM ...
[16:41:44] 		Writing projection on hard drive...
[16:41:44] 		 /work/data/output/Festuca.versicolor/proj_gfdl.esm4_ssp585/individual_projections/proj_gfdl.esm4_ssp585_Festuca.versicolor_PA9_RUN2_GBM.tif
[16:42:55] 	> Projecting Festuca.versicolor_PA9_RUN2_ANN ...
[16:42:56] 		Writing projection on hard drive...
[16:42:56] 		 /work/data/output/Festuca.versicolor/proj_gfdl.esm4_ssp585/individual_projections/proj_gfdl.esm4_ssp585_Festuca.versicolor_PA9_RUN2_ANN.tif
[16:43:50] 	> Projecting Festuca.versicolor_PA9_RUN2_FDA ...
[16:43:51] 		Writing projection on hard drive...
[16:43:51] 		 /work/data/output/Festuca.versicolor/proj_gfdl.esm4_ssp585/individual_projections/proj_gfdl.esm4_ssp585_Festuca.versicolor_PA9_RUN2_FDA.tif
[16:44:19] 	> Projecting Festuca.versicolor_PA9_RUN2_MAXNET ...
[16:44:19] 		Writing projection on hard drive...
[16:44:19] 		 /work/data/output/Festuca.versicolor/proj_gfdl.esm4_ssp585/individual_projections/proj_gfdl.esm4_ssp585_Festuca.versicolor_PA9_RUN2_MAXNET.tif
[16:44:57] 	> Projecting Festuca.versicolor_PA9_RUN3_GLM ...
[16:44:57] 		Writing projection on hard drive...
[16:44:57] 		 /work/data/output/Festuca.versicolor/proj_gfdl.esm4_ssp585/individual_projections/proj_gfdl.esm4_ssp585_Festuca.versicolor_PA9_RUN3_GLM.tif
[16:57:00] 	> Projecting Festuca.versicolor_PA9_RUN3_GBM ...
[16:57:00] 		Writing projection on hard drive...
[16:57:00] 		 /work/data/output/Festuca.versicolor/proj_gfdl.esm4_ssp585/individual_projections/proj_gfdl.esm4_ssp585_Festuca.versicolor_PA9_RUN3_GBM.tif
[16:58:11] 	> Projecting Festuca.versicolor_PA9_RUN3_ANN ...
[16:58:12] 		Writing projection on hard drive...
[16:58:12] 		 /work/data/output/Festuca.versicolor/proj_gfdl.esm4_ssp585/individual_projections/proj_gfdl.esm4_ssp585_Festuca.versicolor_PA9_RUN3_ANN.tif
[16:59:03] 	> Projecting Festuca.versicolor_PA9_RUN3_FDA ...
[16:59:04] 		Writing projection on hard drive...
[16:59:04] 		 /work/data/output/Festuca.versicolor/proj_gfdl.esm4_ssp585/individual_projections/proj_gfdl.esm4_ssp585_Festuca.versicolor_PA9_RUN3_FDA.tif
[16:59:33] 	> Projecting Festuca.versicolor_PA9_RUN3_MAXNET ...
[16:59:34] 		Writing projection on hard drive...
[16:59:34] 		 /work/data/output/Festuca.versicolor/proj_gfdl.esm4_ssp585/individual_projections/proj_gfdl.esm4_ssp585_Festuca.versicolor_PA9_RUN3_MAXNET.tif
[17:00:11] 	> Projecting Festuca.versicolor_PA9_RUN4_GLM ...
[17:00:12] 		Writing projection on hard drive...
[17:00:12] 		 /work/data/output/Festuca.versicolor/proj_gfdl.esm4_ssp585/individual_projections/proj_gfdl.esm4_ssp585_Festuca.versicolor_PA9_RUN4_GLM.tif
[17:13:10] 	> Projecting Festuca.versicolor_PA9_RUN4_GBM ...
[17:13:11] 		Writing projection on hard drive...
[17:13:11] 		 /work/data/output/Festuca.versicolor/proj_gfdl.esm4_ssp585/individual_projections/proj_gfdl.esm4_ssp585_Festuca.versicolor_PA9_RUN4_GBM.tif
[17:14:11] 	> Projecting Festuca.versicolor_PA9_RUN4_ANN ...
[17:14:12] 		Writing projection on hard drive...
[17:14:12] 		 /work/data/output/Festuca.versicolor/proj_gfdl.esm4_ssp585/individual_projections/proj_gfdl.esm4_ssp585_Festuca.versicolor_PA9_RUN4_ANN.tif
[17:14:57] 	> Projecting Festuca.versicolor_PA9_RUN4_FDA ...
[17:15:01] 		Writing projection on hard drive...
[17:15:01] 		 /work/data/output/Festuca.versicolor/proj_gfdl.esm4_ssp585/individual_projections/proj_gfdl.esm4_ssp585_Festuca.versicolor_PA9_RUN4_FDA.tif
[17:15:25] 	> Projecting Festuca.versicolor_PA9_RUN4_MAXNET ...
[17:15:25] 		Writing projection on hard drive...
[17:15:25] 		 /work/data/output/Festuca.versicolor/proj_gfdl.esm4_ssp585/individual_projections/proj_gfdl.esm4_ssp585_Festuca.versicolor_PA9_RUN4_MAXNET.tif
[17:16:05] 	> Projecting Festuca.versicolor_PA9_RUN5_GLM ...
[17:16:06] 		Writing projection on hard drive...
[17:16:06] 		 /work/data/output/Festuca.versicolor/proj_gfdl.esm4_ssp585/individual_projections/proj_gfdl.esm4_ssp585_Festuca.versicolor_PA9_RUN5_GLM.tif
[17:28:03] 	> Projecting Festuca.versicolor_PA9_RUN5_GBM ...
[17:28:04] 		Writing projection on hard drive...
[17:28:04] 		 /work/data/output/Festuca.versicolor/proj_gfdl.esm4_ssp585/individual_projections/proj_gfdl.esm4_ssp585_Festuca.versicolor_PA9_RUN5_GBM.tif
[17:29:17] 	> Projecting Festuca.versicolor_PA9_RUN5_ANN ...
[17:29:17] 		Writing projection on hard drive...
[17:29:17] 		 /work/data/output/Festuca.versicolor/proj_gfdl.esm4_ssp585/individual_projections/proj_gfdl.esm4_ssp585_Festuca.versicolor_PA9_RUN5_ANN.tif
[17:30:05] 	> Projecting Festuca.versicolor_PA9_RUN5_FDA ...
[17:30:05] 		Writing projection on hard drive...
[17:30:05] 		 /work/data/output/Festuca.versicolor/proj_gfdl.esm4_ssp585/individual_projections/proj_gfdl.esm4_ssp585_Festuca.versicolor_PA9_RUN5_FDA.tif
[17:30:30] 	> Projecting Festuca.versicolor_PA9_RUN5_MAXNET ...
[17:30:31] 		Writing projection on hard drive...
[17:30:31] 		 /work/data/output/Festuca.versicolor/proj_gfdl.esm4_ssp585/individual_projections/proj_gfdl.esm4_ssp585_Festuca.versicolor_PA9_RUN5_MAXNET.tif
[17:31:13] 	> Projecting Festuca.versicolor_PA10_RUN1_GLM ...
[17:31:14] 		Writing projection on hard drive...
[17:31:14] 		 /work/data/output/Festuca.versicolor/proj_gfdl.esm4_ssp585/individual_projections/proj_gfdl.esm4_ssp585_Festuca.versicolor_PA10_RUN1_GLM.tif
[17:43:23] 	> Projecting Festuca.versicolor_PA10_RUN1_GBM ...
[17:43:24] 		Writing projection on hard drive...
[17:43:24] 		 /work/data/output/Festuca.versicolor/proj_gfdl.esm4_ssp585/individual_projections/proj_gfdl.esm4_ssp585_Festuca.versicolor_PA10_RUN1_GBM.tif
[17:44:24] 	> Projecting Festuca.versicolor_PA10_RUN1_ANN ...
[17:44:25] 		Writing projection on hard drive...
[17:44:25] 		 /work/data/output/Festuca.versicolor/proj_gfdl.esm4_ssp585/individual_projections/proj_gfdl.esm4_ssp585_Festuca.versicolor_PA10_RUN1_ANN.tif
[17:45:20] 	> Projecting Festuca.versicolor_PA10_RUN1_FDA ...
[17:45:21] 		Writing projection on hard drive...
[17:45:21] 		 /work/data/output/Festuca.versicolor/proj_gfdl.esm4_ssp585/individual_projections/proj_gfdl.esm4_ssp585_Festuca.versicolor_PA10_RUN1_FDA.tif
[17:45:46] 	> Projecting Festuca.versicolor_PA10_RUN1_MAXNET ...
[17:45:47] 		Writing projection on hard drive...
[17:45:47] 		 /work/data/output/Festuca.versicolor/proj_gfdl.esm4_ssp585/individual_projections/proj_gfdl.esm4_ssp585_Festuca.versicolor_PA10_RUN1_MAXNET.tif
[17:46:27] 	> Projecting Festuca.versicolor_PA10_RUN2_GLM ...
[17:46:28] 		Writing projection on hard drive...
[17:46:28] 		 /work/data/output/Festuca.versicolor/proj_gfdl.esm4_ssp585/individual_projections/proj_gfdl.esm4_ssp585_Festuca.versicolor_PA10_RUN2_GLM.tif
[17:58:58] 	> Projecting Festuca.versicolor_PA10_RUN2_GBM ...
[17:58:59] 		Writing projection on hard drive...
[17:58:59] 		 /work/data/output/Festuca.versicolor/proj_gfdl.esm4_ssp585/individual_projections/proj_gfdl.esm4_ssp585_Festuca.versicolor_PA10_RUN2_GBM.tif
[17:59:59] 	> Projecting Festuca.versicolor_PA10_RUN2_ANN ...
[18:00:00] 		Writing projection on hard drive...
[18:00:00] 		 /work/data/output/Festuca.versicolor/proj_gfdl.esm4_ssp585/individual_projections/proj_gfdl.esm4_ssp585_Festuca.versicolor_PA10_RUN2_ANN.tif
[18:00:55] 	> Projecting Festuca.versicolor_PA10_RUN2_FDA ...
[18:00:56] 		Writing projection on hard drive...
[18:00:56] 		 /work/data/output/Festuca.versicolor/proj_gfdl.esm4_ssp585/individual_projections/proj_gfdl.esm4_ssp585_Festuca.versicolor_PA10_RUN2_FDA.tif
[18:01:20] 	> Projecting Festuca.versicolor_PA10_RUN2_MAXNET ...
[18:01:21] 		Writing projection on hard drive...
[18:01:21] 		 /work/data/output/Festuca.versicolor/proj_gfdl.esm4_ssp585/individual_projections/proj_gfdl.esm4_ssp585_Festuca.versicolor_PA10_RUN2_MAXNET.tif
[18:02:03] 	> Projecting Festuca.versicolor_PA10_RUN3_GLM ...
[18:02:04] 		Writing projection on hard drive...
[18:02:04] 		 /work/data/output/Festuca.versicolor/proj_gfdl.esm4_ssp585/individual_projections/proj_gfdl.esm4_ssp585_Festuca.versicolor_PA10_RUN3_GLM.tif
[18:15:08] 	> Projecting Festuca.versicolor_PA10_RUN3_GBM ...
[18:15:09] 		Writing projection on hard drive...
[18:15:09] 		 /work/data/output/Festuca.versicolor/proj_gfdl.esm4_ssp585/individual_projections/proj_gfdl.esm4_ssp585_Festuca.versicolor_PA10_RUN3_GBM.tif
[18:16:20] 	> Projecting Festuca.versicolor_PA10_RUN3_ANN ...
[18:16:21] 		Writing projection on hard drive...
[18:16:21] 		 /work/data/output/Festuca.versicolor/proj_gfdl.esm4_ssp585/individual_projections/proj_gfdl.esm4_ssp585_Festuca.versicolor_PA10_RUN3_ANN.tif
[18:17:12] 	> Projecting Festuca.versicolor_PA10_RUN3_FDA ...
[18:17:13] 		Writing projection on hard drive...
[18:17:13] 		 /work/data/output/Festuca.versicolor/proj_gfdl.esm4_ssp585/individual_projections/proj_gfdl.esm4_ssp585_Festuca.versicolor_PA10_RUN3_FDA.tif
[18:17:37] 	> Projecting Festuca.versicolor_PA10_RUN3_MAXNET ...
[18:17:38] 		Writing projection on hard drive...
[18:17:38] 		 /work/data/output/Festuca.versicolor/proj_gfdl.esm4_ssp585/individual_projections/proj_gfdl.esm4_ssp585_Festuca.versicolor_PA10_RUN3_MAXNET.tif
[18:18:17] 	> Projecting Festuca.versicolor_PA10_RUN4_GLM ...
[18:18:18] 		Writing projection on hard drive...
[18:18:18] 		 /work/data/output/Festuca.versicolor/proj_gfdl.esm4_ssp585/individual_projections/proj_gfdl.esm4_ssp585_Festuca.versicolor_PA10_RUN4_GLM.tif
[18:31:12] 	> Projecting Festuca.versicolor_PA10_RUN4_GBM ...
[18:31:13] 		Writing projection on hard drive...
[18:31:13] 		 /work/data/output/Festuca.versicolor/proj_gfdl.esm4_ssp585/individual_projections/proj_gfdl.esm4_ssp585_Festuca.versicolor_PA10_RUN4_GBM.tif
[18:32:21] 	> Projecting Festuca.versicolor_PA10_RUN4_ANN ...
[18:32:22] 		Writing projection on hard drive...
[18:32:22] 		 /work/data/output/Festuca.versicolor/proj_gfdl.esm4_ssp585/individual_projections/proj_gfdl.esm4_ssp585_Festuca.versicolor_PA10_RUN4_ANN.tif
[18:33:11] 	> Projecting Festuca.versicolor_PA10_RUN4_FDA ...
[18:33:12] 		Writing projection on hard drive...
[18:33:12] 		 /work/data/output/Festuca.versicolor/proj_gfdl.esm4_ssp585/individual_projections/proj_gfdl.esm4_ssp585_Festuca.versicolor_PA10_RUN4_FDA.tif
[18:33:38] 	> Projecting Festuca.versicolor_PA10_RUN4_MAXNET ...
[18:33:38] 		Writing projection on hard drive...
[18:33:38] 		 /work/data/output/Festuca.versicolor/proj_gfdl.esm4_ssp585/individual_projections/proj_gfdl.esm4_ssp585_Festuca.versicolor_PA10_RUN4_MAXNET.tif
[18:34:21] 	> Projecting Festuca.versicolor_PA10_RUN5_GLM ...
[18:34:22] 		Writing projection on hard drive...
[18:34:22] 		 /work/data/output/Festuca.versicolor/proj_gfdl.esm4_ssp585/individual_projections/proj_gfdl.esm4_ssp585_Festuca.versicolor_PA10_RUN5_GLM.tif
[18:47:20] 	> Projecting Festuca.versicolor_PA10_RUN5_GBM ...
[18:47:21] 		Writing projection on hard drive...
[18:47:21] 		 /work/data/output/Festuca.versicolor/proj_gfdl.esm4_ssp585/individual_projections/proj_gfdl.esm4_ssp585_Festuca.versicolor_PA10_RUN5_GBM.tif
[18:48:30] 	> Projecting Festuca.versicolor_PA10_RUN5_ANN ...
[18:48:31] 		Writing projection on hard drive...
[18:48:31] 		 /work/data/output/Festuca.versicolor/proj_gfdl.esm4_ssp585/individual_projections/proj_gfdl.esm4_ssp585_Festuca.versicolor_PA10_RUN5_ANN.tif
[18:49:19] 	> Projecting Festuca.versicolor_PA10_RUN5_FDA ...
[18:49:21] 		Writing projection on hard drive...
[18:49:21] 		 /work/data/output/Festuca.versicolor/proj_gfdl.esm4_ssp585/individual_projections/proj_gfdl.esm4_ssp585_Festuca.versicolor_PA10_RUN5_FDA.tif
[18:49:45] 	> Projecting Festuca.versicolor_PA10_RUN5_MAXNET ...
[18:49:46] 		Writing projection on hard drive...
[18:49:46] 		 /work/data/output/Festuca.versicolor/proj_gfdl.esm4_ssp585/individual_projections/proj_gfdl.esm4_ssp585_Festuca.versicolor_PA10_RUN5_MAXNET.tif
[18:49:46] -=-=-=-=-=-=-=-=-=-=-=-=-=-=-=-=-=-= Done -=-=-=-=-=-=-=-=-=-=-=-=-=-=-=-=-=-=
[18:49:46] 
[18:49:46] -=-=-=-=-=-=-=-=-=-=-=-= Do Ensemble Models Projection -=-=-=-=-=-=-=-=-=-=-=-=
[18:49:46] 
[18:49:46] Creating suitable Workdir...
[18:49:58] 
[19:17:08] 	> Projecting Festuca.versicolor_EMmeanByAUCroc_mergedData_mergedRun_mergedAlgo ...|---------|---------|---------|---------|=========================================                                          
[19:17:09] 		Writing projection on hard drive...
[19:57:08] 	> Projecting Festuca.versicolor_EMcvByAUCroc_mergedData_mergedRun_mergedAlgo ...|---------|---------|---------|---------|=========================================                                          
[19:57:10] 		Writing projection on hard drive...
[19:57:10] 
[19:57:10] ! Binary/Filtered transformation automatically desactivated for ensemble models with coefficient of variation or confidence intervals
[19:57:13] 	> Building TSS binaries / filtered
[19:57:17] 	> Building AUCroc binaries / filtered
[19:57:20] 	> Building KAPPA binaries / filtered
[19:57:20] 
[19:57:20] -=-=-=-=-=-=-=-=-=-=-=-=-=-=-=-=-=-= Done -=-=-=-=-=-=-=-=-=-=-=-=-=-=-=-=-=-=
[19:57:26] 
[19:57:26] 
[19:57:26] DEBUG: Processing future scenario 3 of 8 : /work/data/input/climate_vars/future/ipsl.cm6a.lr/ssp370 
[19:57:27] DEBUG: Raster loaded, ncell = 63951097 , hasValues = TRUE 
[19:57:27] 
[19:57:27] -=-=-=-=-=-=-=-=-=-=-=-=-= Do Single Models Projection -=-=-=-=-=-=-=-=-=-=-=-=-=
[19:57:40] 
[19:57:40] 	> Building clamping mask
[19:58:31] 
[19:59:08] 	> Projecting Festuca.versicolor_PA1_RUN1_GLM ...
[19:59:09] 		Writing projection on hard drive...
[19:59:09] 		 /work/data/output/Festuca.versicolor/proj_ipsl.cm6a.lr_ssp370/individual_projections/proj_ipsl.cm6a.lr_ssp370_Festuca.versicolor_PA1_RUN1_GLM.tif
[20:08:24] 	> Projecting Festuca.versicolor_PA1_RUN1_GBM ...
[20:08:25] 		Writing projection on hard drive...
[20:08:25] 		 /work/data/output/Festuca.versicolor/proj_ipsl.cm6a.lr_ssp370/individual_projections/proj_ipsl.cm6a.lr_ssp370_Festuca.versicolor_PA1_RUN1_GBM.tif
[20:09:27] 	> Projecting Festuca.versicolor_PA1_RUN1_ANN ...
[20:09:28] 		Writing projection on hard drive...
[20:09:28] 		 /work/data/output/Festuca.versicolor/proj_ipsl.cm6a.lr_ssp370/individual_projections/proj_ipsl.cm6a.lr_ssp370_Festuca.versicolor_PA1_RUN1_ANN.tif
[20:10:21] 	> Projecting Festuca.versicolor_PA1_RUN1_FDA ...
[20:10:22] 		Writing projection on hard drive...
[20:10:22] 		 /work/data/output/Festuca.versicolor/proj_ipsl.cm6a.lr_ssp370/individual_projections/proj_ipsl.cm6a.lr_ssp370_Festuca.versicolor_PA1_RUN1_FDA.tif
[20:10:52] 	> Projecting Festuca.versicolor_PA1_RUN1_MAXNET ...
[20:10:53] 		Writing projection on hard drive...
[20:10:53] 		 /work/data/output/Festuca.versicolor/proj_ipsl.cm6a.lr_ssp370/individual_projections/proj_ipsl.cm6a.lr_ssp370_Festuca.versicolor_PA1_RUN1_MAXNET.tif
[20:11:28] 	> Projecting Festuca.versicolor_PA1_RUN2_GLM ...
[20:11:29] 		Writing projection on hard drive...
[20:11:29] 		 /work/data/output/Festuca.versicolor/proj_ipsl.cm6a.lr_ssp370/individual_projections/proj_ipsl.cm6a.lr_ssp370_Festuca.versicolor_PA1_RUN2_GLM.tif
[20:24:34] 	> Projecting Festuca.versicolor_PA1_RUN2_GBM ...
[20:24:35] 		Writing projection on hard drive...
[20:24:35] 		 /work/data/output/Festuca.versicolor/proj_ipsl.cm6a.lr_ssp370/individual_projections/proj_ipsl.cm6a.lr_ssp370_Festuca.versicolor_PA1_RUN2_GBM.tif
[20:25:48] 	> Projecting Festuca.versicolor_PA1_RUN2_ANN ...
[20:25:48] 		Writing projection on hard drive...
[20:25:48] 		 /work/data/output/Festuca.versicolor/proj_ipsl.cm6a.lr_ssp370/individual_projections/proj_ipsl.cm6a.lr_ssp370_Festuca.versicolor_PA1_RUN2_ANN.tif
[20:26:47] 	> Projecting Festuca.versicolor_PA1_RUN2_FDA ...
[20:26:48] 		Writing projection on hard drive...
[20:26:48] 		 /work/data/output/Festuca.versicolor/proj_ipsl.cm6a.lr_ssp370/individual_projections/proj_ipsl.cm6a.lr_ssp370_Festuca.versicolor_PA1_RUN2_FDA.tif
[20:27:20] 	> Projecting Festuca.versicolor_PA1_RUN2_MAXNET ...
[20:27:21] 		Writing projection on hard drive...
[20:27:21] 		 /work/data/output/Festuca.versicolor/proj_ipsl.cm6a.lr_ssp370/individual_projections/proj_ipsl.cm6a.lr_ssp370_Festuca.versicolor_PA1_RUN2_MAXNET.tif
[20:28:12] 	> Projecting Festuca.versicolor_PA1_RUN3_GLM ...
[20:28:13] 		Writing projection on hard drive...
[20:28:13] 		 /work/data/output/Festuca.versicolor/proj_ipsl.cm6a.lr_ssp370/individual_projections/proj_ipsl.cm6a.lr_ssp370_Festuca.versicolor_PA1_RUN3_GLM.tif
[20:40:46] 	> Projecting Festuca.versicolor_PA1_RUN3_GBM ...
[20:40:47] 		Writing projection on hard drive...
[20:40:47] 		 /work/data/output/Festuca.versicolor/proj_ipsl.cm6a.lr_ssp370/individual_projections/proj_ipsl.cm6a.lr_ssp370_Festuca.versicolor_PA1_RUN3_GBM.tif
[20:42:16] 	> Projecting Festuca.versicolor_PA1_RUN3_ANN ...
[20:42:17] 		Writing projection on hard drive...
[20:42:17] 		 /work/data/output/Festuca.versicolor/proj_ipsl.cm6a.lr_ssp370/individual_projections/proj_ipsl.cm6a.lr_ssp370_Festuca.versicolor_PA1_RUN3_ANN.tif
[20:43:16] 	> Projecting Festuca.versicolor_PA1_RUN3_FDA ...
[20:43:17] 		Writing projection on hard drive...
[20:43:17] 		 /work/data/output/Festuca.versicolor/proj_ipsl.cm6a.lr_ssp370/individual_projections/proj_ipsl.cm6a.lr_ssp370_Festuca.versicolor_PA1_RUN3_FDA.tif
[20:43:50] 	> Projecting Festuca.versicolor_PA1_RUN3_MAXNET ...
[20:43:51] 		Writing projection on hard drive...
[20:43:51] 		 /work/data/output/Festuca.versicolor/proj_ipsl.cm6a.lr_ssp370/individual_projections/proj_ipsl.cm6a.lr_ssp370_Festuca.versicolor_PA1_RUN3_MAXNET.tif
[20:44:36] 	> Projecting Festuca.versicolor_PA1_RUN4_GLM ...
[20:44:36] 		Writing projection on hard drive...
[20:44:36] 		 /work/data/output/Festuca.versicolor/proj_ipsl.cm6a.lr_ssp370/individual_projections/proj_ipsl.cm6a.lr_ssp370_Festuca.versicolor_PA1_RUN4_GLM.tif
[20:57:19] 	> Projecting Festuca.versicolor_PA1_RUN4_GBM ...
[20:57:20] 		Writing projection on hard drive...
[20:57:20] 		 /work/data/output/Festuca.versicolor/proj_ipsl.cm6a.lr_ssp370/individual_projections/proj_ipsl.cm6a.lr_ssp370_Festuca.versicolor_PA1_RUN4_GBM.tif
[20:58:20] 	> Projecting Festuca.versicolor_PA1_RUN4_ANN ...
[20:58:21] 		Writing projection on hard drive...
[20:58:21] 		 /work/data/output/Festuca.versicolor/proj_ipsl.cm6a.lr_ssp370/individual_projections/proj_ipsl.cm6a.lr_ssp370_Festuca.versicolor_PA1_RUN4_ANN.tif
[20:59:08] 	> Projecting Festuca.versicolor_PA1_RUN4_FDA ...
[20:59:09] 		Writing projection on hard drive...
[20:59:09] 		 /work/data/output/Festuca.versicolor/proj_ipsl.cm6a.lr_ssp370/individual_projections/proj_ipsl.cm6a.lr_ssp370_Festuca.versicolor_PA1_RUN4_FDA.tif
[20:59:32] 	> Projecting Festuca.versicolor_PA1_RUN4_MAXNET ...
[20:59:33] 		Writing projection on hard drive...
[20:59:33] 		 /work/data/output/Festuca.versicolor/proj_ipsl.cm6a.lr_ssp370/individual_projections/proj_ipsl.cm6a.lr_ssp370_Festuca.versicolor_PA1_RUN4_MAXNET.tif
[21:00:04] 	> Projecting Festuca.versicolor_PA1_RUN5_GLM ...
[21:00:04] 		Writing projection on hard drive...
[21:00:04] 		 /work/data/output/Festuca.versicolor/proj_ipsl.cm6a.lr_ssp370/individual_projections/proj_ipsl.cm6a.lr_ssp370_Festuca.versicolor_PA1_RUN5_GLM.tif
[21:13:06] 	> Projecting Festuca.versicolor_PA1_RUN5_GBM ...
[21:13:12] 		Writing projection on hard drive...
[21:13:12] 		 /work/data/output/Festuca.versicolor/proj_ipsl.cm6a.lr_ssp370/individual_projections/proj_ipsl.cm6a.lr_ssp370_Festuca.versicolor_PA1_RUN5_GBM.tif
[21:14:13] 	> Projecting Festuca.versicolor_PA1_RUN5_ANN ...
[21:14:14] 		Writing projection on hard drive...
[21:14:14] 		 /work/data/output/Festuca.versicolor/proj_ipsl.cm6a.lr_ssp370/individual_projections/proj_ipsl.cm6a.lr_ssp370_Festuca.versicolor_PA1_RUN5_ANN.tif
[21:15:02] 	> Projecting Festuca.versicolor_PA1_RUN5_FDA ...
[21:15:03] 		Writing projection on hard drive...
[21:15:03] 		 /work/data/output/Festuca.versicolor/proj_ipsl.cm6a.lr_ssp370/individual_projections/proj_ipsl.cm6a.lr_ssp370_Festuca.versicolor_PA1_RUN5_FDA.tif
[21:15:25] 	> Projecting Festuca.versicolor_PA1_RUN5_MAXNET ...
[21:15:25] 		Writing projection on hard drive...
[21:15:25] 		 /work/data/output/Festuca.versicolor/proj_ipsl.cm6a.lr_ssp370/individual_projections/proj_ipsl.cm6a.lr_ssp370_Festuca.versicolor_PA1_RUN5_MAXNET.tif
[21:15:53] 	> Projecting Festuca.versicolor_PA2_RUN1_GLM ...
[21:15:54] 		Writing projection on hard drive...
[21:15:54] 		 /work/data/output/Festuca.versicolor/proj_ipsl.cm6a.lr_ssp370/individual_projections/proj_ipsl.cm6a.lr_ssp370_Festuca.versicolor_PA2_RUN1_GLM.tif
[21:28:52] 	> Projecting Festuca.versicolor_PA2_RUN1_GBM ...
[21:28:53] 		Writing projection on hard drive...
[21:28:53] 		 /work/data/output/Festuca.versicolor/proj_ipsl.cm6a.lr_ssp370/individual_projections/proj_ipsl.cm6a.lr_ssp370_Festuca.versicolor_PA2_RUN1_GBM.tif
[21:29:49] 	> Projecting Festuca.versicolor_PA2_RUN1_ANN ...
[21:29:50] 		Writing projection on hard drive...
[21:29:50] 		 /work/data/output/Festuca.versicolor/proj_ipsl.cm6a.lr_ssp370/individual_projections/proj_ipsl.cm6a.lr_ssp370_Festuca.versicolor_PA2_RUN1_ANN.tif
[21:30:30] 	> Projecting Festuca.versicolor_PA2_RUN1_FDA ...
[21:30:31] 		Writing projection on hard drive...
[21:30:31] 		 /work/data/output/Festuca.versicolor/proj_ipsl.cm6a.lr_ssp370/individual_projections/proj_ipsl.cm6a.lr_ssp370_Festuca.versicolor_PA2_RUN1_FDA.tif
[21:31:06] 	> Projecting Festuca.versicolor_PA2_RUN1_MAXNET ...
[21:31:07] 		Writing projection on hard drive...
[21:31:07] 		 /work/data/output/Festuca.versicolor/proj_ipsl.cm6a.lr_ssp370/individual_projections/proj_ipsl.cm6a.lr_ssp370_Festuca.versicolor_PA2_RUN1_MAXNET.tif
[21:31:47] 	> Projecting Festuca.versicolor_PA2_RUN2_GLM ...
[21:31:48] 		Writing projection on hard drive...
[21:31:48] 		 /work/data/output/Festuca.versicolor/proj_ipsl.cm6a.lr_ssp370/individual_projections/proj_ipsl.cm6a.lr_ssp370_Festuca.versicolor_PA2_RUN2_GLM.tif
[21:42:01] 	> Projecting Festuca.versicolor_PA2_RUN2_GBM ...
[21:42:01] 		Writing projection on hard drive...
[21:42:01] 		 /work/data/output/Festuca.versicolor/proj_ipsl.cm6a.lr_ssp370/individual_projections/proj_ipsl.cm6a.lr_ssp370_Festuca.versicolor_PA2_RUN2_GBM.tif
[21:43:01] 	> Projecting Festuca.versicolor_PA2_RUN2_ANN ...
[21:43:02] 		Writing projection on hard drive...
[21:43:02] 		 /work/data/output/Festuca.versicolor/proj_ipsl.cm6a.lr_ssp370/individual_projections/proj_ipsl.cm6a.lr_ssp370_Festuca.versicolor_PA2_RUN2_ANN.tif
[21:43:46] 	> Projecting Festuca.versicolor_PA2_RUN2_FDA ...
[21:43:47] 		Writing projection on hard drive...
[21:43:47] 		 /work/data/output/Festuca.versicolor/proj_ipsl.cm6a.lr_ssp370/individual_projections/proj_ipsl.cm6a.lr_ssp370_Festuca.versicolor_PA2_RUN2_FDA.tif
[21:44:10] 	> Projecting Festuca.versicolor_PA2_RUN2_MAXNET ...
[21:44:11] 		Writing projection on hard drive...
[21:44:11] 		 /work/data/output/Festuca.versicolor/proj_ipsl.cm6a.lr_ssp370/individual_projections/proj_ipsl.cm6a.lr_ssp370_Festuca.versicolor_PA2_RUN2_MAXNET.tif
[21:44:50] 	> Projecting Festuca.versicolor_PA2_RUN3_GLM ...
[21:44:51] 		Writing projection on hard drive...
[21:44:51] 		 /work/data/output/Festuca.versicolor/proj_ipsl.cm6a.lr_ssp370/individual_projections/proj_ipsl.cm6a.lr_ssp370_Festuca.versicolor_PA2_RUN3_GLM.tif
[21:54:06] 	> Projecting Festuca.versicolor_PA2_RUN3_GBM ...
[21:54:07] 		Writing projection on hard drive...
[21:54:07] 		 /work/data/output/Festuca.versicolor/proj_ipsl.cm6a.lr_ssp370/individual_projections/proj_ipsl.cm6a.lr_ssp370_Festuca.versicolor_PA2_RUN3_GBM.tif
[21:55:15] 	> Projecting Festuca.versicolor_PA2_RUN3_ANN ...
[21:55:16] 		Writing projection on hard drive...
[21:55:16] 		 /work/data/output/Festuca.versicolor/proj_ipsl.cm6a.lr_ssp370/individual_projections/proj_ipsl.cm6a.lr_ssp370_Festuca.versicolor_PA2_RUN3_ANN.tif
[21:56:05] 	> Projecting Festuca.versicolor_PA2_RUN3_FDA ...
[21:56:06] 		Writing projection on hard drive...
[21:56:06] 		 /work/data/output/Festuca.versicolor/proj_ipsl.cm6a.lr_ssp370/individual_projections/proj_ipsl.cm6a.lr_ssp370_Festuca.versicolor_PA2_RUN3_FDA.tif
[21:56:29] 	> Projecting Festuca.versicolor_PA2_RUN3_MAXNET ...
[21:56:29] 		Writing projection on hard drive...
[21:56:29] 		 /work/data/output/Festuca.versicolor/proj_ipsl.cm6a.lr_ssp370/individual_projections/proj_ipsl.cm6a.lr_ssp370_Festuca.versicolor_PA2_RUN3_MAXNET.tif
[21:57:09] 	> Projecting Festuca.versicolor_PA2_RUN4_GLM ...
[21:57:10] 		Writing projection on hard drive...
[21:57:10] 		 /work/data/output/Festuca.versicolor/proj_ipsl.cm6a.lr_ssp370/individual_projections/proj_ipsl.cm6a.lr_ssp370_Festuca.versicolor_PA2_RUN4_GLM.tif
[22:10:25] 	> Projecting Festuca.versicolor_PA2_RUN4_GBM ...
[22:10:26] 		Writing projection on hard drive...
[22:10:26] 		 /work/data/output/Festuca.versicolor/proj_ipsl.cm6a.lr_ssp370/individual_projections/proj_ipsl.cm6a.lr_ssp370_Festuca.versicolor_PA2_RUN4_GBM.tif
[22:11:34] 	> Projecting Festuca.versicolor_PA2_RUN4_ANN ...
[22:11:35] 		Writing projection on hard drive...
[22:11:35] 		 /work/data/output/Festuca.versicolor/proj_ipsl.cm6a.lr_ssp370/individual_projections/proj_ipsl.cm6a.lr_ssp370_Festuca.versicolor_PA2_RUN4_ANN.tif
[22:12:24] 	> Projecting Festuca.versicolor_PA2_RUN4_FDA ...
[22:12:25] 		Writing projection on hard drive...
[22:12:25] 		 /work/data/output/Festuca.versicolor/proj_ipsl.cm6a.lr_ssp370/individual_projections/proj_ipsl.cm6a.lr_ssp370_Festuca.versicolor_PA2_RUN4_FDA.tif
[22:12:50] 	> Projecting Festuca.versicolor_PA2_RUN4_MAXNET ...
[22:12:51] 		Writing projection on hard drive...
[22:12:51] 		 /work/data/output/Festuca.versicolor/proj_ipsl.cm6a.lr_ssp370/individual_projections/proj_ipsl.cm6a.lr_ssp370_Festuca.versicolor_PA2_RUN4_MAXNET.tif
[22:13:30] 	> Projecting Festuca.versicolor_PA2_RUN5_GLM ...
[22:13:31] 		Writing projection on hard drive...
[22:13:31] 		 /work/data/output/Festuca.versicolor/proj_ipsl.cm6a.lr_ssp370/individual_projections/proj_ipsl.cm6a.lr_ssp370_Festuca.versicolor_PA2_RUN5_GLM.tif
[22:25:44] 	> Projecting Festuca.versicolor_PA2_RUN5_GBM ...
[22:25:45] 		Writing projection on hard drive...
[22:25:45] 		 /work/data/output/Festuca.versicolor/proj_ipsl.cm6a.lr_ssp370/individual_projections/proj_ipsl.cm6a.lr_ssp370_Festuca.versicolor_PA2_RUN5_GBM.tif
[22:26:55] 	> Projecting Festuca.versicolor_PA2_RUN5_ANN ...
[22:26:56] 		Writing projection on hard drive...
[22:26:56] 		 /work/data/output/Festuca.versicolor/proj_ipsl.cm6a.lr_ssp370/individual_projections/proj_ipsl.cm6a.lr_ssp370_Festuca.versicolor_PA2_RUN5_ANN.tif
[22:27:47] 	> Projecting Festuca.versicolor_PA2_RUN5_FDA ...
[22:27:48] 		Writing projection on hard drive...
[22:27:48] 		 /work/data/output/Festuca.versicolor/proj_ipsl.cm6a.lr_ssp370/individual_projections/proj_ipsl.cm6a.lr_ssp370_Festuca.versicolor_PA2_RUN5_FDA.tif
[22:28:10] 	> Projecting Festuca.versicolor_PA2_RUN5_MAXNET ...
[22:28:11] 		Writing projection on hard drive...
[22:28:11] 		 /work/data/output/Festuca.versicolor/proj_ipsl.cm6a.lr_ssp370/individual_projections/proj_ipsl.cm6a.lr_ssp370_Festuca.versicolor_PA2_RUN5_MAXNET.tif
[22:28:52] 	> Projecting Festuca.versicolor_PA3_RUN1_GLM ...
[22:28:53] 		Writing projection on hard drive...
[22:28:53] 		 /work/data/output/Festuca.versicolor/proj_ipsl.cm6a.lr_ssp370/individual_projections/proj_ipsl.cm6a.lr_ssp370_Festuca.versicolor_PA3_RUN1_GLM.tif
[22:41:48] 	> Projecting Festuca.versicolor_PA3_RUN1_GBM ...
[22:41:48] 		Writing projection on hard drive...
[22:41:48] 		 /work/data/output/Festuca.versicolor/proj_ipsl.cm6a.lr_ssp370/individual_projections/proj_ipsl.cm6a.lr_ssp370_Festuca.versicolor_PA3_RUN1_GBM.tif
[22:42:59] 	> Projecting Festuca.versicolor_PA3_RUN1_ANN ...
[22:42:59] 		Writing projection on hard drive...
[22:42:59] 		 /work/data/output/Festuca.versicolor/proj_ipsl.cm6a.lr_ssp370/individual_projections/proj_ipsl.cm6a.lr_ssp370_Festuca.versicolor_PA3_RUN1_ANN.tif
[22:43:48] 	> Projecting Festuca.versicolor_PA3_RUN1_FDA ...
[22:43:49] 		Writing projection on hard drive...
[22:43:49] 		 /work/data/output/Festuca.versicolor/proj_ipsl.cm6a.lr_ssp370/individual_projections/proj_ipsl.cm6a.lr_ssp370_Festuca.versicolor_PA3_RUN1_FDA.tif
[22:44:15] 	> Projecting Festuca.versicolor_PA3_RUN1_MAXNET ...
[22:44:16] 		Writing projection on hard drive...
[22:44:16] 		 /work/data/output/Festuca.versicolor/proj_ipsl.cm6a.lr_ssp370/individual_projections/proj_ipsl.cm6a.lr_ssp370_Festuca.versicolor_PA3_RUN1_MAXNET.tif
[22:44:56] 	> Projecting Festuca.versicolor_PA3_RUN2_GLM ...
[22:44:57] 		Writing projection on hard drive...
[22:44:57] 		 /work/data/output/Festuca.versicolor/proj_ipsl.cm6a.lr_ssp370/individual_projections/proj_ipsl.cm6a.lr_ssp370_Festuca.versicolor_PA3_RUN2_GLM.tif
[22:57:54] 	> Projecting Festuca.versicolor_PA3_RUN2_GBM ...
[22:57:55] 		Writing projection on hard drive...
[22:57:55] 		 /work/data/output/Festuca.versicolor/proj_ipsl.cm6a.lr_ssp370/individual_projections/proj_ipsl.cm6a.lr_ssp370_Festuca.versicolor_PA3_RUN2_GBM.tif
[22:58:55] 	> Projecting Festuca.versicolor_PA3_RUN2_ANN ...
[22:58:55] 		Writing projection on hard drive...
[22:58:55] 		 /work/data/output/Festuca.versicolor/proj_ipsl.cm6a.lr_ssp370/individual_projections/proj_ipsl.cm6a.lr_ssp370_Festuca.versicolor_PA3_RUN2_ANN.tif
[22:59:39] 	> Projecting Festuca.versicolor_PA3_RUN2_FDA ...
[22:59:40] 		Writing projection on hard drive...
[22:59:40] 		 /work/data/output/Festuca.versicolor/proj_ipsl.cm6a.lr_ssp370/individual_projections/proj_ipsl.cm6a.lr_ssp370_Festuca.versicolor_PA3_RUN2_FDA.tif
[23:00:05] 	> Projecting Festuca.versicolor_PA3_RUN2_MAXNET ...
[23:00:06] 		Writing projection on hard drive...
[23:00:06] 		 /work/data/output/Festuca.versicolor/proj_ipsl.cm6a.lr_ssp370/individual_projections/proj_ipsl.cm6a.lr_ssp370_Festuca.versicolor_PA3_RUN2_MAXNET.tif
[23:00:45] 	> Projecting Festuca.versicolor_PA3_RUN3_GLM ...
[23:00:45] 		Writing projection on hard drive...
[23:00:45] 		 /work/data/output/Festuca.versicolor/proj_ipsl.cm6a.lr_ssp370/individual_projections/proj_ipsl.cm6a.lr_ssp370_Festuca.versicolor_PA3_RUN3_GLM.tif
[23:10:29] 	> Projecting Festuca.versicolor_PA3_RUN3_GBM ...
[23:10:30] 		Writing projection on hard drive...
[23:10:30] 		 /work/data/output/Festuca.versicolor/proj_ipsl.cm6a.lr_ssp370/individual_projections/proj_ipsl.cm6a.lr_ssp370_Festuca.versicolor_PA3_RUN3_GBM.tif
[23:11:27] 	> Projecting Festuca.versicolor_PA3_RUN3_ANN ...
[23:11:27] 		Writing projection on hard drive...
[23:11:27] 		 /work/data/output/Festuca.versicolor/proj_ipsl.cm6a.lr_ssp370/individual_projections/proj_ipsl.cm6a.lr_ssp370_Festuca.versicolor_PA3_RUN3_ANN.tif
[23:12:16] 	> Projecting Festuca.versicolor_PA3_RUN3_FDA ...
[23:12:17] 		Writing projection on hard drive...
[23:12:17] 		 /work/data/output/Festuca.versicolor/proj_ipsl.cm6a.lr_ssp370/individual_projections/proj_ipsl.cm6a.lr_ssp370_Festuca.versicolor_PA3_RUN3_FDA.tif
[23:12:43] 	> Projecting Festuca.versicolor_PA3_RUN3_MAXNET ...
[23:12:43] 		Writing projection on hard drive...
[23:12:43] 		 /work/data/output/Festuca.versicolor/proj_ipsl.cm6a.lr_ssp370/individual_projections/proj_ipsl.cm6a.lr_ssp370_Festuca.versicolor_PA3_RUN3_MAXNET.tif
[23:13:23] 	> Projecting Festuca.versicolor_PA3_RUN4_GLM ...
[23:13:24] 		Writing projection on hard drive...
[23:13:24] 		 /work/data/output/Festuca.versicolor/proj_ipsl.cm6a.lr_ssp370/individual_projections/proj_ipsl.cm6a.lr_ssp370_Festuca.versicolor_PA3_RUN4_GLM.tif
[23:25:23] 	> Projecting Festuca.versicolor_PA3_RUN4_GBM ...
[23:25:24] 		Writing projection on hard drive...
[23:25:24] 		 /work/data/output/Festuca.versicolor/proj_ipsl.cm6a.lr_ssp370/individual_projections/proj_ipsl.cm6a.lr_ssp370_Festuca.versicolor_PA3_RUN4_GBM.tif
[23:26:21] 	> Projecting Festuca.versicolor_PA3_RUN4_ANN ...
[23:26:22] 		Writing projection on hard drive...
[23:26:22] 		 /work/data/output/Festuca.versicolor/proj_ipsl.cm6a.lr_ssp370/individual_projections/proj_ipsl.cm6a.lr_ssp370_Festuca.versicolor_PA3_RUN4_ANN.tif
[23:27:10] 	> Projecting Festuca.versicolor_PA3_RUN4_FDA ...
[23:27:11] 		Writing projection on hard drive...
[23:27:11] 		 /work/data/output/Festuca.versicolor/proj_ipsl.cm6a.lr_ssp370/individual_projections/proj_ipsl.cm6a.lr_ssp370_Festuca.versicolor_PA3_RUN4_FDA.tif
[23:27:36] 	> Projecting Festuca.versicolor_PA3_RUN4_MAXNET ...
[23:27:37] 		Writing projection on hard drive...
[23:27:37] 		 /work/data/output/Festuca.versicolor/proj_ipsl.cm6a.lr_ssp370/individual_projections/proj_ipsl.cm6a.lr_ssp370_Festuca.versicolor_PA3_RUN4_MAXNET.tif
[23:28:17] 	> Projecting Festuca.versicolor_PA3_RUN5_GLM ...
[23:28:18] 		Writing projection on hard drive...
[23:28:18] 		 /work/data/output/Festuca.versicolor/proj_ipsl.cm6a.lr_ssp370/individual_projections/proj_ipsl.cm6a.lr_ssp370_Festuca.versicolor_PA3_RUN5_GLM.tif
[23:41:13] 	> Projecting Festuca.versicolor_PA3_RUN5_GBM ...
[23:41:14] 		Writing projection on hard drive...
[23:41:14] 		 /work/data/output/Festuca.versicolor/proj_ipsl.cm6a.lr_ssp370/individual_projections/proj_ipsl.cm6a.lr_ssp370_Festuca.versicolor_PA3_RUN5_GBM.tif
[23:42:13] 	> Projecting Festuca.versicolor_PA3_RUN5_ANN ...
[23:42:13] 		Writing projection on hard drive...
[23:42:13] 		 /work/data/output/Festuca.versicolor/proj_ipsl.cm6a.lr_ssp370/individual_projections/proj_ipsl.cm6a.lr_ssp370_Festuca.versicolor_PA3_RUN5_ANN.tif
[23:43:01] 	> Projecting Festuca.versicolor_PA3_RUN5_FDA ...
[23:43:02] 		Writing projection on hard drive...
[23:43:02] 		 /work/data/output/Festuca.versicolor/proj_ipsl.cm6a.lr_ssp370/individual_projections/proj_ipsl.cm6a.lr_ssp370_Festuca.versicolor_PA3_RUN5_FDA.tif
[23:43:29] 	> Projecting Festuca.versicolor_PA3_RUN5_MAXNET ...
[23:43:30] 		Writing projection on hard drive...
[23:43:30] 		 /work/data/output/Festuca.versicolor/proj_ipsl.cm6a.lr_ssp370/individual_projections/proj_ipsl.cm6a.lr_ssp370_Festuca.versicolor_PA3_RUN5_MAXNET.tif
[23:44:10] 	> Projecting Festuca.versicolor_PA4_RUN1_GLM ...
[23:44:10] 		Writing projection on hard drive...
[23:44:10] 		 /work/data/output/Festuca.versicolor/proj_ipsl.cm6a.lr_ssp370/individual_projections/proj_ipsl.cm6a.lr_ssp370_Festuca.versicolor_PA4_RUN1_GLM.tif
[23:56:47] 	> Projecting Festuca.versicolor_PA4_RUN1_GBM ...
[23:56:48] 		Writing projection on hard drive...
[23:56:48] 		 /work/data/output/Festuca.versicolor/proj_ipsl.cm6a.lr_ssp370/individual_projections/proj_ipsl.cm6a.lr_ssp370_Festuca.versicolor_PA4_RUN1_GBM.tif
[23:57:46] 	> Projecting Festuca.versicolor_PA4_RUN1_ANN ...
[23:57:47] 		Writing projection on hard drive...
[23:57:47] 		 /work/data/output/Festuca.versicolor/proj_ipsl.cm6a.lr_ssp370/individual_projections/proj_ipsl.cm6a.lr_ssp370_Festuca.versicolor_PA4_RUN1_ANN.tif
[23:58:36] 	> Projecting Festuca.versicolor_PA4_RUN1_FDA ...
[23:58:37] 		Writing projection on hard drive...
[23:58:37] 		 /work/data/output/Festuca.versicolor/proj_ipsl.cm6a.lr_ssp370/individual_projections/proj_ipsl.cm6a.lr_ssp370_Festuca.versicolor_PA4_RUN1_FDA.tif
[23:59:04] 	> Projecting Festuca.versicolor_PA4_RUN1_MAXNET ...
[23:59:04] 		Writing projection on hard drive...
[23:59:04] 		 /work/data/output/Festuca.versicolor/proj_ipsl.cm6a.lr_ssp370/individual_projections/proj_ipsl.cm6a.lr_ssp370_Festuca.versicolor_PA4_RUN1_MAXNET.tif
[23:59:44] 	> Projecting Festuca.versicolor_PA4_RUN2_GLM ...
[23:59:45] 		Writing projection on hard drive...
[23:59:45] 		 /work/data/output/Festuca.versicolor/proj_ipsl.cm6a.lr_ssp370/individual_projections/proj_ipsl.cm6a.lr_ssp370_Festuca.versicolor_PA4_RUN2_GLM.tif
[00:09:46] 	> Projecting Festuca.versicolor_PA4_RUN2_GBM ...
[00:09:47] 		Writing projection on hard drive...
[00:09:47] 		 /work/data/output/Festuca.versicolor/proj_ipsl.cm6a.lr_ssp370/individual_projections/proj_ipsl.cm6a.lr_ssp370_Festuca.versicolor_PA4_RUN2_GBM.tif
[00:10:56] 	> Projecting Festuca.versicolor_PA4_RUN2_ANN ...
[00:10:57] 		Writing projection on hard drive...
[00:10:57] 		 /work/data/output/Festuca.versicolor/proj_ipsl.cm6a.lr_ssp370/individual_projections/proj_ipsl.cm6a.lr_ssp370_Festuca.versicolor_PA4_RUN2_ANN.tif
[00:11:46] 	> Projecting Festuca.versicolor_PA4_RUN2_FDA ...
[00:11:47] 		Writing projection on hard drive...
[00:11:47] 		 /work/data/output/Festuca.versicolor/proj_ipsl.cm6a.lr_ssp370/individual_projections/proj_ipsl.cm6a.lr_ssp370_Festuca.versicolor_PA4_RUN2_FDA.tif
[00:12:10] 	> Projecting Festuca.versicolor_PA4_RUN2_MAXNET ...
[00:12:11] 		Writing projection on hard drive...
[00:12:11] 		 /work/data/output/Festuca.versicolor/proj_ipsl.cm6a.lr_ssp370/individual_projections/proj_ipsl.cm6a.lr_ssp370_Festuca.versicolor_PA4_RUN2_MAXNET.tif
[00:12:51] 	> Projecting Festuca.versicolor_PA4_RUN3_GLM ...
[00:12:51] 		Writing projection on hard drive...
[00:12:51] 		 /work/data/output/Festuca.versicolor/proj_ipsl.cm6a.lr_ssp370/individual_projections/proj_ipsl.cm6a.lr_ssp370_Festuca.versicolor_PA4_RUN3_GLM.tif
[00:25:31] 	> Projecting Festuca.versicolor_PA4_RUN3_GBM ...
[00:25:32] 		Writing projection on hard drive...
[00:25:32] 		 /work/data/output/Festuca.versicolor/proj_ipsl.cm6a.lr_ssp370/individual_projections/proj_ipsl.cm6a.lr_ssp370_Festuca.versicolor_PA4_RUN3_GBM.tif
[00:26:41] 	> Projecting Festuca.versicolor_PA4_RUN3_ANN ...
[00:26:42] 		Writing projection on hard drive...
[00:26:42] 		 /work/data/output/Festuca.versicolor/proj_ipsl.cm6a.lr_ssp370/individual_projections/proj_ipsl.cm6a.lr_ssp370_Festuca.versicolor_PA4_RUN3_ANN.tif
[00:27:32] 	> Projecting Festuca.versicolor_PA4_RUN3_FDA ...
[00:27:33] 		Writing projection on hard drive...
[00:27:33] 		 /work/data/output/Festuca.versicolor/proj_ipsl.cm6a.lr_ssp370/individual_projections/proj_ipsl.cm6a.lr_ssp370_Festuca.versicolor_PA4_RUN3_FDA.tif
[00:28:01] 	> Projecting Festuca.versicolor_PA4_RUN3_MAXNET ...
[00:28:02] 		Writing projection on hard drive...
[00:28:02] 		 /work/data/output/Festuca.versicolor/proj_ipsl.cm6a.lr_ssp370/individual_projections/proj_ipsl.cm6a.lr_ssp370_Festuca.versicolor_PA4_RUN3_MAXNET.tif
[00:28:42] 	> Projecting Festuca.versicolor_PA4_RUN4_GLM ...
[00:28:43] 		Writing projection on hard drive...
[00:28:43] 		 /work/data/output/Festuca.versicolor/proj_ipsl.cm6a.lr_ssp370/individual_projections/proj_ipsl.cm6a.lr_ssp370_Festuca.versicolor_PA4_RUN4_GLM.tif
[00:40:48] 	> Projecting Festuca.versicolor_PA4_RUN4_GBM ...
[00:40:49] 		Writing projection on hard drive...
[00:40:49] 		 /work/data/output/Festuca.versicolor/proj_ipsl.cm6a.lr_ssp370/individual_projections/proj_ipsl.cm6a.lr_ssp370_Festuca.versicolor_PA4_RUN4_GBM.tif
[00:41:59] 	> Projecting Festuca.versicolor_PA4_RUN4_ANN ...
[00:41:59] 		Writing projection on hard drive...
[00:41:59] 		 /work/data/output/Festuca.versicolor/proj_ipsl.cm6a.lr_ssp370/individual_projections/proj_ipsl.cm6a.lr_ssp370_Festuca.versicolor_PA4_RUN4_ANN.tif
[00:42:50] 	> Projecting Festuca.versicolor_PA4_RUN4_FDA ...
[00:42:51] 		Writing projection on hard drive...
[00:42:51] 		 /work/data/output/Festuca.versicolor/proj_ipsl.cm6a.lr_ssp370/individual_projections/proj_ipsl.cm6a.lr_ssp370_Festuca.versicolor_PA4_RUN4_FDA.tif
[00:43:13] 	> Projecting Festuca.versicolor_PA4_RUN4_MAXNET ...
[00:43:14] 		Writing projection on hard drive...
[00:43:14] 		 /work/data/output/Festuca.versicolor/proj_ipsl.cm6a.lr_ssp370/individual_projections/proj_ipsl.cm6a.lr_ssp370_Festuca.versicolor_PA4_RUN4_MAXNET.tif
[00:43:54] 	> Projecting Festuca.versicolor_PA4_RUN5_GLM ...
[00:43:55] 		Writing projection on hard drive...
[00:43:55] 		 /work/data/output/Festuca.versicolor/proj_ipsl.cm6a.lr_ssp370/individual_projections/proj_ipsl.cm6a.lr_ssp370_Festuca.versicolor_PA4_RUN5_GLM.tif
[00:53:11] 	> Projecting Festuca.versicolor_PA4_RUN5_GBM ...
[00:53:12] 		Writing projection on hard drive...
[00:53:12] 		 /work/data/output/Festuca.versicolor/proj_ipsl.cm6a.lr_ssp370/individual_projections/proj_ipsl.cm6a.lr_ssp370_Festuca.versicolor_PA4_RUN5_GBM.tif
[00:54:10] 	> Projecting Festuca.versicolor_PA4_RUN5_ANN ...
[00:54:11] 		Writing projection on hard drive...
[00:54:11] 		 /work/data/output/Festuca.versicolor/proj_ipsl.cm6a.lr_ssp370/individual_projections/proj_ipsl.cm6a.lr_ssp370_Festuca.versicolor_PA4_RUN5_ANN.tif
[00:54:56] 	> Projecting Festuca.versicolor_PA4_RUN5_FDA ...
[00:54:57] 		Writing projection on hard drive...
[00:54:57] 		 /work/data/output/Festuca.versicolor/proj_ipsl.cm6a.lr_ssp370/individual_projections/proj_ipsl.cm6a.lr_ssp370_Festuca.versicolor_PA4_RUN5_FDA.tif
[00:55:23] 	> Projecting Festuca.versicolor_PA4_RUN5_MAXNET ...
[00:55:24] 		Writing projection on hard drive...
[00:55:24] 		 /work/data/output/Festuca.versicolor/proj_ipsl.cm6a.lr_ssp370/individual_projections/proj_ipsl.cm6a.lr_ssp370_Festuca.versicolor_PA4_RUN5_MAXNET.tif
[00:56:04] 	> Projecting Festuca.versicolor_PA5_RUN1_GLM ...
[00:56:05] 		Writing projection on hard drive...
[00:56:05] 		 /work/data/output/Festuca.versicolor/proj_ipsl.cm6a.lr_ssp370/individual_projections/proj_ipsl.cm6a.lr_ssp370_Festuca.versicolor_PA5_RUN1_GLM.tif
[01:05:57] 	> Projecting Festuca.versicolor_PA5_RUN1_GBM ...
[01:05:58] 		Writing projection on hard drive...
[01:05:58] 		 /work/data/output/Festuca.versicolor/proj_ipsl.cm6a.lr_ssp370/individual_projections/proj_ipsl.cm6a.lr_ssp370_Festuca.versicolor_PA5_RUN1_GBM.tif
[01:07:27] 	> Projecting Festuca.versicolor_PA5_RUN1_ANN ...
[01:07:28] 		Writing projection on hard drive...
[01:07:28] 		 /work/data/output/Festuca.versicolor/proj_ipsl.cm6a.lr_ssp370/individual_projections/proj_ipsl.cm6a.lr_ssp370_Festuca.versicolor_PA5_RUN1_ANN.tif
[01:08:17] 	> Projecting Festuca.versicolor_PA5_RUN1_FDA ...
[01:08:18] 		Writing projection on hard drive...
[01:08:18] 		 /work/data/output/Festuca.versicolor/proj_ipsl.cm6a.lr_ssp370/individual_projections/proj_ipsl.cm6a.lr_ssp370_Festuca.versicolor_PA5_RUN1_FDA.tif
[01:08:40] 	> Projecting Festuca.versicolor_PA5_RUN1_MAXNET ...
[01:08:41] 		Writing projection on hard drive...
[01:08:41] 		 /work/data/output/Festuca.versicolor/proj_ipsl.cm6a.lr_ssp370/individual_projections/proj_ipsl.cm6a.lr_ssp370_Festuca.versicolor_PA5_RUN1_MAXNET.tif
[01:09:23] 	> Projecting Festuca.versicolor_PA5_RUN2_GLM ...
[01:09:24] 		Writing projection on hard drive...
[01:09:24] 		 /work/data/output/Festuca.versicolor/proj_ipsl.cm6a.lr_ssp370/individual_projections/proj_ipsl.cm6a.lr_ssp370_Festuca.versicolor_PA5_RUN2_GLM.tif
[01:18:44] 	> Projecting Festuca.versicolor_PA5_RUN2_GBM ...
[01:18:45] 		Writing projection on hard drive...
[01:18:45] 		 /work/data/output/Festuca.versicolor/proj_ipsl.cm6a.lr_ssp370/individual_projections/proj_ipsl.cm6a.lr_ssp370_Festuca.versicolor_PA5_RUN2_GBM.tif
[01:20:10] 	> Projecting Festuca.versicolor_PA5_RUN2_ANN ...
[01:20:10] 		Writing projection on hard drive...
[01:20:10] 		 /work/data/output/Festuca.versicolor/proj_ipsl.cm6a.lr_ssp370/individual_projections/proj_ipsl.cm6a.lr_ssp370_Festuca.versicolor_PA5_RUN2_ANN.tif
[01:21:01] 	> Projecting Festuca.versicolor_PA5_RUN2_FDA ...
[01:21:02] 		Writing projection on hard drive...
[01:21:02] 		 /work/data/output/Festuca.versicolor/proj_ipsl.cm6a.lr_ssp370/individual_projections/proj_ipsl.cm6a.lr_ssp370_Festuca.versicolor_PA5_RUN2_FDA.tif
[01:21:27] 	> Projecting Festuca.versicolor_PA5_RUN2_MAXNET ...
[01:21:28] 		Writing projection on hard drive...
[01:21:28] 		 /work/data/output/Festuca.versicolor/proj_ipsl.cm6a.lr_ssp370/individual_projections/proj_ipsl.cm6a.lr_ssp370_Festuca.versicolor_PA5_RUN2_MAXNET.tif
[01:22:14] 	> Projecting Festuca.versicolor_PA5_RUN3_GLM ...
[01:22:14] 		Writing projection on hard drive...
[01:22:14] 		 /work/data/output/Festuca.versicolor/proj_ipsl.cm6a.lr_ssp370/individual_projections/proj_ipsl.cm6a.lr_ssp370_Festuca.versicolor_PA5_RUN3_GLM.tif
[01:34:28] 	> Projecting Festuca.versicolor_PA5_RUN3_GBM ...
[01:34:29] 		Writing projection on hard drive...
[01:34:29] 		 /work/data/output/Festuca.versicolor/proj_ipsl.cm6a.lr_ssp370/individual_projections/proj_ipsl.cm6a.lr_ssp370_Festuca.versicolor_PA5_RUN3_GBM.tif
[01:35:33] 	> Projecting Festuca.versicolor_PA5_RUN3_ANN ...
[01:35:34] 		Writing projection on hard drive...
[01:35:34] 		 /work/data/output/Festuca.versicolor/proj_ipsl.cm6a.lr_ssp370/individual_projections/proj_ipsl.cm6a.lr_ssp370_Festuca.versicolor_PA5_RUN3_ANN.tif
[01:36:24] 	> Projecting Festuca.versicolor_PA5_RUN3_FDA ...
[01:36:25] 		Writing projection on hard drive...
[01:36:25] 		 /work/data/output/Festuca.versicolor/proj_ipsl.cm6a.lr_ssp370/individual_projections/proj_ipsl.cm6a.lr_ssp370_Festuca.versicolor_PA5_RUN3_FDA.tif
[01:36:50] 	> Projecting Festuca.versicolor_PA5_RUN3_MAXNET ...
[01:36:51] 		Writing projection on hard drive...
[01:36:51] 		 /work/data/output/Festuca.versicolor/proj_ipsl.cm6a.lr_ssp370/individual_projections/proj_ipsl.cm6a.lr_ssp370_Festuca.versicolor_PA5_RUN3_MAXNET.tif
[01:37:30] 	> Projecting Festuca.versicolor_PA5_RUN4_GLM ...
[01:37:31] 		Writing projection on hard drive...
[01:37:31] 		 /work/data/output/Festuca.versicolor/proj_ipsl.cm6a.lr_ssp370/individual_projections/proj_ipsl.cm6a.lr_ssp370_Festuca.versicolor_PA5_RUN4_GLM.tif
[01:47:47] 	> Projecting Festuca.versicolor_PA5_RUN4_GBM ...
[01:47:48] 		Writing projection on hard drive...
[01:47:48] 		 /work/data/output/Festuca.versicolor/proj_ipsl.cm6a.lr_ssp370/individual_projections/proj_ipsl.cm6a.lr_ssp370_Festuca.versicolor_PA5_RUN4_GBM.tif
[01:48:53] 	> Projecting Festuca.versicolor_PA5_RUN4_ANN ...
[01:48:54] 		Writing projection on hard drive...
[01:48:54] 		 /work/data/output/Festuca.versicolor/proj_ipsl.cm6a.lr_ssp370/individual_projections/proj_ipsl.cm6a.lr_ssp370_Festuca.versicolor_PA5_RUN4_ANN.tif
[01:49:49] 	> Projecting Festuca.versicolor_PA5_RUN4_FDA ...
[01:49:50] 		Writing projection on hard drive...
[01:49:50] 		 /work/data/output/Festuca.versicolor/proj_ipsl.cm6a.lr_ssp370/individual_projections/proj_ipsl.cm6a.lr_ssp370_Festuca.versicolor_PA5_RUN4_FDA.tif
[01:50:16] 	> Projecting Festuca.versicolor_PA5_RUN4_MAXNET ...
[01:50:17] 		Writing projection on hard drive...
[01:50:17] 		 /work/data/output/Festuca.versicolor/proj_ipsl.cm6a.lr_ssp370/individual_projections/proj_ipsl.cm6a.lr_ssp370_Festuca.versicolor_PA5_RUN4_MAXNET.tif
[01:50:56] 	> Projecting Festuca.versicolor_PA5_RUN5_GLM ...
[01:50:56] 		Writing projection on hard drive...
[01:50:56] 		 /work/data/output/Festuca.versicolor/proj_ipsl.cm6a.lr_ssp370/individual_projections/proj_ipsl.cm6a.lr_ssp370_Festuca.versicolor_PA5_RUN5_GLM.tif
[02:02:49] 	> Projecting Festuca.versicolor_PA5_RUN5_GBM ...
[02:02:50] 		Writing projection on hard drive...
[02:02:50] 		 /work/data/output/Festuca.versicolor/proj_ipsl.cm6a.lr_ssp370/individual_projections/proj_ipsl.cm6a.lr_ssp370_Festuca.versicolor_PA5_RUN5_GBM.tif
[02:03:48] 	> Projecting Festuca.versicolor_PA5_RUN5_ANN ...
[02:03:49] 		Writing projection on hard drive...
[02:03:49] 		 /work/data/output/Festuca.versicolor/proj_ipsl.cm6a.lr_ssp370/individual_projections/proj_ipsl.cm6a.lr_ssp370_Festuca.versicolor_PA5_RUN5_ANN.tif
[02:04:34] 	> Projecting Festuca.versicolor_PA5_RUN5_FDA ...
[02:04:35] 		Writing projection on hard drive...
[02:04:35] 		 /work/data/output/Festuca.versicolor/proj_ipsl.cm6a.lr_ssp370/individual_projections/proj_ipsl.cm6a.lr_ssp370_Festuca.versicolor_PA5_RUN5_FDA.tif
[02:05:02] 	> Projecting Festuca.versicolor_PA5_RUN5_MAXNET ...
[02:05:03] 		Writing projection on hard drive...
[02:05:03] 		 /work/data/output/Festuca.versicolor/proj_ipsl.cm6a.lr_ssp370/individual_projections/proj_ipsl.cm6a.lr_ssp370_Festuca.versicolor_PA5_RUN5_MAXNET.tif
[02:05:45] 	> Projecting Festuca.versicolor_PA6_RUN1_GLM ...
[02:05:45] 		Writing projection on hard drive...
[02:05:45] 		 /work/data/output/Festuca.versicolor/proj_ipsl.cm6a.lr_ssp370/individual_projections/proj_ipsl.cm6a.lr_ssp370_Festuca.versicolor_PA6_RUN1_GLM.tif
[02:18:24] 	> Projecting Festuca.versicolor_PA6_RUN1_GBM ...
[02:18:25] 		Writing projection on hard drive...
[02:18:25] 		 /work/data/output/Festuca.versicolor/proj_ipsl.cm6a.lr_ssp370/individual_projections/proj_ipsl.cm6a.lr_ssp370_Festuca.versicolor_PA6_RUN1_GBM.tif
[02:19:23] 	> Projecting Festuca.versicolor_PA6_RUN1_ANN ...
[02:19:24] 		Writing projection on hard drive...
[02:19:24] 		 /work/data/output/Festuca.versicolor/proj_ipsl.cm6a.lr_ssp370/individual_projections/proj_ipsl.cm6a.lr_ssp370_Festuca.versicolor_PA6_RUN1_ANN.tif
[02:20:09] 	> Projecting Festuca.versicolor_PA6_RUN1_FDA ...
[02:20:10] 		Writing projection on hard drive...
[02:20:10] 		 /work/data/output/Festuca.versicolor/proj_ipsl.cm6a.lr_ssp370/individual_projections/proj_ipsl.cm6a.lr_ssp370_Festuca.versicolor_PA6_RUN1_FDA.tif
[02:20:35] 	> Projecting Festuca.versicolor_PA6_RUN1_MAXNET ...
[02:20:36] 		Writing projection on hard drive...
[02:20:36] 		 /work/data/output/Festuca.versicolor/proj_ipsl.cm6a.lr_ssp370/individual_projections/proj_ipsl.cm6a.lr_ssp370_Festuca.versicolor_PA6_RUN1_MAXNET.tif
[02:21:16] 	> Projecting Festuca.versicolor_PA6_RUN2_GLM ...
[02:21:16] 		Writing projection on hard drive...
[02:21:16] 		 /work/data/output/Festuca.versicolor/proj_ipsl.cm6a.lr_ssp370/individual_projections/proj_ipsl.cm6a.lr_ssp370_Festuca.versicolor_PA6_RUN2_GLM.tif
[02:33:59] 	> Projecting Festuca.versicolor_PA6_RUN2_GBM ...
[02:34:00] 		Writing projection on hard drive...
[02:34:00] 		 /work/data/output/Festuca.versicolor/proj_ipsl.cm6a.lr_ssp370/individual_projections/proj_ipsl.cm6a.lr_ssp370_Festuca.versicolor_PA6_RUN2_GBM.tif
[02:35:11] 	> Projecting Festuca.versicolor_PA6_RUN2_ANN ...
[02:35:11] 		Writing projection on hard drive...
[02:35:11] 		 /work/data/output/Festuca.versicolor/proj_ipsl.cm6a.lr_ssp370/individual_projections/proj_ipsl.cm6a.lr_ssp370_Festuca.versicolor_PA6_RUN2_ANN.tif
[02:36:01] 	> Projecting Festuca.versicolor_PA6_RUN2_FDA ...
[02:36:02] 		Writing projection on hard drive...
[02:36:02] 		 /work/data/output/Festuca.versicolor/proj_ipsl.cm6a.lr_ssp370/individual_projections/proj_ipsl.cm6a.lr_ssp370_Festuca.versicolor_PA6_RUN2_FDA.tif
[02:36:25] 	> Projecting Festuca.versicolor_PA6_RUN2_MAXNET ...
[02:36:26] 		Writing projection on hard drive...
[02:36:26] 		 /work/data/output/Festuca.versicolor/proj_ipsl.cm6a.lr_ssp370/individual_projections/proj_ipsl.cm6a.lr_ssp370_Festuca.versicolor_PA6_RUN2_MAXNET.tif
[02:37:10] 	> Projecting Festuca.versicolor_PA6_RUN3_GLM ...
[02:37:11] 		Writing projection on hard drive...
[02:37:11] 		 /work/data/output/Festuca.versicolor/proj_ipsl.cm6a.lr_ssp370/individual_projections/proj_ipsl.cm6a.lr_ssp370_Festuca.versicolor_PA6_RUN3_GLM.tif
[02:50:08] 	> Projecting Festuca.versicolor_PA6_RUN3_GBM ...
[02:50:08] 		Writing projection on hard drive...
[02:50:08] 		 /work/data/output/Festuca.versicolor/proj_ipsl.cm6a.lr_ssp370/individual_projections/proj_ipsl.cm6a.lr_ssp370_Festuca.versicolor_PA6_RUN3_GBM.tif
[02:51:21] 	> Projecting Festuca.versicolor_PA6_RUN3_ANN ...
[02:51:21] 		Writing projection on hard drive...
[02:51:21] 		 /work/data/output/Festuca.versicolor/proj_ipsl.cm6a.lr_ssp370/individual_projections/proj_ipsl.cm6a.lr_ssp370_Festuca.versicolor_PA6_RUN3_ANN.tif
[02:52:12] 	> Projecting Festuca.versicolor_PA6_RUN3_FDA ...
[02:52:13] 		Writing projection on hard drive...
[02:52:13] 		 /work/data/output/Festuca.versicolor/proj_ipsl.cm6a.lr_ssp370/individual_projections/proj_ipsl.cm6a.lr_ssp370_Festuca.versicolor_PA6_RUN3_FDA.tif
[02:52:38] 	> Projecting Festuca.versicolor_PA6_RUN3_MAXNET ...
[02:52:39] 		Writing projection on hard drive...
[02:52:39] 		 /work/data/output/Festuca.versicolor/proj_ipsl.cm6a.lr_ssp370/individual_projections/proj_ipsl.cm6a.lr_ssp370_Festuca.versicolor_PA6_RUN3_MAXNET.tif
[02:53:18] 	> Projecting Festuca.versicolor_PA6_RUN4_GLM ...
[02:53:18] 		Writing projection on hard drive...
[02:53:18] 		 /work/data/output/Festuca.versicolor/proj_ipsl.cm6a.lr_ssp370/individual_projections/proj_ipsl.cm6a.lr_ssp370_Festuca.versicolor_PA6_RUN4_GLM.tif
[03:05:28] 	> Projecting Festuca.versicolor_PA6_RUN4_GBM ...
[03:05:29] 		Writing projection on hard drive...
[03:05:29] 		 /work/data/output/Festuca.versicolor/proj_ipsl.cm6a.lr_ssp370/individual_projections/proj_ipsl.cm6a.lr_ssp370_Festuca.versicolor_PA6_RUN4_GBM.tif
[03:06:37] 	> Projecting Festuca.versicolor_PA6_RUN4_ANN ...
[03:06:37] 		Writing projection on hard drive...
[03:06:37] 		 /work/data/output/Festuca.versicolor/proj_ipsl.cm6a.lr_ssp370/individual_projections/proj_ipsl.cm6a.lr_ssp370_Festuca.versicolor_PA6_RUN4_ANN.tif
[03:07:28] 	> Projecting Festuca.versicolor_PA6_RUN4_FDA ...
[03:07:29] 		Writing projection on hard drive...
[03:07:29] 		 /work/data/output/Festuca.versicolor/proj_ipsl.cm6a.lr_ssp370/individual_projections/proj_ipsl.cm6a.lr_ssp370_Festuca.versicolor_PA6_RUN4_FDA.tif
[03:07:55] 	> Projecting Festuca.versicolor_PA6_RUN4_MAXNET ...
[03:07:55] 		Writing projection on hard drive...
[03:07:55] 		 /work/data/output/Festuca.versicolor/proj_ipsl.cm6a.lr_ssp370/individual_projections/proj_ipsl.cm6a.lr_ssp370_Festuca.versicolor_PA6_RUN4_MAXNET.tif
[03:08:38] 	> Projecting Festuca.versicolor_PA6_RUN5_GLM ...
[03:08:39] 		Writing projection on hard drive...
[03:08:39] 		 /work/data/output/Festuca.versicolor/proj_ipsl.cm6a.lr_ssp370/individual_projections/proj_ipsl.cm6a.lr_ssp370_Festuca.versicolor_PA6_RUN5_GLM.tif
[03:21:35] 	> Projecting Festuca.versicolor_PA6_RUN5_GBM ...
[03:21:35] 		Writing projection on hard drive...
[03:21:35] 		 /work/data/output/Festuca.versicolor/proj_ipsl.cm6a.lr_ssp370/individual_projections/proj_ipsl.cm6a.lr_ssp370_Festuca.versicolor_PA6_RUN5_GBM.tif
[03:22:44] 	> Projecting Festuca.versicolor_PA6_RUN5_ANN ...
[03:22:45] 		Writing projection on hard drive...
[03:22:45] 		 /work/data/output/Festuca.versicolor/proj_ipsl.cm6a.lr_ssp370/individual_projections/proj_ipsl.cm6a.lr_ssp370_Festuca.versicolor_PA6_RUN5_ANN.tif
[03:23:34] 	> Projecting Festuca.versicolor_PA6_RUN5_FDA ...
[03:23:35] 		Writing projection on hard drive...
[03:23:35] 		 /work/data/output/Festuca.versicolor/proj_ipsl.cm6a.lr_ssp370/individual_projections/proj_ipsl.cm6a.lr_ssp370_Festuca.versicolor_PA6_RUN5_FDA.tif
[03:24:01] 	> Projecting Festuca.versicolor_PA6_RUN5_MAXNET ...
[03:24:01] 		Writing projection on hard drive...
[03:24:01] 		 /work/data/output/Festuca.versicolor/proj_ipsl.cm6a.lr_ssp370/individual_projections/proj_ipsl.cm6a.lr_ssp370_Festuca.versicolor_PA6_RUN5_MAXNET.tif
[03:24:41] 	> Projecting Festuca.versicolor_PA7_RUN1_GLM ...
[03:24:42] 		Writing projection on hard drive...
[03:24:42] 		 /work/data/output/Festuca.versicolor/proj_ipsl.cm6a.lr_ssp370/individual_projections/proj_ipsl.cm6a.lr_ssp370_Festuca.versicolor_PA7_RUN1_GLM.tif
[03:37:45] 	> Projecting Festuca.versicolor_PA7_RUN1_GBM ...
[03:37:46] 		Writing projection on hard drive...
[03:37:46] 		 /work/data/output/Festuca.versicolor/proj_ipsl.cm6a.lr_ssp370/individual_projections/proj_ipsl.cm6a.lr_ssp370_Festuca.versicolor_PA7_RUN1_GBM.tif
[03:38:56] 	> Projecting Festuca.versicolor_PA7_RUN1_ANN ...
[03:38:57] 		Writing projection on hard drive...
[03:38:57] 		 /work/data/output/Festuca.versicolor/proj_ipsl.cm6a.lr_ssp370/individual_projections/proj_ipsl.cm6a.lr_ssp370_Festuca.versicolor_PA7_RUN1_ANN.tif
[03:39:46] 	> Projecting Festuca.versicolor_PA7_RUN1_FDA ...
[03:39:47] 		Writing projection on hard drive...
[03:39:47] 		 /work/data/output/Festuca.versicolor/proj_ipsl.cm6a.lr_ssp370/individual_projections/proj_ipsl.cm6a.lr_ssp370_Festuca.versicolor_PA7_RUN1_FDA.tif
[03:40:12] 	> Projecting Festuca.versicolor_PA7_RUN1_MAXNET ...
[03:40:12] 		Writing projection on hard drive...
[03:40:12] 		 /work/data/output/Festuca.versicolor/proj_ipsl.cm6a.lr_ssp370/individual_projections/proj_ipsl.cm6a.lr_ssp370_Festuca.versicolor_PA7_RUN1_MAXNET.tif
[03:40:53] 	> Projecting Festuca.versicolor_PA7_RUN2_GLM ...
[03:40:54] 		Writing projection on hard drive...
[03:40:54] 		 /work/data/output/Festuca.versicolor/proj_ipsl.cm6a.lr_ssp370/individual_projections/proj_ipsl.cm6a.lr_ssp370_Festuca.versicolor_PA7_RUN2_GLM.tif
[03:52:51] 	> Projecting Festuca.versicolor_PA7_RUN2_GBM ...
[03:52:52] 		Writing projection on hard drive...
[03:52:52] 		 /work/data/output/Festuca.versicolor/proj_ipsl.cm6a.lr_ssp370/individual_projections/proj_ipsl.cm6a.lr_ssp370_Festuca.versicolor_PA7_RUN2_GBM.tif
[03:53:58] 	> Projecting Festuca.versicolor_PA7_RUN2_ANN ...
[03:53:59] 		Writing projection on hard drive...
[03:53:59] 		 /work/data/output/Festuca.versicolor/proj_ipsl.cm6a.lr_ssp370/individual_projections/proj_ipsl.cm6a.lr_ssp370_Festuca.versicolor_PA7_RUN2_ANN.tif
[03:54:47] 	> Projecting Festuca.versicolor_PA7_RUN2_FDA ...
[03:54:48] 		Writing projection on hard drive...
[03:54:48] 		 /work/data/output/Festuca.versicolor/proj_ipsl.cm6a.lr_ssp370/individual_projections/proj_ipsl.cm6a.lr_ssp370_Festuca.versicolor_PA7_RUN2_FDA.tif
[03:55:13] 	> Projecting Festuca.versicolor_PA7_RUN2_MAXNET ...
[03:55:14] 		Writing projection on hard drive...
[03:55:14] 		 /work/data/output/Festuca.versicolor/proj_ipsl.cm6a.lr_ssp370/individual_projections/proj_ipsl.cm6a.lr_ssp370_Festuca.versicolor_PA7_RUN2_MAXNET.tif
[03:55:55] 	> Projecting Festuca.versicolor_PA7_RUN3_GLM ...
[03:55:56] 		Writing projection on hard drive...
[03:55:56] 		 /work/data/output/Festuca.versicolor/proj_ipsl.cm6a.lr_ssp370/individual_projections/proj_ipsl.cm6a.lr_ssp370_Festuca.versicolor_PA7_RUN3_GLM.tif
[04:09:02] 	> Projecting Festuca.versicolor_PA7_RUN3_GBM ...
[04:09:03] 		Writing projection on hard drive...
[04:09:03] 		 /work/data/output/Festuca.versicolor/proj_ipsl.cm6a.lr_ssp370/individual_projections/proj_ipsl.cm6a.lr_ssp370_Festuca.versicolor_PA7_RUN3_GBM.tif
[04:10:13] 	> Projecting Festuca.versicolor_PA7_RUN3_ANN ...
[04:10:14] 		Writing projection on hard drive...
[04:10:14] 		 /work/data/output/Festuca.versicolor/proj_ipsl.cm6a.lr_ssp370/individual_projections/proj_ipsl.cm6a.lr_ssp370_Festuca.versicolor_PA7_RUN3_ANN.tif
[04:11:09] 	> Projecting Festuca.versicolor_PA7_RUN3_FDA ...
[04:11:10] 		Writing projection on hard drive...
[04:11:10] 		 /work/data/output/Festuca.versicolor/proj_ipsl.cm6a.lr_ssp370/individual_projections/proj_ipsl.cm6a.lr_ssp370_Festuca.versicolor_PA7_RUN3_FDA.tif
[04:11:35] 	> Projecting Festuca.versicolor_PA7_RUN3_MAXNET ...
[04:11:36] 		Writing projection on hard drive...
[04:11:36] 		 /work/data/output/Festuca.versicolor/proj_ipsl.cm6a.lr_ssp370/individual_projections/proj_ipsl.cm6a.lr_ssp370_Festuca.versicolor_PA7_RUN3_MAXNET.tif
[04:12:19] 	> Projecting Festuca.versicolor_PA7_RUN4_GLM ...
[04:12:20] 		Writing projection on hard drive...
[04:12:20] 		 /work/data/output/Festuca.versicolor/proj_ipsl.cm6a.lr_ssp370/individual_projections/proj_ipsl.cm6a.lr_ssp370_Festuca.versicolor_PA7_RUN4_GLM.tif
[04:25:21] 	> Projecting Festuca.versicolor_PA7_RUN4_GBM ...
[04:25:21] 		Writing projection on hard drive...
[04:25:21] 		 /work/data/output/Festuca.versicolor/proj_ipsl.cm6a.lr_ssp370/individual_projections/proj_ipsl.cm6a.lr_ssp370_Festuca.versicolor_PA7_RUN4_GBM.tif
[04:26:30] 	> Projecting Festuca.versicolor_PA7_RUN4_ANN ...
[04:26:31] 		Writing projection on hard drive...
[04:26:31] 		 /work/data/output/Festuca.versicolor/proj_ipsl.cm6a.lr_ssp370/individual_projections/proj_ipsl.cm6a.lr_ssp370_Festuca.versicolor_PA7_RUN4_ANN.tif
[04:27:21] 	> Projecting Festuca.versicolor_PA7_RUN4_FDA ...
[04:27:22] 		Writing projection on hard drive...
[04:27:22] 		 /work/data/output/Festuca.versicolor/proj_ipsl.cm6a.lr_ssp370/individual_projections/proj_ipsl.cm6a.lr_ssp370_Festuca.versicolor_PA7_RUN4_FDA.tif
[04:27:45] 	> Projecting Festuca.versicolor_PA7_RUN4_MAXNET ...
[04:27:46] 		Writing projection on hard drive...
[04:27:46] 		 /work/data/output/Festuca.versicolor/proj_ipsl.cm6a.lr_ssp370/individual_projections/proj_ipsl.cm6a.lr_ssp370_Festuca.versicolor_PA7_RUN4_MAXNET.tif
[04:28:27] 	> Projecting Festuca.versicolor_PA7_RUN5_GLM ...
[04:28:27] 		Writing projection on hard drive...
[04:28:27] 		 /work/data/output/Festuca.versicolor/proj_ipsl.cm6a.lr_ssp370/individual_projections/proj_ipsl.cm6a.lr_ssp370_Festuca.versicolor_PA7_RUN5_GLM.tif
[04:38:45] 	> Projecting Festuca.versicolor_PA7_RUN5_GBM ...
[04:38:46] 		Writing projection on hard drive...
[04:38:46] 		 /work/data/output/Festuca.versicolor/proj_ipsl.cm6a.lr_ssp370/individual_projections/proj_ipsl.cm6a.lr_ssp370_Festuca.versicolor_PA7_RUN5_GBM.tif
[04:39:52] 	> Projecting Festuca.versicolor_PA7_RUN5_ANN ...
[04:39:53] 		Writing projection on hard drive...
[04:39:53] 		 /work/data/output/Festuca.versicolor/proj_ipsl.cm6a.lr_ssp370/individual_projections/proj_ipsl.cm6a.lr_ssp370_Festuca.versicolor_PA7_RUN5_ANN.tif
[04:40:39] 	> Projecting Festuca.versicolor_PA7_RUN5_FDA ...
[04:40:40] 		Writing projection on hard drive...
[04:40:40] 		 /work/data/output/Festuca.versicolor/proj_ipsl.cm6a.lr_ssp370/individual_projections/proj_ipsl.cm6a.lr_ssp370_Festuca.versicolor_PA7_RUN5_FDA.tif
[04:41:03] 	> Projecting Festuca.versicolor_PA7_RUN5_MAXNET ...
[04:41:03] 		Writing projection on hard drive...
[04:41:03] 		 /work/data/output/Festuca.versicolor/proj_ipsl.cm6a.lr_ssp370/individual_projections/proj_ipsl.cm6a.lr_ssp370_Festuca.versicolor_PA7_RUN5_MAXNET.tif
[04:41:50] 	> Projecting Festuca.versicolor_PA8_RUN1_GLM ...
[04:41:50] 		Writing projection on hard drive...
[04:41:50] 		 /work/data/output/Festuca.versicolor/proj_ipsl.cm6a.lr_ssp370/individual_projections/proj_ipsl.cm6a.lr_ssp370_Festuca.versicolor_PA8_RUN1_GLM.tif
[04:53:57] 	> Projecting Festuca.versicolor_PA8_RUN1_GBM ...
[04:53:57] 		Writing projection on hard drive...
[04:53:57] 		 /work/data/output/Festuca.versicolor/proj_ipsl.cm6a.lr_ssp370/individual_projections/proj_ipsl.cm6a.lr_ssp370_Festuca.versicolor_PA8_RUN1_GBM.tif
[04:54:55] 	> Projecting Festuca.versicolor_PA8_RUN1_ANN ...
[04:54:55] 		Writing projection on hard drive...
[04:54:55] 		 /work/data/output/Festuca.versicolor/proj_ipsl.cm6a.lr_ssp370/individual_projections/proj_ipsl.cm6a.lr_ssp370_Festuca.versicolor_PA8_RUN1_ANN.tif
[04:55:50] 	> Projecting Festuca.versicolor_PA8_RUN1_FDA ...
[04:55:51] 		Writing projection on hard drive...
[04:55:51] 		 /work/data/output/Festuca.versicolor/proj_ipsl.cm6a.lr_ssp370/individual_projections/proj_ipsl.cm6a.lr_ssp370_Festuca.versicolor_PA8_RUN1_FDA.tif
[04:56:14] 	> Projecting Festuca.versicolor_PA8_RUN1_MAXNET ...
[04:56:15] 		Writing projection on hard drive...
[04:56:15] 		 /work/data/output/Festuca.versicolor/proj_ipsl.cm6a.lr_ssp370/individual_projections/proj_ipsl.cm6a.lr_ssp370_Festuca.versicolor_PA8_RUN1_MAXNET.tif
[04:56:55] 	> Projecting Festuca.versicolor_PA8_RUN2_GLM ...
[04:56:56] 		Writing projection on hard drive...
[04:56:56] 		 /work/data/output/Festuca.versicolor/proj_ipsl.cm6a.lr_ssp370/individual_projections/proj_ipsl.cm6a.lr_ssp370_Festuca.versicolor_PA8_RUN2_GLM.tif
[05:06:44] 	> Projecting Festuca.versicolor_PA8_RUN2_GBM ...
[05:06:45] 		Writing projection on hard drive...
[05:06:45] 		 /work/data/output/Festuca.versicolor/proj_ipsl.cm6a.lr_ssp370/individual_projections/proj_ipsl.cm6a.lr_ssp370_Festuca.versicolor_PA8_RUN2_GBM.tif
[05:07:43] 	> Projecting Festuca.versicolor_PA8_RUN2_ANN ...
[05:07:44] 		Writing projection on hard drive...
[05:07:44] 		 /work/data/output/Festuca.versicolor/proj_ipsl.cm6a.lr_ssp370/individual_projections/proj_ipsl.cm6a.lr_ssp370_Festuca.versicolor_PA8_RUN2_ANN.tif
[05:08:33] 	> Projecting Festuca.versicolor_PA8_RUN2_FDA ...
[05:08:34] 		Writing projection on hard drive...
[05:08:34] 		 /work/data/output/Festuca.versicolor/proj_ipsl.cm6a.lr_ssp370/individual_projections/proj_ipsl.cm6a.lr_ssp370_Festuca.versicolor_PA8_RUN2_FDA.tif
[05:08:56] 	> Projecting Festuca.versicolor_PA8_RUN2_MAXNET ...
[05:08:57] 		Writing projection on hard drive...
[05:08:57] 		 /work/data/output/Festuca.versicolor/proj_ipsl.cm6a.lr_ssp370/individual_projections/proj_ipsl.cm6a.lr_ssp370_Festuca.versicolor_PA8_RUN2_MAXNET.tif
[05:09:41] 	> Projecting Festuca.versicolor_PA8_RUN3_GLM ...
[05:09:41] 		Writing projection on hard drive...
[05:09:41] 		 /work/data/output/Festuca.versicolor/proj_ipsl.cm6a.lr_ssp370/individual_projections/proj_ipsl.cm6a.lr_ssp370_Festuca.versicolor_PA8_RUN3_GLM.tif
[05:19:49] 	> Projecting Festuca.versicolor_PA8_RUN3_GBM ...
[05:19:50] 		Writing projection on hard drive...
[05:19:50] 		 /work/data/output/Festuca.versicolor/proj_ipsl.cm6a.lr_ssp370/individual_projections/proj_ipsl.cm6a.lr_ssp370_Festuca.versicolor_PA8_RUN3_GBM.tif
[05:20:59] 	> Projecting Festuca.versicolor_PA8_RUN3_ANN ...
[05:20:59] 		Writing projection on hard drive...
[05:20:59] 		 /work/data/output/Festuca.versicolor/proj_ipsl.cm6a.lr_ssp370/individual_projections/proj_ipsl.cm6a.lr_ssp370_Festuca.versicolor_PA8_RUN3_ANN.tif
[05:21:57] 	> Projecting Festuca.versicolor_PA8_RUN3_FDA ...
[05:21:58] 		Writing projection on hard drive...
[05:21:58] 		 /work/data/output/Festuca.versicolor/proj_ipsl.cm6a.lr_ssp370/individual_projections/proj_ipsl.cm6a.lr_ssp370_Festuca.versicolor_PA8_RUN3_FDA.tif
[05:22:21] 	> Projecting Festuca.versicolor_PA8_RUN3_MAXNET ...
[05:22:22] 		Writing projection on hard drive...
[05:22:22] 		 /work/data/output/Festuca.versicolor/proj_ipsl.cm6a.lr_ssp370/individual_projections/proj_ipsl.cm6a.lr_ssp370_Festuca.versicolor_PA8_RUN3_MAXNET.tif
[05:23:02] 	> Projecting Festuca.versicolor_PA8_RUN4_GLM ...
[05:23:03] 		Writing projection on hard drive...
[05:23:03] 		 /work/data/output/Festuca.versicolor/proj_ipsl.cm6a.lr_ssp370/individual_projections/proj_ipsl.cm6a.lr_ssp370_Festuca.versicolor_PA8_RUN4_GLM.tif
[05:35:33] 	> Projecting Festuca.versicolor_PA8_RUN4_GBM ...
[05:35:34] 		Writing projection on hard drive...
[05:35:34] 		 /work/data/output/Festuca.versicolor/proj_ipsl.cm6a.lr_ssp370/individual_projections/proj_ipsl.cm6a.lr_ssp370_Festuca.versicolor_PA8_RUN4_GBM.tif
[05:36:33] 	> Projecting Festuca.versicolor_PA8_RUN4_ANN ...
[05:36:34] 		Writing projection on hard drive...
[05:36:34] 		 /work/data/output/Festuca.versicolor/proj_ipsl.cm6a.lr_ssp370/individual_projections/proj_ipsl.cm6a.lr_ssp370_Festuca.versicolor_PA8_RUN4_ANN.tif
[05:37:22] 	> Projecting Festuca.versicolor_PA8_RUN4_FDA ...
[05:37:23] 		Writing projection on hard drive...
[05:37:24] 		 /work/data/output/Festuca.versicolor/proj_ipsl.cm6a.lr_ssp370/individual_projections/proj_ipsl.cm6a.lr_ssp370_Festuca.versicolor_PA8_RUN4_FDA.tif
[05:37:46] 	> Projecting Festuca.versicolor_PA8_RUN4_MAXNET ...
[05:37:47] 		Writing projection on hard drive...
[05:37:47] 		 /work/data/output/Festuca.versicolor/proj_ipsl.cm6a.lr_ssp370/individual_projections/proj_ipsl.cm6a.lr_ssp370_Festuca.versicolor_PA8_RUN4_MAXNET.tif
[05:38:31] 	> Projecting Festuca.versicolor_PA8_RUN5_GLM ...
[05:38:32] 		Writing projection on hard drive...
[05:38:32] 		 /work/data/output/Festuca.versicolor/proj_ipsl.cm6a.lr_ssp370/individual_projections/proj_ipsl.cm6a.lr_ssp370_Festuca.versicolor_PA8_RUN5_GLM.tif
[05:50:43] 	> Projecting Festuca.versicolor_PA8_RUN5_GBM ...
[05:50:44] 		Writing projection on hard drive...
[05:50:44] 		 /work/data/output/Festuca.versicolor/proj_ipsl.cm6a.lr_ssp370/individual_projections/proj_ipsl.cm6a.lr_ssp370_Festuca.versicolor_PA8_RUN5_GBM.tif
[05:51:59] 	> Projecting Festuca.versicolor_PA8_RUN5_ANN ...
[05:52:00] 		Writing projection on hard drive...
[05:52:00] 		 /work/data/output/Festuca.versicolor/proj_ipsl.cm6a.lr_ssp370/individual_projections/proj_ipsl.cm6a.lr_ssp370_Festuca.versicolor_PA8_RUN5_ANN.tif
[05:52:46] 	> Projecting Festuca.versicolor_PA8_RUN5_FDA ...
[05:52:47] 		Writing projection on hard drive...
[05:52:47] 		 /work/data/output/Festuca.versicolor/proj_ipsl.cm6a.lr_ssp370/individual_projections/proj_ipsl.cm6a.lr_ssp370_Festuca.versicolor_PA8_RUN5_FDA.tif
[05:53:20] 	> Projecting Festuca.versicolor_PA8_RUN5_MAXNET ...
[05:53:21] 		Writing projection on hard drive...
[05:53:21] 		 /work/data/output/Festuca.versicolor/proj_ipsl.cm6a.lr_ssp370/individual_projections/proj_ipsl.cm6a.lr_ssp370_Festuca.versicolor_PA8_RUN5_MAXNET.tif
[05:54:03] 	> Projecting Festuca.versicolor_PA9_RUN1_GLM ...
[05:54:03] 		Writing projection on hard drive...
[05:54:03] 		 /work/data/output/Festuca.versicolor/proj_ipsl.cm6a.lr_ssp370/individual_projections/proj_ipsl.cm6a.lr_ssp370_Festuca.versicolor_PA9_RUN1_GLM.tif
[06:04:13] 	> Projecting Festuca.versicolor_PA9_RUN1_GBM ...
[06:04:14] 		Writing projection on hard drive...
[06:04:14] 		 /work/data/output/Festuca.versicolor/proj_ipsl.cm6a.lr_ssp370/individual_projections/proj_ipsl.cm6a.lr_ssp370_Festuca.versicolor_PA9_RUN1_GBM.tif
[06:05:13] 	> Projecting Festuca.versicolor_PA9_RUN1_ANN ...
[06:05:14] 		Writing projection on hard drive...
[06:05:14] 		 /work/data/output/Festuca.versicolor/proj_ipsl.cm6a.lr_ssp370/individual_projections/proj_ipsl.cm6a.lr_ssp370_Festuca.versicolor_PA9_RUN1_ANN.tif
[06:05:58] 	> Projecting Festuca.versicolor_PA9_RUN1_FDA ...
[06:05:59] 		Writing projection on hard drive...
[06:05:59] 		 /work/data/output/Festuca.versicolor/proj_ipsl.cm6a.lr_ssp370/individual_projections/proj_ipsl.cm6a.lr_ssp370_Festuca.versicolor_PA9_RUN1_FDA.tif
[06:06:22] 	> Projecting Festuca.versicolor_PA9_RUN1_MAXNET ...
[06:06:23] 		Writing projection on hard drive...
[06:06:23] 		 /work/data/output/Festuca.versicolor/proj_ipsl.cm6a.lr_ssp370/individual_projections/proj_ipsl.cm6a.lr_ssp370_Festuca.versicolor_PA9_RUN1_MAXNET.tif
[06:07:06] 	> Projecting Festuca.versicolor_PA9_RUN2_GLM ...
[06:07:07] 		Writing projection on hard drive...
[06:07:07] 		 /work/data/output/Festuca.versicolor/proj_ipsl.cm6a.lr_ssp370/individual_projections/proj_ipsl.cm6a.lr_ssp370_Festuca.versicolor_PA9_RUN2_GLM.tif
[06:20:12] 	> Projecting Festuca.versicolor_PA9_RUN2_GBM ...
[06:20:13] 		Writing projection on hard drive...
[06:20:13] 		 /work/data/output/Festuca.versicolor/proj_ipsl.cm6a.lr_ssp370/individual_projections/proj_ipsl.cm6a.lr_ssp370_Festuca.versicolor_PA9_RUN2_GBM.tif
[06:21:03] 	> Projecting Festuca.versicolor_PA9_RUN2_ANN ...
[06:21:04] 		Writing projection on hard drive...
[06:21:04] 		 /work/data/output/Festuca.versicolor/proj_ipsl.cm6a.lr_ssp370/individual_projections/proj_ipsl.cm6a.lr_ssp370_Festuca.versicolor_PA9_RUN2_ANN.tif
[06:21:48] 	> Projecting Festuca.versicolor_PA9_RUN2_FDA ...
[06:21:49] 		Writing projection on hard drive...
[06:21:49] 		 /work/data/output/Festuca.versicolor/proj_ipsl.cm6a.lr_ssp370/individual_projections/proj_ipsl.cm6a.lr_ssp370_Festuca.versicolor_PA9_RUN2_FDA.tif
[06:22:14] 	> Projecting Festuca.versicolor_PA9_RUN2_MAXNET ...
[06:22:14] 		Writing projection on hard drive...
[06:22:14] 		 /work/data/output/Festuca.versicolor/proj_ipsl.cm6a.lr_ssp370/individual_projections/proj_ipsl.cm6a.lr_ssp370_Festuca.versicolor_PA9_RUN2_MAXNET.tif
[06:22:47] 	> Projecting Festuca.versicolor_PA9_RUN3_GLM ...
[06:22:47] 		Writing projection on hard drive...
[06:22:47] 		 /work/data/output/Festuca.versicolor/proj_ipsl.cm6a.lr_ssp370/individual_projections/proj_ipsl.cm6a.lr_ssp370_Festuca.versicolor_PA9_RUN3_GLM.tif
[06:34:45] 	> Projecting Festuca.versicolor_PA9_RUN3_GBM ...
[06:34:46] 		Writing projection on hard drive...
[06:34:46] 		 /work/data/output/Festuca.versicolor/proj_ipsl.cm6a.lr_ssp370/individual_projections/proj_ipsl.cm6a.lr_ssp370_Festuca.versicolor_PA9_RUN3_GBM.tif
[06:35:34] 	> Projecting Festuca.versicolor_PA9_RUN3_ANN ...
[06:35:35] 		Writing projection on hard drive...
[06:35:35] 		 /work/data/output/Festuca.versicolor/proj_ipsl.cm6a.lr_ssp370/individual_projections/proj_ipsl.cm6a.lr_ssp370_Festuca.versicolor_PA9_RUN3_ANN.tif
[06:36:13] 	> Projecting Festuca.versicolor_PA9_RUN3_FDA ...
[06:36:14] 		Writing projection on hard drive...
[06:36:14] 		 /work/data/output/Festuca.versicolor/proj_ipsl.cm6a.lr_ssp370/individual_projections/proj_ipsl.cm6a.lr_ssp370_Festuca.versicolor_PA9_RUN3_FDA.tif
[06:36:40] 	> Projecting Festuca.versicolor_PA9_RUN3_MAXNET ...
[06:36:41] 		Writing projection on hard drive...
[06:36:41] 		 /work/data/output/Festuca.versicolor/proj_ipsl.cm6a.lr_ssp370/individual_projections/proj_ipsl.cm6a.lr_ssp370_Festuca.versicolor_PA9_RUN3_MAXNET.tif
[06:37:12] 	> Projecting Festuca.versicolor_PA9_RUN4_GLM ...
[06:37:13] 		Writing projection on hard drive...
[06:37:13] 		 /work/data/output/Festuca.versicolor/proj_ipsl.cm6a.lr_ssp370/individual_projections/proj_ipsl.cm6a.lr_ssp370_Festuca.versicolor_PA9_RUN4_GLM.tif
[06:49:57] 	> Projecting Festuca.versicolor_PA9_RUN4_GBM ...
[06:49:58] 		Writing projection on hard drive...
[06:49:58] 		 /work/data/output/Festuca.versicolor/proj_ipsl.cm6a.lr_ssp370/individual_projections/proj_ipsl.cm6a.lr_ssp370_Festuca.versicolor_PA9_RUN4_GBM.tif
[06:50:51] 	> Projecting Festuca.versicolor_PA9_RUN4_ANN ...
[06:50:52] 		Writing projection on hard drive...
[06:50:52] 		 /work/data/output/Festuca.versicolor/proj_ipsl.cm6a.lr_ssp370/individual_projections/proj_ipsl.cm6a.lr_ssp370_Festuca.versicolor_PA9_RUN4_ANN.tif
[06:51:33] 	> Projecting Festuca.versicolor_PA9_RUN4_FDA ...
[06:51:34] 		Writing projection on hard drive...
[06:51:34] 		 /work/data/output/Festuca.versicolor/proj_ipsl.cm6a.lr_ssp370/individual_projections/proj_ipsl.cm6a.lr_ssp370_Festuca.versicolor_PA9_RUN4_FDA.tif
[06:51:57] 	> Projecting Festuca.versicolor_PA9_RUN4_MAXNET ...
[06:51:57] 		Writing projection on hard drive...
[06:51:57] 		 /work/data/output/Festuca.versicolor/proj_ipsl.cm6a.lr_ssp370/individual_projections/proj_ipsl.cm6a.lr_ssp370_Festuca.versicolor_PA9_RUN4_MAXNET.tif
[06:52:31] 	> Projecting Festuca.versicolor_PA9_RUN5_GLM ...
[06:52:32] 		Writing projection on hard drive...
[06:52:32] 		 /work/data/output/Festuca.versicolor/proj_ipsl.cm6a.lr_ssp370/individual_projections/proj_ipsl.cm6a.lr_ssp370_Festuca.versicolor_PA9_RUN5_GLM.tif
[07:04:26] 	> Projecting Festuca.versicolor_PA9_RUN5_GBM ...
[07:04:26] 		Writing projection on hard drive...
[07:04:26] 		 /work/data/output/Festuca.versicolor/proj_ipsl.cm6a.lr_ssp370/individual_projections/proj_ipsl.cm6a.lr_ssp370_Festuca.versicolor_PA9_RUN5_GBM.tif
[07:05:19] 	> Projecting Festuca.versicolor_PA9_RUN5_ANN ...
[07:05:20] 		Writing projection on hard drive...
[07:05:20] 		 /work/data/output/Festuca.versicolor/proj_ipsl.cm6a.lr_ssp370/individual_projections/proj_ipsl.cm6a.lr_ssp370_Festuca.versicolor_PA9_RUN5_ANN.tif
[07:06:00] 	> Projecting Festuca.versicolor_PA9_RUN5_FDA ...
[07:06:01] 		Writing projection on hard drive...
[07:06:01] 		 /work/data/output/Festuca.versicolor/proj_ipsl.cm6a.lr_ssp370/individual_projections/proj_ipsl.cm6a.lr_ssp370_Festuca.versicolor_PA9_RUN5_FDA.tif
[07:06:23] 	> Projecting Festuca.versicolor_PA9_RUN5_MAXNET ...
[07:06:24] 		Writing projection on hard drive...
[07:06:24] 		 /work/data/output/Festuca.versicolor/proj_ipsl.cm6a.lr_ssp370/individual_projections/proj_ipsl.cm6a.lr_ssp370_Festuca.versicolor_PA9_RUN5_MAXNET.tif
[07:07:00] 	> Projecting Festuca.versicolor_PA10_RUN1_GLM ...
[07:07:01] 		Writing projection on hard drive...
[07:07:01] 		 /work/data/output/Festuca.versicolor/proj_ipsl.cm6a.lr_ssp370/individual_projections/proj_ipsl.cm6a.lr_ssp370_Festuca.versicolor_PA10_RUN1_GLM.tif
[07:18:55] 	> Projecting Festuca.versicolor_PA10_RUN1_GBM ...
[07:18:56] 		Writing projection on hard drive...
[07:18:56] 		 /work/data/output/Festuca.versicolor/proj_ipsl.cm6a.lr_ssp370/individual_projections/proj_ipsl.cm6a.lr_ssp370_Festuca.versicolor_PA10_RUN1_GBM.tif
[07:19:44] 	> Projecting Festuca.versicolor_PA10_RUN1_ANN ...
[07:19:44] 		Writing projection on hard drive...
[07:19:44] 		 /work/data/output/Festuca.versicolor/proj_ipsl.cm6a.lr_ssp370/individual_projections/proj_ipsl.cm6a.lr_ssp370_Festuca.versicolor_PA10_RUN1_ANN.tif
[07:20:24] 	> Projecting Festuca.versicolor_PA10_RUN1_FDA ...
[07:20:25] 		Writing projection on hard drive...
[07:20:25] 		 /work/data/output/Festuca.versicolor/proj_ipsl.cm6a.lr_ssp370/individual_projections/proj_ipsl.cm6a.lr_ssp370_Festuca.versicolor_PA10_RUN1_FDA.tif
[07:20:48] 	> Projecting Festuca.versicolor_PA10_RUN1_MAXNET ...
[07:20:49] 		Writing projection on hard drive...
[07:20:49] 		 /work/data/output/Festuca.versicolor/proj_ipsl.cm6a.lr_ssp370/individual_projections/proj_ipsl.cm6a.lr_ssp370_Festuca.versicolor_PA10_RUN1_MAXNET.tif
[07:21:25] 	> Projecting Festuca.versicolor_PA10_RUN2_GLM ...
[07:21:25] 		Writing projection on hard drive...
[07:21:25] 		 /work/data/output/Festuca.versicolor/proj_ipsl.cm6a.lr_ssp370/individual_projections/proj_ipsl.cm6a.lr_ssp370_Festuca.versicolor_PA10_RUN2_GLM.tif
[07:33:49] 	> Projecting Festuca.versicolor_PA10_RUN2_GBM ...
[07:33:50] 		Writing projection on hard drive...
[07:33:50] 		 /work/data/output/Festuca.versicolor/proj_ipsl.cm6a.lr_ssp370/individual_projections/proj_ipsl.cm6a.lr_ssp370_Festuca.versicolor_PA10_RUN2_GBM.tif
[07:34:38] 	> Projecting Festuca.versicolor_PA10_RUN2_ANN ...
[07:34:39] 		Writing projection on hard drive...
[07:34:39] 		 /work/data/output/Festuca.versicolor/proj_ipsl.cm6a.lr_ssp370/individual_projections/proj_ipsl.cm6a.lr_ssp370_Festuca.versicolor_PA10_RUN2_ANN.tif
[07:35:25] 	> Projecting Festuca.versicolor_PA10_RUN2_FDA ...
[07:35:26] 		Writing projection on hard drive...
[07:35:26] 		 /work/data/output/Festuca.versicolor/proj_ipsl.cm6a.lr_ssp370/individual_projections/proj_ipsl.cm6a.lr_ssp370_Festuca.versicolor_PA10_RUN2_FDA.tif
[07:35:49] 	> Projecting Festuca.versicolor_PA10_RUN2_MAXNET ...
[07:35:49] 		Writing projection on hard drive...
[07:35:49] 		 /work/data/output/Festuca.versicolor/proj_ipsl.cm6a.lr_ssp370/individual_projections/proj_ipsl.cm6a.lr_ssp370_Festuca.versicolor_PA10_RUN2_MAXNET.tif
[07:36:23] 	> Projecting Festuca.versicolor_PA10_RUN3_GLM ...
[07:36:24] 		Writing projection on hard drive...
[07:36:24] 		 /work/data/output/Festuca.versicolor/proj_ipsl.cm6a.lr_ssp370/individual_projections/proj_ipsl.cm6a.lr_ssp370_Festuca.versicolor_PA10_RUN3_GLM.tif
[07:49:24] 	> Projecting Festuca.versicolor_PA10_RUN3_GBM ...
[07:49:25] 		Writing projection on hard drive...
[07:49:25] 		 /work/data/output/Festuca.versicolor/proj_ipsl.cm6a.lr_ssp370/individual_projections/proj_ipsl.cm6a.lr_ssp370_Festuca.versicolor_PA10_RUN3_GBM.tif
[07:50:15] 	> Projecting Festuca.versicolor_PA10_RUN3_ANN ...
[07:50:15] 		Writing projection on hard drive...
[07:50:15] 		 /work/data/output/Festuca.versicolor/proj_ipsl.cm6a.lr_ssp370/individual_projections/proj_ipsl.cm6a.lr_ssp370_Festuca.versicolor_PA10_RUN3_ANN.tif
[07:51:00] 	> Projecting Festuca.versicolor_PA10_RUN3_FDA ...
[07:51:01] 		Writing projection on hard drive...
[07:51:01] 		 /work/data/output/Festuca.versicolor/proj_ipsl.cm6a.lr_ssp370/individual_projections/proj_ipsl.cm6a.lr_ssp370_Festuca.versicolor_PA10_RUN3_FDA.tif
[07:51:23] 	> Projecting Festuca.versicolor_PA10_RUN3_MAXNET ...
[07:51:23] 		Writing projection on hard drive...
[07:51:23] 		 /work/data/output/Festuca.versicolor/proj_ipsl.cm6a.lr_ssp370/individual_projections/proj_ipsl.cm6a.lr_ssp370_Festuca.versicolor_PA10_RUN3_MAXNET.tif
[07:51:56] 	> Projecting Festuca.versicolor_PA10_RUN4_GLM ...
[07:51:57] 		Writing projection on hard drive...
[07:51:57] 		 /work/data/output/Festuca.versicolor/proj_ipsl.cm6a.lr_ssp370/individual_projections/proj_ipsl.cm6a.lr_ssp370_Festuca.versicolor_PA10_RUN4_GLM.tif
[08:04:33] 	> Projecting Festuca.versicolor_PA10_RUN4_GBM ...
[08:04:33] 		Writing projection on hard drive...
[08:04:33] 		 /work/data/output/Festuca.versicolor/proj_ipsl.cm6a.lr_ssp370/individual_projections/proj_ipsl.cm6a.lr_ssp370_Festuca.versicolor_PA10_RUN4_GBM.tif
[08:05:24] 	> Projecting Festuca.versicolor_PA10_RUN4_ANN ...
[08:05:24] 		Writing projection on hard drive...
[08:05:24] 		 /work/data/output/Festuca.versicolor/proj_ipsl.cm6a.lr_ssp370/individual_projections/proj_ipsl.cm6a.lr_ssp370_Festuca.versicolor_PA10_RUN4_ANN.tif
[08:06:06] 	> Projecting Festuca.versicolor_PA10_RUN4_FDA ...
[08:06:07] 		Writing projection on hard drive...
[08:06:07] 		 /work/data/output/Festuca.versicolor/proj_ipsl.cm6a.lr_ssp370/individual_projections/proj_ipsl.cm6a.lr_ssp370_Festuca.versicolor_PA10_RUN4_FDA.tif
[08:06:30] 	> Projecting Festuca.versicolor_PA10_RUN4_MAXNET ...
[08:06:31] 		Writing projection on hard drive...
[08:06:31] 		 /work/data/output/Festuca.versicolor/proj_ipsl.cm6a.lr_ssp370/individual_projections/proj_ipsl.cm6a.lr_ssp370_Festuca.versicolor_PA10_RUN4_MAXNET.tif
[08:07:07] 	> Projecting Festuca.versicolor_PA10_RUN5_GLM ...
[08:07:07] 		Writing projection on hard drive...
[08:07:07] 		 /work/data/output/Festuca.versicolor/proj_ipsl.cm6a.lr_ssp370/individual_projections/proj_ipsl.cm6a.lr_ssp370_Festuca.versicolor_PA10_RUN5_GLM.tif
[08:19:48] 	> Projecting Festuca.versicolor_PA10_RUN5_GBM ...
[08:19:49] 		Writing projection on hard drive...
[08:19:49] 		 /work/data/output/Festuca.versicolor/proj_ipsl.cm6a.lr_ssp370/individual_projections/proj_ipsl.cm6a.lr_ssp370_Festuca.versicolor_PA10_RUN5_GBM.tif
[08:20:39] 	> Projecting Festuca.versicolor_PA10_RUN5_ANN ...
[08:20:40] 		Writing projection on hard drive...
[08:20:40] 		 /work/data/output/Festuca.versicolor/proj_ipsl.cm6a.lr_ssp370/individual_projections/proj_ipsl.cm6a.lr_ssp370_Festuca.versicolor_PA10_RUN5_ANN.tif
[08:21:23] 	> Projecting Festuca.versicolor_PA10_RUN5_FDA ...
[08:21:24] 		Writing projection on hard drive...
[08:21:24] 		 /work/data/output/Festuca.versicolor/proj_ipsl.cm6a.lr_ssp370/individual_projections/proj_ipsl.cm6a.lr_ssp370_Festuca.versicolor_PA10_RUN5_FDA.tif
[08:21:45] 	> Projecting Festuca.versicolor_PA10_RUN5_MAXNET ...
[08:21:46] 		Writing projection on hard drive...
[08:21:46] 		 /work/data/output/Festuca.versicolor/proj_ipsl.cm6a.lr_ssp370/individual_projections/proj_ipsl.cm6a.lr_ssp370_Festuca.versicolor_PA10_RUN5_MAXNET.tif
[08:21:46] -=-=-=-=-=-=-=-=-=-=-=-=-=-=-=-=-=-= Done -=-=-=-=-=-=-=-=-=-=-=-=-=-=-=-=-=-=
[08:21:46] 
[08:21:46] -=-=-=-=-=-=-=-=-=-=-=-= Do Ensemble Models Projection -=-=-=-=-=-=-=-=-=-=-=-=
[08:21:46] 
[08:21:46] Creating suitable Workdir...
[08:21:57] 
[08:46:02] 	> Projecting Festuca.versicolor_EMmeanByAUCroc_mergedData_mergedRun_mergedAlgo ...|---------|---------|---------|---------|=========================================                                          
[08:46:04] 		Writing projection on hard drive...
[09:19:32] 	> Projecting Festuca.versicolor_EMcvByAUCroc_mergedData_mergedRun_mergedAlgo ...|---------|---------|---------|---------|=========================================                                          
[09:19:34] 		Writing projection on hard drive...
[09:19:34] 
[09:19:34] ! Binary/Filtered transformation automatically desactivated for ensemble models with coefficient of variation or confidence intervals
[09:19:36] 	> Building TSS binaries / filtered
[09:19:39] 	> Building AUCroc binaries / filtered
[09:19:42] 	> Building KAPPA binaries / filtered
[09:19:42] 
[09:19:42] -=-=-=-=-=-=-=-=-=-=-=-=-=-=-=-=-=-= Done -=-=-=-=-=-=-=-=-=-=-=-=-=-=-=-=-=-=
[09:19:46] 
[09:19:46] 
[09:19:46] DEBUG: Processing future scenario 4 of 8 : /work/data/input/climate_vars/future/ipsl.cm6a.lr/ssp585 
[09:19:47] DEBUG: Raster loaded, ncell = 63951097 , hasValues = TRUE 
[09:19:47] 
[09:19:47] -=-=-=-=-=-=-=-=-=-=-=-=-= Do Single Models Projection -=-=-=-=-=-=-=-=-=-=-=-=-=
[09:20:01] 
[09:20:01] 	> Building clamping mask
[09:20:55] 
[09:21:28] 	> Projecting Festuca.versicolor_PA1_RUN1_GLM ...
[09:21:29] 		Writing projection on hard drive...
[09:21:29] 		 /work/data/output/Festuca.versicolor/proj_ipsl.cm6a.lr_ssp585/individual_projections/proj_ipsl.cm6a.lr_ssp585_Festuca.versicolor_PA1_RUN1_GLM.tif
[09:30:46] 	> Projecting Festuca.versicolor_PA1_RUN1_GBM ...
[09:30:47] 		Writing projection on hard drive...
[09:30:47] 		 /work/data/output/Festuca.versicolor/proj_ipsl.cm6a.lr_ssp585/individual_projections/proj_ipsl.cm6a.lr_ssp585_Festuca.versicolor_PA1_RUN1_GBM.tif
[09:31:40] 	> Projecting Festuca.versicolor_PA1_RUN1_ANN ...
[09:31:41] 		Writing projection on hard drive...
[09:31:41] 		 /work/data/output/Festuca.versicolor/proj_ipsl.cm6a.lr_ssp585/individual_projections/proj_ipsl.cm6a.lr_ssp585_Festuca.versicolor_PA1_RUN1_ANN.tif
[09:32:28] 	> Projecting Festuca.versicolor_PA1_RUN1_FDA ...
[09:32:29] 		Writing projection on hard drive...
[09:32:29] 		 /work/data/output/Festuca.versicolor/proj_ipsl.cm6a.lr_ssp585/individual_projections/proj_ipsl.cm6a.lr_ssp585_Festuca.versicolor_PA1_RUN1_FDA.tif
[09:32:58] 	> Projecting Festuca.versicolor_PA1_RUN1_MAXNET ...
[09:32:59] 		Writing projection on hard drive...
[09:32:59] 		 /work/data/output/Festuca.versicolor/proj_ipsl.cm6a.lr_ssp585/individual_projections/proj_ipsl.cm6a.lr_ssp585_Festuca.versicolor_PA1_RUN1_MAXNET.tif
[09:33:31] 	> Projecting Festuca.versicolor_PA1_RUN2_GLM ...
[09:33:32] 		Writing projection on hard drive...
[09:33:32] 		 /work/data/output/Festuca.versicolor/proj_ipsl.cm6a.lr_ssp585/individual_projections/proj_ipsl.cm6a.lr_ssp585_Festuca.versicolor_PA1_RUN2_GLM.tif
[09:46:15] 	> Projecting Festuca.versicolor_PA1_RUN2_GBM ...
[09:46:16] 		Writing projection on hard drive...
[09:46:16] 		 /work/data/output/Festuca.versicolor/proj_ipsl.cm6a.lr_ssp585/individual_projections/proj_ipsl.cm6a.lr_ssp585_Festuca.versicolor_PA1_RUN2_GBM.tif
[09:47:17] 	> Projecting Festuca.versicolor_PA1_RUN2_ANN ...
[09:47:18] 		Writing projection on hard drive...
[09:47:18] 		 /work/data/output/Festuca.versicolor/proj_ipsl.cm6a.lr_ssp585/individual_projections/proj_ipsl.cm6a.lr_ssp585_Festuca.versicolor_PA1_RUN2_ANN.tif
[09:48:06] 	> Projecting Festuca.versicolor_PA1_RUN2_FDA ...
[09:48:07] 		Writing projection on hard drive...
[09:48:07] 		 /work/data/output/Festuca.versicolor/proj_ipsl.cm6a.lr_ssp585/individual_projections/proj_ipsl.cm6a.lr_ssp585_Festuca.versicolor_PA1_RUN2_FDA.tif
[09:48:39] 	> Projecting Festuca.versicolor_PA1_RUN2_MAXNET ...
[09:48:40] 		Writing projection on hard drive...
[09:48:40] 		 /work/data/output/Festuca.versicolor/proj_ipsl.cm6a.lr_ssp585/individual_projections/proj_ipsl.cm6a.lr_ssp585_Festuca.versicolor_PA1_RUN2_MAXNET.tif
[09:49:15] 	> Projecting Festuca.versicolor_PA1_RUN3_GLM ...
[09:49:16] 		Writing projection on hard drive...
[09:49:16] 		 /work/data/output/Festuca.versicolor/proj_ipsl.cm6a.lr_ssp585/individual_projections/proj_ipsl.cm6a.lr_ssp585_Festuca.versicolor_PA1_RUN3_GLM.tif
[10:01:49] 	> Projecting Festuca.versicolor_PA1_RUN3_GBM ...
[10:01:49] 		Writing projection on hard drive...
[10:01:49] 		 /work/data/output/Festuca.versicolor/proj_ipsl.cm6a.lr_ssp585/individual_projections/proj_ipsl.cm6a.lr_ssp585_Festuca.versicolor_PA1_RUN3_GBM.tif
[10:02:58] 	> Projecting Festuca.versicolor_PA1_RUN3_ANN ...
[10:02:59] 		Writing projection on hard drive...
[10:02:59] 		 /work/data/output/Festuca.versicolor/proj_ipsl.cm6a.lr_ssp585/individual_projections/proj_ipsl.cm6a.lr_ssp585_Festuca.versicolor_PA1_RUN3_ANN.tif
[10:03:50] 	> Projecting Festuca.versicolor_PA1_RUN3_FDA ...
[10:03:51] 		Writing projection on hard drive...
[10:03:51] 		 /work/data/output/Festuca.versicolor/proj_ipsl.cm6a.lr_ssp585/individual_projections/proj_ipsl.cm6a.lr_ssp585_Festuca.versicolor_PA1_RUN3_FDA.tif
[10:04:23] 	> Projecting Festuca.versicolor_PA1_RUN3_MAXNET ...
[10:04:24] 		Writing projection on hard drive...
[10:04:24] 		 /work/data/output/Festuca.versicolor/proj_ipsl.cm6a.lr_ssp585/individual_projections/proj_ipsl.cm6a.lr_ssp585_Festuca.versicolor_PA1_RUN3_MAXNET.tif
[10:05:07] 	> Projecting Festuca.versicolor_PA1_RUN4_GLM ...
[10:05:08] 		Writing projection on hard drive...
[10:05:08] 		 /work/data/output/Festuca.versicolor/proj_ipsl.cm6a.lr_ssp585/individual_projections/proj_ipsl.cm6a.lr_ssp585_Festuca.versicolor_PA1_RUN4_GLM.tif
[10:17:44] 	> Projecting Festuca.versicolor_PA1_RUN4_GBM ...
[10:17:44] 		Writing projection on hard drive...
[10:17:44] 		 /work/data/output/Festuca.versicolor/proj_ipsl.cm6a.lr_ssp585/individual_projections/proj_ipsl.cm6a.lr_ssp585_Festuca.versicolor_PA1_RUN4_GBM.tif
[10:18:55] 	> Projecting Festuca.versicolor_PA1_RUN4_ANN ...
[10:18:55] 		Writing projection on hard drive...
[10:18:55] 		 /work/data/output/Festuca.versicolor/proj_ipsl.cm6a.lr_ssp585/individual_projections/proj_ipsl.cm6a.lr_ssp585_Festuca.versicolor_PA1_RUN4_ANN.tif
[10:19:46] 	> Projecting Festuca.versicolor_PA1_RUN4_FDA ...
[10:19:46] 		Writing projection on hard drive...
[10:19:46] 		 /work/data/output/Festuca.versicolor/proj_ipsl.cm6a.lr_ssp585/individual_projections/proj_ipsl.cm6a.lr_ssp585_Festuca.versicolor_PA1_RUN4_FDA.tif
[10:20:09] 	> Projecting Festuca.versicolor_PA1_RUN4_MAXNET ...
[10:20:10] 		Writing projection on hard drive...
[10:20:10] 		 /work/data/output/Festuca.versicolor/proj_ipsl.cm6a.lr_ssp585/individual_projections/proj_ipsl.cm6a.lr_ssp585_Festuca.versicolor_PA1_RUN4_MAXNET.tif
[10:20:45] 	> Projecting Festuca.versicolor_PA1_RUN5_GLM ...
[10:20:46] 		Writing projection on hard drive...
[10:20:46] 		 /work/data/output/Festuca.versicolor/proj_ipsl.cm6a.lr_ssp585/individual_projections/proj_ipsl.cm6a.lr_ssp585_Festuca.versicolor_PA1_RUN5_GLM.tif
[10:33:52] 	> Projecting Festuca.versicolor_PA1_RUN5_GBM ...
[10:33:58] 		Writing projection on hard drive...
[10:33:58] 		 /work/data/output/Festuca.versicolor/proj_ipsl.cm6a.lr_ssp585/individual_projections/proj_ipsl.cm6a.lr_ssp585_Festuca.versicolor_PA1_RUN5_GBM.tif
[10:34:52] 	> Projecting Festuca.versicolor_PA1_RUN5_ANN ...
[10:34:55] 		Writing projection on hard drive...
[10:34:55] 		 /work/data/output/Festuca.versicolor/proj_ipsl.cm6a.lr_ssp585/individual_projections/proj_ipsl.cm6a.lr_ssp585_Festuca.versicolor_PA1_RUN5_ANN.tif
[10:35:49] 	> Projecting Festuca.versicolor_PA1_RUN5_FDA ...
[10:35:50] 		Writing projection on hard drive...
[10:35:50] 		 /work/data/output/Festuca.versicolor/proj_ipsl.cm6a.lr_ssp585/individual_projections/proj_ipsl.cm6a.lr_ssp585_Festuca.versicolor_PA1_RUN5_FDA.tif
[10:36:15] 	> Projecting Festuca.versicolor_PA1_RUN5_MAXNET ...
[10:36:16] 		Writing projection on hard drive...
[10:36:16] 		 /work/data/output/Festuca.versicolor/proj_ipsl.cm6a.lr_ssp585/individual_projections/proj_ipsl.cm6a.lr_ssp585_Festuca.versicolor_PA1_RUN5_MAXNET.tif
[10:36:55] 	> Projecting Festuca.versicolor_PA2_RUN1_GLM ...
[10:36:56] 		Writing projection on hard drive...
[10:36:56] 		 /work/data/output/Festuca.versicolor/proj_ipsl.cm6a.lr_ssp585/individual_projections/proj_ipsl.cm6a.lr_ssp585_Festuca.versicolor_PA2_RUN1_GLM.tif
[10:50:46] 	> Projecting Festuca.versicolor_PA2_RUN1_GBM ...
[10:50:46] 		Writing projection on hard drive...
[10:50:46] 		 /work/data/output/Festuca.versicolor/proj_ipsl.cm6a.lr_ssp585/individual_projections/proj_ipsl.cm6a.lr_ssp585_Festuca.versicolor_PA2_RUN1_GBM.tif
[10:51:57] 	> Projecting Festuca.versicolor_PA2_RUN1_ANN ...
[10:51:58] 		Writing projection on hard drive...
[10:51:58] 		 /work/data/output/Festuca.versicolor/proj_ipsl.cm6a.lr_ssp585/individual_projections/proj_ipsl.cm6a.lr_ssp585_Festuca.versicolor_PA2_RUN1_ANN.tif
[10:52:47] 	> Projecting Festuca.versicolor_PA2_RUN1_FDA ...
[10:52:48] 		Writing projection on hard drive...
[10:52:48] 		 /work/data/output/Festuca.versicolor/proj_ipsl.cm6a.lr_ssp585/individual_projections/proj_ipsl.cm6a.lr_ssp585_Festuca.versicolor_PA2_RUN1_FDA.tif
[10:53:27] 	> Projecting Festuca.versicolor_PA2_RUN1_MAXNET ...
[10:53:28] 		Writing projection on hard drive...
[10:53:28] 		 /work/data/output/Festuca.versicolor/proj_ipsl.cm6a.lr_ssp585/individual_projections/proj_ipsl.cm6a.lr_ssp585_Festuca.versicolor_PA2_RUN1_MAXNET.tif
[10:54:06] 	> Projecting Festuca.versicolor_PA2_RUN2_GLM ...
[10:54:07] 		Writing projection on hard drive...
[10:54:07] 		 /work/data/output/Festuca.versicolor/proj_ipsl.cm6a.lr_ssp585/individual_projections/proj_ipsl.cm6a.lr_ssp585_Festuca.versicolor_PA2_RUN2_GLM.tif
[11:05:08] 	> Projecting Festuca.versicolor_PA2_RUN2_GBM ...
[11:05:10] 		Writing projection on hard drive...
[11:05:10] 		 /work/data/output/Festuca.versicolor/proj_ipsl.cm6a.lr_ssp585/individual_projections/proj_ipsl.cm6a.lr_ssp585_Festuca.versicolor_PA2_RUN2_GBM.tif
[11:06:33] 	> Projecting Festuca.versicolor_PA2_RUN2_ANN ...
[11:06:34] 		Writing projection on hard drive...
[11:06:34] 		 /work/data/output/Festuca.versicolor/proj_ipsl.cm6a.lr_ssp585/individual_projections/proj_ipsl.cm6a.lr_ssp585_Festuca.versicolor_PA2_RUN2_ANN.tif
[11:07:24] 	> Projecting Festuca.versicolor_PA2_RUN2_FDA ...
[11:07:25] 		Writing projection on hard drive...
[11:07:25] 		 /work/data/output/Festuca.versicolor/proj_ipsl.cm6a.lr_ssp585/individual_projections/proj_ipsl.cm6a.lr_ssp585_Festuca.versicolor_PA2_RUN2_FDA.tif
[11:07:45] 	> Projecting Festuca.versicolor_PA2_RUN2_MAXNET ...
[11:07:46] 		Writing projection on hard drive...
[11:07:46] 		 /work/data/output/Festuca.versicolor/proj_ipsl.cm6a.lr_ssp585/individual_projections/proj_ipsl.cm6a.lr_ssp585_Festuca.versicolor_PA2_RUN2_MAXNET.tif
[11:08:17] 	> Projecting Festuca.versicolor_PA2_RUN3_GLM ...
[11:08:18] 		Writing projection on hard drive...
[11:08:18] 		 /work/data/output/Festuca.versicolor/proj_ipsl.cm6a.lr_ssp585/individual_projections/proj_ipsl.cm6a.lr_ssp585_Festuca.versicolor_PA2_RUN3_GLM.tif
[11:17:37] 	> Projecting Festuca.versicolor_PA2_RUN3_GBM ...
[11:17:38] 		Writing projection on hard drive...
[11:17:38] 		 /work/data/output/Festuca.versicolor/proj_ipsl.cm6a.lr_ssp585/individual_projections/proj_ipsl.cm6a.lr_ssp585_Festuca.versicolor_PA2_RUN3_GBM.tif
[11:18:21] 	> Projecting Festuca.versicolor_PA2_RUN3_ANN ...
[11:18:22] 		Writing projection on hard drive...
[11:18:22] 		 /work/data/output/Festuca.versicolor/proj_ipsl.cm6a.lr_ssp585/individual_projections/proj_ipsl.cm6a.lr_ssp585_Festuca.versicolor_PA2_RUN3_ANN.tif
[11:19:06] 	> Projecting Festuca.versicolor_PA2_RUN3_FDA ...
[11:19:07] 		Writing projection on hard drive...
[11:19:07] 		 /work/data/output/Festuca.versicolor/proj_ipsl.cm6a.lr_ssp585/individual_projections/proj_ipsl.cm6a.lr_ssp585_Festuca.versicolor_PA2_RUN3_FDA.tif
[11:19:29] 	> Projecting Festuca.versicolor_PA2_RUN3_MAXNET ...
[11:19:29] 		Writing projection on hard drive...
[11:19:29] 		 /work/data/output/Festuca.versicolor/proj_ipsl.cm6a.lr_ssp585/individual_projections/proj_ipsl.cm6a.lr_ssp585_Festuca.versicolor_PA2_RUN3_MAXNET.tif
[11:20:02] 	> Projecting Festuca.versicolor_PA2_RUN4_GLM ...
[11:20:02] 		Writing projection on hard drive...
[11:20:02] 		 /work/data/output/Festuca.versicolor/proj_ipsl.cm6a.lr_ssp585/individual_projections/proj_ipsl.cm6a.lr_ssp585_Festuca.versicolor_PA2_RUN4_GLM.tif
[11:32:55] 	> Projecting Festuca.versicolor_PA2_RUN4_GBM ...
[11:32:55] 		Writing projection on hard drive...
[11:32:55] 		 /work/data/output/Festuca.versicolor/proj_ipsl.cm6a.lr_ssp585/individual_projections/proj_ipsl.cm6a.lr_ssp585_Festuca.versicolor_PA2_RUN4_GBM.tif
[11:33:48] 	> Projecting Festuca.versicolor_PA2_RUN4_ANN ...
[11:33:49] 		Writing projection on hard drive...
[11:33:49] 		 /work/data/output/Festuca.versicolor/proj_ipsl.cm6a.lr_ssp585/individual_projections/proj_ipsl.cm6a.lr_ssp585_Festuca.versicolor_PA2_RUN4_ANN.tif
[11:34:29] 	> Projecting Festuca.versicolor_PA2_RUN4_FDA ...
[11:34:30] 		Writing projection on hard drive...
[11:34:30] 		 /work/data/output/Festuca.versicolor/proj_ipsl.cm6a.lr_ssp585/individual_projections/proj_ipsl.cm6a.lr_ssp585_Festuca.versicolor_PA2_RUN4_FDA.tif
[11:34:52] 	> Projecting Festuca.versicolor_PA2_RUN4_MAXNET ...
[11:34:53] 		Writing projection on hard drive...
[11:34:53] 		 /work/data/output/Festuca.versicolor/proj_ipsl.cm6a.lr_ssp585/individual_projections/proj_ipsl.cm6a.lr_ssp585_Festuca.versicolor_PA2_RUN4_MAXNET.tif
[11:35:26] 	> Projecting Festuca.versicolor_PA2_RUN5_GLM ...
[11:35:26] 		Writing projection on hard drive...
[11:35:26] 		 /work/data/output/Festuca.versicolor/proj_ipsl.cm6a.lr_ssp585/individual_projections/proj_ipsl.cm6a.lr_ssp585_Festuca.versicolor_PA2_RUN5_GLM.tif
[11:47:16] 	> Projecting Festuca.versicolor_PA2_RUN5_GBM ...
[11:47:17] 		Writing projection on hard drive...
[11:47:17] 		 /work/data/output/Festuca.versicolor/proj_ipsl.cm6a.lr_ssp585/individual_projections/proj_ipsl.cm6a.lr_ssp585_Festuca.versicolor_PA2_RUN5_GBM.tif
[11:48:13] 	> Projecting Festuca.versicolor_PA2_RUN5_ANN ...
[11:48:14] 		Writing projection on hard drive...
[11:48:14] 		 /work/data/output/Festuca.versicolor/proj_ipsl.cm6a.lr_ssp585/individual_projections/proj_ipsl.cm6a.lr_ssp585_Festuca.versicolor_PA2_RUN5_ANN.tif
[11:48:47] 	> Projecting Festuca.versicolor_PA2_RUN5_FDA ...
[11:48:48] 		Writing projection on hard drive...
[11:48:48] 		 /work/data/output/Festuca.versicolor/proj_ipsl.cm6a.lr_ssp585/individual_projections/proj_ipsl.cm6a.lr_ssp585_Festuca.versicolor_PA2_RUN5_FDA.tif
[11:49:13] 	> Projecting Festuca.versicolor_PA2_RUN5_MAXNET ...
[11:49:14] 		Writing projection on hard drive...
[11:49:14] 		 /work/data/output/Festuca.versicolor/proj_ipsl.cm6a.lr_ssp585/individual_projections/proj_ipsl.cm6a.lr_ssp585_Festuca.versicolor_PA2_RUN5_MAXNET.tif
[11:49:48] 	> Projecting Festuca.versicolor_PA3_RUN1_GLM ...
[11:49:49] 		Writing projection on hard drive...
[11:49:49] 		 /work/data/output/Festuca.versicolor/proj_ipsl.cm6a.lr_ssp585/individual_projections/proj_ipsl.cm6a.lr_ssp585_Festuca.versicolor_PA3_RUN1_GLM.tif
[12:02:30] 	> Projecting Festuca.versicolor_PA3_RUN1_GBM ...
[12:02:31] 		Writing projection on hard drive...
[12:02:31] 		 /work/data/output/Festuca.versicolor/proj_ipsl.cm6a.lr_ssp585/individual_projections/proj_ipsl.cm6a.lr_ssp585_Festuca.versicolor_PA3_RUN1_GBM.tif
[12:03:19] 	> Projecting Festuca.versicolor_PA3_RUN1_ANN ...
[12:03:20] 		Writing projection on hard drive...
[12:03:20] 		 /work/data/output/Festuca.versicolor/proj_ipsl.cm6a.lr_ssp585/individual_projections/proj_ipsl.cm6a.lr_ssp585_Festuca.versicolor_PA3_RUN1_ANN.tif
[12:03:57] 	> Projecting Festuca.versicolor_PA3_RUN1_FDA ...
[12:03:58] 		Writing projection on hard drive...
[12:03:58] 		 /work/data/output/Festuca.versicolor/proj_ipsl.cm6a.lr_ssp585/individual_projections/proj_ipsl.cm6a.lr_ssp585_Festuca.versicolor_PA3_RUN1_FDA.tif
[12:04:21] 	> Projecting Festuca.versicolor_PA3_RUN1_MAXNET ...
[12:04:21] 		Writing projection on hard drive...
[12:04:21] 		 /work/data/output/Festuca.versicolor/proj_ipsl.cm6a.lr_ssp585/individual_projections/proj_ipsl.cm6a.lr_ssp585_Festuca.versicolor_PA3_RUN1_MAXNET.tif
[12:04:54] 	> Projecting Festuca.versicolor_PA3_RUN2_GLM ...
[12:04:54] 		Writing projection on hard drive...
[12:04:54] 		 /work/data/output/Festuca.versicolor/proj_ipsl.cm6a.lr_ssp585/individual_projections/proj_ipsl.cm6a.lr_ssp585_Festuca.versicolor_PA3_RUN2_GLM.tif
[12:17:57] 	> Projecting Festuca.versicolor_PA3_RUN2_GBM ...
[12:17:57] 		Writing projection on hard drive...
[12:17:57] 		 /work/data/output/Festuca.versicolor/proj_ipsl.cm6a.lr_ssp585/individual_projections/proj_ipsl.cm6a.lr_ssp585_Festuca.versicolor_PA3_RUN2_GBM.tif
[12:18:45] 	> Projecting Festuca.versicolor_PA3_RUN2_ANN ...
[12:18:46] 		Writing projection on hard drive...
[12:18:46] 		 /work/data/output/Festuca.versicolor/proj_ipsl.cm6a.lr_ssp585/individual_projections/proj_ipsl.cm6a.lr_ssp585_Festuca.versicolor_PA3_RUN2_ANN.tif
[12:19:23] 	> Projecting Festuca.versicolor_PA3_RUN2_FDA ...
[12:19:24] 		Writing projection on hard drive...
[12:19:24] 		 /work/data/output/Festuca.versicolor/proj_ipsl.cm6a.lr_ssp585/individual_projections/proj_ipsl.cm6a.lr_ssp585_Festuca.versicolor_PA3_RUN2_FDA.tif
[12:19:46] 	> Projecting Festuca.versicolor_PA3_RUN2_MAXNET ...
[12:19:47] 		Writing projection on hard drive...
[12:19:47] 		 /work/data/output/Festuca.versicolor/proj_ipsl.cm6a.lr_ssp585/individual_projections/proj_ipsl.cm6a.lr_ssp585_Festuca.versicolor_PA3_RUN2_MAXNET.tif
[12:20:19] 	> Projecting Festuca.versicolor_PA3_RUN3_GLM ...
[12:20:20] 		Writing projection on hard drive...
[12:20:20] 		 /work/data/output/Festuca.versicolor/proj_ipsl.cm6a.lr_ssp585/individual_projections/proj_ipsl.cm6a.lr_ssp585_Festuca.versicolor_PA3_RUN3_GLM.tif
[12:29:58] 	> Projecting Festuca.versicolor_PA3_RUN3_GBM ...
[12:29:58] 		Writing projection on hard drive...
[12:29:58] 		 /work/data/output/Festuca.versicolor/proj_ipsl.cm6a.lr_ssp585/individual_projections/proj_ipsl.cm6a.lr_ssp585_Festuca.versicolor_PA3_RUN3_GBM.tif
[12:30:44] 	> Projecting Festuca.versicolor_PA3_RUN3_ANN ...
[12:30:45] 		Writing projection on hard drive...
[12:30:45] 		 /work/data/output/Festuca.versicolor/proj_ipsl.cm6a.lr_ssp585/individual_projections/proj_ipsl.cm6a.lr_ssp585_Festuca.versicolor_PA3_RUN3_ANN.tif
[12:31:24] 	> Projecting Festuca.versicolor_PA3_RUN3_FDA ...
[12:31:25] 		Writing projection on hard drive...
[12:31:25] 		 /work/data/output/Festuca.versicolor/proj_ipsl.cm6a.lr_ssp585/individual_projections/proj_ipsl.cm6a.lr_ssp585_Festuca.versicolor_PA3_RUN3_FDA.tif
[12:31:48] 	> Projecting Festuca.versicolor_PA3_RUN3_MAXNET ...
[12:31:49] 		Writing projection on hard drive...
[12:31:49] 		 /work/data/output/Festuca.versicolor/proj_ipsl.cm6a.lr_ssp585/individual_projections/proj_ipsl.cm6a.lr_ssp585_Festuca.versicolor_PA3_RUN3_MAXNET.tif
[12:32:21] 	> Projecting Festuca.versicolor_PA3_RUN4_GLM ...
[12:32:22] 		Writing projection on hard drive...
[12:32:22] 		 /work/data/output/Festuca.versicolor/proj_ipsl.cm6a.lr_ssp585/individual_projections/proj_ipsl.cm6a.lr_ssp585_Festuca.versicolor_PA3_RUN4_GLM.tif
[12:44:14] 	> Projecting Festuca.versicolor_PA3_RUN4_GBM ...
[12:44:15] 		Writing projection on hard drive...
[12:44:15] 		 /work/data/output/Festuca.versicolor/proj_ipsl.cm6a.lr_ssp585/individual_projections/proj_ipsl.cm6a.lr_ssp585_Festuca.versicolor_PA3_RUN4_GBM.tif
[12:45:06] 	> Projecting Festuca.versicolor_PA3_RUN4_ANN ...
[12:45:07] 		Writing projection on hard drive...
[12:45:07] 		 /work/data/output/Festuca.versicolor/proj_ipsl.cm6a.lr_ssp585/individual_projections/proj_ipsl.cm6a.lr_ssp585_Festuca.versicolor_PA3_RUN4_ANN.tif
[12:45:49] 	> Projecting Festuca.versicolor_PA3_RUN4_FDA ...
[12:45:50] 		Writing projection on hard drive...
[12:45:50] 		 /work/data/output/Festuca.versicolor/proj_ipsl.cm6a.lr_ssp585/individual_projections/proj_ipsl.cm6a.lr_ssp585_Festuca.versicolor_PA3_RUN4_FDA.tif
[12:46:14] 	> Projecting Festuca.versicolor_PA3_RUN4_MAXNET ...
[12:46:15] 		Writing projection on hard drive...
[12:46:15] 		 /work/data/output/Festuca.versicolor/proj_ipsl.cm6a.lr_ssp585/individual_projections/proj_ipsl.cm6a.lr_ssp585_Festuca.versicolor_PA3_RUN4_MAXNET.tif
[12:46:47] 	> Projecting Festuca.versicolor_PA3_RUN5_GLM ...
[12:46:48] 		Writing projection on hard drive...
[12:46:48] 		 /work/data/output/Festuca.versicolor/proj_ipsl.cm6a.lr_ssp585/individual_projections/proj_ipsl.cm6a.lr_ssp585_Festuca.versicolor_PA3_RUN5_GLM.tif
[12:59:25] 	> Projecting Festuca.versicolor_PA3_RUN5_GBM ...
[12:59:26] 		Writing projection on hard drive...
[12:59:26] 		 /work/data/output/Festuca.versicolor/proj_ipsl.cm6a.lr_ssp585/individual_projections/proj_ipsl.cm6a.lr_ssp585_Festuca.versicolor_PA3_RUN5_GBM.tif
[13:00:14] 	> Projecting Festuca.versicolor_PA3_RUN5_ANN ...
[13:00:14] 		Writing projection on hard drive...
[13:00:14] 		 /work/data/output/Festuca.versicolor/proj_ipsl.cm6a.lr_ssp585/individual_projections/proj_ipsl.cm6a.lr_ssp585_Festuca.versicolor_PA3_RUN5_ANN.tif
[13:00:57] 	> Projecting Festuca.versicolor_PA3_RUN5_FDA ...
[13:00:58] 		Writing projection on hard drive...
[13:00:58] 		 /work/data/output/Festuca.versicolor/proj_ipsl.cm6a.lr_ssp585/individual_projections/proj_ipsl.cm6a.lr_ssp585_Festuca.versicolor_PA3_RUN5_FDA.tif
[13:01:24] 	> Projecting Festuca.versicolor_PA3_RUN5_MAXNET ...
[13:01:24] 		Writing projection on hard drive...
[13:01:24] 		 /work/data/output/Festuca.versicolor/proj_ipsl.cm6a.lr_ssp585/individual_projections/proj_ipsl.cm6a.lr_ssp585_Festuca.versicolor_PA3_RUN5_MAXNET.tif
[13:01:56] 	> Projecting Festuca.versicolor_PA4_RUN1_GLM ...
[13:01:57] 		Writing projection on hard drive...
[13:01:57] 		 /work/data/output/Festuca.versicolor/proj_ipsl.cm6a.lr_ssp585/individual_projections/proj_ipsl.cm6a.lr_ssp585_Festuca.versicolor_PA4_RUN1_GLM.tif
[13:14:34] 	> Projecting Festuca.versicolor_PA4_RUN1_GBM ...
[13:14:35] 		Writing projection on hard drive...
[13:14:35] 		 /work/data/output/Festuca.versicolor/proj_ipsl.cm6a.lr_ssp585/individual_projections/proj_ipsl.cm6a.lr_ssp585_Festuca.versicolor_PA4_RUN1_GBM.tif
[13:15:23] 	> Projecting Festuca.versicolor_PA4_RUN1_ANN ...
[13:15:24] 		Writing projection on hard drive...
[13:15:24] 		 /work/data/output/Festuca.versicolor/proj_ipsl.cm6a.lr_ssp585/individual_projections/proj_ipsl.cm6a.lr_ssp585_Festuca.versicolor_PA4_RUN1_ANN.tif
[13:16:01] 	> Projecting Festuca.versicolor_PA4_RUN1_FDA ...
[13:16:02] 		Writing projection on hard drive...
[13:16:02] 		 /work/data/output/Festuca.versicolor/proj_ipsl.cm6a.lr_ssp585/individual_projections/proj_ipsl.cm6a.lr_ssp585_Festuca.versicolor_PA4_RUN1_FDA.tif
[13:16:28] 	> Projecting Festuca.versicolor_PA4_RUN1_MAXNET ...
[13:16:28] 		Writing projection on hard drive...
[13:16:28] 		 /work/data/output/Festuca.versicolor/proj_ipsl.cm6a.lr_ssp585/individual_projections/proj_ipsl.cm6a.lr_ssp585_Festuca.versicolor_PA4_RUN1_MAXNET.tif
[13:17:01] 	> Projecting Festuca.versicolor_PA4_RUN2_GLM ...
[13:17:02] 		Writing projection on hard drive...
[13:17:02] 		 /work/data/output/Festuca.versicolor/proj_ipsl.cm6a.lr_ssp585/individual_projections/proj_ipsl.cm6a.lr_ssp585_Festuca.versicolor_PA4_RUN2_GLM.tif
[13:26:54] 	> Projecting Festuca.versicolor_PA4_RUN2_GBM ...
[13:26:55] 		Writing projection on hard drive...
[13:26:55] 		 /work/data/output/Festuca.versicolor/proj_ipsl.cm6a.lr_ssp585/individual_projections/proj_ipsl.cm6a.lr_ssp585_Festuca.versicolor_PA4_RUN2_GBM.tif
[13:27:52] 	> Projecting Festuca.versicolor_PA4_RUN2_ANN ...
[13:27:53] 		Writing projection on hard drive...
[13:27:53] 		 /work/data/output/Festuca.versicolor/proj_ipsl.cm6a.lr_ssp585/individual_projections/proj_ipsl.cm6a.lr_ssp585_Festuca.versicolor_PA4_RUN2_ANN.tif
[13:28:29] 	> Projecting Festuca.versicolor_PA4_RUN2_FDA ...
[13:28:30] 		Writing projection on hard drive...
[13:28:30] 		 /work/data/output/Festuca.versicolor/proj_ipsl.cm6a.lr_ssp585/individual_projections/proj_ipsl.cm6a.lr_ssp585_Festuca.versicolor_PA4_RUN2_FDA.tif
[13:28:54] 	> Projecting Festuca.versicolor_PA4_RUN2_MAXNET ...
[13:28:55] 		Writing projection on hard drive...
[13:28:55] 		 /work/data/output/Festuca.versicolor/proj_ipsl.cm6a.lr_ssp585/individual_projections/proj_ipsl.cm6a.lr_ssp585_Festuca.versicolor_PA4_RUN2_MAXNET.tif
[13:29:28] 	> Projecting Festuca.versicolor_PA4_RUN3_GLM ...
[13:29:29] 		Writing projection on hard drive...
[13:29:29] 		 /work/data/output/Festuca.versicolor/proj_ipsl.cm6a.lr_ssp585/individual_projections/proj_ipsl.cm6a.lr_ssp585_Festuca.versicolor_PA4_RUN3_GLM.tif
[13:42:14] 	> Projecting Festuca.versicolor_PA4_RUN3_GBM ...
[13:42:15] 		Writing projection on hard drive...
[13:42:15] 		 /work/data/output/Festuca.versicolor/proj_ipsl.cm6a.lr_ssp585/individual_projections/proj_ipsl.cm6a.lr_ssp585_Festuca.versicolor_PA4_RUN3_GBM.tif
[13:43:08] 	> Projecting Festuca.versicolor_PA4_RUN3_ANN ...
[13:43:09] 		Writing projection on hard drive...
[13:43:09] 		 /work/data/output/Festuca.versicolor/proj_ipsl.cm6a.lr_ssp585/individual_projections/proj_ipsl.cm6a.lr_ssp585_Festuca.versicolor_PA4_RUN3_ANN.tif
[13:43:52] 	> Projecting Festuca.versicolor_PA4_RUN3_FDA ...
[13:43:53] 		Writing projection on hard drive...
[13:43:53] 		 /work/data/output/Festuca.versicolor/proj_ipsl.cm6a.lr_ssp585/individual_projections/proj_ipsl.cm6a.lr_ssp585_Festuca.versicolor_PA4_RUN3_FDA.tif
[13:44:17] 	> Projecting Festuca.versicolor_PA4_RUN3_MAXNET ...
[13:44:18] 		Writing projection on hard drive...
[13:44:18] 		 /work/data/output/Festuca.versicolor/proj_ipsl.cm6a.lr_ssp585/individual_projections/proj_ipsl.cm6a.lr_ssp585_Festuca.versicolor_PA4_RUN3_MAXNET.tif
[13:44:49] 	> Projecting Festuca.versicolor_PA4_RUN4_GLM ...
[13:44:50] 		Writing projection on hard drive...
[13:44:50] 		 /work/data/output/Festuca.versicolor/proj_ipsl.cm6a.lr_ssp585/individual_projections/proj_ipsl.cm6a.lr_ssp585_Festuca.versicolor_PA4_RUN4_GLM.tif
[13:57:03] 	> Projecting Festuca.versicolor_PA4_RUN4_GBM ...
[13:57:04] 		Writing projection on hard drive...
[13:57:04] 		 /work/data/output/Festuca.versicolor/proj_ipsl.cm6a.lr_ssp585/individual_projections/proj_ipsl.cm6a.lr_ssp585_Festuca.versicolor_PA4_RUN4_GBM.tif
[13:57:57] 	> Projecting Festuca.versicolor_PA4_RUN4_ANN ...
[13:57:58] 		Writing projection on hard drive...
[13:57:58] 		 /work/data/output/Festuca.versicolor/proj_ipsl.cm6a.lr_ssp585/individual_projections/proj_ipsl.cm6a.lr_ssp585_Festuca.versicolor_PA4_RUN4_ANN.tif
[13:58:42] 	> Projecting Festuca.versicolor_PA4_RUN4_FDA ...
[13:58:43] 		Writing projection on hard drive...
[13:58:43] 		 /work/data/output/Festuca.versicolor/proj_ipsl.cm6a.lr_ssp585/individual_projections/proj_ipsl.cm6a.lr_ssp585_Festuca.versicolor_PA4_RUN4_FDA.tif
[13:59:04] 	> Projecting Festuca.versicolor_PA4_RUN4_MAXNET ...
[13:59:04] 		Writing projection on hard drive...
[13:59:04] 		 /work/data/output/Festuca.versicolor/proj_ipsl.cm6a.lr_ssp585/individual_projections/proj_ipsl.cm6a.lr_ssp585_Festuca.versicolor_PA4_RUN4_MAXNET.tif
[13:59:37] 	> Projecting Festuca.versicolor_PA4_RUN5_GLM ...
[13:59:38] 		Writing projection on hard drive...
[13:59:38] 		 /work/data/output/Festuca.versicolor/proj_ipsl.cm6a.lr_ssp585/individual_projections/proj_ipsl.cm6a.lr_ssp585_Festuca.versicolor_PA4_RUN5_GLM.tif
[14:08:50] 	> Projecting Festuca.versicolor_PA4_RUN5_GBM ...
[14:08:51] 		Writing projection on hard drive...
[14:08:51] 		 /work/data/output/Festuca.versicolor/proj_ipsl.cm6a.lr_ssp585/individual_projections/proj_ipsl.cm6a.lr_ssp585_Festuca.versicolor_PA4_RUN5_GBM.tif
[14:09:45] 	> Projecting Festuca.versicolor_PA4_RUN5_ANN ...
[14:09:46] 		Writing projection on hard drive...
[14:09:46] 		 /work/data/output/Festuca.versicolor/proj_ipsl.cm6a.lr_ssp585/individual_projections/proj_ipsl.cm6a.lr_ssp585_Festuca.versicolor_PA4_RUN5_ANN.tif
[14:10:25] 	> Projecting Festuca.versicolor_PA4_RUN5_FDA ...
[14:10:26] 		Writing projection on hard drive...
[14:10:26] 		 /work/data/output/Festuca.versicolor/proj_ipsl.cm6a.lr_ssp585/individual_projections/proj_ipsl.cm6a.lr_ssp585_Festuca.versicolor_PA4_RUN5_FDA.tif
[14:10:48] 	> Projecting Festuca.versicolor_PA4_RUN5_MAXNET ...
[14:10:49] 		Writing projection on hard drive...
[14:10:49] 		 /work/data/output/Festuca.versicolor/proj_ipsl.cm6a.lr_ssp585/individual_projections/proj_ipsl.cm6a.lr_ssp585_Festuca.versicolor_PA4_RUN5_MAXNET.tif
[14:11:21] 	> Projecting Festuca.versicolor_PA5_RUN1_GLM ...
[14:11:22] 		Writing projection on hard drive...
[14:11:22] 		 /work/data/output/Festuca.versicolor/proj_ipsl.cm6a.lr_ssp585/individual_projections/proj_ipsl.cm6a.lr_ssp585_Festuca.versicolor_PA5_RUN1_GLM.tif
[14:21:00] 	> Projecting Festuca.versicolor_PA5_RUN1_GBM ...
[14:21:01] 		Writing projection on hard drive...
[14:21:01] 		 /work/data/output/Festuca.versicolor/proj_ipsl.cm6a.lr_ssp585/individual_projections/proj_ipsl.cm6a.lr_ssp585_Festuca.versicolor_PA5_RUN1_GBM.tif
[14:21:49] 	> Projecting Festuca.versicolor_PA5_RUN1_ANN ...
[14:21:50] 		Writing projection on hard drive...
[14:21:50] 		 /work/data/output/Festuca.versicolor/proj_ipsl.cm6a.lr_ssp585/individual_projections/proj_ipsl.cm6a.lr_ssp585_Festuca.versicolor_PA5_RUN1_ANN.tif
[14:22:31] 	> Projecting Festuca.versicolor_PA5_RUN1_FDA ...
[14:22:32] 		Writing projection on hard drive...
[14:22:32] 		 /work/data/output/Festuca.versicolor/proj_ipsl.cm6a.lr_ssp585/individual_projections/proj_ipsl.cm6a.lr_ssp585_Festuca.versicolor_PA5_RUN1_FDA.tif
[14:22:51] 	> Projecting Festuca.versicolor_PA5_RUN1_MAXNET ...
[14:22:52] 		Writing projection on hard drive...
[14:22:52] 		 /work/data/output/Festuca.versicolor/proj_ipsl.cm6a.lr_ssp585/individual_projections/proj_ipsl.cm6a.lr_ssp585_Festuca.versicolor_PA5_RUN1_MAXNET.tif
[14:23:23] 	> Projecting Festuca.versicolor_PA5_RUN2_GLM ...
[14:23:23] 		Writing projection on hard drive...
[14:23:23] 		 /work/data/output/Festuca.versicolor/proj_ipsl.cm6a.lr_ssp585/individual_projections/proj_ipsl.cm6a.lr_ssp585_Festuca.versicolor_PA5_RUN2_GLM.tif
[14:32:39] 	> Projecting Festuca.versicolor_PA5_RUN2_GBM ...
[14:32:40] 		Writing projection on hard drive...
[14:32:40] 		 /work/data/output/Festuca.versicolor/proj_ipsl.cm6a.lr_ssp585/individual_projections/proj_ipsl.cm6a.lr_ssp585_Festuca.versicolor_PA5_RUN2_GBM.tif
[14:33:34] 	> Projecting Festuca.versicolor_PA5_RUN2_ANN ...
[14:33:34] 		Writing projection on hard drive...
[14:33:34] 		 /work/data/output/Festuca.versicolor/proj_ipsl.cm6a.lr_ssp585/individual_projections/proj_ipsl.cm6a.lr_ssp585_Festuca.versicolor_PA5_RUN2_ANN.tif
[14:34:14] 	> Projecting Festuca.versicolor_PA5_RUN2_FDA ...
[14:34:15] 		Writing projection on hard drive...
[14:34:15] 		 /work/data/output/Festuca.versicolor/proj_ipsl.cm6a.lr_ssp585/individual_projections/proj_ipsl.cm6a.lr_ssp585_Festuca.versicolor_PA5_RUN2_FDA.tif
[14:34:38] 	> Projecting Festuca.versicolor_PA5_RUN2_MAXNET ...
[14:34:39] 		Writing projection on hard drive...
[14:34:39] 		 /work/data/output/Festuca.versicolor/proj_ipsl.cm6a.lr_ssp585/individual_projections/proj_ipsl.cm6a.lr_ssp585_Festuca.versicolor_PA5_RUN2_MAXNET.tif
[14:35:12] 	> Projecting Festuca.versicolor_PA5_RUN3_GLM ...
[14:35:12] 		Writing projection on hard drive...
[14:35:12] 		 /work/data/output/Festuca.versicolor/proj_ipsl.cm6a.lr_ssp585/individual_projections/proj_ipsl.cm6a.lr_ssp585_Festuca.versicolor_PA5_RUN3_GLM.tif
[14:47:12] 	> Projecting Festuca.versicolor_PA5_RUN3_GBM ...
[14:47:13] 		Writing projection on hard drive...
[14:47:13] 		 /work/data/output/Festuca.versicolor/proj_ipsl.cm6a.lr_ssp585/individual_projections/proj_ipsl.cm6a.lr_ssp585_Festuca.versicolor_PA5_RUN3_GBM.tif
[14:48:05] 	> Projecting Festuca.versicolor_PA5_RUN3_ANN ...
[14:48:05] 		Writing projection on hard drive...
[14:48:05] 		 /work/data/output/Festuca.versicolor/proj_ipsl.cm6a.lr_ssp585/individual_projections/proj_ipsl.cm6a.lr_ssp585_Festuca.versicolor_PA5_RUN3_ANN.tif
[14:48:46] 	> Projecting Festuca.versicolor_PA5_RUN3_FDA ...
[14:48:46] 		Writing projection on hard drive...
[14:48:46] 		 /work/data/output/Festuca.versicolor/proj_ipsl.cm6a.lr_ssp585/individual_projections/proj_ipsl.cm6a.lr_ssp585_Festuca.versicolor_PA5_RUN3_FDA.tif
[14:49:09] 	> Projecting Festuca.versicolor_PA5_RUN3_MAXNET ...
[14:49:10] 		Writing projection on hard drive...
[14:49:10] 		 /work/data/output/Festuca.versicolor/proj_ipsl.cm6a.lr_ssp585/individual_projections/proj_ipsl.cm6a.lr_ssp585_Festuca.versicolor_PA5_RUN3_MAXNET.tif
[14:49:43] 	> Projecting Festuca.versicolor_PA5_RUN4_GLM ...
[14:49:43] 		Writing projection on hard drive...
[14:49:43] 		 /work/data/output/Festuca.versicolor/proj_ipsl.cm6a.lr_ssp585/individual_projections/proj_ipsl.cm6a.lr_ssp585_Festuca.versicolor_PA5_RUN4_GLM.tif
[14:59:42] 	> Projecting Festuca.versicolor_PA5_RUN4_GBM ...
[14:59:43] 		Writing projection on hard drive...
[14:59:43] 		 /work/data/output/Festuca.versicolor/proj_ipsl.cm6a.lr_ssp585/individual_projections/proj_ipsl.cm6a.lr_ssp585_Festuca.versicolor_PA5_RUN4_GBM.tif
[15:00:37] 	> Projecting Festuca.versicolor_PA5_RUN4_ANN ...
[15:00:37] 		Writing projection on hard drive...
[15:00:37] 		 /work/data/output/Festuca.versicolor/proj_ipsl.cm6a.lr_ssp585/individual_projections/proj_ipsl.cm6a.lr_ssp585_Festuca.versicolor_PA5_RUN4_ANN.tif
[15:01:20] 	> Projecting Festuca.versicolor_PA5_RUN4_FDA ...
[15:01:21] 		Writing projection on hard drive...
[15:01:21] 		 /work/data/output/Festuca.versicolor/proj_ipsl.cm6a.lr_ssp585/individual_projections/proj_ipsl.cm6a.lr_ssp585_Festuca.versicolor_PA5_RUN4_FDA.tif
[15:01:42] 	> Projecting Festuca.versicolor_PA5_RUN4_MAXNET ...
[15:01:43] 		Writing projection on hard drive...
[15:01:43] 		 /work/data/output/Festuca.versicolor/proj_ipsl.cm6a.lr_ssp585/individual_projections/proj_ipsl.cm6a.lr_ssp585_Festuca.versicolor_PA5_RUN4_MAXNET.tif
[15:02:16] 	> Projecting Festuca.versicolor_PA5_RUN5_GLM ...
[15:02:17] 		Writing projection on hard drive...
[15:02:17] 		 /work/data/output/Festuca.versicolor/proj_ipsl.cm6a.lr_ssp585/individual_projections/proj_ipsl.cm6a.lr_ssp585_Festuca.versicolor_PA5_RUN5_GLM.tif
[15:14:06] 	> Projecting Festuca.versicolor_PA5_RUN5_GBM ...
[15:14:07] 		Writing projection on hard drive...
[15:14:07] 		 /work/data/output/Festuca.versicolor/proj_ipsl.cm6a.lr_ssp585/individual_projections/proj_ipsl.cm6a.lr_ssp585_Festuca.versicolor_PA5_RUN5_GBM.tif
[15:14:55] 	> Projecting Festuca.versicolor_PA5_RUN5_ANN ...
[15:14:55] 		Writing projection on hard drive...
[15:14:55] 		 /work/data/output/Festuca.versicolor/proj_ipsl.cm6a.lr_ssp585/individual_projections/proj_ipsl.cm6a.lr_ssp585_Festuca.versicolor_PA5_RUN5_ANN.tif
[15:15:33] 	> Projecting Festuca.versicolor_PA5_RUN5_FDA ...
[15:15:34] 		Writing projection on hard drive...
[15:15:34] 		 /work/data/output/Festuca.versicolor/proj_ipsl.cm6a.lr_ssp585/individual_projections/proj_ipsl.cm6a.lr_ssp585_Festuca.versicolor_PA5_RUN5_FDA.tif
[15:15:56] 	> Projecting Festuca.versicolor_PA5_RUN5_MAXNET ...
[15:15:57] 		Writing projection on hard drive...
[15:15:57] 		 /work/data/output/Festuca.versicolor/proj_ipsl.cm6a.lr_ssp585/individual_projections/proj_ipsl.cm6a.lr_ssp585_Festuca.versicolor_PA5_RUN5_MAXNET.tif
[15:16:30] 	> Projecting Festuca.versicolor_PA6_RUN1_GLM ...
[15:16:30] 		Writing projection on hard drive...
[15:16:30] 		 /work/data/output/Festuca.versicolor/proj_ipsl.cm6a.lr_ssp585/individual_projections/proj_ipsl.cm6a.lr_ssp585_Festuca.versicolor_PA6_RUN1_GLM.tif
[15:29:05] 	> Projecting Festuca.versicolor_PA6_RUN1_GBM ...
[15:29:06] 		Writing projection on hard drive...
[15:29:06] 		 /work/data/output/Festuca.versicolor/proj_ipsl.cm6a.lr_ssp585/individual_projections/proj_ipsl.cm6a.lr_ssp585_Festuca.versicolor_PA6_RUN1_GBM.tif
[15:29:58] 	> Projecting Festuca.versicolor_PA6_RUN1_ANN ...
[15:29:59] 		Writing projection on hard drive...
[15:29:59] 		 /work/data/output/Festuca.versicolor/proj_ipsl.cm6a.lr_ssp585/individual_projections/proj_ipsl.cm6a.lr_ssp585_Festuca.versicolor_PA6_RUN1_ANN.tif
[15:30:38] 	> Projecting Festuca.versicolor_PA6_RUN1_FDA ...
[15:30:39] 		Writing projection on hard drive...
[15:30:39] 		 /work/data/output/Festuca.versicolor/proj_ipsl.cm6a.lr_ssp585/individual_projections/proj_ipsl.cm6a.lr_ssp585_Festuca.versicolor_PA6_RUN1_FDA.tif
[15:31:04] 	> Projecting Festuca.versicolor_PA6_RUN1_MAXNET ...
[15:31:05] 		Writing projection on hard drive...
[15:31:05] 		 /work/data/output/Festuca.versicolor/proj_ipsl.cm6a.lr_ssp585/individual_projections/proj_ipsl.cm6a.lr_ssp585_Festuca.versicolor_PA6_RUN1_MAXNET.tif
[15:31:41] 	> Projecting Festuca.versicolor_PA6_RUN2_GLM ...
[15:31:42] 		Writing projection on hard drive...
[15:31:42] 		 /work/data/output/Festuca.versicolor/proj_ipsl.cm6a.lr_ssp585/individual_projections/proj_ipsl.cm6a.lr_ssp585_Festuca.versicolor_PA6_RUN2_GLM.tif
[15:44:07] 	> Projecting Festuca.versicolor_PA6_RUN2_GBM ...
[15:44:08] 		Writing projection on hard drive...
[15:44:08] 		 /work/data/output/Festuca.versicolor/proj_ipsl.cm6a.lr_ssp585/individual_projections/proj_ipsl.cm6a.lr_ssp585_Festuca.versicolor_PA6_RUN2_GBM.tif
[15:45:00] 	> Projecting Festuca.versicolor_PA6_RUN2_ANN ...
[15:45:01] 		Writing projection on hard drive...
[15:45:01] 		 /work/data/output/Festuca.versicolor/proj_ipsl.cm6a.lr_ssp585/individual_projections/proj_ipsl.cm6a.lr_ssp585_Festuca.versicolor_PA6_RUN2_ANN.tif
[15:45:41] 	> Projecting Festuca.versicolor_PA6_RUN2_FDA ...
[15:45:41] 		Writing projection on hard drive...
[15:45:41] 		 /work/data/output/Festuca.versicolor/proj_ipsl.cm6a.lr_ssp585/individual_projections/proj_ipsl.cm6a.lr_ssp585_Festuca.versicolor_PA6_RUN2_FDA.tif
[15:46:03] 	> Projecting Festuca.versicolor_PA6_RUN2_MAXNET ...
[15:46:03] 		Writing projection on hard drive...
[15:46:03] 		 /work/data/output/Festuca.versicolor/proj_ipsl.cm6a.lr_ssp585/individual_projections/proj_ipsl.cm6a.lr_ssp585_Festuca.versicolor_PA6_RUN2_MAXNET.tif
[15:46:36] 	> Projecting Festuca.versicolor_PA6_RUN3_GLM ...
[15:46:37] 		Writing projection on hard drive...
[15:46:37] 		 /work/data/output/Festuca.versicolor/proj_ipsl.cm6a.lr_ssp585/individual_projections/proj_ipsl.cm6a.lr_ssp585_Festuca.versicolor_PA6_RUN3_GLM.tif
[15:59:16] 	> Projecting Festuca.versicolor_PA6_RUN3_GBM ...
[15:59:17] 		Writing projection on hard drive...
[15:59:17] 		 /work/data/output/Festuca.versicolor/proj_ipsl.cm6a.lr_ssp585/individual_projections/proj_ipsl.cm6a.lr_ssp585_Festuca.versicolor_PA6_RUN3_GBM.tif
[16:00:09] 	> Projecting Festuca.versicolor_PA6_RUN3_ANN ...
[16:00:10] 		Writing projection on hard drive...
[16:00:10] 		 /work/data/output/Festuca.versicolor/proj_ipsl.cm6a.lr_ssp585/individual_projections/proj_ipsl.cm6a.lr_ssp585_Festuca.versicolor_PA6_RUN3_ANN.tif
[16:00:50] 	> Projecting Festuca.versicolor_PA6_RUN3_FDA ...
[16:00:51] 		Writing projection on hard drive...
[16:00:51] 		 /work/data/output/Festuca.versicolor/proj_ipsl.cm6a.lr_ssp585/individual_projections/proj_ipsl.cm6a.lr_ssp585_Festuca.versicolor_PA6_RUN3_FDA.tif
[16:01:13] 	> Projecting Festuca.versicolor_PA6_RUN3_MAXNET ...
[16:01:14] 		Writing projection on hard drive...
[16:01:14] 		 /work/data/output/Festuca.versicolor/proj_ipsl.cm6a.lr_ssp585/individual_projections/proj_ipsl.cm6a.lr_ssp585_Festuca.versicolor_PA6_RUN3_MAXNET.tif
[16:01:47] 	> Projecting Festuca.versicolor_PA6_RUN4_GLM ...
[16:01:48] 		Writing projection on hard drive...
[16:01:48] 		 /work/data/output/Festuca.versicolor/proj_ipsl.cm6a.lr_ssp585/individual_projections/proj_ipsl.cm6a.lr_ssp585_Festuca.versicolor_PA6_RUN4_GLM.tif
[16:13:53] 	> Projecting Festuca.versicolor_PA6_RUN4_GBM ...
[16:13:53] 		Writing projection on hard drive...
[16:13:53] 		 /work/data/output/Festuca.versicolor/proj_ipsl.cm6a.lr_ssp585/individual_projections/proj_ipsl.cm6a.lr_ssp585_Festuca.versicolor_PA6_RUN4_GBM.tif
[16:14:46] 	> Projecting Festuca.versicolor_PA6_RUN4_ANN ...
[16:14:47] 		Writing projection on hard drive...
[16:14:47] 		 /work/data/output/Festuca.versicolor/proj_ipsl.cm6a.lr_ssp585/individual_projections/proj_ipsl.cm6a.lr_ssp585_Festuca.versicolor_PA6_RUN4_ANN.tif
[16:15:28] 	> Projecting Festuca.versicolor_PA6_RUN4_FDA ...
[16:15:29] 		Writing projection on hard drive...
[16:15:29] 		 /work/data/output/Festuca.versicolor/proj_ipsl.cm6a.lr_ssp585/individual_projections/proj_ipsl.cm6a.lr_ssp585_Festuca.versicolor_PA6_RUN4_FDA.tif
[16:15:52] 	> Projecting Festuca.versicolor_PA6_RUN4_MAXNET ...
[16:15:53] 		Writing projection on hard drive...
[16:15:53] 		 /work/data/output/Festuca.versicolor/proj_ipsl.cm6a.lr_ssp585/individual_projections/proj_ipsl.cm6a.lr_ssp585_Festuca.versicolor_PA6_RUN4_MAXNET.tif
[16:16:26] 	> Projecting Festuca.versicolor_PA6_RUN5_GLM ...
[16:16:27] 		Writing projection on hard drive...
[16:16:27] 		 /work/data/output/Festuca.versicolor/proj_ipsl.cm6a.lr_ssp585/individual_projections/proj_ipsl.cm6a.lr_ssp585_Festuca.versicolor_PA6_RUN5_GLM.tif
[16:29:04] 	> Projecting Festuca.versicolor_PA6_RUN5_GBM ...
[16:29:05] 		Writing projection on hard drive...
[16:29:05] 		 /work/data/output/Festuca.versicolor/proj_ipsl.cm6a.lr_ssp585/individual_projections/proj_ipsl.cm6a.lr_ssp585_Festuca.versicolor_PA6_RUN5_GBM.tif
[16:29:59] 	> Projecting Festuca.versicolor_PA6_RUN5_ANN ...
[16:30:00] 		Writing projection on hard drive...
[16:30:00] 		 /work/data/output/Festuca.versicolor/proj_ipsl.cm6a.lr_ssp585/individual_projections/proj_ipsl.cm6a.lr_ssp585_Festuca.versicolor_PA6_RUN5_ANN.tif
[16:30:39] 	> Projecting Festuca.versicolor_PA6_RUN5_FDA ...
[16:30:40] 		Writing projection on hard drive...
[16:30:40] 		 /work/data/output/Festuca.versicolor/proj_ipsl.cm6a.lr_ssp585/individual_projections/proj_ipsl.cm6a.lr_ssp585_Festuca.versicolor_PA6_RUN5_FDA.tif
[16:31:05] 	> Projecting Festuca.versicolor_PA6_RUN5_MAXNET ...
[16:31:06] 		Writing projection on hard drive...
[16:31:06] 		 /work/data/output/Festuca.versicolor/proj_ipsl.cm6a.lr_ssp585/individual_projections/proj_ipsl.cm6a.lr_ssp585_Festuca.versicolor_PA6_RUN5_MAXNET.tif
[16:31:36] 	> Projecting Festuca.versicolor_PA7_RUN1_GLM ...
[16:31:37] 		Writing projection on hard drive...
[16:31:37] 		 /work/data/output/Festuca.versicolor/proj_ipsl.cm6a.lr_ssp585/individual_projections/proj_ipsl.cm6a.lr_ssp585_Festuca.versicolor_PA7_RUN1_GLM.tif
[16:44:23] 	> Projecting Festuca.versicolor_PA7_RUN1_GBM ...
[16:44:24] 		Writing projection on hard drive...
[16:44:24] 		 /work/data/output/Festuca.versicolor/proj_ipsl.cm6a.lr_ssp585/individual_projections/proj_ipsl.cm6a.lr_ssp585_Festuca.versicolor_PA7_RUN1_GBM.tif
[16:45:18] 	> Projecting Festuca.versicolor_PA7_RUN1_ANN ...
[16:45:19] 		Writing projection on hard drive...
[16:45:19] 		 /work/data/output/Festuca.versicolor/proj_ipsl.cm6a.lr_ssp585/individual_projections/proj_ipsl.cm6a.lr_ssp585_Festuca.versicolor_PA7_RUN1_ANN.tif
[16:45:59] 	> Projecting Festuca.versicolor_PA7_RUN1_FDA ...
[16:46:00] 		Writing projection on hard drive...
[16:46:00] 		 /work/data/output/Festuca.versicolor/proj_ipsl.cm6a.lr_ssp585/individual_projections/proj_ipsl.cm6a.lr_ssp585_Festuca.versicolor_PA7_RUN1_FDA.tif
[16:46:22] 	> Projecting Festuca.versicolor_PA7_RUN1_MAXNET ...
[16:46:23] 		Writing projection on hard drive...
[16:46:23] 		 /work/data/output/Festuca.versicolor/proj_ipsl.cm6a.lr_ssp585/individual_projections/proj_ipsl.cm6a.lr_ssp585_Festuca.versicolor_PA7_RUN1_MAXNET.tif
[16:46:56] 	> Projecting Festuca.versicolor_PA7_RUN2_GLM ...
[16:46:57] 		Writing projection on hard drive...
[16:46:57] 		 /work/data/output/Festuca.versicolor/proj_ipsl.cm6a.lr_ssp585/individual_projections/proj_ipsl.cm6a.lr_ssp585_Festuca.versicolor_PA7_RUN2_GLM.tif
[16:58:40] 	> Projecting Festuca.versicolor_PA7_RUN2_GBM ...
[16:58:41] 		Writing projection on hard drive...
[16:58:41] 		 /work/data/output/Festuca.versicolor/proj_ipsl.cm6a.lr_ssp585/individual_projections/proj_ipsl.cm6a.lr_ssp585_Festuca.versicolor_PA7_RUN2_GBM.tif
[16:59:38] 	> Projecting Festuca.versicolor_PA7_RUN2_ANN ...
[16:59:39] 		Writing projection on hard drive...
[16:59:39] 		 /work/data/output/Festuca.versicolor/proj_ipsl.cm6a.lr_ssp585/individual_projections/proj_ipsl.cm6a.lr_ssp585_Festuca.versicolor_PA7_RUN2_ANN.tif
[17:00:12] 	> Projecting Festuca.versicolor_PA7_RUN2_FDA ...
[17:00:13] 		Writing projection on hard drive...
[17:00:13] 		 /work/data/output/Festuca.versicolor/proj_ipsl.cm6a.lr_ssp585/individual_projections/proj_ipsl.cm6a.lr_ssp585_Festuca.versicolor_PA7_RUN2_FDA.tif
[17:00:39] 	> Projecting Festuca.versicolor_PA7_RUN2_MAXNET ...
[17:00:40] 		Writing projection on hard drive...
[17:00:40] 		 /work/data/output/Festuca.versicolor/proj_ipsl.cm6a.lr_ssp585/individual_projections/proj_ipsl.cm6a.lr_ssp585_Festuca.versicolor_PA7_RUN2_MAXNET.tif
[17:01:14] 	> Projecting Festuca.versicolor_PA7_RUN3_GLM ...
[17:01:15] 		Writing projection on hard drive...
[17:01:15] 		 /work/data/output/Festuca.versicolor/proj_ipsl.cm6a.lr_ssp585/individual_projections/proj_ipsl.cm6a.lr_ssp585_Festuca.versicolor_PA7_RUN3_GLM.tif
[17:14:17] 	> Projecting Festuca.versicolor_PA7_RUN3_GBM ...
[17:14:18] 		Writing projection on hard drive...
[17:14:18] 		 /work/data/output/Festuca.versicolor/proj_ipsl.cm6a.lr_ssp585/individual_projections/proj_ipsl.cm6a.lr_ssp585_Festuca.versicolor_PA7_RUN3_GBM.tif
[17:15:06] 	> Projecting Festuca.versicolor_PA7_RUN3_ANN ...
[17:15:07] 		Writing projection on hard drive...
[17:15:07] 		 /work/data/output/Festuca.versicolor/proj_ipsl.cm6a.lr_ssp585/individual_projections/proj_ipsl.cm6a.lr_ssp585_Festuca.versicolor_PA7_RUN3_ANN.tif
[17:15:45] 	> Projecting Festuca.versicolor_PA7_RUN3_FDA ...
[17:15:46] 		Writing projection on hard drive...
[17:15:46] 		 /work/data/output/Festuca.versicolor/proj_ipsl.cm6a.lr_ssp585/individual_projections/proj_ipsl.cm6a.lr_ssp585_Festuca.versicolor_PA7_RUN3_FDA.tif
[17:16:09] 	> Projecting Festuca.versicolor_PA7_RUN3_MAXNET ...
[17:16:10] 		Writing projection on hard drive...
[17:16:10] 		 /work/data/output/Festuca.versicolor/proj_ipsl.cm6a.lr_ssp585/individual_projections/proj_ipsl.cm6a.lr_ssp585_Festuca.versicolor_PA7_RUN3_MAXNET.tif
[17:16:43] 	> Projecting Festuca.versicolor_PA7_RUN4_GLM ...
[17:16:44] 		Writing projection on hard drive...
[17:16:44] 		 /work/data/output/Festuca.versicolor/proj_ipsl.cm6a.lr_ssp585/individual_projections/proj_ipsl.cm6a.lr_ssp585_Festuca.versicolor_PA7_RUN4_GLM.tif
[17:29:30] 	> Projecting Festuca.versicolor_PA7_RUN4_GBM ...
[17:29:31] 		Writing projection on hard drive...
[17:29:31] 		 /work/data/output/Festuca.versicolor/proj_ipsl.cm6a.lr_ssp585/individual_projections/proj_ipsl.cm6a.lr_ssp585_Festuca.versicolor_PA7_RUN4_GBM.tif
[17:30:21] 	> Projecting Festuca.versicolor_PA7_RUN4_ANN ...
[17:30:22] 		Writing projection on hard drive...
[17:30:22] 		 /work/data/output/Festuca.versicolor/proj_ipsl.cm6a.lr_ssp585/individual_projections/proj_ipsl.cm6a.lr_ssp585_Festuca.versicolor_PA7_RUN4_ANN.tif
[17:31:04] 	> Projecting Festuca.versicolor_PA7_RUN4_FDA ...
[17:31:05] 		Writing projection on hard drive...
[17:31:05] 		 /work/data/output/Festuca.versicolor/proj_ipsl.cm6a.lr_ssp585/individual_projections/proj_ipsl.cm6a.lr_ssp585_Festuca.versicolor_PA7_RUN4_FDA.tif
[17:31:25] 	> Projecting Festuca.versicolor_PA7_RUN4_MAXNET ...
[17:31:26] 		Writing projection on hard drive...
[17:31:26] 		 /work/data/output/Festuca.versicolor/proj_ipsl.cm6a.lr_ssp585/individual_projections/proj_ipsl.cm6a.lr_ssp585_Festuca.versicolor_PA7_RUN4_MAXNET.tif
[17:31:58] 	> Projecting Festuca.versicolor_PA7_RUN5_GLM ...
[17:31:59] 		Writing projection on hard drive...
[17:31:59] 		 /work/data/output/Festuca.versicolor/proj_ipsl.cm6a.lr_ssp585/individual_projections/proj_ipsl.cm6a.lr_ssp585_Festuca.versicolor_PA7_RUN5_GLM.tif
[17:42:11] 	> Projecting Festuca.versicolor_PA7_RUN5_GBM ...
[17:42:12] 		Writing projection on hard drive...
[17:42:12] 		 /work/data/output/Festuca.versicolor/proj_ipsl.cm6a.lr_ssp585/individual_projections/proj_ipsl.cm6a.lr_ssp585_Festuca.versicolor_PA7_RUN5_GBM.tif
[17:43:00] 	> Projecting Festuca.versicolor_PA7_RUN5_ANN ...
[17:43:01] 		Writing projection on hard drive...
[17:43:01] 		 /work/data/output/Festuca.versicolor/proj_ipsl.cm6a.lr_ssp585/individual_projections/proj_ipsl.cm6a.lr_ssp585_Festuca.versicolor_PA7_RUN5_ANN.tif
[17:43:38] 	> Projecting Festuca.versicolor_PA7_RUN5_FDA ...
[17:43:39] 		Writing projection on hard drive...
[17:43:39] 		 /work/data/output/Festuca.versicolor/proj_ipsl.cm6a.lr_ssp585/individual_projections/proj_ipsl.cm6a.lr_ssp585_Festuca.versicolor_PA7_RUN5_FDA.tif
[17:44:01] 	> Projecting Festuca.versicolor_PA7_RUN5_MAXNET ...
[17:44:02] 		Writing projection on hard drive...
[17:44:02] 		 /work/data/output/Festuca.versicolor/proj_ipsl.cm6a.lr_ssp585/individual_projections/proj_ipsl.cm6a.lr_ssp585_Festuca.versicolor_PA7_RUN5_MAXNET.tif
[17:44:34] 	> Projecting Festuca.versicolor_PA8_RUN1_GLM ...
[17:44:35] 		Writing projection on hard drive...
[17:44:35] 		 /work/data/output/Festuca.versicolor/proj_ipsl.cm6a.lr_ssp585/individual_projections/proj_ipsl.cm6a.lr_ssp585_Festuca.versicolor_PA8_RUN1_GLM.tif
[17:56:38] 	> Projecting Festuca.versicolor_PA8_RUN1_GBM ...
[17:56:39] 		Writing projection on hard drive...
[17:56:39] 		 /work/data/output/Festuca.versicolor/proj_ipsl.cm6a.lr_ssp585/individual_projections/proj_ipsl.cm6a.lr_ssp585_Festuca.versicolor_PA8_RUN1_GBM.tif
[17:57:31] 	> Projecting Festuca.versicolor_PA8_RUN1_ANN ...
[17:57:32] 		Writing projection on hard drive...
[17:57:32] 		 /work/data/output/Festuca.versicolor/proj_ipsl.cm6a.lr_ssp585/individual_projections/proj_ipsl.cm6a.lr_ssp585_Festuca.versicolor_PA8_RUN1_ANN.tif
[17:58:13] 	> Projecting Festuca.versicolor_PA8_RUN1_FDA ...
[17:58:14] 		Writing projection on hard drive...
[17:58:14] 		 /work/data/output/Festuca.versicolor/proj_ipsl.cm6a.lr_ssp585/individual_projections/proj_ipsl.cm6a.lr_ssp585_Festuca.versicolor_PA8_RUN1_FDA.tif
[17:58:36] 	> Projecting Festuca.versicolor_PA8_RUN1_MAXNET ...
[17:58:37] 		Writing projection on hard drive...
[17:58:37] 		 /work/data/output/Festuca.versicolor/proj_ipsl.cm6a.lr_ssp585/individual_projections/proj_ipsl.cm6a.lr_ssp585_Festuca.versicolor_PA8_RUN1_MAXNET.tif
[17:59:14] 	> Projecting Festuca.versicolor_PA8_RUN2_GLM ...
[17:59:15] 		Writing projection on hard drive...
[17:59:15] 		 /work/data/output/Festuca.versicolor/proj_ipsl.cm6a.lr_ssp585/individual_projections/proj_ipsl.cm6a.lr_ssp585_Festuca.versicolor_PA8_RUN2_GLM.tif
[18:08:57] 	> Projecting Festuca.versicolor_PA8_RUN2_GBM ...
[18:08:58] 		Writing projection on hard drive...
[18:08:58] 		 /work/data/output/Festuca.versicolor/proj_ipsl.cm6a.lr_ssp585/individual_projections/proj_ipsl.cm6a.lr_ssp585_Festuca.versicolor_PA8_RUN2_GBM.tif
[18:09:51] 	> Projecting Festuca.versicolor_PA8_RUN2_ANN ...
[18:09:51] 		Writing projection on hard drive...
[18:09:51] 		 /work/data/output/Festuca.versicolor/proj_ipsl.cm6a.lr_ssp585/individual_projections/proj_ipsl.cm6a.lr_ssp585_Festuca.versicolor_PA8_RUN2_ANN.tif
[18:10:31] 	> Projecting Festuca.versicolor_PA8_RUN2_FDA ...
[18:10:32] 		Writing projection on hard drive...
[18:10:32] 		 /work/data/output/Festuca.versicolor/proj_ipsl.cm6a.lr_ssp585/individual_projections/proj_ipsl.cm6a.lr_ssp585_Festuca.versicolor_PA8_RUN2_FDA.tif
[18:10:53] 	> Projecting Festuca.versicolor_PA8_RUN2_MAXNET ...
[18:10:54] 		Writing projection on hard drive...
[18:10:54] 		 /work/data/output/Festuca.versicolor/proj_ipsl.cm6a.lr_ssp585/individual_projections/proj_ipsl.cm6a.lr_ssp585_Festuca.versicolor_PA8_RUN2_MAXNET.tif
[18:11:27] 	> Projecting Festuca.versicolor_PA8_RUN3_GLM ...
[18:11:28] 		Writing projection on hard drive...
[18:11:28] 		 /work/data/output/Festuca.versicolor/proj_ipsl.cm6a.lr_ssp585/individual_projections/proj_ipsl.cm6a.lr_ssp585_Festuca.versicolor_PA8_RUN3_GLM.tif
[18:21:20] 	> Projecting Festuca.versicolor_PA8_RUN3_GBM ...
[18:21:21] 		Writing projection on hard drive...
[18:21:21] 		 /work/data/output/Festuca.versicolor/proj_ipsl.cm6a.lr_ssp585/individual_projections/proj_ipsl.cm6a.lr_ssp585_Festuca.versicolor_PA8_RUN3_GBM.tif
[18:22:15] 	> Projecting Festuca.versicolor_PA8_RUN3_ANN ...
[18:22:16] 		Writing projection on hard drive...
[18:22:16] 		 /work/data/output/Festuca.versicolor/proj_ipsl.cm6a.lr_ssp585/individual_projections/proj_ipsl.cm6a.lr_ssp585_Festuca.versicolor_PA8_RUN3_ANN.tif
[18:23:00] 	> Projecting Festuca.versicolor_PA8_RUN3_FDA ...
[18:23:01] 		Writing projection on hard drive...
[18:23:01] 		 /work/data/output/Festuca.versicolor/proj_ipsl.cm6a.lr_ssp585/individual_projections/proj_ipsl.cm6a.lr_ssp585_Festuca.versicolor_PA8_RUN3_FDA.tif
[18:23:23] 	> Projecting Festuca.versicolor_PA8_RUN3_MAXNET ...
[18:23:24] 		Writing projection on hard drive...
[18:23:24] 		 /work/data/output/Festuca.versicolor/proj_ipsl.cm6a.lr_ssp585/individual_projections/proj_ipsl.cm6a.lr_ssp585_Festuca.versicolor_PA8_RUN3_MAXNET.tif
[18:23:56] 	> Projecting Festuca.versicolor_PA8_RUN4_GLM ...
[18:23:57] 		Writing projection on hard drive...
[18:23:57] 		 /work/data/output/Festuca.versicolor/proj_ipsl.cm6a.lr_ssp585/individual_projections/proj_ipsl.cm6a.lr_ssp585_Festuca.versicolor_PA8_RUN4_GLM.tif
[18:36:21] 	> Projecting Festuca.versicolor_PA8_RUN4_GBM ...
[18:36:22] 		Writing projection on hard drive...
[18:36:22] 		 /work/data/output/Festuca.versicolor/proj_ipsl.cm6a.lr_ssp585/individual_projections/proj_ipsl.cm6a.lr_ssp585_Festuca.versicolor_PA8_RUN4_GBM.tif
[18:37:09] 	> Projecting Festuca.versicolor_PA8_RUN4_ANN ...
[18:37:09] 		Writing projection on hard drive...
[18:37:09] 		 /work/data/output/Festuca.versicolor/proj_ipsl.cm6a.lr_ssp585/individual_projections/proj_ipsl.cm6a.lr_ssp585_Festuca.versicolor_PA8_RUN4_ANN.tif
[18:37:50] 	> Projecting Festuca.versicolor_PA8_RUN4_FDA ...
[18:37:51] 		Writing projection on hard drive...
[18:37:51] 		 /work/data/output/Festuca.versicolor/proj_ipsl.cm6a.lr_ssp585/individual_projections/proj_ipsl.cm6a.lr_ssp585_Festuca.versicolor_PA8_RUN4_FDA.tif
[18:38:12] 	> Projecting Festuca.versicolor_PA8_RUN4_MAXNET ...
[18:38:13] 		Writing projection on hard drive...
[18:38:13] 		 /work/data/output/Festuca.versicolor/proj_ipsl.cm6a.lr_ssp585/individual_projections/proj_ipsl.cm6a.lr_ssp585_Festuca.versicolor_PA8_RUN4_MAXNET.tif
[18:38:47] 	> Projecting Festuca.versicolor_PA8_RUN5_GLM ...
[18:38:47] 		Writing projection on hard drive...
[18:38:47] 		 /work/data/output/Festuca.versicolor/proj_ipsl.cm6a.lr_ssp585/individual_projections/proj_ipsl.cm6a.lr_ssp585_Festuca.versicolor_PA8_RUN5_GLM.tif
[18:50:51] 	> Projecting Festuca.versicolor_PA8_RUN5_GBM ...
[18:50:52] 		Writing projection on hard drive...
[18:50:52] 		 /work/data/output/Festuca.versicolor/proj_ipsl.cm6a.lr_ssp585/individual_projections/proj_ipsl.cm6a.lr_ssp585_Festuca.versicolor_PA8_RUN5_GBM.tif
[18:51:44] 	> Projecting Festuca.versicolor_PA8_RUN5_ANN ...
[18:51:45] 		Writing projection on hard drive...
[18:51:45] 		 /work/data/output/Festuca.versicolor/proj_ipsl.cm6a.lr_ssp585/individual_projections/proj_ipsl.cm6a.lr_ssp585_Festuca.versicolor_PA8_RUN5_ANN.tif
[18:52:25] 	> Projecting Festuca.versicolor_PA8_RUN5_FDA ...
[18:52:26] 		Writing projection on hard drive...
[18:52:26] 		 /work/data/output/Festuca.versicolor/proj_ipsl.cm6a.lr_ssp585/individual_projections/proj_ipsl.cm6a.lr_ssp585_Festuca.versicolor_PA8_RUN5_FDA.tif
[18:52:49] 	> Projecting Festuca.versicolor_PA8_RUN5_MAXNET ...
[18:52:50] 		Writing projection on hard drive...
[18:52:50] 		 /work/data/output/Festuca.versicolor/proj_ipsl.cm6a.lr_ssp585/individual_projections/proj_ipsl.cm6a.lr_ssp585_Festuca.versicolor_PA8_RUN5_MAXNET.tif
[18:53:24] 	> Projecting Festuca.versicolor_PA9_RUN1_GLM ...
[18:53:24] 		Writing projection on hard drive...
[18:53:24] 		 /work/data/output/Festuca.versicolor/proj_ipsl.cm6a.lr_ssp585/individual_projections/proj_ipsl.cm6a.lr_ssp585_Festuca.versicolor_PA9_RUN1_GLM.tif
[19:03:29] 	> Projecting Festuca.versicolor_PA9_RUN1_GBM ...
[19:03:30] 		Writing projection on hard drive...
[19:03:30] 		 /work/data/output/Festuca.versicolor/proj_ipsl.cm6a.lr_ssp585/individual_projections/proj_ipsl.cm6a.lr_ssp585_Festuca.versicolor_PA9_RUN1_GBM.tif
[19:04:25] 	> Projecting Festuca.versicolor_PA9_RUN1_ANN ...
[19:04:26] 		Writing projection on hard drive...
[19:04:26] 		 /work/data/output/Festuca.versicolor/proj_ipsl.cm6a.lr_ssp585/individual_projections/proj_ipsl.cm6a.lr_ssp585_Festuca.versicolor_PA9_RUN1_ANN.tif
[19:05:07] 	> Projecting Festuca.versicolor_PA9_RUN1_FDA ...
[19:05:08] 		Writing projection on hard drive...
[19:05:08] 		 /work/data/output/Festuca.versicolor/proj_ipsl.cm6a.lr_ssp585/individual_projections/proj_ipsl.cm6a.lr_ssp585_Festuca.versicolor_PA9_RUN1_FDA.tif
[19:05:29] 	> Projecting Festuca.versicolor_PA9_RUN1_MAXNET ...
[19:05:30] 		Writing projection on hard drive...
[19:05:30] 		 /work/data/output/Festuca.versicolor/proj_ipsl.cm6a.lr_ssp585/individual_projections/proj_ipsl.cm6a.lr_ssp585_Festuca.versicolor_PA9_RUN1_MAXNET.tif
[19:06:07] 	> Projecting Festuca.versicolor_PA9_RUN2_GLM ...
[19:06:08] 		Writing projection on hard drive...
[19:06:08] 		 /work/data/output/Festuca.versicolor/proj_ipsl.cm6a.lr_ssp585/individual_projections/proj_ipsl.cm6a.lr_ssp585_Festuca.versicolor_PA9_RUN2_GLM.tif
[19:19:13] 	> Projecting Festuca.versicolor_PA9_RUN2_GBM ...
[19:19:14] 		Writing projection on hard drive...
[19:19:14] 		 /work/data/output/Festuca.versicolor/proj_ipsl.cm6a.lr_ssp585/individual_projections/proj_ipsl.cm6a.lr_ssp585_Festuca.versicolor_PA9_RUN2_GBM.tif
[19:20:02] 	> Projecting Festuca.versicolor_PA9_RUN2_ANN ...
[19:20:03] 		Writing projection on hard drive...
[19:20:03] 		 /work/data/output/Festuca.versicolor/proj_ipsl.cm6a.lr_ssp585/individual_projections/proj_ipsl.cm6a.lr_ssp585_Festuca.versicolor_PA9_RUN2_ANN.tif
[19:20:44] 	> Projecting Festuca.versicolor_PA9_RUN2_FDA ...
[19:20:45] 		Writing projection on hard drive...
[19:20:45] 		 /work/data/output/Festuca.versicolor/proj_ipsl.cm6a.lr_ssp585/individual_projections/proj_ipsl.cm6a.lr_ssp585_Festuca.versicolor_PA9_RUN2_FDA.tif
[19:21:08] 	> Projecting Festuca.versicolor_PA9_RUN2_MAXNET ...
[19:21:08] 		Writing projection on hard drive...
[19:21:08] 		 /work/data/output/Festuca.versicolor/proj_ipsl.cm6a.lr_ssp585/individual_projections/proj_ipsl.cm6a.lr_ssp585_Festuca.versicolor_PA9_RUN2_MAXNET.tif
[19:21:42] 	> Projecting Festuca.versicolor_PA9_RUN3_GLM ...
[19:21:43] 		Writing projection on hard drive...
[19:21:43] 		 /work/data/output/Festuca.versicolor/proj_ipsl.cm6a.lr_ssp585/individual_projections/proj_ipsl.cm6a.lr_ssp585_Festuca.versicolor_PA9_RUN3_GLM.tif
[19:33:47] 	> Projecting Festuca.versicolor_PA9_RUN3_GBM ...
[19:33:48] 		Writing projection on hard drive...
[19:33:48] 		 /work/data/output/Festuca.versicolor/proj_ipsl.cm6a.lr_ssp585/individual_projections/proj_ipsl.cm6a.lr_ssp585_Festuca.versicolor_PA9_RUN3_GBM.tif
[19:34:38] 	> Projecting Festuca.versicolor_PA9_RUN3_ANN ...
[19:34:38] 		Writing projection on hard drive...
[19:34:38] 		 /work/data/output/Festuca.versicolor/proj_ipsl.cm6a.lr_ssp585/individual_projections/proj_ipsl.cm6a.lr_ssp585_Festuca.versicolor_PA9_RUN3_ANN.tif
[19:35:22] 	> Projecting Festuca.versicolor_PA9_RUN3_FDA ...
[19:35:23] 		Writing projection on hard drive...
[19:35:23] 		 /work/data/output/Festuca.versicolor/proj_ipsl.cm6a.lr_ssp585/individual_projections/proj_ipsl.cm6a.lr_ssp585_Festuca.versicolor_PA9_RUN3_FDA.tif
[19:35:50] 	> Projecting Festuca.versicolor_PA9_RUN3_MAXNET ...
[19:35:50] 		Writing projection on hard drive...
[19:35:50] 		 /work/data/output/Festuca.versicolor/proj_ipsl.cm6a.lr_ssp585/individual_projections/proj_ipsl.cm6a.lr_ssp585_Festuca.versicolor_PA9_RUN3_MAXNET.tif
[19:36:22] 	> Projecting Festuca.versicolor_PA9_RUN4_GLM ...
[19:36:22] 		Writing projection on hard drive...
[19:36:22] 		 /work/data/output/Festuca.versicolor/proj_ipsl.cm6a.lr_ssp585/individual_projections/proj_ipsl.cm6a.lr_ssp585_Festuca.versicolor_PA9_RUN4_GLM.tif
[19:49:01] 	> Projecting Festuca.versicolor_PA9_RUN4_GBM ...
[19:49:02] 		Writing projection on hard drive...
[19:49:02] 		 /work/data/output/Festuca.versicolor/proj_ipsl.cm6a.lr_ssp585/individual_projections/proj_ipsl.cm6a.lr_ssp585_Festuca.versicolor_PA9_RUN4_GBM.tif
[19:49:48] 	> Projecting Festuca.versicolor_PA9_RUN4_ANN ...
[19:49:49] 		Writing projection on hard drive...
[19:49:49] 		 /work/data/output/Festuca.versicolor/proj_ipsl.cm6a.lr_ssp585/individual_projections/proj_ipsl.cm6a.lr_ssp585_Festuca.versicolor_PA9_RUN4_ANN.tif
[19:50:33] 	> Projecting Festuca.versicolor_PA9_RUN4_FDA ...
[19:50:34] 		Writing projection on hard drive...
[19:50:34] 		 /work/data/output/Festuca.versicolor/proj_ipsl.cm6a.lr_ssp585/individual_projections/proj_ipsl.cm6a.lr_ssp585_Festuca.versicolor_PA9_RUN4_FDA.tif
[19:50:57] 	> Projecting Festuca.versicolor_PA9_RUN4_MAXNET ...
[19:50:58] 		Writing projection on hard drive...
[19:50:58] 		 /work/data/output/Festuca.versicolor/proj_ipsl.cm6a.lr_ssp585/individual_projections/proj_ipsl.cm6a.lr_ssp585_Festuca.versicolor_PA9_RUN4_MAXNET.tif
[19:51:32] 	> Projecting Festuca.versicolor_PA9_RUN5_GLM ...
[19:51:33] 		Writing projection on hard drive...
[19:51:33] 		 /work/data/output/Festuca.versicolor/proj_ipsl.cm6a.lr_ssp585/individual_projections/proj_ipsl.cm6a.lr_ssp585_Festuca.versicolor_PA9_RUN5_GLM.tif
[20:03:27] 	> Projecting Festuca.versicolor_PA9_RUN5_GBM ...
[20:03:28] 		Writing projection on hard drive...
[20:03:28] 		 /work/data/output/Festuca.versicolor/proj_ipsl.cm6a.lr_ssp585/individual_projections/proj_ipsl.cm6a.lr_ssp585_Festuca.versicolor_PA9_RUN5_GBM.tif
[20:04:13] 	> Projecting Festuca.versicolor_PA9_RUN5_ANN ...
[20:04:14] 		Writing projection on hard drive...
[20:04:14] 		 /work/data/output/Festuca.versicolor/proj_ipsl.cm6a.lr_ssp585/individual_projections/proj_ipsl.cm6a.lr_ssp585_Festuca.versicolor_PA9_RUN5_ANN.tif
[20:04:55] 	> Projecting Festuca.versicolor_PA9_RUN5_FDA ...
[20:04:56] 		Writing projection on hard drive...
[20:04:56] 		 /work/data/output/Festuca.versicolor/proj_ipsl.cm6a.lr_ssp585/individual_projections/proj_ipsl.cm6a.lr_ssp585_Festuca.versicolor_PA9_RUN5_FDA.tif
[20:05:19] 	> Projecting Festuca.versicolor_PA9_RUN5_MAXNET ...
[20:05:20] 		Writing projection on hard drive...
[20:05:20] 		 /work/data/output/Festuca.versicolor/proj_ipsl.cm6a.lr_ssp585/individual_projections/proj_ipsl.cm6a.lr_ssp585_Festuca.versicolor_PA9_RUN5_MAXNET.tif
[20:05:57] 	> Projecting Festuca.versicolor_PA10_RUN1_GLM ...
[20:05:58] 		Writing projection on hard drive...
[20:05:58] 		 /work/data/output/Festuca.versicolor/proj_ipsl.cm6a.lr_ssp585/individual_projections/proj_ipsl.cm6a.lr_ssp585_Festuca.versicolor_PA10_RUN1_GLM.tif
[20:18:00] 	> Projecting Festuca.versicolor_PA10_RUN1_GBM ...
[20:18:00] 		Writing projection on hard drive...
[20:18:00] 		 /work/data/output/Festuca.versicolor/proj_ipsl.cm6a.lr_ssp585/individual_projections/proj_ipsl.cm6a.lr_ssp585_Festuca.versicolor_PA10_RUN1_GBM.tif
[20:18:53] 	> Projecting Festuca.versicolor_PA10_RUN1_ANN ...
[20:18:54] 		Writing projection on hard drive...
[20:18:54] 		 /work/data/output/Festuca.versicolor/proj_ipsl.cm6a.lr_ssp585/individual_projections/proj_ipsl.cm6a.lr_ssp585_Festuca.versicolor_PA10_RUN1_ANN.tif
[20:19:35] 	> Projecting Festuca.versicolor_PA10_RUN1_FDA ...
[20:19:36] 		Writing projection on hard drive...
[20:19:36] 		 /work/data/output/Festuca.versicolor/proj_ipsl.cm6a.lr_ssp585/individual_projections/proj_ipsl.cm6a.lr_ssp585_Festuca.versicolor_PA10_RUN1_FDA.tif
[20:19:59] 	> Projecting Festuca.versicolor_PA10_RUN1_MAXNET ...
[20:19:59] 		Writing projection on hard drive...
[20:19:59] 		 /work/data/output/Festuca.versicolor/proj_ipsl.cm6a.lr_ssp585/individual_projections/proj_ipsl.cm6a.lr_ssp585_Festuca.versicolor_PA10_RUN1_MAXNET.tif
[20:20:36] 	> Projecting Festuca.versicolor_PA10_RUN2_GLM ...
[20:20:37] 		Writing projection on hard drive...
[20:20:37] 		 /work/data/output/Festuca.versicolor/proj_ipsl.cm6a.lr_ssp585/individual_projections/proj_ipsl.cm6a.lr_ssp585_Festuca.versicolor_PA10_RUN2_GLM.tif
[20:33:09] 	> Projecting Festuca.versicolor_PA10_RUN2_GBM ...
[20:33:10] 		Writing projection on hard drive...
[20:33:10] 		 /work/data/output/Festuca.versicolor/proj_ipsl.cm6a.lr_ssp585/individual_projections/proj_ipsl.cm6a.lr_ssp585_Festuca.versicolor_PA10_RUN2_GBM.tif
[20:34:06] 	> Projecting Festuca.versicolor_PA10_RUN2_ANN ...
[20:34:07] 		Writing projection on hard drive...
[20:34:07] 		 /work/data/output/Festuca.versicolor/proj_ipsl.cm6a.lr_ssp585/individual_projections/proj_ipsl.cm6a.lr_ssp585_Festuca.versicolor_PA10_RUN2_ANN.tif
[20:34:51] 	> Projecting Festuca.versicolor_PA10_RUN2_FDA ...
[20:34:52] 		Writing projection on hard drive...
[20:34:52] 		 /work/data/output/Festuca.versicolor/proj_ipsl.cm6a.lr_ssp585/individual_projections/proj_ipsl.cm6a.lr_ssp585_Festuca.versicolor_PA10_RUN2_FDA.tif
[20:35:14] 	> Projecting Festuca.versicolor_PA10_RUN2_MAXNET ...
[20:35:15] 		Writing projection on hard drive...
[20:35:15] 		 /work/data/output/Festuca.versicolor/proj_ipsl.cm6a.lr_ssp585/individual_projections/proj_ipsl.cm6a.lr_ssp585_Festuca.versicolor_PA10_RUN2_MAXNET.tif
[20:35:49] 	> Projecting Festuca.versicolor_PA10_RUN3_GLM ...
[20:35:50] 		Writing projection on hard drive...
[20:35:50] 		 /work/data/output/Festuca.versicolor/proj_ipsl.cm6a.lr_ssp585/individual_projections/proj_ipsl.cm6a.lr_ssp585_Festuca.versicolor_PA10_RUN3_GLM.tif
[20:48:58] 	> Projecting Festuca.versicolor_PA10_RUN3_GBM ...
[20:48:58] 		Writing projection on hard drive...
[20:48:58] 		 /work/data/output/Festuca.versicolor/proj_ipsl.cm6a.lr_ssp585/individual_projections/proj_ipsl.cm6a.lr_ssp585_Festuca.versicolor_PA10_RUN3_GBM.tif
[20:50:04] 	> Projecting Festuca.versicolor_PA10_RUN3_ANN ...
[20:50:05] 		Writing projection on hard drive...
[20:50:05] 		 /work/data/output/Festuca.versicolor/proj_ipsl.cm6a.lr_ssp585/individual_projections/proj_ipsl.cm6a.lr_ssp585_Festuca.versicolor_PA10_RUN3_ANN.tif
[20:50:49] 	> Projecting Festuca.versicolor_PA10_RUN3_FDA ...
[20:50:50] 		Writing projection on hard drive...
[20:50:50] 		 /work/data/output/Festuca.versicolor/proj_ipsl.cm6a.lr_ssp585/individual_projections/proj_ipsl.cm6a.lr_ssp585_Festuca.versicolor_PA10_RUN3_FDA.tif
[20:51:14] 	> Projecting Festuca.versicolor_PA10_RUN3_MAXNET ...
[20:51:15] 		Writing projection on hard drive...
[20:51:15] 		 /work/data/output/Festuca.versicolor/proj_ipsl.cm6a.lr_ssp585/individual_projections/proj_ipsl.cm6a.lr_ssp585_Festuca.versicolor_PA10_RUN3_MAXNET.tif
[20:51:49] 	> Projecting Festuca.versicolor_PA10_RUN4_GLM ...
[20:51:50] 		Writing projection on hard drive...
[20:51:50] 		 /work/data/output/Festuca.versicolor/proj_ipsl.cm6a.lr_ssp585/individual_projections/proj_ipsl.cm6a.lr_ssp585_Festuca.versicolor_PA10_RUN4_GLM.tif
[21:04:21] 	> Projecting Festuca.versicolor_PA10_RUN4_GBM ...
[21:04:22] 		Writing projection on hard drive...
[21:04:22] 		 /work/data/output/Festuca.versicolor/proj_ipsl.cm6a.lr_ssp585/individual_projections/proj_ipsl.cm6a.lr_ssp585_Festuca.versicolor_PA10_RUN4_GBM.tif
[21:05:12] 	> Projecting Festuca.versicolor_PA10_RUN4_ANN ...
[21:05:12] 		Writing projection on hard drive...
[21:05:12] 		 /work/data/output/Festuca.versicolor/proj_ipsl.cm6a.lr_ssp585/individual_projections/proj_ipsl.cm6a.lr_ssp585_Festuca.versicolor_PA10_RUN4_ANN.tif
[21:05:51] 	> Projecting Festuca.versicolor_PA10_RUN4_FDA ...
[21:05:52] 		Writing projection on hard drive...
[21:05:52] 		 /work/data/output/Festuca.versicolor/proj_ipsl.cm6a.lr_ssp585/individual_projections/proj_ipsl.cm6a.lr_ssp585_Festuca.versicolor_PA10_RUN4_FDA.tif
[21:06:18] 	> Projecting Festuca.versicolor_PA10_RUN4_MAXNET ...
[21:06:18] 		Writing projection on hard drive...
[21:06:18] 		 /work/data/output/Festuca.versicolor/proj_ipsl.cm6a.lr_ssp585/individual_projections/proj_ipsl.cm6a.lr_ssp585_Festuca.versicolor_PA10_RUN4_MAXNET.tif
[21:06:54] 	> Projecting Festuca.versicolor_PA10_RUN5_GLM ...
[21:06:54] 		Writing projection on hard drive...
[21:06:54] 		 /work/data/output/Festuca.versicolor/proj_ipsl.cm6a.lr_ssp585/individual_projections/proj_ipsl.cm6a.lr_ssp585_Festuca.versicolor_PA10_RUN5_GLM.tif
[21:19:33] 	> Projecting Festuca.versicolor_PA10_RUN5_GBM ...
[21:19:34] 		Writing projection on hard drive...
[21:19:34] 		 /work/data/output/Festuca.versicolor/proj_ipsl.cm6a.lr_ssp585/individual_projections/proj_ipsl.cm6a.lr_ssp585_Festuca.versicolor_PA10_RUN5_GBM.tif
[21:20:28] 	> Projecting Festuca.versicolor_PA10_RUN5_ANN ...
[21:20:28] 		Writing projection on hard drive...
[21:20:28] 		 /work/data/output/Festuca.versicolor/proj_ipsl.cm6a.lr_ssp585/individual_projections/proj_ipsl.cm6a.lr_ssp585_Festuca.versicolor_PA10_RUN5_ANN.tif
[21:21:12] 	> Projecting Festuca.versicolor_PA10_RUN5_FDA ...
[21:21:13] 		Writing projection on hard drive...
[21:21:13] 		 /work/data/output/Festuca.versicolor/proj_ipsl.cm6a.lr_ssp585/individual_projections/proj_ipsl.cm6a.lr_ssp585_Festuca.versicolor_PA10_RUN5_FDA.tif
[21:21:35] 	> Projecting Festuca.versicolor_PA10_RUN5_MAXNET ...
[21:21:35] 		Writing projection on hard drive...
[21:21:35] 		 /work/data/output/Festuca.versicolor/proj_ipsl.cm6a.lr_ssp585/individual_projections/proj_ipsl.cm6a.lr_ssp585_Festuca.versicolor_PA10_RUN5_MAXNET.tif
[21:21:35] -=-=-=-=-=-=-=-=-=-=-=-=-=-=-=-=-=-= Done -=-=-=-=-=-=-=-=-=-=-=-=-=-=-=-=-=-=
[21:21:35] 
[21:21:35] -=-=-=-=-=-=-=-=-=-=-=-= Do Ensemble Models Projection -=-=-=-=-=-=-=-=-=-=-=-=
[21:21:35] 
[21:21:35] Creating suitable Workdir...
[21:21:47] 
[21:45:43] 	> Projecting Festuca.versicolor_EMmeanByAUCroc_mergedData_mergedRun_mergedAlgo ...|---------|---------|---------|---------|=========================================                                          
[21:45:44] 		Writing projection on hard drive...
[22:19:26] 	> Projecting Festuca.versicolor_EMcvByAUCroc_mergedData_mergedRun_mergedAlgo ...|---------|---------|---------|---------|=========================================                                          
[22:19:28] 		Writing projection on hard drive...
[22:19:28] 
[22:19:28] ! Binary/Filtered transformation automatically desactivated for ensemble models with coefficient of variation or confidence intervals
[22:19:31] 	> Building TSS binaries / filtered
[22:19:34] 	> Building AUCroc binaries / filtered
[22:19:37] 	> Building KAPPA binaries / filtered
[22:19:37] 
[22:19:37] -=-=-=-=-=-=-=-=-=-=-=-=-=-=-=-=-=-= Done -=-=-=-=-=-=-=-=-=-=-=-=-=-=-=-=-=-=
[22:19:41] 
[22:19:41] 
[22:19:41] DEBUG: Processing future scenario 5 of 8 : /work/data/input/climate_vars/future/mpi.esm1.2.hr/ssp370 
[22:19:41] DEBUG: Raster loaded, ncell = 63951097 , hasValues = TRUE 
[22:19:41] 
[22:19:41] -=-=-=-=-=-=-=-=-=-=-=-=-= Do Single Models Projection -=-=-=-=-=-=-=-=-=-=-=-=-=
[22:19:54] 
[22:19:54] 	> Building clamping mask
[22:20:40] 
[22:21:14] 	> Projecting Festuca.versicolor_PA1_RUN1_GLM ...
[22:21:15] 		Writing projection on hard drive...
[22:21:15] 		 /work/data/output/Festuca.versicolor/proj_mpi.esm1.2.hr_ssp370/individual_projections/proj_mpi.esm1.2.hr_ssp370_Festuca.versicolor_PA1_RUN1_GLM.tif
[22:30:27] 	> Projecting Festuca.versicolor_PA1_RUN1_GBM ...
[22:30:28] 		Writing projection on hard drive...
[22:30:28] 		 /work/data/output/Festuca.versicolor/proj_mpi.esm1.2.hr_ssp370/individual_projections/proj_mpi.esm1.2.hr_ssp370_Festuca.versicolor_PA1_RUN1_GBM.tif
[22:31:22] 	> Projecting Festuca.versicolor_PA1_RUN1_ANN ...
[22:31:22] 		Writing projection on hard drive...
[22:31:22] 		 /work/data/output/Festuca.versicolor/proj_mpi.esm1.2.hr_ssp370/individual_projections/proj_mpi.esm1.2.hr_ssp370_Festuca.versicolor_PA1_RUN1_ANN.tif
[22:32:08] 	> Projecting Festuca.versicolor_PA1_RUN1_FDA ...
[22:32:10] 		Writing projection on hard drive...
[22:32:10] 		 /work/data/output/Festuca.versicolor/proj_mpi.esm1.2.hr_ssp370/individual_projections/proj_mpi.esm1.2.hr_ssp370_Festuca.versicolor_PA1_RUN1_FDA.tif
[22:32:39] 	> Projecting Festuca.versicolor_PA1_RUN1_MAXNET ...
[22:32:40] 		Writing projection on hard drive...
[22:32:40] 		 /work/data/output/Festuca.versicolor/proj_mpi.esm1.2.hr_ssp370/individual_projections/proj_mpi.esm1.2.hr_ssp370_Festuca.versicolor_PA1_RUN1_MAXNET.tif
[22:33:12] 	> Projecting Festuca.versicolor_PA1_RUN2_GLM ...
[22:33:13] 		Writing projection on hard drive...
[22:33:13] 		 /work/data/output/Festuca.versicolor/proj_mpi.esm1.2.hr_ssp370/individual_projections/proj_mpi.esm1.2.hr_ssp370_Festuca.versicolor_PA1_RUN2_GLM.tif
[22:46:01] 	> Projecting Festuca.versicolor_PA1_RUN2_GBM ...
[22:46:01] 		Writing projection on hard drive...
[22:46:01] 		 /work/data/output/Festuca.versicolor/proj_mpi.esm1.2.hr_ssp370/individual_projections/proj_mpi.esm1.2.hr_ssp370_Festuca.versicolor_PA1_RUN2_GBM.tif
[22:46:58] 	> Projecting Festuca.versicolor_PA1_RUN2_ANN ...
[22:46:59] 		Writing projection on hard drive...
[22:46:59] 		 /work/data/output/Festuca.versicolor/proj_mpi.esm1.2.hr_ssp370/individual_projections/proj_mpi.esm1.2.hr_ssp370_Festuca.versicolor_PA1_RUN2_ANN.tif
[22:47:46] 	> Projecting Festuca.versicolor_PA1_RUN2_FDA ...
[22:47:47] 		Writing projection on hard drive...
[22:47:47] 		 /work/data/output/Festuca.versicolor/proj_mpi.esm1.2.hr_ssp370/individual_projections/proj_mpi.esm1.2.hr_ssp370_Festuca.versicolor_PA1_RUN2_FDA.tif
[22:48:19] 	> Projecting Festuca.versicolor_PA1_RUN2_MAXNET ...
[22:48:20] 		Writing projection on hard drive...
[22:48:20] 		 /work/data/output/Festuca.versicolor/proj_mpi.esm1.2.hr_ssp370/individual_projections/proj_mpi.esm1.2.hr_ssp370_Festuca.versicolor_PA1_RUN2_MAXNET.tif
[22:49:06] 	> Projecting Festuca.versicolor_PA1_RUN3_GLM ...
[22:49:07] 		Writing projection on hard drive...
[22:49:07] 		 /work/data/output/Festuca.versicolor/proj_mpi.esm1.2.hr_ssp370/individual_projections/proj_mpi.esm1.2.hr_ssp370_Festuca.versicolor_PA1_RUN3_GLM.tif
[23:01:33] 	> Projecting Festuca.versicolor_PA1_RUN3_GBM ...
[23:01:34] 		Writing projection on hard drive...
[23:01:34] 		 /work/data/output/Festuca.versicolor/proj_mpi.esm1.2.hr_ssp370/individual_projections/proj_mpi.esm1.2.hr_ssp370_Festuca.versicolor_PA1_RUN3_GBM.tif
[23:02:28] 	> Projecting Festuca.versicolor_PA1_RUN3_ANN ...
[23:02:29] 		Writing projection on hard drive...
[23:02:29] 		 /work/data/output/Festuca.versicolor/proj_mpi.esm1.2.hr_ssp370/individual_projections/proj_mpi.esm1.2.hr_ssp370_Festuca.versicolor_PA1_RUN3_ANN.tif
[23:03:02] 	> Projecting Festuca.versicolor_PA1_RUN3_FDA ...
[23:03:03] 		Writing projection on hard drive...
[23:03:03] 		 /work/data/output/Festuca.versicolor/proj_mpi.esm1.2.hr_ssp370/individual_projections/proj_mpi.esm1.2.hr_ssp370_Festuca.versicolor_PA1_RUN3_FDA.tif
[23:03:31] 	> Projecting Festuca.versicolor_PA1_RUN3_MAXNET ...
[23:03:32] 		Writing projection on hard drive...
[23:03:32] 		 /work/data/output/Festuca.versicolor/proj_mpi.esm1.2.hr_ssp370/individual_projections/proj_mpi.esm1.2.hr_ssp370_Festuca.versicolor_PA1_RUN3_MAXNET.tif
[23:03:57] 	> Projecting Festuca.versicolor_PA1_RUN4_GLM ...
[23:03:58] 		Writing projection on hard drive...
[23:03:58] 		 /work/data/output/Festuca.versicolor/proj_mpi.esm1.2.hr_ssp370/individual_projections/proj_mpi.esm1.2.hr_ssp370_Festuca.versicolor_PA1_RUN4_GLM.tif
[23:16:53] 	> Projecting Festuca.versicolor_PA1_RUN4_GBM ...
[23:16:54] 		Writing projection on hard drive...
[23:16:54] 		 /work/data/output/Festuca.versicolor/proj_mpi.esm1.2.hr_ssp370/individual_projections/proj_mpi.esm1.2.hr_ssp370_Festuca.versicolor_PA1_RUN4_GBM.tif
[23:17:48] 	> Projecting Festuca.versicolor_PA1_RUN4_ANN ...
[23:17:49] 		Writing projection on hard drive...
[23:17:49] 		 /work/data/output/Festuca.versicolor/proj_mpi.esm1.2.hr_ssp370/individual_projections/proj_mpi.esm1.2.hr_ssp370_Festuca.versicolor_PA1_RUN4_ANN.tif
[23:18:31] 	> Projecting Festuca.versicolor_PA1_RUN4_FDA ...
[23:18:32] 		Writing projection on hard drive...
[23:18:32] 		 /work/data/output/Festuca.versicolor/proj_mpi.esm1.2.hr_ssp370/individual_projections/proj_mpi.esm1.2.hr_ssp370_Festuca.versicolor_PA1_RUN4_FDA.tif
[23:18:57] 	> Projecting Festuca.versicolor_PA1_RUN4_MAXNET ...
[23:18:58] 		Writing projection on hard drive...
[23:18:58] 		 /work/data/output/Festuca.versicolor/proj_mpi.esm1.2.hr_ssp370/individual_projections/proj_mpi.esm1.2.hr_ssp370_Festuca.versicolor_PA1_RUN4_MAXNET.tif
[23:19:32] 	> Projecting Festuca.versicolor_PA1_RUN5_GLM ...
[23:19:33] 		Writing projection on hard drive...
[23:19:33] 		 /work/data/output/Festuca.versicolor/proj_mpi.esm1.2.hr_ssp370/individual_projections/proj_mpi.esm1.2.hr_ssp370_Festuca.versicolor_PA1_RUN5_GLM.tif
[23:32:28] 	> Projecting Festuca.versicolor_PA1_RUN5_GBM ...
[23:32:28] 		Writing projection on hard drive...
[23:32:28] 		 /work/data/output/Festuca.versicolor/proj_mpi.esm1.2.hr_ssp370/individual_projections/proj_mpi.esm1.2.hr_ssp370_Festuca.versicolor_PA1_RUN5_GBM.tif
[23:33:31] 	> Projecting Festuca.versicolor_PA1_RUN5_ANN ...
[23:33:32] 		Writing projection on hard drive...
[23:33:32] 		 /work/data/output/Festuca.versicolor/proj_mpi.esm1.2.hr_ssp370/individual_projections/proj_mpi.esm1.2.hr_ssp370_Festuca.versicolor_PA1_RUN5_ANN.tif
[23:34:15] 	> Projecting Festuca.versicolor_PA1_RUN5_FDA ...
[23:34:16] 		Writing projection on hard drive...
[23:34:16] 		 /work/data/output/Festuca.versicolor/proj_mpi.esm1.2.hr_ssp370/individual_projections/proj_mpi.esm1.2.hr_ssp370_Festuca.versicolor_PA1_RUN5_FDA.tif
[23:34:35] 	> Projecting Festuca.versicolor_PA1_RUN5_MAXNET ...
[23:34:36] 		Writing projection on hard drive...
[23:34:36] 		 /work/data/output/Festuca.versicolor/proj_mpi.esm1.2.hr_ssp370/individual_projections/proj_mpi.esm1.2.hr_ssp370_Festuca.versicolor_PA1_RUN5_MAXNET.tif
[23:35:04] 	> Projecting Festuca.versicolor_PA2_RUN1_GLM ...
[23:35:05] 		Writing projection on hard drive...
[23:35:05] 		 /work/data/output/Festuca.versicolor/proj_mpi.esm1.2.hr_ssp370/individual_projections/proj_mpi.esm1.2.hr_ssp370_Festuca.versicolor_PA2_RUN1_GLM.tif
[23:48:02] 	> Projecting Festuca.versicolor_PA2_RUN1_GBM ...
[23:48:03] 		Writing projection on hard drive...
[23:48:03] 		 /work/data/output/Festuca.versicolor/proj_mpi.esm1.2.hr_ssp370/individual_projections/proj_mpi.esm1.2.hr_ssp370_Festuca.versicolor_PA2_RUN1_GBM.tif
[23:48:59] 	> Projecting Festuca.versicolor_PA2_RUN1_ANN ...
[23:49:01] 		Writing projection on hard drive...
[23:49:01] 		 /work/data/output/Festuca.versicolor/proj_mpi.esm1.2.hr_ssp370/individual_projections/proj_mpi.esm1.2.hr_ssp370_Festuca.versicolor_PA2_RUN1_ANN.tif
[23:49:35] 	> Projecting Festuca.versicolor_PA2_RUN1_FDA ...
[23:49:38] 		Writing projection on hard drive...
[23:49:38] 		 /work/data/output/Festuca.versicolor/proj_mpi.esm1.2.hr_ssp370/individual_projections/proj_mpi.esm1.2.hr_ssp370_Festuca.versicolor_PA2_RUN1_FDA.tif
[23:49:59] 	> Projecting Festuca.versicolor_PA2_RUN1_MAXNET ...
[23:50:00] 		Writing projection on hard drive...
[23:50:00] 		 /work/data/output/Festuca.versicolor/proj_mpi.esm1.2.hr_ssp370/individual_projections/proj_mpi.esm1.2.hr_ssp370_Festuca.versicolor_PA2_RUN1_MAXNET.tif
[23:50:37] 	> Projecting Festuca.versicolor_PA2_RUN2_GLM ...
[23:50:37] 		Writing projection on hard drive...
[23:50:37] 		 /work/data/output/Festuca.versicolor/proj_mpi.esm1.2.hr_ssp370/individual_projections/proj_mpi.esm1.2.hr_ssp370_Festuca.versicolor_PA2_RUN2_GLM.tif
slurmstepd: error: *** JOB 48873011 ON lrdn3504 CANCELLED AT 2026-07-10T23:55:02 DUE TO TIME LIMIT ***
